date,makeup_gpd,flow_cfs,flow_doy_pct,p25_2005_2024_cfs,below_q7q10,in_drought_period,top5pct_demand,plotted
2005-01-01,0.0,16200.0,37.5,12052.5,False,False,False,False
2005-01-02,0.0,15600.0,42.5,13050.0,False,False,False,False
2005-01-03,0.0,15000.0,37.5,11525.0,False,False,False,False
2005-01-04,0.0,15100.0,50.0,10142.5,False,False,False,False
2005-01-05,0.0,19300.0,77.5,10012.5,False,False,False,False
2005-01-06,0.0,25600.0,92.5,11325.0,False,False,False,False
2005-01-07,0.0,26600.0,92.5,10232.5,False,False,False,False
2005-01-08,0.0,26200.0,87.5,9422.5,False,False,False,False
2005-01-09,0.0,29500.0,92.5,9242.5,False,False,False,False
2005-01-10,0.0,26600.0,87.5,8892.5,False,False,False,False
2005-01-11,0.0,23700.0,77.5,8567.5,False,False,False,False
2005-01-12,0.0,23400.0,72.5,9035.0,False,False,False,False
2005-01-13,0.0,22800.0,82.5,10100.0,False,False,False,False
2005-01-14,0.0,35000.0,92.5,10625.0,False,False,False,False
2005-01-15,0.0,88900.0,97.5,12275.0,False,False,False,False
2005-01-16,0.0,78200.0,97.5,10775.0,False,False,False,False
2005-01-17,0.0,55100.0,97.5,10250.0,False,False,False,False
2005-01-18,0.0,43200.0,97.5,11152.5,False,False,False,False
2005-01-19,0.0,34500.0,92.5,10550.0,False,False,False,False
2005-01-20,0.0,30100.0,92.5,10300.0,False,False,False,False
2005-01-21,0.0,28200.0,92.5,10180.0,False,False,False,False
2005-01-22,0.0,23800.0,92.5,9977.5,False,False,False,False
2005-01-23,0.0,17900.0,82.5,9687.5,False,False,False,False
2005-01-24,0.0,17000.0,67.5,8832.5,False,False,False,False
2005-01-25,0.0,18000.0,67.5,8475.0,False,False,False,False
2005-01-26,0.0,17800.0,57.5,8752.5,False,False,False,False
2005-01-27,0.0,17100.0,57.5,8135.0,False,False,False,False
2005-01-28,0.0,15900.0,62.5,8730.0,False,False,False,False
2005-01-29,0.0,14600.0,57.5,9185.0,False,False,False,False
2005-01-30,0.0,14100.0,62.5,9912.5,False,False,False,False
2005-01-31,0.0,14300.0,62.5,9357.5,False,False,False,False
2005-02-01,0.0,13400.0,62.5,8800.0,False,False,False,False
2005-02-02,0.0,12100.0,52.5,8622.5,False,False,False,False
2005-02-03,0.0,11600.0,52.5,8960.0,False,False,False,False
2005-02-04,0.0,11400.0,42.5,8760.0,False,False,False,False
2005-02-05,0.0,11500.0,47.5,8517.5,False,False,False,False
2005-02-06,0.0,11300.0,47.5,7940.0,False,False,False,False
2005-02-07,0.0,10600.0,42.5,8040.0,False,False,False,False
2005-02-08,0.0,10800.0,42.5,7705.0,False,False,False,False
2005-02-09,0.0,11100.0,50.0,8352.5,False,False,False,False
2005-02-10,0.0,12700.0,67.5,7647.5,False,False,False,False
2005-02-11,0.0,14600.0,72.5,7627.5,False,False,False,False
2005-02-12,0.0,15600.0,72.5,7782.5,False,False,False,False
2005-02-13,0.0,13900.0,67.5,7920.0,False,False,False,False
2005-02-14,0.0,12400.0,62.5,7677.5,False,False,False,False
2005-02-15,0.0,20200.0,85.0,7522.5,False,False,False,False
2005-02-16,0.0,20800.0,87.5,8052.5,False,False,False,False
2005-02-17,0.0,23500.0,82.5,8600.0,False,False,False,False
2005-02-18,0.0,23600.0,82.5,8872.5,False,False,False,False
2005-02-19,0.0,20500.0,82.5,8567.5,False,False,False,False
2005-02-20,0.0,17200.0,77.5,8257.5,False,False,False,False
2005-02-21,0.0,16500.0,80.0,8320.0,False,False,False,False
2005-02-22,0.0,16000.0,82.5,8490.0,False,False,False,False
2005-02-23,0.0,15300.0,82.5,8287.5,False,False,False,False
2005-02-24,0.0,14900.0,72.5,8322.5,False,False,False,False
2005-02-25,0.0,14000.0,62.5,9002.5,False,False,False,False
2005-02-26,0.0,12800.0,57.5,9245.0,False,False,False,False
2005-02-27,0.0,12000.0,55.0,9000.0,False,False,False,False
2005-02-28,0.0,11600.0,42.5,8612.5,False,False,False,False
2005-03-01,0.0,11900.0,42.5,9360.0,False,False,False,False
2005-03-02,0.0,11700.0,27.5,11090.0,False,False,False,False
2005-03-03,0.0,11200.0,37.5,10502.5,False,False,False,False
2005-03-04,0.0,10800.0,32.5,9940.0,False,False,False,False
2005-03-06,0.0,9830.0,27.5,9580.0,False,False,False,False
2005-03-07,0.0,9700.0,27.5,9607.5,False,False,False,False
2005-03-08,0.0,12300.0,47.5,9840.0,False,False,False,False
2005-03-09,0.0,14300.0,65.0,9200.0,False,False,False,False
2005-03-10,0.0,13800.0,57.5,9815.0,False,False,False,False
2005-03-11,0.0,12600.0,42.5,10425.0,False,False,False,False
2005-03-12,0.0,12100.0,42.5,11025.0,False,False,False,False
2005-03-13,0.0,11900.0,32.5,11375.0,False,False,False,False
2005-03-14,0.0,11400.0,27.5,11325.0,False,False,False,False
2005-03-15,0.0,10800.0,17.5,11125.0,False,False,False,False
2005-03-16,0.0,10600.0,17.5,10950.0,False,False,False,False
2005-03-17,0.0,10200.0,20.0,10575.0,False,False,False,False
2005-03-18,0.0,10100.0,17.5,11375.0,False,False,False,False
2005-03-19,0.0,10000.0,12.5,11125.0,False,False,False,False
2005-03-20,0.0,9900.0,17.5,10775.0,False,False,False,False
2005-03-21,0.0,9790.0,17.5,11375.0,False,False,False,False
2005-03-22,0.0,10200.0,17.5,12125.0,False,False,False,False
2005-03-23,0.0,11600.0,22.5,11750.0,False,False,False,False
2005-03-24,0.0,16200.0,55.0,12175.0,False,False,False,False
2005-03-25,0.0,16400.0,57.5,11800.0,False,False,False,False
2005-03-26,0.0,15400.0,52.5,10925.0,False,False,False,False
2005-03-27,0.0,14600.0,42.5,11250.0,False,False,False,False
2005-03-28,0.0,18500.0,57.5,10700.0,False,False,False,False
2005-03-29,0.0,53500.0,97.5,10625.0,False,False,False,False
2005-03-30,0.0,98800.0,97.5,12725.0,False,False,False,False
2005-03-31,0.0,80400.0,97.5,12650.0,False,False,False,False
2005-04-01,0.0,62500.0,92.5,12900.0,False,False,False,False
2005-04-02,0.0,72100.0,97.5,12575.0,False,False,False,False
2005-04-03,0.0,161000.0,97.5,12475.0,False,False,False,False
2005-04-04,0.0,230000.0,97.5,14775.0,False,False,False,False
2005-04-05,0.0,140000.0,97.5,13575.0,False,False,False,False
2005-04-06,0.0,81900.0,97.5,13050.0,False,False,False,False
2005-04-07,0.0,62500.0,97.5,12400.0,False,False,False,False
2005-04-08,0.0,56900.0,87.5,12425.0,False,False,False,False
2005-04-09,0.0,45400.0,87.5,11950.0,False,False,False,False
2005-04-10,0.0,38400.0,87.5,11525.0,False,False,False,False
2005-04-11,0.0,33700.0,92.5,11950.0,False,False,False,False
2005-04-12,0.0,28700.0,87.5,12075.0,False,False,False,False
2005-04-13,0.0,24500.0,72.5,13125.0,False,False,False,False
2005-04-14,0.0,21500.0,67.5,12375.0,False,False,False,False
2005-04-15,0.0,19400.0,62.5,11575.0,False,False,False,False
2005-04-16,0.0,17500.0,52.5,11875.0,False,False,False,False
2005-04-17,0.0,15900.0,57.5,10700.0,False,False,False,False
2005-04-18,0.0,14100.0,57.5,10002.5,False,False,False,False
2005-04-19,0.0,13100.0,57.5,9877.5,False,False,False,False
2005-04-20,0.0,12700.0,47.5,10500.0,False,False,False,False
2005-04-21,0.0,12000.0,42.5,9672.5,False,False,False,False
2005-04-22,0.0,11600.0,42.5,9805.0,False,False,False,False
2005-04-23,0.0,11500.0,32.5,10850.0,False,False,False,False
2005-04-24,0.0,17200.0,62.5,10900.0,False,False,False,False
2005-04-25,0.0,19300.0,72.5,11875.0,False,False,False,False
2005-04-26,0.0,21200.0,77.5,11875.0,False,False,False,False
2005-04-27,0.0,18900.0,72.5,10650.0,False,False,False,False
2005-04-28,0.0,19000.0,62.5,9785.0,False,False,False,False
2005-04-29,0.0,19600.0,70.0,9945.0,False,False,False,False
2005-04-30,0.0,18600.0,67.5,9787.5,False,False,False,False
2005-05-01,0.0,17700.0,67.5,9422.5,False,False,False,False
2005-05-02,0.0,16700.0,62.5,9722.5,False,False,False,False
2005-05-03,0.0,15900.0,57.5,9352.5,False,False,False,False
2005-05-04,0.0,14900.0,52.5,9652.5,False,False,False,False
2005-05-05,0.0,14000.0,47.5,9705.0,False,False,False,False
2005-05-06,0.0,13100.0,47.5,9940.0,False,False,False,False
2005-05-07,0.0,13000.0,47.5,11175.0,False,False,False,False
2005-05-08,0.0,12100.0,37.5,10262.5,False,False,False,False
2005-05-09,0.0,11300.0,37.5,9575.0,False,False,False,False
2005-05-10,0.0,10700.0,27.5,10375.0,False,False,False,False
2005-05-11,0.0,9970.0,22.5,10667.5,False,False,False,False
2005-05-12,0.0,9330.0,22.5,10057.5,False,False,False,False
2005-05-13,0.0,8830.0,7.5,10275.0,False,False,False,False
2005-05-14,0.0,8320.0,7.5,9897.5,False,False,False,False
2005-05-15,0.0,8310.0,7.5,9632.5,False,False,False,False
2005-05-16,0.0,8590.0,12.5,8867.5,False,False,False,False
2005-05-17,0.0,8380.0,22.5,8507.5,False,False,False,False
2005-05-18,0.0,7940.0,17.5,8247.5,False,False,False,False
2005-05-19,0.0,7400.0,17.5,8890.0,False,False,False,False
2005-05-20,0.0,7280.0,17.5,8042.5,False,False,False,False
2005-05-21,0.0,6930.0,17.5,7547.5,False,False,False,False
2005-05-22,0.0,6520.0,12.5,7412.5,False,False,False,False
2005-05-23,0.0,6160.0,17.5,6805.0,False,False,False,False
2005-05-24,0.0,5980.0,12.5,6385.0,False,False,False,False
2005-05-25,0.0,5960.0,17.5,6102.5,False,False,False,False
2005-05-26,0.0,6010.0,27.5,5960.0,False,False,False,False
2005-05-27,0.0,5890.0,27.5,5857.5,False,False,False,False
2005-05-28,0.0,5690.0,17.5,6227.5,False,False,False,False
2005-05-29,0.0,5830.0,22.5,6310.0,False,False,False,False
2005-06-01,0.0,5690.0,17.5,6907.5,False,False,False,False
2005-06-02,0.0,5380.0,12.5,7187.5,False,False,False,False
2005-06-03,0.0,5180.0,7.5,6290.0,False,False,False,False
2005-06-04,0.0,5510.0,12.5,7347.5,False,False,False,False
2005-06-05,0.0,5430.0,17.5,7467.5,False,False,False,False
2005-06-06,483418.1902363909,5180.0,12.5,7550.0,False,False,False,True
2005-06-07,94400.39688136206,6220.0,12.5,7350.0,False,False,False,True
2005-06-08,304158.3373764715,6270.0,22.5,6465.0,False,False,False,True
2005-06-09,1064275.923739217,5910.0,22.5,6607.5,False,False,False,True
2005-06-10,1113119.311987216,5950.0,22.5,6280.0,False,False,False,True
2005-06-11,1326492.7038579127,6070.0,22.5,6077.5,False,False,True,True
2005-06-12,88974.42897758797,6150.0,22.5,6210.0,False,False,False,True
2005-06-13,1884475.8581670197,5960.0,27.5,5882.5,False,False,True,True
2005-06-14,2132350.3068333133,5580.0,17.5,5892.5,False,False,True,True
2005-06-15,42903.35111275756,5470.0,17.5,5750.0,False,False,False,True
2005-06-16,0.0,5700.0,27.5,5690.0,False,False,False,False
2005-06-17,0.0,5300.0,27.5,5292.5,False,False,False,False
2005-06-18,0.0,5030.0,22.5,5345.0,False,False,False,False
2005-06-19,0.0,4970.0,22.5,5262.5,False,False,False,False
2005-06-20,0.0,4620.0,17.5,5407.5,False,False,False,False
2005-06-21,0.0,4310.0,12.5,5322.5,False,False,False,False
2005-06-22,0.0,4220.0,12.5,5005.0,False,False,False,False
2005-06-23,0.0,4490.0,12.5,5077.5,False,False,False,False
2005-06-24,0.0,4440.0,12.5,4907.5,False,False,False,False
2005-06-25,291386.8472689434,4070.0,7.5,4910.0,False,False,False,True
2005-06-26,417286.6888724719,3990.0,7.5,4690.0,False,False,False,True
2005-06-27,163802.79337750163,4360.0,15.0,4682.5,False,False,False,True
2005-06-28,1206359.7903913078,4150.0,7.5,4862.5,False,False,True,True
2005-06-29,988513.6290618319,4140.0,7.5,4702.5,False,False,False,True
2005-06-30,693551.3100986417,6880.0,52.5,4892.5,False,False,False,True
2005-07-01,551674.7308982813,6170.0,47.5,4967.5,False,False,False,True
2005-07-02,0.0,6050.0,42.5,5017.5,False,False,False,False
2005-07-03,0.0,5510.0,37.5,4840.0,False,False,False,False
2005-07-04,0.0,5040.0,32.5,4777.5,False,False,False,False
2005-07-05,578841.7565157522,4360.0,17.5,4725.0,False,False,False,True
2005-07-06,811876.7011841605,4080.0,17.5,4557.5,False,False,False,True
2005-07-07,0.0,4070.0,17.5,4660.0,False,False,False,False
2005-07-08,0.0,6050.0,47.5,4815.0,False,False,False,False
2005-07-09,0.0,9740.0,62.5,4832.5,False,False,False,False
2005-07-10,0.0,7760.0,47.5,4832.5,False,False,False,False
2005-07-11,0.0,6370.0,37.5,5005.0,False,False,False,False
2005-07-12,637822.5133253989,5140.0,32.5,4762.5,False,False,False,True
2005-07-13,655540.8745246042,4710.0,27.5,4707.5,False,False,False,True
2005-07-14,827027.4512089334,5010.0,32.5,4580.0,False,False,False,True
2005-07-15,1864086.9941683211,5210.0,37.5,4635.0,False,False,True,True
2005-07-16,2046416.2316856105,4940.0,37.5,4657.5,False,False,True,True
2005-07-17,2490925.09054504,5570.0,42.5,4500.0,False,False,True,True
2005-07-18,3182312.2525053006,6910.0,57.5,4710.0,False,False,True,True
2005-07-19,3047410.3307700786,5170.0,32.5,4955.0,False,False,True,True
2005-07-20,605837.4729179831,4360.0,22.5,4502.5,False,False,False,True
2005-07-21,190244.4890013293,4700.0,37.5,4465.0,False,False,False,True
2005-07-24,0.0,3950.0,17.5,4320.0,False,False,False,False
2005-07-25,1599466.5902736508,4170.0,12.5,4307.5,False,False,True,True
2005-07-26,2311864.9158506603,4310.0,7.5,5090.0,False,False,True,True
2005-07-27,2547670.790183398,3650.0,2.5,4667.5,False,False,True,True
2005-07-28,0.0,3810.0,2.5,4550.0,False,False,False,False
2005-07-29,0.0,3730.0,7.5,5232.5,False,False,False,False
2005-07-30,0.0,3590.0,7.5,4860.0,False,False,False,False
2005-07-31,0.0,3500.0,7.5,5200.0,False,False,False,False
2005-08-01,288344.28601523873,3530.0,7.5,5075.0,False,False,False,True
2005-08-02,921637.7157951572,3290.0,7.5,5037.5,False,False,False,True
2005-08-03,207940.8507595539,3250.0,2.5,4967.5,False,False,False,True
2005-08-04,1186636.6510775906,3260.0,2.5,4842.5,False,False,True,True
2005-08-05,1555526.2836105037,3200.0,7.5,4585.0,False,False,True,True
2005-08-06,0.0,3070.0,7.5,4565.0,False,False,False,False
2005-08-07,117173.56665673698,3070.0,7.5,4652.5,False,False,False,True
2005-08-08,0.0,3470.0,7.5,4337.5,False,False,False,False
2005-08-09,0.0,3610.0,7.5,4117.5,False,False,False,False
2005-08-10,842795.5099528499,3780.0,17.5,4135.0,False,False,False,True
2005-08-12,2144223.7706280733,3610.0,12.5,4350.0,False,False,True,True
2005-08-15,22647.85953943395,4150.0,22.5,4495.0,False,False,False,True
2005-08-16,0.0,4150.0,15.0,4447.5,False,False,False,False
2005-08-19,134935.12746302743,3100.0,7.5,4175.0,False,False,False,True
2005-08-20,1028983.2593771464,3170.0,7.5,4057.5,False,False,False,True
2005-08-21,1757511.4550703212,3110.0,7.5,3770.0,False,False,True,True
2005-08-22,0.0,3090.0,7.5,4075.0,False,False,False,False
2005-08-23,0.0,3000.0,2.5,5295.0,False,False,False,False
2005-08-24,0.0,2930.0,2.5,4560.0,False,False,False,False
2005-08-25,0.0,2990.0,2.5,4760.0,False,False,False,False
2005-08-26,0.0,3030.0,12.5,4290.0,False,False,False,False
2005-08-27,0.0,3020.0,7.5,4240.0,False,False,False,False
2005-08-28,375777.1994321692,3140.0,7.5,4102.5,False,False,False,True
2005-08-29,523291.13436271704,4690.0,42.5,4010.0,False,False,False,True
2005-08-30,2393961.40721643,4180.0,42.5,3930.0,False,False,True,True
2005-08-31,2333898.488163193,3610.0,32.5,3592.5,False,False,True,True
2005-09-01,0.0,3380.0,17.5,3610.0,False,False,False,False
2005-09-02,0.0,3610.0,27.5,3595.0,False,False,False,False
2005-09-03,0.0,3380.0,22.5,3425.0,False,False,False,False
2005-09-04,0.0,3300.0,22.5,3487.5,False,False,False,False
2005-09-05,0.0,3170.0,17.5,3325.0,False,False,False,False
2005-09-06,0.0,2780.0,2.5,3600.0,False,False,False,False
2005-09-07,0.0,2740.0,7.5,3780.0,False,False,False,False
2005-09-08,0.0,2800.0,7.5,3645.0,False,False,False,False
2005-09-09,0.0,2800.0,12.5,3482.5,False,False,False,False
2005-09-10,0.0,2960.0,12.5,3707.5,False,False,False,False
2005-09-11,0.0,2950.0,12.5,3937.5,False,False,False,False
2005-09-12,0.0,2940.0,12.5,3855.0,False,False,False,False
2005-09-13,0.0,3110.0,12.5,3815.0,False,False,False,False
2005-09-14,1062516.7656598848,3030.0,7.5,3730.0,False,False,False,True
2005-09-15,1562306.3602805198,3360.0,17.5,3675.0,False,False,True,True
2005-09-22,0.0,2760.0,7.5,3117.5,False,False,False,False
2005-09-23,0.0,2890.0,7.5,3080.0,False,False,False,False
2005-09-24,0.0,2830.0,2.5,3237.5,False,False,False,False
2005-09-25,0.0,2920.0,7.5,3227.5,False,False,False,False
2005-09-26,0.0,2970.0,7.5,3232.5,False,False,False,False
2005-09-27,0.0,3080.0,12.5,3180.0,False,False,False,False
2005-10-28,0.0,31100.0,92.5,3730.0,False,False,False,False
2005-10-29,0.0,24600.0,72.5,4787.5,False,False,False,False
2005-10-30,0.0,20700.0,72.5,6080.0,False,False,False,False
2005-10-31,0.0,18000.0,52.5,7032.5,False,False,False,False
2005-11-01,0.0,16400.0,57.5,6987.5,False,False,False,False
2005-11-02,0.0,14800.0,62.5,6587.5,False,False,False,False
2005-11-03,0.0,13700.0,62.5,6175.0,False,False,False,False
2005-11-04,0.0,13000.0,62.5,6265.0,False,False,False,False
2005-11-05,0.0,12100.0,60.0,6527.5,False,False,False,False
2005-11-06,0.0,11300.0,52.5,5897.5,False,False,False,False
2005-11-07,0.0,10400.0,52.5,5607.5,False,False,False,False
2005-11-08,0.0,10000.0,52.5,5340.0,False,False,False,False
2005-11-09,0.0,9640.0,52.5,4902.5,False,False,False,False
2005-11-10,0.0,9730.0,62.5,4610.0,False,False,False,False
2005-11-11,0.0,10300.0,75.0,4685.0,False,False,False,False
2005-11-12,0.0,11100.0,77.5,5047.5,False,False,False,False
2005-11-13,0.0,10700.0,72.5,5910.0,False,False,False,False
2005-11-14,0.0,9430.0,62.5,5520.0,False,False,False,False
2005-11-15,0.0,8750.0,62.5,5292.5,False,False,False,False
2005-11-16,0.0,8490.0,52.5,5147.5,False,False,False,False
2005-11-17,0.0,11600.0,62.5,5112.5,False,False,False,False
2005-11-18,0.0,15500.0,77.5,4810.0,False,False,False,False
2005-11-19,0.0,17100.0,87.5,4640.0,False,False,False,False
2005-11-20,0.0,14200.0,77.5,4827.5,False,False,False,False
2005-11-21,0.0,12400.0,77.5,4907.5,False,False,False,False
2005-11-22,0.0,13900.0,77.5,6187.5,False,False,False,False
2005-11-23,0.0,15400.0,77.5,5982.5,False,False,False,False
2005-11-25,0.0,13600.0,77.5,6232.5,False,False,False,False
2005-11-26,0.0,12600.0,67.5,6075.0,False,False,False,False
2005-11-27,0.0,11300.0,62.5,7007.5,False,False,False,False
2005-11-28,0.0,10200.0,57.5,6730.0,False,False,False,False
2005-11-29,0.0,9960.0,52.5,7507.5,False,False,False,False
2005-11-30,0.0,18600.0,77.5,7547.5,False,False,False,False
2005-12-01,0.0,37100.0,97.5,7890.0,False,False,False,False
2005-12-02,0.0,36500.0,92.5,7425.0,False,False,False,False
2005-12-03,0.0,27300.0,87.5,8350.0,False,False,False,False
2005-12-04,0.0,22700.0,82.5,9547.5,False,False,False,False
2005-12-05,0.0,19800.0,75.0,7960.0,False,False,False,False
2005-12-06,0.0,17400.0,72.5,7590.0,False,False,False,False
2005-12-07,0.0,15800.0,72.5,8722.5,False,False,False,False
2005-12-08,0.0,14400.0,67.5,8342.5,False,False,False,False
2005-12-09,0.0,13300.0,62.5,8262.5,False,False,False,False
2005-12-10,0.0,12600.0,57.5,8470.0,False,False,False,False
2005-12-11,0.0,11400.0,42.5,8760.0,False,False,False,False
2005-12-12,0.0,10800.0,37.5,8790.0,False,False,False,False
2005-12-13,0.0,10400.0,37.5,9287.5,False,False,False,False
2005-12-14,0.0,10000.0,32.5,8782.5,False,False,False,False
2005-12-15,0.0,8930.0,27.5,8697.5,False,False,False,False
2005-12-16,0.0,15900.0,57.5,8442.5,False,False,False,False
2005-12-17,0.0,22800.0,82.5,8325.0,False,False,False,False
2005-12-18,0.0,19200.0,72.5,8437.5,False,False,False,False
2005-12-21,0.0,13200.0,62.5,8930.0,False,False,False,False
2005-12-22,0.0,11900.0,57.5,8547.5,False,False,False,False
2005-12-23,0.0,11600.0,47.5,8960.0,False,False,False,False
2005-12-24,0.0,11500.0,42.5,8720.0,False,False,False,False
2005-12-25,0.0,11200.0,32.5,10475.0,False,False,False,False
2005-12-26,0.0,15500.0,37.5,9782.5,False,False,False,False
2005-12-27,0.0,19300.0,57.5,9292.5,False,False,False,False
2005-12-28,0.0,21100.0,60.0,9297.5,False,False,False,False
2005-12-29,0.0,19800.0,62.5,9432.5,False,False,False,False
2005-12-30,0.0,20400.0,62.5,10662.5,False,False,False,False
2005-12-31,0.0,25700.0,75.0,12075.0,False,False,False,False
2006-01-01,0.0,25300.0,77.5,12052.5,False,False,False,False
2006-01-02,0.0,22000.0,72.5,13050.0,False,False,False,False
2006-01-03,0.0,31800.0,92.5,11525.0,False,False,False,False
2006-01-04,0.0,32700.0,97.5,10142.5,False,False,False,False
2006-01-05,0.0,27400.0,92.5,10012.5,False,False,False,False
2006-01-06,0.0,23300.0,87.5,11325.0,False,False,False,False
2006-01-07,0.0,21100.0,87.5,10232.5,False,False,False,False
2006-01-08,0.0,18900.0,72.5,9422.5,False,False,False,False
2006-01-09,0.0,17000.0,62.5,9242.5,False,False,False,False
2006-01-10,0.0,16000.0,67.5,8892.5,False,False,False,False
2006-01-11,0.0,15300.0,62.5,8567.5,False,False,False,False
2006-01-12,0.0,17200.0,62.5,9035.0,False,False,False,False
2006-01-13,0.0,19700.0,67.5,10100.0,False,False,False,False
2006-01-14,0.0,25200.0,75.0,10625.0,False,False,False,False
2006-01-15,0.0,36300.0,87.5,12275.0,False,False,False,False
2006-01-16,0.0,47600.0,92.5,10775.0,False,False,False,False
2006-01-17,0.0,35700.0,87.5,10250.0,False,False,False,False
2006-01-18,0.0,37300.0,92.5,11152.5,False,False,False,False
2006-01-19,0.0,74400.0,97.5,10550.0,False,False,False,False
2006-01-20,0.0,82000.0,97.5,10300.0,False,False,False,False
2006-01-21,0.0,59000.0,97.5,10180.0,False,False,False,False
2006-01-22,0.0,46200.0,97.5,9977.5,False,False,False,False
2006-01-23,0.0,41700.0,97.5,9687.5,False,False,False,False
2006-01-24,0.0,38700.0,97.5,8832.5,False,False,False,False
2006-01-25,0.0,32900.0,87.5,8475.0,False,False,False,False
2006-01-26,0.0,28700.0,82.5,8752.5,False,False,False,False
2006-01-27,0.0,25500.0,77.5,8135.0,False,False,False,False
2006-01-28,0.0,22800.0,72.5,8730.0,False,False,False,False
2006-01-29,0.0,21000.0,77.5,9185.0,False,False,False,False
2006-01-30,0.0,21100.0,77.5,9912.5,False,False,False,False
2006-01-31,0.0,21200.0,80.0,9357.5,False,False,False,False
2006-02-01,0.0,23100.0,87.5,8800.0,False,False,False,False
2006-02-02,0.0,25400.0,87.5,8622.5,False,False,False,False
2006-02-03,0.0,25500.0,92.5,8960.0,False,False,False,False
2006-02-04,0.0,32400.0,97.5,8760.0,False,False,False,False
2006-02-05,0.0,40600.0,97.5,8517.5,False,False,False,False
2006-02-06,0.0,41200.0,97.5,7940.0,False,False,False,False
2006-02-07,0.0,36900.0,97.5,8040.0,False,False,False,False
2006-02-08,0.0,32000.0,92.5,7705.0,False,False,False,False
2006-02-09,0.0,28300.0,87.5,8352.5,False,False,False,False
2006-02-10,0.0,24800.0,87.5,7647.5,False,False,False,False
2006-02-11,0.0,21900.0,87.5,7627.5,False,False,False,False
2006-02-12,0.0,20500.0,82.5,7782.5,False,False,False,False
2006-02-13,0.0,18900.0,77.5,7920.0,False,False,False,False
2006-02-14,0.0,17400.0,72.5,7677.5,False,False,False,False
2006-02-15,0.0,16500.0,67.5,7522.5,False,False,False,False
2006-02-16,0.0,16100.0,72.5,8052.5,False,False,False,False
2006-02-17,0.0,17600.0,72.5,8600.0,False,False,False,False
2006-02-18,0.0,17200.0,77.5,8872.5,False,False,False,False
2006-02-19,0.0,15400.0,62.5,8567.5,False,False,False,False
2006-02-20,0.0,13800.0,60.0,8257.5,False,False,False,False
2006-02-21,0.0,12200.0,57.5,8320.0,False,False,False,False
2006-02-22,0.0,11800.0,57.5,8490.0,False,False,False,False
2006-02-24,0.0,11200.0,52.5,8322.5,False,False,False,False
2006-02-25,0.0,10900.0,45.0,9002.5,False,False,False,False
2006-02-26,0.0,10500.0,37.5,9245.0,False,False,False,False
2006-02-27,0.0,9370.0,37.5,9000.0,False,False,False,False
2006-02-28,0.0,8620.0,27.5,8612.5,False,False,False,False
2006-03-01,0.0,8790.0,20.0,9360.0,False,False,False,False
2006-03-02,0.0,8810.0,15.0,11090.0,False,False,False,False
2006-03-03,0.0,9040.0,12.5,10502.5,False,False,False,False
2006-03-04,0.0,8060.0,12.5,9940.0,False,False,False,False
2006-03-05,0.0,7910.0,12.5,9700.0,False,False,False,False
2006-03-06,0.0,7580.0,12.5,9580.0,False,False,False,False
2006-03-07,0.0,7350.0,12.5,9607.5,False,False,False,False
2006-03-08,0.0,7860.0,12.5,9840.0,False,False,False,False
2006-03-09,0.0,7560.0,12.5,9200.0,False,False,False,False
2006-03-10,0.0,7500.0,7.5,9815.0,False,False,False,False
2006-03-11,0.0,7460.0,12.5,10425.0,False,False,False,False
2006-03-12,0.0,7810.0,2.5,11025.0,False,False,False,False
2006-03-13,0.0,7730.0,2.5,11375.0,False,False,False,False
2006-03-14,0.0,7790.0,2.5,11325.0,False,False,False,False
2006-03-15,0.0,8670.0,2.5,11125.0,False,False,False,False
2006-03-16,0.0,9800.0,12.5,10950.0,False,False,False,False
2006-03-17,0.0,9500.0,7.5,10575.0,False,False,False,False
2006-03-18,0.0,9000.0,2.5,11375.0,False,False,False,False
2006-03-19,0.0,8770.0,7.5,11125.0,False,False,False,False
2006-03-20,0.0,8160.0,7.5,10775.0,False,False,False,False
2006-03-21,0.0,7590.0,2.5,11375.0,False,False,False,False
2006-03-22,0.0,7610.0,2.5,12125.0,False,False,False,False
2006-03-23,0.0,7330.0,2.5,11750.0,False,False,False,False
2006-03-24,0.0,6970.0,2.5,12175.0,False,False,False,False
2006-03-25,0.0,6790.0,2.5,11800.0,False,False,False,False
2006-03-26,0.0,6590.0,7.5,10925.0,False,False,False,False
2006-03-27,0.0,6500.0,7.5,11250.0,False,False,False,False
2006-03-28,0.0,6390.0,7.5,10700.0,False,False,False,False
2006-03-29,0.0,6330.0,7.5,10625.0,False,False,False,False
2006-03-30,0.0,6240.0,7.5,12725.0,False,False,False,False
2006-03-31,0.0,6090.0,7.5,12650.0,False,False,False,False
2006-04-01,0.0,5780.0,2.5,12900.0,False,False,False,False
2006-04-02,0.0,5600.0,2.5,12575.0,False,False,False,False
2006-04-03,0.0,5450.0,2.5,12475.0,False,False,False,False
2006-04-04,0.0,5430.0,2.5,14775.0,False,False,False,False
2006-04-05,0.0,6000.0,2.5,13575.0,False,False,False,False
2006-04-06,0.0,6590.0,12.5,13050.0,False,False,False,False
2006-04-07,0.0,6810.0,12.5,12400.0,False,False,False,False
2006-04-08,0.0,6990.0,7.5,12425.0,False,False,False,False
2006-04-09,0.0,9020.0,12.5,11950.0,False,False,False,False
2006-04-10,0.0,8590.0,12.5,11525.0,False,False,False,False
2006-04-11,0.0,7900.0,7.5,11950.0,False,False,False,False
2006-04-12,0.0,7300.0,7.5,12075.0,False,False,False,False
2006-04-13,0.0,6950.0,7.5,13125.0,False,False,False,False
2006-04-14,0.0,6810.0,7.5,12375.0,False,False,False,False
2006-04-15,0.0,6760.0,7.5,11575.0,False,False,False,False
2006-04-16,0.0,6960.0,7.5,11875.0,False,False,False,False
2006-04-17,0.0,7080.0,7.5,10700.0,False,False,False,False
2006-04-18,0.0,7130.0,7.5,10002.5,False,False,False,False
2006-04-19,0.0,6610.0,7.5,9877.5,False,False,False,False
2006-04-20,0.0,6220.0,7.5,10500.0,False,False,False,False
2006-04-21,0.0,5720.0,7.5,9672.5,False,False,False,False
2006-04-22,0.0,5870.0,7.5,9805.0,False,False,False,False
2006-04-23,0.0,13700.0,42.5,10850.0,False,False,False,False
2006-04-24,0.0,20300.0,75.0,10900.0,False,False,False,False
2006-04-25,0.0,31100.0,92.5,11875.0,False,False,False,False
2006-04-26,0.0,28600.0,92.5,11875.0,False,False,False,False
2006-04-27,0.0,24300.0,82.5,10650.0,False,False,False,False
2006-04-28,0.0,20800.0,77.5,9785.0,False,False,False,False
2006-04-29,0.0,17500.0,62.5,9945.0,False,False,False,False
2006-04-30,0.0,15600.0,52.5,9787.5,False,False,False,False
2006-05-01,0.0,14100.0,52.5,9422.5,False,False,False,False
2006-05-02,0.0,12600.0,47.5,9722.5,False,False,False,False
2006-05-03,0.0,11400.0,42.5,9352.5,False,False,False,False
2006-05-04,0.0,10500.0,32.5,9652.5,False,False,False,False
2006-05-05,0.0,9760.0,32.5,9705.0,False,False,False,False
2006-05-06,0.0,9070.0,12.5,9940.0,False,False,False,False
2006-05-07,0.0,8300.0,12.5,11175.0,False,False,False,False
2006-05-08,0.0,7460.0,12.5,10262.5,False,False,False,False
2006-05-09,0.0,6920.0,7.5,9575.0,False,False,False,False
2006-05-10,0.0,6920.0,7.5,10375.0,False,False,False,False
2006-05-11,0.0,6860.0,7.5,10667.5,False,False,False,False
2006-05-12,0.0,8180.0,7.5,10057.5,False,False,False,False
2006-05-13,0.0,12800.0,52.5,10275.0,False,False,False,False
2006-05-14,0.0,14000.0,77.5,9897.5,False,False,False,False
2006-05-15,0.0,13900.0,77.5,9632.5,False,False,False,False
2006-05-16,0.0,14500.0,77.5,8867.5,False,False,False,False
2006-05-17,0.0,16100.0,75.0,8507.5,False,False,False,False
2006-05-18,0.0,16700.0,67.5,8247.5,False,False,False,False
2006-05-19,0.0,15800.0,67.5,8890.0,False,False,False,False
2006-05-20,0.0,14900.0,67.5,8042.5,False,False,False,False
2006-05-21,0.0,14600.0,62.5,7547.5,False,False,False,False
2006-05-22,0.0,13500.0,67.5,7412.5,False,False,False,False
2006-05-23,0.0,12200.0,62.5,6805.0,False,False,False,False
2006-05-24,0.0,11500.0,62.5,6385.0,False,False,False,False
2006-05-25,0.0,10800.0,57.5,6102.5,False,False,False,False
2006-05-26,0.0,10100.0,52.5,5960.0,False,False,False,False
2006-05-27,0.0,9720.0,57.5,5857.5,False,False,False,False
2006-05-28,0.0,10100.0,65.0,6227.5,False,False,False,False
2006-05-29,91349.6235383562,9580.0,57.5,6310.0,False,False,False,True
2006-05-30,497658.38609012065,8790.0,42.5,6187.5,False,False,False,True
2006-05-31,0.0,7690.0,32.5,6547.5,False,False,False,False
2006-06-01,733430.6843506055,7720.0,37.5,6907.5,False,False,False,True
2006-06-02,67943.57861830185,13000.0,77.5,7187.5,False,False,False,True
2006-06-03,0.0,21200.0,97.5,6290.0,False,False,False,False
2006-06-04,0.0,14000.0,82.5,7347.5,False,False,False,False
2006-06-05,0.0,13400.0,87.5,7467.5,False,False,False,False
2006-06-06,0.0,13600.0,87.5,7550.0,False,False,False,False
2006-06-07,0.0,13100.0,92.5,7350.0,False,False,False,False
2006-06-08,0.0,13500.0,87.5,6465.0,False,False,False,False
2006-06-09,0.0,14700.0,87.5,6607.5,False,False,False,False
2006-06-10,0.0,14500.0,82.5,6280.0,False,False,False,False
2006-06-11,0.0,12800.0,77.5,6077.5,False,False,False,False
2006-06-12,0.0,11900.0,67.5,6210.0,False,False,False,False
2006-06-13,0.0,11500.0,77.5,5882.5,False,False,False,False
2006-06-14,0.0,11200.0,67.5,5892.5,False,False,False,False
2006-06-15,0.0,10600.0,67.5,5750.0,False,False,False,False
2006-06-16,0.0,9870.0,62.5,5690.0,False,False,False,False
2006-06-17,0.0,9780.0,62.5,5292.5,False,False,False,False
2006-06-18,582176.0571301356,9140.0,62.5,5345.0,False,False,False,True
2006-06-19,112388.0439577995,8060.0,62.5,5262.5,False,False,False,True
2006-06-20,0.0,8380.0,62.5,5407.5,False,False,False,False
2006-06-21,0.0,7560.0,57.5,5322.5,False,False,False,False
2006-06-22,1018835.4792998717,6950.0,57.5,5005.0,False,False,False,True
2006-06-23,516399.9926208175,6580.0,52.5,5077.5,False,False,False,True
2006-06-24,522961.947611885,7490.0,62.5,4907.5,False,False,False,True
2006-06-25,0.0,9060.0,62.5,4910.0,False,False,False,False
2006-06-26,655504.4931666221,11100.0,77.5,4690.0,False,False,False,True
2006-06-27,527390.9912715795,53500.0,97.5,4682.5,False,False,False,True
2006-06-28,874295.3195534863,154000.0,97.5,4862.5,False,False,False,True
2006-06-29,84381.28275227302,224000.0,97.5,4702.5,False,False,False,True
2006-06-30,0.0,179000.0,97.5,4892.5,False,False,False,False
2006-07-01,0.0,89800.0,97.5,4967.5,False,False,False,False
2006-07-02,848782.5245991175,60600.0,97.5,5017.5,False,False,False,True
2006-07-03,1012407.4300731414,45700.0,97.5,4840.0,False,False,False,True
2006-07-04,977073.9508469515,36400.0,97.5,4777.5,False,False,False,True
2006-07-05,0.0,34300.0,97.5,4725.0,False,False,False,False
2006-07-06,0.0,33700.0,97.5,4557.5,False,False,False,False
2006-07-07,0.0,29300.0,97.5,4660.0,False,False,False,False
2006-07-08,0.0,23000.0,97.5,4815.0,False,False,False,False
2006-07-09,0.0,17600.0,97.5,4832.5,False,False,False,False
2006-07-10,30320.948334526707,18300.0,92.5,4832.5,False,False,False,True
2006-07-11,1586682.3642118596,16600.0,87.5,5005.0,False,False,True,True
2006-07-12,2365456.4538105982,14900.0,82.5,4762.5,False,False,True,True
2006-07-13,777589.1685331145,14800.0,92.5,4707.5,False,False,False,True
2006-07-14,408629.02917171654,13300.0,87.5,4580.0,False,False,False,True
2006-07-15,1283094.068202291,11800.0,82.5,4635.0,False,False,True,True
2006-07-16,941170.9896158341,12000.0,82.5,4657.5,False,False,False,True
2006-07-17,1990034.6027273126,10600.0,82.5,4500.0,False,False,True,True
2006-07-18,2184574.7342517264,9500.0,77.5,4710.0,False,False,True,True
2006-07-19,624032.1687194607,9260.0,72.5,4955.0,False,False,False,True
2006-07-20,415759.8838047936,8610.0,72.5,4502.5,False,False,False,True
2006-07-21,1667589.9493303387,7860.0,72.5,4465.0,False,False,True,True
2006-07-22,1167483.282047971,14100.0,87.5,4282.5,False,False,True,True
2006-07-23,0.0,12500.0,82.5,4240.0,False,False,False,False
2006-07-24,0.0,10400.0,77.5,4320.0,False,False,False,False
2006-07-25,327646.203217758,9270.0,67.5,4307.5,False,False,False,True
2006-07-26,1018042.2486875767,8330.0,62.5,5090.0,False,False,False,True
2006-07-27,1440362.2027115214,7750.0,57.5,4667.5,False,False,True,True
2006-07-28,1608434.2892825543,8400.0,67.5,4550.0,False,False,True,True
2006-07-29,1504062.493953175,8430.0,67.5,5232.5,False,False,True,True
2006-07-30,1829992.0271684914,8290.0,62.5,4860.0,False,False,True,True
2006-07-31,1834810.1789341364,7470.0,62.5,5200.0,False,False,True,True
2006-08-01,3635338.985787187,7350.0,62.5,5075.0,False,False,True,True
2006-08-02,3939833.8374010148,7270.0,72.5,5037.5,False,False,True,True
2006-08-03,3320043.3858778086,6730.0,67.5,4967.5,False,False,True,True
2006-08-04,1123642.06585879,6480.0,67.5,4842.5,False,False,False,True
2006-08-05,0.0,6270.0,72.5,4585.0,False,False,False,False
2006-08-06,624990.345202984,5790.0,62.5,4565.0,False,False,False,True
2006-08-07,1505496.8447181557,5380.0,57.5,4652.5,False,False,True,True
2006-08-08,0.0,4820.0,47.5,4337.5,False,False,False,False
2006-08-09,0.0,4540.0,37.5,4117.5,False,False,False,False
2006-08-10,71333.27141238374,4620.0,42.5,4135.0,False,False,False,True
2006-08-11,0.0,4550.0,37.5,4310.0,False,False,False,False
2006-08-12,0.0,4360.0,27.5,4350.0,False,False,False,False
2006-08-13,0.0,4100.0,17.5,4470.0,False,False,False,False
2006-08-14,0.0,4140.0,22.5,4710.0,False,False,False,False
2006-08-15,0.0,3850.0,12.5,4495.0,False,False,False,False
2006-08-16,0.0,4320.0,22.5,4447.5,False,False,False,False
2006-08-17,0.0,4530.0,32.5,4370.0,False,False,False,False
2006-08-18,0.0,4380.0,32.5,4280.0,False,False,False,False
2006-08-19,22647.85953943395,4220.0,27.5,4175.0,False,False,False,True
2006-08-20,725604.7421373327,4190.0,32.5,4057.5,False,False,False,True
2006-08-21,0.0,4440.0,32.5,3770.0,False,False,False,False
2006-08-22,0.0,4230.0,27.5,4075.0,False,False,False,False
2006-08-23,0.0,5250.0,22.5,5295.0,False,False,False,False
2006-08-24,0.0,4670.0,27.5,4560.0,False,False,False,False
2006-08-25,47635.28552964988,4070.0,22.5,4760.0,False,False,False,True
2006-08-26,0.0,4310.0,27.5,4290.0,False,False,False,False
2006-08-27,456870.87620778265,4740.0,37.5,4240.0,False,False,False,True
2006-08-28,681077.3258607844,6110.0,67.5,4102.5,False,False,False,True
2006-08-29,0.0,8370.0,67.5,4010.0,False,False,False,False
2006-08-30,0.0,9870.0,77.5,3930.0,False,False,False,False
2006-08-31,0.0,17000.0,92.5,3592.5,False,False,False,False
2006-09-01,0.0,17800.0,87.5,3610.0,False,False,False,False
2006-09-02,0.0,17100.0,87.5,3595.0,False,False,False,False
2006-09-03,0.0,17400.0,87.5,3425.0,False,False,False,False
2006-09-04,0.0,14800.0,87.5,3487.5,False,False,False,False
2006-09-05,0.0,12200.0,87.5,3325.0,False,False,False,False
2006-09-06,0.0,10200.0,85.0,3600.0,False,False,False,False
2006-09-07,0.0,9450.0,82.5,3780.0,False,False,False,False
2006-09-08,0.0,9180.0,77.5,3645.0,False,False,False,False
2006-09-09,0.0,8350.0,72.5,3482.5,False,False,False,False
2006-09-10,0.0,7790.0,72.5,3707.5,False,False,False,False
2006-09-11,0.0,7350.0,72.5,3937.5,False,False,False,False
2006-09-12,0.0,6800.0,67.5,3855.0,False,False,False,False
2006-09-13,0.0,6290.0,67.5,3815.0,False,False,False,False
2006-09-14,0.0,6430.0,62.5,3730.0,False,False,False,False
2006-09-15,0.0,11700.0,82.5,3675.0,False,False,False,False
2006-09-16,0.0,23300.0,92.5,3587.5,False,False,False,False
2006-09-17,0.0,27200.0,92.5,3417.5,False,False,False,False
2006-09-18,0.0,20400.0,92.5,3412.5,False,False,False,False
2006-09-19,0.0,16900.0,82.5,3385.0,False,False,False,False
2006-09-20,0.0,15100.0,82.5,3455.0,False,False,False,False
2006-09-21,0.0,13500.0,77.5,3275.0,False,False,False,False
2006-09-22,0.0,12400.0,77.5,3117.5,False,False,False,False
2006-09-23,0.0,11000.0,77.5,3080.0,False,False,False,False
2006-09-24,22647.85953943395,9850.0,72.5,3237.5,False,False,False,True
2006-09-25,0.0,9500.0,77.5,3227.5,False,False,False,False
2006-09-26,0.0,9300.0,77.5,3232.5,False,False,False,False
2006-09-27,0.0,9090.0,77.5,3180.0,False,False,False,False
2006-09-28,0.0,8630.0,77.5,3177.5,False,False,False,False
2006-09-29,0.0,9040.0,72.5,3370.0,False,False,False,False
2006-09-30,0.0,11300.0,77.5,3282.5,False,False,False,False
2006-10-01,0.0,15800.0,77.5,3480.0,False,False,False,False
2006-10-02,0.0,13600.0,72.5,3792.5,False,False,False,False
2006-10-03,0.0,13000.0,77.5,3572.5,False,False,False,False
2006-10-04,0.0,12300.0,77.5,3470.0,False,False,False,False
2006-10-05,0.0,13800.0,77.5,3437.5,False,False,False,False
2006-10-06,0.0,14600.0,77.5,3377.5,False,False,False,False
2006-10-07,0.0,12400.0,72.5,3432.5,False,False,False,False
2006-10-08,0.0,11200.0,67.5,3482.5,False,False,False,False
2006-10-09,0.0,10300.0,67.5,3612.5,False,False,False,False
2006-10-10,0.0,9640.0,67.5,3435.0,False,False,False,False
2006-10-11,0.0,9270.0,67.5,3685.0,False,False,False,False
2006-10-12,0.0,9640.0,67.5,4375.0,False,False,False,False
2006-10-13,0.0,9180.0,62.5,4630.0,False,False,False,False
2006-10-14,0.0,9000.0,62.5,4327.5,False,False,False,False
2006-10-15,0.0,8300.0,57.5,3867.5,False,False,False,False
2006-10-16,0.0,8040.0,62.5,3707.5,False,False,False,False
2006-10-17,0.0,8220.0,62.5,3925.0,False,False,False,False
2006-10-18,0.0,11500.0,72.5,3765.0,False,False,False,False
2006-10-19,0.0,12900.0,82.5,3467.5,False,False,False,False
2006-10-20,0.0,15000.0,77.5,3507.5,False,False,False,False
2006-10-21,0.0,15000.0,87.5,3510.0,False,False,False,False
2006-10-22,0.0,20600.0,90.0,3447.5,False,False,False,False
2006-10-23,0.0,18900.0,97.5,3417.5,False,False,False,False
2006-10-24,0.0,16100.0,92.5,3382.5,False,False,False,False
2006-10-25,0.0,14000.0,82.5,3492.5,False,False,False,False
2006-10-26,0.0,12400.0,72.5,3835.0,False,False,False,False
2006-10-27,0.0,11500.0,57.5,3727.5,False,False,False,False
2006-10-28,0.0,20000.0,72.5,3730.0,False,False,False,False
2006-10-29,0.0,36400.0,92.5,4787.5,False,False,False,False
2006-10-30,0.0,43700.0,97.5,6080.0,False,False,False,False
2006-10-31,0.0,33000.0,92.5,7032.5,False,False,False,False
2006-11-01,0.0,26600.0,82.5,6987.5,False,False,False,False
2006-11-02,0.0,23100.0,82.5,6587.5,False,False,False,False
2006-11-03,0.0,22800.0,87.5,6175.0,False,False,False,False
2006-11-04,0.0,21500.0,87.5,6265.0,False,False,False,False
2006-11-05,0.0,18400.0,87.5,6527.5,False,False,False,False
2006-11-06,0.0,16700.0,92.5,5897.5,False,False,False,False
2006-11-07,0.0,15700.0,92.5,5607.5,False,False,False,False
2006-11-08,0.0,25600.0,92.5,5340.0,False,False,False,False
2006-11-09,0.0,33200.0,92.5,4902.5,False,False,False,False
2006-11-10,0.0,32600.0,92.5,4610.0,False,False,False,False
2006-11-11,0.0,27400.0,92.5,4685.0,False,False,False,False
2006-11-12,0.0,23200.0,92.5,5047.5,False,False,False,False
2006-11-13,0.0,21100.0,87.5,5910.0,False,False,False,False
2006-11-14,0.0,20800.0,87.5,5520.0,False,False,False,False
2006-11-15,0.0,19200.0,87.5,5292.5,False,False,False,False
2006-11-16,0.0,19000.0,87.5,5147.5,False,False,False,False
2006-11-17,0.0,31600.0,92.5,5112.5,False,False,False,False
2006-11-18,0.0,51900.0,97.5,4810.0,False,False,False,False
2006-11-19,0.0,44300.0,97.5,4640.0,False,False,False,False
2006-11-20,0.0,36300.0,97.5,4827.5,False,False,False,False
2006-11-21,0.0,31500.0,97.5,4907.5,False,False,False,False
2006-11-22,0.0,27700.0,97.5,6187.5,False,False,False,False
2006-11-23,0.0,25800.0,92.5,5982.5,False,False,False,False
2006-11-24,0.0,32800.0,92.5,6475.0,False,False,False,False
2006-11-25,0.0,30600.0,87.5,6232.5,False,False,False,False
2006-11-26,0.0,26900.0,87.5,6075.0,False,False,False,False
2006-11-27,0.0,24100.0,87.5,7007.5,False,False,False,False
2006-11-28,0.0,21800.0,87.5,6730.0,False,False,False,False
2006-11-29,0.0,20200.0,82.5,7507.5,False,False,False,False
2006-11-30,0.0,18700.0,82.5,7547.5,False,False,False,False
2006-12-01,0.0,17000.0,72.5,7890.0,False,False,False,False
2006-12-02,0.0,17800.0,72.5,7425.0,False,False,False,False
2006-12-03,0.0,19900.0,72.5,8350.0,False,False,False,False
2006-12-04,0.0,20400.0,72.5,9547.5,False,False,False,False
2006-12-05,0.0,18500.0,67.5,7960.0,False,False,False,False
2006-12-06,0.0,16800.0,67.5,7590.0,False,False,False,False
2006-12-07,0.0,15700.0,67.5,8722.5,False,False,False,False
2006-12-08,0.0,14500.0,72.5,8342.5,False,False,False,False
2006-12-09,0.0,13700.0,67.5,8262.5,False,False,False,False
2006-12-10,0.0,12900.0,65.0,8470.0,False,False,False,False
2006-12-11,0.0,12400.0,52.5,8760.0,False,False,False,False
2006-12-12,0.0,11800.0,42.5,8790.0,False,False,False,False
2006-12-13,0.0,11500.0,42.5,9287.5,False,False,False,False
2006-12-14,0.0,11500.0,47.5,8782.5,False,False,False,False
2006-12-15,0.0,11200.0,52.5,8697.5,False,False,False,False
2006-12-16,0.0,11100.0,42.5,8442.5,False,False,False,False
2006-12-17,0.0,11000.0,42.5,8325.0,False,False,False,False
2006-12-18,0.0,10500.0,37.5,8437.5,False,False,False,False
2006-12-19,0.0,9980.0,32.5,8495.0,False,False,False,False
2006-12-20,0.0,9450.0,32.5,8612.5,False,False,False,False
2006-12-21,0.0,9130.0,32.5,8930.0,False,False,False,False
2006-12-22,0.0,8870.0,32.5,8547.5,False,False,False,False
2006-12-23,0.0,12900.0,52.5,8960.0,False,False,False,False
2006-12-24,0.0,14200.0,52.5,8720.0,False,False,False,False
2006-12-25,0.0,13600.0,47.5,10475.0,False,False,False,False
2006-12-26,0.0,16300.0,42.5,9782.5,False,False,False,False
2006-12-27,0.0,15200.0,37.5,9292.5,False,False,False,False
2006-12-28,0.0,14900.0,42.5,9297.5,False,False,False,False
2006-12-29,0.0,14700.0,42.5,9432.5,False,False,False,False
2006-12-30,0.0,13300.0,37.5,10662.5,False,False,False,False
2006-12-31,0.0,12400.0,27.5,12075.0,False,False,False,False
2007-01-01,0.0,19900.0,57.5,12052.5,False,False,False,False
2007-01-02,0.0,20100.0,67.5,13050.0,False,False,False,False
2007-01-03,0.0,17400.0,62.5,11525.0,False,False,False,False
2007-01-04,0.0,16500.0,57.5,10142.5,False,False,False,False
2007-01-05,0.0,15300.0,57.5,10012.5,False,False,False,False
2007-01-06,0.0,15000.0,57.5,11325.0,False,False,False,False
2007-01-07,0.0,17500.0,62.5,10232.5,False,False,False,False
2007-01-08,0.0,31800.0,97.5,9422.5,False,False,False,False
2007-01-09,0.0,36100.0,97.5,9242.5,False,False,False,False
2007-01-10,0.0,36300.0,92.5,8892.5,False,False,False,False
2007-01-11,0.0,29400.0,87.5,8567.5,False,False,False,False
2007-01-12,0.0,24100.0,77.5,9035.0,False,False,False,False
2007-01-13,0.0,20900.0,72.5,10100.0,False,False,False,False
2007-01-14,0.0,19900.0,67.5,10625.0,False,False,False,False
2007-01-15,0.0,19600.0,67.5,12275.0,False,False,False,False
2007-01-16,0.0,21000.0,72.5,10775.0,False,False,False,False
2007-01-17,0.0,26800.0,82.5,10250.0,False,False,False,False
2007-01-18,0.0,24400.0,82.5,11152.5,False,False,False,False
2007-01-19,0.0,21000.0,82.5,10550.0,False,False,False,False
2007-01-20,0.0,19300.0,77.5,10300.0,False,False,False,False
2007-01-21,0.0,17800.0,72.5,10180.0,False,False,False,False
2007-01-22,0.0,16200.0,77.5,9977.5,False,False,False,False
2007-01-23,0.0,15000.0,77.5,9687.5,False,False,False,False
2007-01-24,0.0,14100.0,62.5,8832.5,False,False,False,False
2007-01-25,0.0,13200.0,52.5,8475.0,False,False,False,False
2007-01-26,0.0,12200.0,47.5,8752.5,False,False,False,False
2007-01-27,0.0,11400.0,42.5,8135.0,False,False,False,False
2007-01-28,0.0,10600.0,37.5,8730.0,False,False,False,False
2007-01-29,0.0,9970.0,37.5,9185.0,False,False,False,False
2007-01-30,0.0,9860.0,22.5,9912.5,False,False,False,False
2007-01-31,0.0,9660.0,27.5,9357.5,False,False,False,False
2007-02-01,0.0,9500.0,32.5,8800.0,False,False,False,False
2007-02-02,0.0,9280.0,37.5,8622.5,False,False,False,False
2007-02-03,0.0,9460.0,32.5,8960.0,False,False,False,False
2007-02-04,0.0,8700.0,22.5,8760.0,False,False,False,False
2007-02-05,0.0,7150.0,12.5,8517.5,False,False,False,False
2007-02-06,0.0,6100.0,7.5,7940.0,False,False,False,False
2007-02-07,0.0,6300.0,7.5,8040.0,False,False,False,False
2007-02-08,0.0,6300.0,7.5,7705.0,False,False,False,False
2007-02-09,0.0,6250.0,7.5,8352.5,False,False,False,False
2007-02-10,0.0,6700.0,17.5,7647.5,False,False,False,False
2007-02-11,0.0,6800.0,17.5,7627.5,False,False,False,False
2007-02-12,0.0,6200.0,17.5,7782.5,False,False,False,False
2007-02-13,0.0,5900.0,12.5,7920.0,False,False,False,False
2007-02-14,0.0,6200.0,12.5,7677.5,False,False,False,False
2007-02-15,0.0,4700.0,7.5,7522.5,False,False,False,False
2007-02-16,0.0,5000.0,7.5,8052.5,False,False,False,False
2007-02-17,0.0,5650.0,7.5,8600.0,False,False,False,False
2007-02-18,0.0,5750.0,7.5,8872.5,False,False,False,False
2007-02-19,0.0,5850.0,7.5,8567.5,False,False,False,False
2007-02-20,0.0,5950.0,7.5,8257.5,False,False,False,False
2007-02-21,0.0,6950.0,7.5,8320.0,False,False,False,False
2007-02-22,0.0,7950.0,17.5,8490.0,False,False,False,False
2007-02-23,0.0,8190.0,22.5,8287.5,False,False,False,False
2007-02-24,0.0,7450.0,7.5,8322.5,False,False,False,False
2007-02-25,0.0,6970.0,7.5,9002.5,False,False,False,False
2007-02-26,0.0,6800.0,7.5,9245.0,False,False,False,False
2007-02-27,0.0,6490.0,7.5,9000.0,False,False,False,False
2007-02-28,0.0,7190.0,7.5,8612.5,False,False,False,False
2007-03-01,0.0,7820.0,7.5,9360.0,False,False,False,False
2007-03-02,0.0,24800.0,87.5,11090.0,False,False,False,False
2007-03-03,0.0,32500.0,92.5,10502.5,False,False,False,False
2007-03-04,0.0,20000.0,82.5,9940.0,False,False,False,False
2007-03-05,0.0,16300.0,67.5,9700.0,False,False,False,False
2007-03-06,0.0,14100.0,52.5,9580.0,False,False,False,False
2007-03-07,0.0,11700.0,47.5,9607.5,False,False,False,False
2007-03-08,0.0,10100.0,35.0,9840.0,False,False,False,False
2007-03-09,0.0,9200.0,25.0,9200.0,False,False,False,False
2007-03-10,0.0,9290.0,22.5,9815.0,False,False,False,False
2007-03-11,0.0,9530.0,17.5,10425.0,False,False,False,False
2007-03-12,0.0,10800.0,22.5,11025.0,False,False,False,False
2007-03-13,0.0,11300.0,22.5,11375.0,False,False,False,False
2007-03-14,0.0,12400.0,32.5,11325.0,False,False,False,False
2007-03-15,0.0,15200.0,47.5,11125.0,False,False,False,False
2007-03-16,0.0,30400.0,82.5,10950.0,False,False,False,False
2007-03-17,0.0,39100.0,87.5,10575.0,False,False,False,False
2007-03-18,0.0,28600.0,82.5,11375.0,False,False,False,False
2007-03-19,0.0,24000.0,77.5,11125.0,False,False,False,False
2007-03-20,0.0,21700.0,77.5,10775.0,False,False,False,False
2007-03-21,0.0,21700.0,77.5,11375.0,False,False,False,False
2007-03-22,0.0,20300.0,72.5,12125.0,False,False,False,False
2007-03-23,0.0,25600.0,72.5,11750.0,False,False,False,False
2007-03-24,0.0,34900.0,87.5,12175.0,False,False,False,False
2007-03-25,0.0,36500.0,87.5,11800.0,False,False,False,False
2007-03-26,0.0,38700.0,92.5,10925.0,False,False,False,False
2007-03-27,0.0,40600.0,97.5,11250.0,False,False,False,False
2007-03-28,0.0,43000.0,97.5,10700.0,False,False,False,False
2007-03-29,0.0,47900.0,92.5,10625.0,False,False,False,False
2007-03-30,0.0,42200.0,87.5,12725.0,False,False,False,False
2007-03-31,0.0,35000.0,77.5,12650.0,False,False,False,False
2007-04-01,0.0,30000.0,77.5,12900.0,False,False,False,False
2007-04-02,0.0,27500.0,77.5,12575.0,False,False,False,False
2007-04-03,0.0,26500.0,67.5,12475.0,False,False,False,False
2007-04-04,0.0,25100.0,67.5,14775.0,False,False,False,False
2007-04-05,0.0,25300.0,57.5,13575.0,False,False,False,False
2007-04-06,0.0,26100.0,62.5,13050.0,False,False,False,False
2007-04-07,0.0,23200.0,52.5,12400.0,False,False,False,False
2007-04-08,0.0,20100.0,47.5,12425.0,False,False,False,False
2007-04-09,0.0,18100.0,47.5,11950.0,False,False,False,False
2007-04-10,0.0,16600.0,47.5,11525.0,False,False,False,False
2007-04-11,0.0,15400.0,47.5,11950.0,False,False,False,False
2007-04-12,0.0,16000.0,52.5,12075.0,False,False,False,False
2007-04-13,0.0,17300.0,47.5,13125.0,False,False,False,False
2007-04-14,0.0,17600.0,52.5,12375.0,False,False,False,False
2007-04-15,0.0,36400.0,87.5,11575.0,False,False,False,False
2007-04-16,0.0,94400.0,97.5,11875.0,False,False,False,False
2007-04-17,0.0,111000.0,97.5,10700.0,False,False,False,False
2007-04-18,0.0,80600.0,97.5,10002.5,False,False,False,False
2007-04-19,0.0,63400.0,97.5,9877.5,False,False,False,False
2007-04-20,0.0,53800.0,97.5,10500.0,False,False,False,False
2007-04-21,0.0,45900.0,97.5,9672.5,False,False,False,False
2007-04-22,0.0,38000.0,92.5,9805.0,False,False,False,False
2007-04-23,0.0,33300.0,92.5,10850.0,False,False,False,False
2007-04-24,0.0,31100.0,97.5,10900.0,False,False,False,False
2007-04-25,0.0,28600.0,87.5,11875.0,False,False,False,False
2007-04-26,0.0,26100.0,87.5,11875.0,False,False,False,False
2007-04-27,0.0,34000.0,97.5,10650.0,False,False,False,False
2007-04-28,0.0,26300.0,87.5,9785.0,False,False,False,False
2007-04-29,0.0,22400.0,82.5,9945.0,False,False,False,False
2007-04-30,0.0,20000.0,77.5,9787.5,False,False,False,False
2007-05-01,0.0,18200.0,72.5,9422.5,False,False,False,False
2007-05-02,0.0,18700.0,72.5,9722.5,False,False,False,False
2007-05-03,0.0,17500.0,72.5,9352.5,False,False,False,False
2007-05-04,0.0,16000.0,60.0,9652.5,False,False,False,False
2007-05-05,0.0,14200.0,57.5,9705.0,False,False,False,False
2007-05-06,0.0,12700.0,37.5,9940.0,False,False,False,False
2007-05-07,0.0,11500.0,27.5,11175.0,False,False,False,False
2007-05-08,0.0,10700.0,32.5,10262.5,False,False,False,False
2007-05-09,0.0,10200.0,32.5,9575.0,False,False,False,False
2007-05-10,0.0,9400.0,22.5,10375.0,False,False,False,False
2007-05-11,0.0,9050.0,17.5,10667.5,False,False,False,False
2007-05-12,0.0,8920.0,12.5,10057.5,False,False,False,False
2007-05-13,0.0,10000.0,17.5,10275.0,False,False,False,False
2007-05-14,0.0,9680.0,22.5,9897.5,False,False,False,False
2007-05-15,0.0,8610.0,17.5,9632.5,False,False,False,False
2007-05-16,0.0,8030.0,7.5,8867.5,False,False,False,False
2007-05-17,0.0,8110.0,12.5,8507.5,False,False,False,False
2007-05-18,0.0,8000.0,22.5,8247.5,False,False,False,False
2007-05-19,0.0,8170.0,22.5,8890.0,False,False,False,False
2007-05-20,0.0,7870.0,22.5,8042.5,False,False,False,False
2007-05-21,0.0,7210.0,22.5,7547.5,False,False,False,False
2007-05-22,0.0,6730.0,22.5,7412.5,False,False,False,False
2007-05-23,0.0,6490.0,22.5,6805.0,False,False,False,False
2007-05-24,0.0,6240.0,17.5,6385.0,False,False,False,False
2007-05-25,0.0,5850.0,12.5,6102.5,False,False,False,False
2007-05-26,0.0,5810.0,22.5,5960.0,False,False,False,False
2007-05-27,0.0,5760.0,22.5,5857.5,False,False,False,False
2007-05-28,0.0,6350.0,27.5,6227.5,False,False,False,False
2007-05-29,0.0,5620.0,17.5,6310.0,False,False,False,False
2007-05-30,0.0,5050.0,12.5,6187.5,False,False,False,False
2007-05-31,0.0,5140.0,12.5,6547.5,False,False,False,False
2007-06-01,151799.85080160818,5190.0,7.5,6907.5,False,False,False,True
2007-06-02,260382.00039926925,7150.0,22.5,7187.5,False,False,False,True
2007-06-03,0.0,6090.0,17.5,6290.0,False,False,False,False
2007-06-04,0.0,7380.0,27.5,7347.5,False,False,False,False
2007-06-05,0.0,7340.0,22.5,7467.5,False,False,False,False
2007-06-06,0.0,7310.0,22.5,7550.0,False,False,False,False
2007-06-07,0.0,6430.0,17.5,7350.0,False,False,False,False
2007-06-08,1319424.1702283095,5780.0,12.5,6465.0,False,False,True,True
2007-06-09,0.0,5310.0,12.5,6607.5,False,False,False,False
2007-06-10,0.0,5030.0,7.5,6280.0,False,False,False,False
2007-06-11,0.0,4970.0,7.5,6077.5,False,False,False,False
2007-06-12,0.0,5010.0,7.5,6210.0,False,False,False,False
2007-06-13,0.0,4860.0,7.5,5882.5,False,False,False,False
2007-06-14,0.0,5210.0,7.5,5892.5,False,False,False,False
2007-06-15,0.0,5060.0,7.5,5750.0,False,False,False,False
2007-06-16,0.0,4790.0,7.5,5690.0,False,False,False,False
2007-06-17,0.0,4520.0,2.5,5292.5,False,False,False,False
2007-06-18,0.0,4510.0,2.5,5345.0,False,False,False,False
2007-06-19,494887.0936394965,4530.0,12.5,5262.5,False,False,False,True
2007-06-20,0.0,5220.0,22.5,5407.5,False,False,False,False
2007-06-21,0.0,6230.0,47.5,5322.5,False,False,False,False
2007-06-22,0.0,6940.0,52.5,5005.0,False,False,False,False
2007-06-23,0.0,7020.0,57.5,5077.5,False,False,False,False
2007-06-24,0.0,5600.0,42.5,4907.5,False,False,False,False
2007-06-25,0.0,4940.0,27.5,4910.0,False,False,False,False
2007-06-26,1438278.9169015675,4290.0,12.5,4690.0,False,False,True,True
2007-06-27,2089738.1796792452,4210.0,7.5,4682.5,False,False,True,True
2007-06-28,1092527.4166796876,5190.0,37.5,4862.5,False,False,False,True
2007-06-29,0.0,6690.0,47.5,4702.5,False,False,False,False
2007-06-30,0.0,6060.0,42.5,4892.5,False,False,False,False
2007-07-01,0.0,5420.0,42.5,4967.5,False,False,False,False
2007-07-02,0.0,4470.0,17.5,5017.5,False,False,False,False
2007-07-03,0.0,4030.0,12.5,4840.0,False,False,False,False
2007-07-04,0.0,3890.0,7.5,4777.5,False,False,False,False
2007-07-05,22647.85953943395,5810.0,42.5,4725.0,False,False,False,True
2007-07-06,0.0,6930.0,52.5,4557.5,False,False,False,False
2007-07-07,0.0,5290.0,37.5,4660.0,False,False,False,False
2007-07-08,43749.1444491506,5680.0,37.5,4815.0,False,False,False,True
2007-07-09,892395.2383254159,5370.0,42.5,4832.5,False,False,False,True
2007-07-10,2063256.7872390877,4600.0,22.5,4832.5,False,False,True,True
2007-07-11,2212696.1836901056,4500.0,17.5,5005.0,False,False,True,True
2007-07-12,0.0,4820.0,27.5,4762.5,False,False,False,False
2007-07-13,0.0,4930.0,37.5,4707.5,False,False,False,False
2007-07-14,0.0,4580.0,25.0,4580.0,False,False,False,False
2007-07-15,289010.46961402096,4250.0,12.5,4635.0,False,False,False,True
2007-07-16,0.0,4060.0,7.5,4657.5,False,False,False,False
2007-07-17,30320.948334526707,3680.0,7.5,4500.0,False,False,False,True
2007-07-18,820864.5157390987,3630.0,7.5,4710.0,False,False,False,True
2007-07-19,474472.956755148,3880.0,7.5,4955.0,False,False,False,True
2007-07-20,0.0,4140.0,12.5,4502.5,False,False,False,False
2007-07-21,0.0,4070.0,12.5,4465.0,False,False,False,False
2007-07-22,0.0,3940.0,12.5,4282.5,False,False,False,False
2007-07-23,0.0,4120.0,22.5,4240.0,False,False,False,False
2007-07-24,0.0,4170.0,22.5,4320.0,False,False,False,False
2007-07-25,0.0,6720.0,47.5,4307.5,False,False,False,False
2007-07-26,291787.3603231456,6830.0,52.5,5090.0,False,False,False,True
2007-07-27,654388.2041948444,5930.0,37.5,4667.5,False,False,False,True
2007-07-28,933500.49178294,5720.0,37.5,4550.0,False,False,False,True
2007-07-29,349718.5448098679,6560.0,47.5,5232.5,False,False,False,True
2007-07-30,193153.78636696032,8000.0,57.5,4860.0,False,False,False,True
2007-07-31,0.0,7710.0,67.5,5200.0,False,False,False,False
2007-08-01,190152.51389836468,6650.0,52.5,5075.0,False,False,False,True
2007-08-02,600295.2601592689,5900.0,42.5,5037.5,False,False,False,True
2007-08-03,1324370.3834105572,4970.0,27.5,4967.5,False,False,True,True
2007-08-04,845319.4233584197,4360.0,17.5,4842.5,False,False,False,True
2007-08-05,0.0,4330.0,22.5,4585.0,False,False,False,False
2007-08-06,1612545.5617925362,4800.0,37.5,4565.0,False,False,True,True
2007-08-07,2530631.990918086,4130.0,17.5,4652.5,False,False,True,True
2007-08-08,3238468.7790104095,5070.0,57.5,4337.5,False,False,True,True
2007-08-09,220730.89371455897,10000.0,67.5,4117.5,False,False,False,True
2007-08-10,527901.860012283,8320.0,62.5,4135.0,False,False,False,True
2007-08-11,0.0,8170.0,62.5,4310.0,False,False,False,False
2007-08-12,0.0,9360.0,62.5,4350.0,False,False,False,False
2007-08-13,0.0,8010.0,57.5,4470.0,False,False,False,False
2007-08-14,0.0,6610.0,52.5,4710.0,False,False,False,False
2007-08-15,0.0,5830.0,52.5,4495.0,False,False,False,False
2007-08-16,650073.4195430295,5410.0,52.5,4447.5,False,False,False,True
2007-08-17,107677.97687718476,5060.0,52.5,4370.0,False,False,False,True
2007-08-18,0.0,5580.0,52.5,4280.0,False,False,False,False
2007-08-19,0.0,5110.0,42.5,4175.0,False,False,False,False
2007-08-20,0.0,4890.0,42.5,4057.5,False,False,False,False
2007-08-21,0.0,5500.0,47.5,3770.0,False,False,False,False
2007-08-22,0.0,7940.0,67.5,4075.0,False,False,False,False
2007-08-23,0.0,8490.0,67.5,5295.0,False,False,False,False
2007-08-24,936020.352947897,7290.0,57.5,4560.0,False,False,False,True
2007-08-25,2290601.208057631,6360.0,57.5,4760.0,False,False,True,True
2007-08-26,241536.29254896287,6540.0,57.5,4290.0,False,False,False,True
2007-08-27,0.0,9040.0,72.5,4240.0,False,False,False,False
2007-08-28,0.0,7020.0,72.5,4102.5,False,False,False,False
2007-08-29,0.0,5970.0,62.5,4010.0,False,False,False,False
2007-08-30,0.0,5360.0,52.5,3930.0,False,False,False,False
2007-08-31,0.0,4780.0,52.5,3592.5,False,False,False,False
2007-09-01,0.0,4650.0,52.5,3610.0,False,False,False,False
2007-09-02,0.0,4320.0,47.5,3595.0,False,False,False,False
2007-09-03,0.0,4660.0,47.5,3425.0,False,False,False,False
2007-09-04,0.0,4370.0,47.5,3487.5,False,False,False,False
2007-09-05,0.0,3960.0,42.5,3325.0,False,False,False,False
2007-09-06,0.0,3820.0,32.5,3600.0,False,False,False,False
2007-09-07,491872.3938949343,3820.0,32.5,3780.0,False,False,False,True
2007-09-08,905543.3122936208,3680.0,27.5,3645.0,False,False,False,True
2007-09-09,888178.8726961152,3750.0,32.5,3482.5,False,False,False,True
2007-09-10,1978934.727690211,4040.0,32.5,3707.5,False,False,True,True
2007-09-11,321446.49744166137,4130.0,27.5,3937.5,False,False,False,True
2007-09-12,0.0,4190.0,32.5,3855.0,False,False,False,False
2007-09-13,0.0,4410.0,32.5,3815.0,False,False,False,False
2007-09-14,0.0,4180.0,32.5,3730.0,False,False,False,False
2007-09-15,0.0,4550.0,42.5,3675.0,False,False,False,False
2007-09-16,0.0,4260.0,42.5,3587.5,False,False,False,False
2007-09-17,0.0,4050.0,42.5,3417.5,False,False,False,False
2007-09-18,0.0,4000.0,42.5,3412.5,False,False,False,False
2007-09-19,0.0,3900.0,42.5,3385.0,False,False,False,False
2007-09-20,0.0,3700.0,37.5,3455.0,False,False,False,False
2007-09-21,0.0,3490.0,40.0,3275.0,False,False,False,False
2007-09-22,149628.35624543653,3520.0,37.5,3117.5,False,False,False,True
2007-09-23,0.0,3420.0,37.5,3080.0,False,False,False,False
2007-09-24,0.0,3320.0,37.5,3237.5,False,False,False,False
2007-09-25,0.0,3330.0,42.5,3227.5,False,False,False,False
2007-09-26,349542.84596152493,3250.0,27.5,3232.5,False,False,False,True
2007-09-27,167643.47116132738,3280.0,37.5,3180.0,False,False,False,True
2007-09-28,0.0,3220.0,32.5,3177.5,False,False,False,False
2007-09-29,0.0,3390.0,32.5,3370.0,False,False,False,False
2007-09-30,0.0,3200.0,17.5,3282.5,False,False,False,False
2007-10-01,0.0,3540.0,27.5,3480.0,False,False,False,False
2007-10-02,0.0,3800.0,27.5,3792.5,False,False,False,False
2007-10-03,0.0,3370.0,22.5,3572.5,False,False,False,False
2007-10-04,28776.67852060916,3120.0,7.5,3470.0,False,False,False,True
2007-10-05,0.0,3040.0,7.5,3437.5,False,False,False,False
2007-10-06,0.0,3010.0,15.0,3377.5,False,False,False,False
2007-10-07,0.0,3020.0,17.5,3432.5,False,False,False,False
2007-10-08,176164.28781315484,3000.0,7.5,3482.5,False,False,False,True
2007-10-09,0.0,3080.0,12.5,3612.5,False,False,False,False
2007-10-10,0.0,3490.0,27.5,3435.0,False,False,False,False
2007-10-11,0.0,4780.0,37.5,3685.0,False,False,False,False
2007-10-12,0.0,7550.0,62.5,4375.0,False,False,False,False
2007-10-13,0.0,9740.0,72.5,4630.0,False,False,False,False
2007-10-14,0.0,10700.0,72.5,4327.5,False,False,False,False
2007-10-15,0.0,8310.0,62.5,3867.5,False,False,False,False
2007-10-16,0.0,6690.0,57.5,3707.5,False,False,False,False
2007-10-17,0.0,5390.0,40.0,3925.0,False,False,False,False
2007-10-18,0.0,4610.0,37.5,3765.0,False,False,False,False
2007-10-19,0.0,4150.0,37.5,3467.5,False,False,False,False
2007-10-20,0.0,4890.0,37.5,3507.5,False,False,False,False
2007-10-21,0.0,5860.0,47.5,3510.0,False,False,False,False
2007-10-22,0.0,6620.0,57.5,3447.5,False,False,False,False
2007-10-23,0.0,7130.0,62.5,3417.5,False,False,False,False
2007-10-24,0.0,6130.0,52.5,3382.5,False,False,False,False
2007-10-25,0.0,5540.0,47.5,3492.5,False,False,False,False
2007-10-26,0.0,6000.0,47.5,3835.0,False,False,False,False
2007-10-27,0.0,16300.0,82.5,3727.5,False,False,False,False
2007-10-28,0.0,23000.0,82.5,3730.0,False,False,False,False
2007-10-29,0.0,28800.0,87.5,4787.5,False,False,False,False
2007-10-30,0.0,22100.0,77.5,6080.0,False,False,False,False
2007-10-31,0.0,17200.0,47.5,7032.5,False,False,False,False
2007-11-01,0.0,14500.0,42.5,6987.5,False,False,False,False
2007-11-02,0.0,12300.0,42.5,6587.5,False,False,False,False
2007-11-03,0.0,10900.0,42.5,6175.0,False,False,False,False
2007-11-04,0.0,9560.0,42.5,6265.0,False,False,False,False
2007-11-05,0.0,8120.0,32.5,6527.5,False,False,False,False
2007-11-06,0.0,7440.0,32.5,5897.5,False,False,False,False
2007-11-07,0.0,7420.0,47.5,5607.5,False,False,False,False
2007-11-08,0.0,7480.0,47.5,5340.0,False,False,False,False
2007-11-09,0.0,7530.0,47.5,4902.5,False,False,False,False
2007-11-10,0.0,7070.0,47.5,4610.0,False,False,False,False
2007-11-11,0.0,6740.0,47.5,4685.0,False,False,False,False
2007-11-12,0.0,6380.0,37.5,5047.5,False,False,False,False
2007-11-13,0.0,6210.0,27.5,5910.0,False,False,False,False
2007-11-14,0.0,6290.0,32.5,5520.0,False,False,False,False
2007-11-15,0.0,7240.0,37.5,5292.5,False,False,False,False
2007-11-16,0.0,15400.0,82.5,5147.5,False,False,False,False
2007-11-17,0.0,27000.0,87.5,5112.5,False,False,False,False
2007-11-18,0.0,20400.0,87.5,4810.0,False,False,False,False
2007-11-19,0.0,16800.0,77.5,4640.0,False,False,False,False
2007-11-20,0.0,15000.0,82.5,4827.5,False,False,False,False
2007-11-21,0.0,15300.0,82.5,4907.5,False,False,False,False
2007-11-22,0.0,16800.0,87.5,6187.5,False,False,False,False
2007-11-23,0.0,16600.0,82.5,5982.5,False,False,False,False
2007-11-27,0.0,19800.0,82.5,7007.5,False,False,False,False
2007-12-01,0.0,18300.0,77.5,7890.0,False,False,False,False
2007-12-02,0.0,16000.0,67.5,7425.0,False,False,False,False
2007-12-03,0.0,15100.0,62.5,8350.0,False,False,False,False
2007-12-04,0.0,15200.0,62.5,9547.5,False,False,False,False
2007-12-05,0.0,15400.0,57.5,7960.0,False,False,False,False
2007-12-06,0.0,14100.0,57.5,7590.0,False,False,False,False
2007-12-07,0.0,12700.0,52.5,8722.5,False,False,False,False
2007-12-08,0.0,11500.0,47.5,8342.5,False,False,False,False
2007-12-09,0.0,10600.0,45.0,8262.5,False,False,False,False
2007-12-10,0.0,11400.0,47.5,8470.0,False,False,False,False
2007-12-11,0.0,11800.0,47.5,8760.0,False,False,False,False
2007-12-12,0.0,12000.0,50.0,8790.0,False,False,False,False
2007-12-13,0.0,12700.0,57.5,9287.5,False,False,False,False
2007-12-14,0.0,18000.0,62.5,8782.5,False,False,False,False
2007-12-15,0.0,17600.0,67.5,8697.5,False,False,False,False
2007-12-16,0.0,17100.0,62.5,8442.5,False,False,False,False
2007-12-17,0.0,16200.0,52.5,8325.0,False,False,False,False
2007-12-18,0.0,13900.0,52.5,8437.5,False,False,False,False
2007-12-19,0.0,13400.0,52.5,8495.0,False,False,False,False
2007-12-20,0.0,12700.0,42.5,8612.5,False,False,False,False
2007-12-21,0.0,13000.0,57.5,8930.0,False,False,False,False
2007-12-22,0.0,13200.0,67.5,8547.5,False,False,False,False
2007-12-23,0.0,13300.0,57.5,8960.0,False,False,False,False
2007-12-24,0.0,28800.0,72.5,8720.0,False,False,False,False
2007-12-25,0.0,41700.0,92.5,10475.0,False,False,False,False
2007-12-26,0.0,33500.0,87.5,9782.5,False,False,False,False
2007-12-27,0.0,30100.0,87.5,9292.5,False,False,False,False
2007-12-28,0.0,27000.0,72.5,9297.5,False,False,False,False
2007-12-29,0.0,27600.0,67.5,9432.5,False,False,False,False
2007-12-30,0.0,27400.0,77.5,10662.5,False,False,False,False
2007-12-31,0.0,30600.0,87.5,12075.0,False,False,False,False
2008-01-01,0.0,28100.0,87.5,12052.5,False,False,False,False
2008-01-02,0.0,26300.0,92.5,13050.0,False,False,False,False
2008-01-03,0.0,23600.0,87.5,11525.0,False,False,False,False
2008-01-04,0.0,19900.0,72.5,10142.5,False,False,False,False
2008-01-05,0.0,17800.0,67.5,10012.5,False,False,False,False
2008-01-06,0.0,17200.0,67.5,11325.0,False,False,False,False
2008-01-07,0.0,17400.0,57.5,10232.5,False,False,False,False
2008-01-08,0.0,17700.0,67.5,9422.5,False,False,False,False
2008-01-09,0.0,20300.0,82.5,9242.5,False,False,False,False
2008-01-10,0.0,25200.0,80.0,8892.5,False,False,False,False
2008-01-11,0.0,31600.0,92.5,8567.5,False,False,False,False
2008-01-12,0.0,30700.0,87.5,9035.0,False,False,False,False
2008-01-13,0.0,35200.0,87.5,10100.0,False,False,False,False
2008-01-14,0.0,28800.0,82.5,10625.0,False,False,False,False
2008-01-15,0.0,25100.0,77.5,12275.0,False,False,False,False
2008-01-16,0.0,22300.0,77.5,10775.0,False,False,False,False
2008-01-17,0.0,19900.0,72.5,10250.0,False,False,False,False
2008-01-18,0.0,19500.0,72.5,11152.5,False,False,False,False
2008-01-19,0.0,18800.0,77.5,10550.0,False,False,False,False
2008-01-20,0.0,17100.0,67.5,10300.0,False,False,False,False
2008-01-21,0.0,15300.0,62.5,10180.0,False,False,False,False
2008-01-22,0.0,13500.0,62.5,9977.5,False,False,False,False
2008-01-23,0.0,12900.0,67.5,9687.5,False,False,False,False
2008-01-24,0.0,13200.0,57.5,8832.5,False,False,False,False
2008-01-25,0.0,12600.0,42.5,8475.0,False,False,False,False
2008-01-26,0.0,11800.0,42.5,8752.5,False,False,False,False
2008-01-27,0.0,11500.0,47.5,8135.0,False,False,False,False
2008-01-28,0.0,11100.0,47.5,8730.0,False,False,False,False
2008-01-29,0.0,10700.0,47.5,9185.0,False,False,False,False
2008-01-30,0.0,10800.0,47.5,9912.5,False,False,False,False
2008-01-31,0.0,11000.0,42.5,9357.5,False,False,False,False
2008-02-01,0.0,12800.0,52.5,8800.0,False,False,False,False
2008-02-02,0.0,21300.0,82.5,8622.5,False,False,False,False
2008-02-03,0.0,18500.0,82.5,8960.0,False,False,False,False
2008-02-04,0.0,16800.0,72.5,8760.0,False,False,False,False
2008-02-05,0.0,15700.0,67.5,8517.5,False,False,False,False
2008-02-06,0.0,16300.0,72.5,7940.0,False,False,False,False
2008-02-07,0.0,25100.0,92.5,8040.0,False,False,False,False
2008-02-08,0.0,48600.0,97.5,7705.0,False,False,False,False
2008-02-09,0.0,37800.0,97.5,8352.5,False,False,False,False
2008-02-10,0.0,30900.0,92.5,7647.5,False,False,False,False
2008-02-11,0.0,26600.0,97.5,7627.5,False,False,False,False
2008-02-12,0.0,21700.0,90.0,7782.5,False,False,False,False
2008-02-13,0.0,36400.0,97.5,7920.0,False,False,False,False
2008-02-14,0.0,58700.0,97.5,7677.5,False,False,False,False
2008-02-15,0.0,50300.0,97.5,7522.5,False,False,False,False
2008-02-16,0.0,39500.0,97.5,8052.5,False,False,False,False
2008-02-17,0.0,32400.0,97.5,8600.0,False,False,False,False
2008-02-18,0.0,35500.0,97.5,8872.5,False,False,False,False
2008-02-19,0.0,55000.0,97.5,8567.5,False,False,False,False
2008-02-20,0.0,56000.0,97.5,8257.5,False,False,False,False
2008-02-21,0.0,44500.0,97.5,8320.0,False,False,False,False
2008-02-22,0.0,36900.0,97.5,8490.0,False,False,False,False
2008-02-23,0.0,32300.0,97.5,8287.5,False,False,False,False
2008-02-24,0.0,27100.0,92.5,8322.5,False,False,False,False
2008-02-25,0.0,24700.0,87.5,9002.5,False,False,False,False
2008-02-26,0.0,22700.0,82.5,9245.0,False,False,False,False
2008-02-27,0.0,26800.0,82.5,9000.0,False,False,False,False
2008-02-28,0.0,25200.0,82.5,8612.5,False,False,False,False
2008-02-29,0.0,21500.0,78.88888888888889,8790.0,False,False,False,False
2008-03-01,0.0,19100.0,72.5,9360.0,False,False,False,False
2008-03-02,0.0,17800.0,67.5,11090.0,False,False,False,False
2008-03-03,0.0,16300.0,67.5,10502.5,False,False,False,False
2008-03-04,0.0,16300.0,67.5,9940.0,False,False,False,False
2008-03-05,0.0,41200.0,97.5,9700.0,False,False,False,False
2008-03-06,0.0,93200.0,97.5,9580.0,False,False,False,False
2008-03-07,0.0,81000.0,97.5,9607.5,False,False,False,False
2008-03-08,0.0,73800.0,92.5,9840.0,False,False,False,False
2008-03-09,0.0,93200.0,97.5,9200.0,False,False,False,False
2008-03-10,0.0,100000.0,97.5,9815.0,False,False,False,False
2008-03-11,0.0,72800.0,92.5,10425.0,False,False,False,False
2008-03-12,0.0,55700.0,92.5,11025.0,False,False,False,False
2008-03-13,0.0,45300.0,92.5,11375.0,False,False,False,False
2008-03-14,0.0,37400.0,82.5,11325.0,False,False,False,False
2008-03-15,0.0,32800.0,87.5,11125.0,False,False,False,False
2008-03-16,0.0,32500.0,87.5,10950.0,False,False,False,False
2008-03-17,0.0,31700.0,82.5,10575.0,False,False,False,False
2008-03-18,0.0,29100.0,87.5,11375.0,False,False,False,False
2008-03-19,0.0,27500.0,87.5,11125.0,False,False,False,False
2008-03-20,0.0,38900.0,97.5,10775.0,False,False,False,False
2008-03-21,0.0,55200.0,97.5,11375.0,False,False,False,False
2008-03-22,0.0,48000.0,97.5,12125.0,False,False,False,False
2008-03-23,0.0,38000.0,97.5,11750.0,False,False,False,False
2008-03-24,0.0,32100.0,75.0,12175.0,False,False,False,False
2008-03-25,0.0,27900.0,72.5,11800.0,False,False,False,False
2008-03-26,0.0,24400.0,72.5,10925.0,False,False,False,False
2008-03-27,0.0,22200.0,72.5,11250.0,False,False,False,False
2008-03-28,0.0,20800.0,72.5,10700.0,False,False,False,False
2008-03-29,0.0,20400.0,67.5,10625.0,False,False,False,False
2008-03-30,0.0,22000.0,65.0,12725.0,False,False,False,False
2008-03-31,0.0,19600.0,62.5,12650.0,False,False,False,False
2008-04-01,0.0,18900.0,62.5,12900.0,False,False,False,False
2008-04-02,0.0,23600.0,67.5,12575.0,False,False,False,False
2008-04-03,0.0,27800.0,72.5,12475.0,False,False,False,False
2008-04-04,0.0,27600.0,77.5,14775.0,False,False,False,False
2008-04-05,0.0,27100.0,72.5,13575.0,False,False,False,False
2008-04-06,0.0,30500.0,77.5,13050.0,False,False,False,False
2008-04-07,0.0,28700.0,77.5,12400.0,False,False,False,False
2008-04-08,0.0,25800.0,77.5,12425.0,False,False,False,False
2008-04-09,0.0,23600.0,67.5,11950.0,False,False,False,False
2008-04-10,0.0,21500.0,67.5,11525.0,False,False,False,False
2008-04-11,0.0,19700.0,67.5,11950.0,False,False,False,False
2008-04-12,0.0,19600.0,72.5,12075.0,False,False,False,False
2008-04-13,0.0,19200.0,60.0,13125.0,False,False,False,False
2008-04-14,0.0,17900.0,57.5,12375.0,False,False,False,False
2008-04-15,0.0,16700.0,47.5,11575.0,False,False,False,False
2008-04-16,0.0,16400.0,47.5,11875.0,False,False,False,False
2008-04-17,0.0,15000.0,52.5,10700.0,False,False,False,False
2008-04-18,0.0,14000.0,52.5,10002.5,False,False,False,False
2008-04-19,0.0,13000.0,52.5,9877.5,False,False,False,False
2008-04-20,0.0,11400.0,35.0,10500.0,False,False,False,False
2008-04-21,0.0,9960.0,27.5,9672.5,False,False,False,False
2008-04-22,0.0,9220.0,22.5,9805.0,False,False,False,False
2008-04-23,0.0,8920.0,12.5,10850.0,False,False,False,False
2008-04-24,0.0,8750.0,7.5,10900.0,False,False,False,False
2008-04-25,0.0,8980.0,12.5,11875.0,False,False,False,False
2008-04-26,0.0,8990.0,12.5,11875.0,False,False,False,False
2008-04-27,0.0,8540.0,17.5,10650.0,False,False,False,False
2008-04-28,0.0,8270.0,17.5,9785.0,False,False,False,False
2008-04-29,0.0,12200.0,42.5,9945.0,False,False,False,False
2008-04-30,0.0,13300.0,42.5,9787.5,False,False,False,False
2008-05-01,0.0,12000.0,42.5,9422.5,False,False,False,False
2008-05-02,0.0,10700.0,37.5,9722.5,False,False,False,False
2008-05-03,0.0,9670.0,27.5,9352.5,False,False,False,False
2008-05-04,0.0,9480.0,22.5,9652.5,False,False,False,False
2008-05-05,0.0,9720.0,27.5,9705.0,False,False,False,False
2008-05-06,0.0,10000.0,27.5,9940.0,False,False,False,False
2008-05-07,0.0,9890.0,17.5,11175.0,False,False,False,False
2008-05-08,0.0,9250.0,22.5,10262.5,False,False,False,False
2008-05-09,0.0,9470.0,22.5,9575.0,False,False,False,False
2008-05-10,0.0,11900.0,42.5,10375.0,False,False,False,False
2008-05-11,0.0,12100.0,42.5,10667.5,False,False,False,False
2008-05-12,0.0,11200.0,32.5,10057.5,False,False,False,False
2008-05-13,0.0,10800.0,37.5,10275.0,False,False,False,False
2008-05-14,0.0,9400.0,17.5,9897.5,False,False,False,False
2008-05-15,0.0,8490.0,12.5,9632.5,False,False,False,False
2008-05-16,0.0,8770.0,22.5,8867.5,False,False,False,False
2008-05-17,0.0,12300.0,47.5,8507.5,False,False,False,False
2008-05-18,0.0,14000.0,60.0,8247.5,False,False,False,False
2008-05-19,0.0,15200.0,62.5,8890.0,False,False,False,False
2008-05-20,0.0,13500.0,57.5,8042.5,False,False,False,False
2008-05-21,0.0,14800.0,67.5,7547.5,False,False,False,False
2008-05-22,0.0,13300.0,62.5,7412.5,False,False,False,False
2008-05-23,0.0,12000.0,57.5,6805.0,False,False,False,False
2008-05-24,0.0,10900.0,57.5,6385.0,False,False,False,False
2008-05-25,0.0,10000.0,47.5,6102.5,False,False,False,False
2008-05-26,0.0,8600.0,37.5,5960.0,False,False,False,False
2008-05-27,183771.53966109414,7800.0,37.5,5857.5,False,False,False,True
2008-05-28,0.0,7600.0,37.5,6227.5,False,False,False,False
2008-05-29,0.0,7720.0,32.5,6310.0,False,False,False,False
2008-05-30,0.0,7160.0,32.5,6187.5,False,False,False,False
2008-05-31,0.0,6730.0,27.5,6547.5,False,False,False,False
2008-06-01,0.0,7170.0,27.5,6907.5,False,False,False,False
2008-06-02,0.0,6730.0,17.5,7187.5,False,False,False,False
2008-06-03,0.0,6290.0,25.0,6290.0,False,False,False,False
2008-06-04,0.0,7250.0,22.5,7347.5,False,False,False,False
2008-06-05,0.0,8720.0,42.5,7467.5,False,False,False,False
2008-06-06,23980.565433840966,7630.0,27.5,7550.0,False,False,False,True
2008-06-07,1923160.276796239,6990.0,22.5,7350.0,False,False,True,True
2008-06-08,2648722.449796126,6530.0,27.5,6465.0,False,False,True,True
2008-06-09,2596899.716594239,5850.0,17.5,6607.5,False,False,True,True
2008-06-10,2144590.999442907,5370.0,12.5,6280.0,False,False,True,True
2008-06-11,0.0,6080.0,27.5,6077.5,False,False,False,False
2008-06-12,0.0,6870.0,32.5,6210.0,False,False,False,False
2008-06-13,0.0,6050.0,32.5,5882.5,False,False,False,False
2008-06-14,809207.1744954002,5780.0,22.5,5892.5,False,False,False,True
2008-06-15,0.0,5820.0,27.5,5750.0,False,False,False,False
2008-06-16,0.0,5660.0,22.5,5690.0,False,False,False,False
2008-06-17,0.0,5190.0,17.5,5292.5,False,False,False,False
2008-06-18,0.0,5450.0,27.5,5345.0,False,False,False,False
2008-06-19,0.0,5590.0,32.5,5262.5,False,False,False,False
2008-06-20,0.0,5470.0,27.5,5407.5,False,False,False,False
2008-06-21,0.0,5400.0,32.5,5322.5,False,False,False,False
2008-06-22,0.0,5250.0,32.5,5005.0,False,False,False,False
2008-06-23,0.0,5170.0,27.5,5077.5,False,False,False,False
2008-06-24,0.0,4970.0,27.5,4907.5,False,False,False,False
2008-06-25,0.0,5280.0,37.5,4910.0,False,False,False,False
2008-06-26,0.0,5050.0,32.5,4690.0,False,False,False,False
2008-06-27,88258.37349503703,4980.0,42.5,4682.5,False,False,False,True
2008-06-28,1199377.006308324,4690.0,22.5,4862.5,False,False,True,True
2008-06-29,635181.0234950674,4470.0,22.5,4702.5,False,False,False,True
2008-06-30,0.0,4310.0,12.5,4892.5,False,False,False,False
2008-07-01,0.0,4120.0,7.5,4967.5,False,False,False,False
2008-07-02,0.0,4000.0,7.5,5017.5,False,False,False,False
2008-07-03,0.0,4360.0,22.5,4840.0,False,False,False,False
2008-07-04,0.0,4350.0,22.5,4777.5,False,False,False,False
2008-07-05,0.0,4410.0,22.5,4725.0,False,False,False,False
2008-07-06,60400.71731843205,4310.0,22.5,4557.5,False,False,False,True
2008-07-07,837384.149042243,4360.0,22.5,4660.0,False,False,False,True
2008-07-08,697119.1924121871,4450.0,17.5,4815.0,False,False,False,True
2008-07-09,1308198.5336355679,3910.0,7.5,4832.5,False,False,True,True
2008-07-10,0.0,3980.0,12.5,4832.5,False,False,False,False
2008-07-11,0.0,3810.0,12.5,5005.0,False,False,False,False
2008-07-12,307082.718252158,3680.0,12.5,4762.5,False,False,False,True
2008-07-13,44487.21448879399,3510.0,12.5,4707.5,False,False,False,True
2008-07-14,0.0,3780.0,12.5,4580.0,False,False,False,False
2008-07-15,0.0,4390.0,17.5,4635.0,False,False,False,False
2008-07-16,0.0,4790.0,32.5,4657.5,False,False,False,False
2008-07-17,196104.58909927035,5340.0,37.5,4500.0,False,False,False,True
2008-07-18,1344561.0136476457,4820.0,27.5,4710.0,False,False,True,True
2008-07-19,341271.45390107995,4300.0,17.5,4955.0,False,False,False,True
2008-07-20,2300373.3360128175,3860.0,7.5,4502.5,False,False,True,True
2008-07-21,383576.38759261393,4480.0,27.5,4465.0,False,False,False,True
2008-07-22,1015181.3591892871,4060.0,17.5,4282.5,False,False,False,True
2008-07-23,502476.0251718483,4020.0,17.5,4240.0,False,False,False,True
2008-07-24,0.0,6160.0,47.5,4320.0,False,False,False,False
2008-07-25,0.0,18300.0,92.5,4307.5,False,False,False,False
2008-07-26,0.0,20800.0,92.5,5090.0,False,False,False,False
2008-07-27,279614.5214446167,14200.0,87.5,4667.5,False,False,False,True
2008-07-28,0.0,10500.0,82.5,4550.0,False,False,False,False
2008-07-29,0.0,8580.0,77.5,5232.5,False,False,False,False
2008-07-30,929247.3209224457,8610.0,72.5,4860.0,False,False,False,True
2008-07-31,527289.9023840458,7230.0,52.5,5200.0,False,False,False,True
2008-08-01,0.0,5830.0,37.5,5075.0,False,False,False,False
2008-08-02,221316.04608014386,5250.0,37.5,5037.5,False,False,False,True
2008-08-03,0.0,5570.0,37.5,4967.5,False,False,False,False
2008-08-04,0.0,5360.0,37.5,4842.5,False,False,False,False
2008-08-05,0.0,4690.0,32.5,4585.0,False,False,False,False
2008-08-06,44487.21448879399,4590.0,27.5,4565.0,False,False,False,True
2008-08-07,0.0,4810.0,35.0,4652.5,False,False,False,False
2008-08-08,0.0,4710.0,37.5,4337.5,False,False,False,False
2008-08-09,0.0,4610.0,42.5,4117.5,False,False,False,False
2008-08-10,0.0,4370.0,37.5,4135.0,False,False,False,False
2008-08-11,0.0,4350.0,32.5,4310.0,False,False,False,False
2008-08-12,0.0,4320.0,22.5,4350.0,False,False,False,False
2008-08-13,0.0,4560.0,27.5,4470.0,False,False,False,False
2008-08-14,0.0,4900.0,27.5,4710.0,False,False,False,False
2008-08-15,0.0,4940.0,32.5,4495.0,False,False,False,False
2008-08-16,0.0,4730.0,42.5,4447.5,False,False,False,False
2008-08-17,0.0,4650.0,42.5,4370.0,False,False,False,False
2008-08-18,0.0,4690.0,37.5,4280.0,False,False,False,False
2008-08-19,0.0,4340.0,32.5,4175.0,False,False,False,False
2008-08-20,0.0,3810.0,22.5,4057.5,False,False,False,False
2008-08-21,0.0,3680.0,22.5,3770.0,False,False,False,False
2008-08-22,0.0,3590.0,17.5,4075.0,False,False,False,False
2008-08-23,0.0,3600.0,17.5,5295.0,False,False,False,False
2008-08-24,0.0,3460.0,12.5,4560.0,False,False,False,False
2008-08-25,0.0,3380.0,17.5,4760.0,False,False,False,False
2008-08-26,0.0,3400.0,17.5,4290.0,False,False,False,False
2008-08-27,0.0,3340.0,12.5,4240.0,False,False,False,False
2008-08-28,0.0,3270.0,12.5,4102.5,False,False,False,False
2008-08-29,0.0,3230.0,12.5,4010.0,False,False,False,False
2008-08-30,133307.87397584415,3340.0,12.5,3930.0,False,False,False,True
2008-08-31,0.0,3330.0,12.5,3592.5,False,False,False,False
2008-09-01,0.0,3550.0,22.5,3610.0,False,False,False,False
2008-09-02,0.0,3530.0,17.5,3595.0,False,False,False,False
2008-09-03,0.0,3220.0,7.5,3425.0,False,False,False,False
2008-09-04,50026.85175643103,3130.0,17.5,3487.5,False,False,False,True
2008-09-05,54803.633331848585,3090.0,12.5,3325.0,False,False,False,True
2008-09-06,1625014.5747481845,3610.0,27.5,3600.0,False,False,True,True
2008-09-07,0.0,6620.0,57.5,3780.0,False,False,False,False
2008-09-08,0.0,5540.0,42.5,3645.0,False,False,False,False
2008-09-09,0.0,4400.0,37.5,3482.5,False,False,False,False
2008-09-10,0.0,4550.0,37.5,3707.5,False,False,False,False
2008-09-11,0.0,5330.0,47.5,3937.5,False,False,False,False
2008-09-12,0.0,5160.0,47.5,3855.0,False,False,False,False
2008-09-13,252975.4278509293,5290.0,52.5,3815.0,False,False,False,True
2008-09-14,1861123.9762743737,5120.0,52.5,3730.0,False,False,True,True
2008-09-15,247945.4244155608,4600.0,47.5,3675.0,False,False,False,True
2008-09-16,0.0,4040.0,37.5,3587.5,False,False,False,False
2008-09-17,0.0,3600.0,32.5,3417.5,False,False,False,False
2008-09-18,0.0,3600.0,32.5,3412.5,False,False,False,False
2008-09-19,0.0,3410.0,27.5,3385.0,False,False,False,False
2008-09-20,0.0,3160.0,17.5,3455.0,False,False,False,False
2008-09-21,0.0,3060.0,17.5,3275.0,False,False,False,False
2008-09-22,0.0,3030.0,17.5,3117.5,False,False,False,False
2008-09-23,0.0,3040.0,17.5,3080.0,False,False,False,False
2008-09-24,0.0,3250.0,27.5,3237.5,False,False,False,False
2008-09-25,0.0,3220.0,22.5,3227.5,False,False,False,False
2008-09-26,0.0,3400.0,42.5,3232.5,False,False,False,False
2008-09-27,0.0,4090.0,57.5,3180.0,False,False,False,False
2008-09-28,0.0,5050.0,62.5,3177.5,False,False,False,False
2008-09-29,0.0,11700.0,77.5,3370.0,False,False,False,False
2008-09-30,0.0,9060.0,72.5,3282.5,False,False,False,False
2008-10-01,0.0,7330.0,57.5,3480.0,False,False,False,False
2008-10-02,0.0,6660.0,52.5,3792.5,False,False,False,False
2008-10-03,0.0,6010.0,52.5,3572.5,False,False,False,False
2008-10-04,0.0,5430.0,57.5,3470.0,False,False,False,False
2008-10-05,0.0,5000.0,47.5,3437.5,False,False,False,False
2008-10-06,0.0,4720.0,47.5,3377.5,False,False,False,False
2008-10-07,0.0,4380.0,47.5,3432.5,False,False,False,False
2008-10-08,0.0,4260.0,37.5,3482.5,False,False,False,False
2008-10-09,0.0,4080.0,32.5,3612.5,False,False,False,False
2008-10-10,0.0,3850.0,32.5,3435.0,False,False,False,False
2008-10-11,0.0,3820.0,27.5,3685.0,False,False,False,False
2008-10-12,0.0,3810.0,17.5,4375.0,False,False,False,False
2008-10-13,0.0,4510.0,22.5,4630.0,False,False,False,False
2008-10-14,0.0,4490.0,42.5,4327.5,False,False,False,False
2008-10-15,0.0,3970.0,37.5,3867.5,False,False,False,False
2008-10-16,0.0,3770.0,27.5,3707.5,False,False,False,False
2008-10-17,0.0,3610.0,22.5,3925.0,False,False,False,False
2008-10-18,0.0,3600.0,22.5,3765.0,False,False,False,False
2008-10-19,0.0,3430.0,22.5,3467.5,False,False,False,False
2008-10-20,0.0,3390.0,7.5,3507.5,False,False,False,False
2008-10-21,0.0,3480.0,22.5,3510.0,False,False,False,False
2008-10-22,0.0,3410.0,22.5,3447.5,False,False,False,False
2008-10-23,0.0,3430.0,27.5,3417.5,False,False,False,False
2008-10-24,0.0,3440.0,27.5,3382.5,False,False,False,False
2008-10-25,0.0,3520.0,27.5,3492.5,False,False,False,False
2008-10-26,0.0,6190.0,52.5,3835.0,False,False,False,False
2008-10-27,0.0,12800.0,65.0,3727.5,False,False,False,False
2008-10-28,0.0,20500.0,77.5,3730.0,False,False,False,False
2008-10-29,0.0,28100.0,80.0,4787.5,False,False,False,False
2008-10-30,0.0,25400.0,82.5,6080.0,False,False,False,False
2008-10-31,0.0,19200.0,67.5,7032.5,False,False,False,False
2008-11-01,0.0,15700.0,52.5,6987.5,False,False,False,False
2008-11-02,0.0,13200.0,47.5,6587.5,False,False,False,False
2008-11-03,0.0,12100.0,57.5,6175.0,False,False,False,False
2008-11-04,0.0,11800.0,57.5,6265.0,False,False,False,False
2008-11-05,0.0,12100.0,60.0,6527.5,False,False,False,False
2008-11-06,0.0,11400.0,57.5,5897.5,False,False,False,False
2008-11-07,0.0,11200.0,57.5,5607.5,False,False,False,False
2008-11-08,0.0,10500.0,57.5,5340.0,False,False,False,False
2008-11-09,0.0,9990.0,62.5,4902.5,False,False,False,False
2008-11-10,0.0,8980.0,52.5,4610.0,False,False,False,False
2008-11-11,0.0,8330.0,52.5,4685.0,False,False,False,False
2008-11-12,0.0,7880.0,52.5,5047.5,False,False,False,False
2008-11-13,0.0,7470.0,37.5,5910.0,False,False,False,False
2008-11-14,0.0,7470.0,42.5,5520.0,False,False,False,False
2008-11-15,0.0,8530.0,52.5,5292.5,False,False,False,False
2008-11-16,0.0,12700.0,72.5,5147.5,False,False,False,False
2008-11-17,0.0,12200.0,67.5,5112.5,False,False,False,False
2008-11-18,0.0,12600.0,62.5,4810.0,False,False,False,False
2008-11-19,0.0,12300.0,57.5,4640.0,False,False,False,False
2008-11-20,0.0,11000.0,62.5,4827.5,False,False,False,False
2008-11-21,0.0,9950.0,52.5,4907.5,False,False,False,False
2008-11-22,0.0,9270.0,47.5,6187.5,False,False,False,False
2008-11-23,0.0,8620.0,42.5,5982.5,False,False,False,False
2008-11-24,0.0,7470.0,37.5,6475.0,False,False,False,False
2008-11-25,0.0,7530.0,37.5,6232.5,False,False,False,False
2008-11-26,0.0,9090.0,47.5,6075.0,False,False,False,False
2008-11-27,0.0,9490.0,47.5,7007.5,False,False,False,False
2008-11-28,0.0,9370.0,47.5,6730.0,False,False,False,False
2008-11-29,0.0,8130.0,32.5,7507.5,False,False,False,False
2008-11-30,0.0,7930.0,27.5,7547.5,False,False,False,False
2008-12-01,0.0,9760.0,47.5,7890.0,False,False,False,False
2008-12-02,0.0,11500.0,52.5,7425.0,False,False,False,False
2008-12-03,0.0,13000.0,45.0,8350.0,False,False,False,False
2008-12-04,0.0,13400.0,52.5,9547.5,False,False,False,False
2008-12-05,0.0,12300.0,52.5,7960.0,False,False,False,False
2008-12-06,0.0,11300.0,47.5,7590.0,False,False,False,False
2008-12-07,0.0,10700.0,42.5,8722.5,False,False,False,False
2008-12-08,0.0,9370.0,32.5,8342.5,False,False,False,False
2008-12-09,0.0,8450.0,32.5,8262.5,False,False,False,False
2008-12-10,0.0,8770.0,27.5,8470.0,False,False,False,False
2008-12-11,0.0,14100.0,62.5,8760.0,False,False,False,False
2008-12-12,0.0,62600.0,97.5,8790.0,False,False,False,False
2008-12-13,0.0,85200.0,97.5,9287.5,False,False,False,False
2008-12-14,0.0,57500.0,97.5,8782.5,False,False,False,False
2008-12-15,0.0,40600.0,97.5,8697.5,False,False,False,False
2008-12-16,0.0,33900.0,97.5,8442.5,False,False,False,False
2008-12-17,0.0,32000.0,97.5,8325.0,False,False,False,False
2008-12-18,0.0,29800.0,92.5,8437.5,False,False,False,False
2008-12-19,0.0,26400.0,92.5,8495.0,False,False,False,False
2008-12-20,0.0,25100.0,92.5,8612.5,False,False,False,False
2008-12-21,0.0,22200.0,82.5,8930.0,False,False,False,False
2008-12-22,0.0,20900.0,82.5,8547.5,False,False,False,False
2008-12-23,0.0,18700.0,77.5,8960.0,False,False,False,False
2008-12-24,0.0,18900.0,62.5,8720.0,False,False,False,False
2008-12-25,0.0,33100.0,77.5,10475.0,False,False,False,False
2008-12-26,0.0,37600.0,92.5,9782.5,False,False,False,False
2008-12-27,0.0,33700.0,92.5,9292.5,False,False,False,False
2008-12-28,0.0,30200.0,87.5,9297.5,False,False,False,False
2008-12-29,0.0,31400.0,82.5,9432.5,False,False,False,False
2008-12-30,0.0,34400.0,92.5,10662.5,False,False,False,False
2008-12-31,0.0,31000.0,92.5,12075.0,False,False,False,False
2009-01-01,0.0,26800.0,82.5,12052.5,False,False,False,False
2009-01-02,0.0,22600.0,77.5,13050.0,False,False,False,False
2009-01-03,0.0,20200.0,72.5,11525.0,False,False,False,False
2009-01-04,0.0,18300.0,67.5,10142.5,False,False,False,False
2009-01-05,0.0,16800.0,62.5,10012.5,False,False,False,False
2009-01-06,0.0,16200.0,62.5,11325.0,False,False,False,False
2009-01-07,0.0,18800.0,72.5,10232.5,False,False,False,False
2009-01-08,0.0,21000.0,77.5,9422.5,False,False,False,False
2009-01-09,0.0,18500.0,72.5,9242.5,False,False,False,False
2009-01-10,0.0,16400.0,72.5,8892.5,False,False,False,False
2009-01-11,0.0,14800.0,57.5,8567.5,False,False,False,False
2009-01-12,0.0,13800.0,52.5,9035.0,False,False,False,False
2009-01-13,0.0,13200.0,47.5,10100.0,False,False,False,False
2009-01-14,0.0,13200.0,37.5,10625.0,False,False,False,False
2009-01-15,0.0,12800.0,27.5,12275.0,False,False,False,False
2009-01-16,0.0,10800.0,27.5,10775.0,False,False,False,False
2009-01-17,0.0,9160.0,12.5,10250.0,False,False,False,False
2009-01-18,0.0,9580.0,17.5,11152.5,False,False,False,False
2009-01-19,0.0,10100.0,22.5,10550.0,False,False,False,False
2009-01-20,0.0,10000.0,22.5,10300.0,False,False,False,False
2009-01-21,0.0,9820.0,22.5,10180.0,False,False,False,False
2009-01-22,0.0,9990.0,27.5,9977.5,False,False,False,False
2009-01-23,0.0,9760.0,27.5,9687.5,False,False,False,False
2009-01-24,0.0,10500.0,47.5,8832.5,False,False,False,False
2009-01-25,0.0,10100.0,32.5,8475.0,False,False,False,False
2009-01-26,0.0,8980.0,27.5,8752.5,False,False,False,False
2009-01-27,0.0,8180.0,27.5,8135.0,False,False,False,False
2009-01-28,0.0,9380.0,32.5,8730.0,False,False,False,False
2009-01-29,0.0,9830.0,32.5,9185.0,False,False,False,False
2009-01-30,0.0,9930.0,27.5,9912.5,False,False,False,False
2009-01-31,0.0,9990.0,37.5,9357.5,False,False,False,False
2009-02-01,0.0,9800.0,37.5,8800.0,False,False,False,False
2009-02-02,0.0,9460.0,42.5,8622.5,False,False,False,False
2009-02-03,0.0,9860.0,42.5,8960.0,False,False,False,False
2009-02-04,0.0,9630.0,37.5,8760.0,False,False,False,False
2009-02-05,0.0,8740.0,27.5,8517.5,False,False,False,False
2009-02-06,0.0,8050.0,27.5,7940.0,False,False,False,False
2009-02-07,0.0,7950.0,22.5,8040.0,False,False,False,False
2009-02-08,0.0,7820.0,27.5,7705.0,False,False,False,False
2009-02-09,0.0,9330.0,32.5,8352.5,False,False,False,False
2009-02-10,0.0,8830.0,32.5,7647.5,False,False,False,False
2009-02-11,0.0,9030.0,32.5,7627.5,False,False,False,False
2009-02-12,0.0,10100.0,37.5,7782.5,False,False,False,False
2009-02-13,0.0,13200.0,62.5,7920.0,False,False,False,False
2009-02-14,0.0,19900.0,77.5,7677.5,False,False,False,False
2009-02-15,0.0,19100.0,77.5,7522.5,False,False,False,False
2009-02-16,0.0,15400.0,67.5,8052.5,False,False,False,False
2009-02-17,0.0,13300.0,62.5,8600.0,False,False,False,False
2009-02-18,0.0,12200.0,62.5,8872.5,False,False,False,False
2009-02-19,0.0,11400.0,52.5,8567.5,False,False,False,False
2009-02-20,0.0,11200.0,52.5,8257.5,False,False,False,False
2009-02-21,0.0,10600.0,52.5,8320.0,False,False,False,False
2009-02-22,0.0,9890.0,42.5,8490.0,False,False,False,False
2009-02-23,0.0,9040.0,32.5,8287.5,False,False,False,False
2009-02-24,0.0,8440.0,27.5,8322.5,False,False,False,False
2009-02-25,0.0,8440.0,22.5,9002.5,False,False,False,False
2009-02-26,0.0,8120.0,17.5,9245.0,False,False,False,False
2009-02-27,0.0,8200.0,17.5,9000.0,False,False,False,False
2009-02-28,0.0,8590.0,22.5,8612.5,False,False,False,False
2009-03-01,0.0,9820.0,32.5,9360.0,False,False,False,False
2009-03-02,0.0,12200.0,37.5,11090.0,False,False,False,False
2009-03-03,0.0,11100.0,32.5,10502.5,False,False,False,False
2009-03-04,0.0,9790.0,22.5,9940.0,False,False,False,False
2009-03-05,0.0,8800.0,20.0,9700.0,False,False,False,False
2009-03-06,0.0,8830.0,22.5,9580.0,False,False,False,False
2009-03-07,0.0,9330.0,22.5,9607.5,False,False,False,False
2009-03-08,0.0,9940.0,27.5,9840.0,False,False,False,False
2009-03-09,0.0,11300.0,42.5,9200.0,False,False,False,False
2009-03-10,0.0,29500.0,82.5,9815.0,False,False,False,False
2009-03-11,0.0,35400.0,82.5,10425.0,False,False,False,False
2009-03-12,0.0,28100.0,82.5,11025.0,False,False,False,False
2009-03-13,0.0,26100.0,67.5,11375.0,False,False,False,False
2009-03-14,0.0,21400.0,67.5,11325.0,False,False,False,False
2009-03-15,0.0,18400.0,62.5,11125.0,False,False,False,False
2009-03-16,0.0,16400.0,52.5,10950.0,False,False,False,False
2009-03-17,0.0,15400.0,47.5,10575.0,False,False,False,False
2009-03-18,0.0,14500.0,47.5,11375.0,False,False,False,False
2009-03-19,0.0,13900.0,45.0,11125.0,False,False,False,False
2009-03-20,0.0,13800.0,37.5,10775.0,False,False,False,False
2009-03-21,0.0,14700.0,42.5,11375.0,False,False,False,False
2009-03-22,0.0,13800.0,42.5,12125.0,False,False,False,False
2009-03-23,0.0,12000.0,32.5,11750.0,False,False,False,False
2009-03-24,0.0,10900.0,17.5,12175.0,False,False,False,False
2009-03-25,0.0,10500.0,17.5,11800.0,False,False,False,False
2009-03-26,0.0,9390.0,17.5,10925.0,False,False,False,False
2009-03-27,0.0,8970.0,17.5,11250.0,False,False,False,False
2009-03-28,0.0,8900.0,17.5,10700.0,False,False,False,False
2009-03-29,0.0,9270.0,17.5,10625.0,False,False,False,False
2009-03-30,0.0,11000.0,22.5,12725.0,False,False,False,False
2009-03-31,0.0,12500.0,22.5,12650.0,False,False,False,False
2009-04-01,0.0,12900.0,25.0,12900.0,False,False,False,False
2009-04-02,0.0,11900.0,22.5,12575.0,False,False,False,False
2009-04-03,0.0,12400.0,22.5,12475.0,False,False,False,False
2009-04-04,0.0,16200.0,37.5,14775.0,False,False,False,False
2009-04-05,0.0,18600.0,47.5,13575.0,False,False,False,False
2009-04-06,0.0,18800.0,42.5,13050.0,False,False,False,False
2009-04-07,0.0,17500.0,42.5,12400.0,False,False,False,False
2009-04-08,0.0,16400.0,42.5,12425.0,False,False,False,False
2009-04-09,0.0,15700.0,42.5,11950.0,False,False,False,False
2009-04-10,0.0,14200.0,32.5,11525.0,False,False,False,False
2009-04-11,0.0,13200.0,37.5,11950.0,False,False,False,False
2009-04-12,0.0,12400.0,32.5,12075.0,False,False,False,False
2009-04-13,0.0,10900.0,17.5,13125.0,False,False,False,False
2009-04-14,0.0,9960.0,17.5,12375.0,False,False,False,False
2009-04-15,0.0,9880.0,17.5,11575.0,False,False,False,False
2009-04-16,0.0,10600.0,17.5,11875.0,False,False,False,False
2009-04-17,0.0,10300.0,17.5,10700.0,False,False,False,False
2009-04-18,0.0,9710.0,22.5,10002.5,False,False,False,False
2009-04-19,0.0,9210.0,22.5,9877.5,False,False,False,False
2009-04-20,0.0,8700.0,22.5,10500.0,False,False,False,False
2009-04-21,0.0,8810.0,22.5,9672.5,False,False,False,False
2009-04-22,0.0,10300.0,32.5,9805.0,False,False,False,False
2009-04-23,0.0,11100.0,27.5,10850.0,False,False,False,False
2009-04-24,0.0,11000.0,27.5,10900.0,False,False,False,False
2009-04-25,0.0,10000.0,22.5,11875.0,False,False,False,False
2009-04-26,0.0,9020.0,17.5,11875.0,False,False,False,False
2009-04-27,0.0,8220.0,12.5,10650.0,False,False,False,False
2009-04-28,0.0,7770.0,12.5,9785.0,False,False,False,False
2009-04-29,0.0,7480.0,12.5,9945.0,False,False,False,False
2009-04-30,0.0,6830.0,7.5,9787.5,False,False,False,False
2009-05-01,0.0,6480.0,7.5,9422.5,False,False,False,False
2009-05-02,0.0,6660.0,7.5,9722.5,False,False,False,False
2009-05-03,0.0,7170.0,2.5,9352.5,False,False,False,False
2009-05-04,0.0,7600.0,7.5,9652.5,False,False,False,False
2009-05-05,0.0,9660.0,22.5,9705.0,False,False,False,False
2009-05-06,0.0,9690.0,17.5,9940.0,False,False,False,False
2009-05-07,0.0,16700.0,57.5,11175.0,False,False,False,False
2009-05-08,0.0,15100.0,52.5,10262.5,False,False,False,False
2009-05-09,0.0,13100.0,47.5,9575.0,False,False,False,False
2009-05-10,0.0,11700.0,37.5,10375.0,False,False,False,False
2009-05-11,0.0,10900.0,27.5,10667.5,False,False,False,False
2009-05-12,0.0,10300.0,27.5,10057.5,False,False,False,False
2009-05-13,0.0,9600.0,12.5,10275.0,False,False,False,False
2009-05-14,0.0,9100.0,12.5,9897.5,False,False,False,False
2009-05-15,0.0,9370.0,22.5,9632.5,False,False,False,False
2009-05-16,0.0,10300.0,37.5,8867.5,False,False,False,False
2009-05-17,0.0,14300.0,67.5,8507.5,False,False,False,False
2009-05-18,0.0,20300.0,77.5,8247.5,False,False,False,False
2009-05-19,0.0,25400.0,82.5,8890.0,False,False,False,False
2009-05-20,0.0,18700.0,77.5,8042.5,False,False,False,False
2009-05-21,0.0,15700.0,72.5,7547.5,False,False,False,False
2009-05-22,0.0,13600.0,72.5,7412.5,False,False,False,False
2009-05-23,0.0,12600.0,67.5,6805.0,False,False,False,False
2009-05-24,0.0,12200.0,67.5,6385.0,False,False,False,False
2009-05-25,0.0,12100.0,72.5,6102.5,False,False,False,False
2009-05-26,0.0,10800.0,62.5,5960.0,False,False,False,False
2009-05-27,0.0,9550.0,52.5,5857.5,False,False,False,False
2009-05-28,0.0,9480.0,57.5,6227.5,False,False,False,False
2009-05-29,0.0,11000.0,62.5,6310.0,False,False,False,False
2009-05-30,0.0,12700.0,75.0,6187.5,False,False,False,False
2009-05-31,0.0,18100.0,92.5,6547.5,False,False,False,False
2009-06-01,0.0,16500.0,87.5,6907.5,False,False,False,False
2009-06-02,0.0,13800.0,82.5,7187.5,False,False,False,False
2009-06-03,0.0,12600.0,72.5,6290.0,False,False,False,False
2009-06-04,0.0,13100.0,77.5,7347.5,False,False,False,False
2009-06-05,0.0,13200.0,82.5,7467.5,False,False,False,False
2009-06-06,0.0,13500.0,82.5,7550.0,False,False,False,False
2009-06-07,0.0,11400.0,72.5,7350.0,False,False,False,False
2009-06-08,0.0,9450.0,67.5,6465.0,False,False,False,False
2009-06-09,0.0,9060.0,62.5,6607.5,False,False,False,False
2009-06-10,0.0,11600.0,72.5,6280.0,False,False,False,False
2009-06-11,0.0,14800.0,87.5,6077.5,False,False,False,False
2009-06-12,0.0,14700.0,92.5,6210.0,False,False,False,False
2009-06-13,0.0,20700.0,92.5,5882.5,False,False,False,False
2009-06-14,0.0,25100.0,92.5,5892.5,False,False,False,False
2009-06-15,0.0,21100.0,87.5,5750.0,False,False,False,False
2009-06-16,0.0,20900.0,87.5,5690.0,False,False,False,False
2009-06-17,0.0,20000.0,92.5,5292.5,False,False,False,False
2009-06-18,0.0,19400.0,92.5,5345.0,False,False,False,False
2009-06-19,0.0,32500.0,97.5,5262.5,False,False,False,False
2009-06-20,0.0,36800.0,97.5,5407.5,False,False,False,False
2009-06-21,0.0,34400.0,97.5,5322.5,False,False,False,False
2009-06-22,0.0,38200.0,97.5,5005.0,False,False,False,False
2009-06-23,0.0,36000.0,97.5,5077.5,False,False,False,False
2009-06-24,0.0,30100.0,97.5,4907.5,False,False,False,False
2009-06-25,79006.36020747648,24700.0,92.5,4910.0,False,False,False,True
2009-06-26,275165.77846495213,20800.0,92.5,4690.0,False,False,False,True
2009-06-27,0.0,19800.0,87.5,4682.5,False,False,False,False
2009-06-28,0.0,20400.0,92.5,4862.5,False,False,False,False
2009-06-29,0.0,18400.0,87.5,4702.5,False,False,False,False
2009-06-30,0.0,16400.0,82.5,4892.5,False,False,False,False
2009-07-01,0.0,16200.0,82.5,4967.5,False,False,False,False
2009-07-02,0.0,18200.0,82.5,5017.5,False,False,False,False
2009-07-03,0.0,17100.0,82.5,4840.0,False,False,False,False
2009-07-04,0.0,15800.0,82.5,4777.5,False,False,False,False
2009-07-05,0.0,14700.0,72.5,4725.0,False,False,False,False
2009-07-06,0.0,12900.0,72.5,4557.5,False,False,False,False
2009-07-07,0.0,11500.0,72.5,4660.0,False,False,False,False
2009-07-08,0.0,11200.0,72.5,4815.0,False,False,False,False
2009-07-09,0.0,10200.0,72.5,4832.5,False,False,False,False
2009-07-10,0.0,9230.0,57.5,4832.5,False,False,False,False
2009-07-11,0.0,8850.0,52.5,5005.0,False,False,False,False
2009-07-12,0.0,10600.0,62.5,4762.5,False,False,False,False
2009-07-13,0.0,10400.0,67.5,4707.5,False,False,False,False
2009-07-14,0.0,8330.0,57.5,4580.0,False,False,False,False
2009-07-15,0.0,8400.0,62.5,4635.0,False,False,False,False
2009-07-16,520713.30043831223,8010.0,62.5,4657.5,False,False,False,True
2009-07-17,254815.70130232535,7020.0,62.5,4500.0,False,False,False,True
2009-07-18,0.0,7300.0,62.5,4710.0,False,False,False,False
2009-07-19,0.0,7430.0,67.5,4955.0,False,False,False,False
2009-07-20,0.0,7320.0,67.5,4502.5,False,False,False,False
2009-07-21,0.0,7010.0,67.5,4465.0,False,False,False,False
2009-07-22,122079.51664874083,6540.0,62.5,4282.5,False,False,False,True
2009-07-23,0.0,6940.0,52.5,4240.0,False,False,False,False
2009-07-24,0.0,8310.0,62.5,4320.0,False,False,False,False
2009-07-25,304640.2261079159,6880.0,52.5,4307.5,False,False,False,True
2009-07-26,378577.3454591262,6530.0,42.5,5090.0,False,False,False,True
2009-07-27,741461.5907544675,7770.0,62.5,4667.5,False,False,False,True
2009-07-28,1154698.220942426,6750.0,47.5,4550.0,False,False,True,True
2009-07-29,1762751.030203044,6550.0,42.5,5232.5,False,False,True,True
2009-07-30,391277.57914198446,7490.0,52.5,4860.0,False,False,False,True
2009-07-31,1104932.3201496522,18200.0,97.5,5200.0,False,False,False,True
2009-08-01,22647.85953943395,23400.0,97.5,5075.0,False,False,False,True
2009-08-02,53509.18534727386,39600.0,97.5,5037.5,False,False,False,True
2009-08-03,0.0,33900.0,97.5,4967.5,False,False,False,False
2009-08-04,487600.8439359731,27900.0,92.5,4842.5,False,False,False,True
2009-08-05,1118657.2820385955,20800.0,87.5,4585.0,False,False,False,True
2009-08-06,0.0,17500.0,87.5,4565.0,False,False,False,False
2009-08-07,0.0,14600.0,87.5,4652.5,False,False,False,False
2009-08-08,0.0,12900.0,82.5,4337.5,False,False,False,False
2009-08-09,968095.9480231525,11800.0,77.5,4117.5,False,False,False,True
2009-08-10,2190876.4955590665,11000.0,67.5,4135.0,False,False,True,True
2009-08-11,1185852.6632021314,16100.0,82.5,4310.0,False,False,True,True
2009-08-12,428899.6423489979,28300.0,97.5,4350.0,False,False,False,True
2009-08-13,0.0,25800.0,97.5,4470.0,False,False,False,False
2009-08-14,245249.35862099266,26300.0,92.5,4710.0,False,False,False,True
2009-08-15,606802.7463610388,19800.0,87.5,4495.0,False,False,False,True
2009-08-16,1153991.8694947779,16600.0,87.5,4447.5,False,False,True,True
2009-08-17,933509.077261158,14300.0,82.5,4370.0,False,False,False,True
2009-08-18,1403820.510893976,12700.0,82.5,4280.0,False,False,True,True
2009-08-19,1877282.0914336285,12100.0,77.5,4175.0,False,False,True,True
2009-08-20,2402363.346097568,11400.0,72.5,4057.5,False,False,True,True
2009-08-21,2317122.6707806466,11700.0,77.5,3770.0,False,False,True,True
2009-08-22,800406.9038883001,15600.0,87.5,4075.0,False,False,False,True
2009-08-23,1021128.0753812811,18600.0,87.5,5295.0,False,False,False,True
2009-08-24,0.0,20600.0,87.5,4560.0,False,False,False,False
2009-08-25,0.0,16700.0,87.5,4760.0,False,False,False,False
2009-08-26,23980.565433840966,13800.0,87.5,4290.0,False,False,False,True
2009-08-27,0.0,11700.0,77.5,4240.0,False,False,False,False
2009-08-28,0.0,14800.0,87.5,4102.5,False,False,False,False
2009-08-29,689717.6693704956,15000.0,87.5,4010.0,False,False,False,True
2009-08-30,0.0,14700.0,87.5,3930.0,False,False,False,False
2009-08-31,0.0,12000.0,82.5,3592.5,False,False,False,False
2009-09-01,0.0,10900.0,77.5,3610.0,False,False,False,False
2009-09-02,0.0,9790.0,72.5,3595.0,False,False,False,False
2009-09-03,0.0,9050.0,67.5,3425.0,False,False,False,False
2009-09-04,0.0,8850.0,72.5,3487.5,False,False,False,False
2009-09-05,0.0,8310.0,67.5,3325.0,False,False,False,False
2009-09-06,0.0,7790.0,67.5,3600.0,False,False,False,False
2009-09-07,0.0,7110.0,67.5,3780.0,False,False,False,False
2009-09-08,0.0,6350.0,62.5,3645.0,False,False,False,False
2009-09-09,0.0,5860.0,62.5,3482.5,False,False,False,False
2009-09-10,0.0,5880.0,62.5,3707.5,False,False,False,False
2009-09-11,0.0,6700.0,67.5,3937.5,False,False,False,False
2009-09-12,0.0,9890.0,77.5,3855.0,False,False,False,False
2009-09-13,0.0,10700.0,77.5,3815.0,False,False,False,False
2009-09-14,0.0,8270.0,77.5,3730.0,False,False,False,False
2009-09-15,0.0,6770.0,72.5,3675.0,False,False,False,False
2009-09-16,0.0,6600.0,67.5,3587.5,False,False,False,False
2009-09-17,0.0,6310.0,72.5,3417.5,False,False,False,False
2009-09-18,0.0,6380.0,72.5,3412.5,False,False,False,False
2009-09-19,0.0,6100.0,67.5,3385.0,False,False,False,False
2009-09-20,0.0,6040.0,67.5,3455.0,False,False,False,False
2009-09-21,0.0,5910.0,67.5,3275.0,False,False,False,False
2009-09-22,0.0,5450.0,67.5,3117.5,False,False,False,False
2009-09-23,45295.7190788679,4670.0,67.5,3080.0,False,False,False,True
2009-09-24,0.0,5150.0,67.5,3237.5,False,False,False,False
2009-09-25,0.0,4710.0,62.5,3227.5,False,False,False,False
2009-09-26,0.0,4600.0,62.5,3232.5,False,False,False,False
2009-09-27,0.0,5250.0,67.5,3180.0,False,False,False,False
2009-09-28,0.0,6070.0,67.5,3177.5,False,False,False,False
2009-09-29,0.0,5980.0,62.5,3370.0,False,False,False,False
2009-09-30,0.0,6210.0,62.5,3282.5,False,False,False,False
2009-10-01,0.0,6090.0,47.5,3480.0,False,False,False,False
2009-10-02,0.0,5620.0,47.5,3792.5,False,False,False,False
2009-10-03,0.0,4990.0,47.5,3572.5,False,False,False,False
2009-10-04,0.0,4860.0,42.5,3470.0,False,False,False,False
2009-10-05,0.0,5160.0,52.5,3437.5,False,False,False,False
2009-10-06,0.0,6430.0,57.5,3377.5,False,False,False,False
2009-10-07,0.0,5510.0,57.5,3432.5,False,False,False,False
2009-10-08,0.0,4690.0,52.5,3482.5,False,False,False,False
2009-10-09,0.0,4150.0,37.5,3612.5,False,False,False,False
2009-10-10,0.0,4510.0,37.5,3435.0,False,False,False,False
2009-10-11,0.0,4660.0,32.5,3685.0,False,False,False,False
2009-10-12,0.0,4780.0,32.5,4375.0,False,False,False,False
2009-10-13,0.0,4480.0,17.5,4630.0,False,False,False,False
2009-10-14,0.0,4330.0,27.5,4327.5,False,False,False,False
2009-10-15,0.0,4510.0,47.5,3867.5,False,False,False,False
2009-10-16,0.0,4750.0,47.5,3707.5,False,False,False,False
2009-10-17,0.0,5390.0,40.0,3925.0,False,False,False,False
2009-10-18,0.0,6180.0,47.5,3765.0,False,False,False,False
2009-10-19,0.0,6150.0,47.5,3467.5,False,False,False,False
2009-10-20,0.0,5540.0,42.5,3507.5,False,False,False,False
2009-10-21,0.0,5040.0,37.5,3510.0,False,False,False,False
2009-10-22,0.0,5000.0,42.5,3447.5,False,False,False,False
2009-10-23,0.0,4800.0,42.5,3417.5,False,False,False,False
2009-10-24,0.0,5960.0,47.5,3382.5,False,False,False,False
2009-10-25,0.0,15600.0,92.5,3492.5,False,False,False,False
2009-10-26,0.0,19900.0,92.5,3835.0,False,False,False,False
2009-10-27,0.0,21500.0,87.5,3727.5,False,False,False,False
2009-10-28,0.0,24600.0,87.5,3730.0,False,False,False,False
2009-10-29,0.0,28100.0,80.0,4787.5,False,False,False,False
2009-10-30,0.0,34700.0,87.5,6080.0,False,False,False,False
2009-10-31,0.0,26900.0,87.5,7032.5,False,False,False,False
2009-11-03,0.0,16900.0,67.5,6175.0,False,False,False,False
2009-11-04,0.0,16200.0,67.5,6265.0,False,False,False,False
2009-11-05,0.0,14600.0,67.5,6527.5,False,False,False,False
2009-11-06,0.0,13200.0,70.0,5897.5,False,False,False,False
2009-11-07,0.0,12700.0,75.0,5607.5,False,False,False,False
2009-11-08,0.0,12000.0,77.5,5340.0,False,False,False,False
2009-11-09,0.0,10700.0,67.5,4902.5,False,False,False,False
2009-11-10,0.0,10300.0,77.5,4610.0,False,False,False,False
2009-11-11,0.0,10300.0,75.0,4685.0,False,False,False,False
2009-11-12,0.0,10200.0,72.5,5047.5,False,False,False,False
2009-11-13,0.0,9650.0,67.5,5910.0,False,False,False,False
2009-11-14,0.0,9040.0,57.5,5520.0,False,False,False,False
2009-11-15,0.0,8720.0,57.5,5292.5,False,False,False,False
2009-11-16,0.0,7770.0,42.5,5147.5,False,False,False,False
2009-11-17,0.0,7170.0,42.5,5112.5,False,False,False,False
2009-11-18,0.0,7650.0,42.5,4810.0,False,False,False,False
2009-11-19,0.0,7360.0,42.5,4640.0,False,False,False,False
2009-11-20,0.0,7990.0,42.5,4827.5,False,False,False,False
2009-11-21,0.0,11500.0,67.5,4907.5,False,False,False,False
2009-11-22,0.0,13300.0,72.5,6187.5,False,False,False,False
2009-11-23,0.0,12400.0,62.5,5982.5,False,False,False,False
2009-11-24,0.0,11000.0,62.5,6475.0,False,False,False,False
2009-11-25,0.0,10600.0,57.5,6232.5,False,False,False,False
2009-11-26,0.0,10200.0,57.5,6075.0,False,False,False,False
2009-11-27,0.0,9790.0,52.5,7007.5,False,False,False,False
2009-11-28,0.0,8930.0,42.5,6730.0,False,False,False,False
2009-11-29,0.0,8500.0,42.5,7507.5,False,False,False,False
2009-11-30,0.0,7980.0,32.5,7547.5,False,False,False,False
2009-12-01,0.0,8030.0,32.5,7890.0,False,False,False,False
2009-12-02,0.0,8460.0,32.5,7425.0,False,False,False,False
2009-12-03,0.0,16500.0,67.5,8350.0,False,False,False,False
2009-12-04,0.0,29000.0,87.5,9547.5,False,False,False,False
2009-12-05,0.0,26400.0,87.5,7960.0,False,False,False,False
2009-12-06,0.0,21700.0,87.5,7590.0,False,False,False,False
2009-12-07,0.0,18100.0,82.5,8722.5,False,False,False,False
2009-12-08,0.0,16200.0,77.5,8342.5,False,False,False,False
2009-12-09,0.0,26500.0,92.5,8262.5,False,False,False,False
2009-12-10,0.0,27600.0,92.5,8470.0,False,False,False,False
2009-12-11,0.0,22100.0,87.5,8760.0,False,False,False,False
2009-12-12,0.0,18700.0,77.5,8790.0,False,False,False,False
2009-12-13,0.0,17200.0,67.5,9287.5,False,False,False,False
2009-12-14,0.0,21600.0,72.5,8782.5,False,False,False,False
2009-12-15,0.0,21500.0,82.5,8697.5,False,False,False,False
2009-12-16,0.0,22500.0,87.5,8442.5,False,False,False,False
2009-12-17,0.0,21500.0,77.5,8325.0,False,False,False,False
2009-12-18,0.0,20000.0,77.5,8437.5,False,False,False,False
2009-12-19,0.0,17400.0,75.0,8495.0,False,False,False,False
2009-12-20,0.0,16400.0,82.5,8612.5,False,False,False,False
2009-12-21,0.0,15800.0,77.5,8930.0,False,False,False,False
2009-12-22,0.0,14900.0,72.5,8547.5,False,False,False,False
2009-12-23,0.0,14200.0,67.5,8960.0,False,False,False,False
2009-12-24,0.0,13800.0,47.5,8720.0,False,False,False,False
2009-12-25,0.0,13200.0,42.5,10475.0,False,False,False,False
2009-12-26,0.0,18500.0,52.5,9782.5,False,False,False,False
2009-12-27,0.0,29100.0,82.5,9292.5,False,False,False,False
2009-12-28,0.0,29600.0,82.5,9297.5,False,False,False,False
2009-12-29,0.0,28600.0,72.5,9432.5,False,False,False,False
2009-12-30,0.0,23600.0,67.5,10662.5,False,False,False,False
2009-12-31,0.0,19400.0,57.5,12075.0,False,False,False,False
2010-01-01,0.0,17900.0,47.5,12052.5,False,False,False,False
2010-01-02,0.0,16700.0,50.0,13050.0,False,False,False,False
2010-01-03,0.0,15200.0,42.5,11525.0,False,False,False,False
2010-01-04,0.0,13700.0,37.5,10142.5,False,False,False,False
2010-01-05,0.0,12400.0,37.5,10012.5,False,False,False,False
2010-01-06,0.0,12100.0,37.5,11325.0,False,False,False,False
2010-01-07,0.0,12400.0,37.5,10232.5,False,False,False,False
2010-01-08,0.0,12600.0,37.5,9422.5,False,False,False,False
2010-01-09,0.0,11200.0,37.5,9242.5,False,False,False,False
2010-01-10,0.0,9480.0,32.5,8892.5,False,False,False,False
2010-01-11,0.0,8720.0,32.5,8567.5,False,False,False,False
2010-01-12,0.0,9440.0,32.5,9035.0,False,False,False,False
2010-01-13,0.0,10100.0,25.0,10100.0,False,False,False,False
2010-01-14,0.0,10800.0,32.5,10625.0,False,False,False,False
2010-01-15,0.0,10700.0,22.5,12275.0,False,False,False,False
2010-01-16,0.0,10700.0,22.5,10775.0,False,False,False,False
2010-01-17,0.0,10300.0,27.5,10250.0,False,False,False,False
2010-01-18,0.0,12100.0,37.5,11152.5,False,False,False,False
2010-01-19,0.0,12700.0,42.5,10550.0,False,False,False,False
2010-01-20,0.0,13900.0,57.5,10300.0,False,False,False,False
2010-01-21,0.0,13200.0,57.5,10180.0,False,False,False,False
2010-01-22,0.0,11800.0,52.5,9977.5,False,False,False,False
2010-01-23,0.0,10600.0,52.5,9687.5,False,False,False,False
2010-01-24,0.0,9860.0,37.5,8832.5,False,False,False,False
2010-01-25,0.0,17800.0,62.5,8475.0,False,False,False,False
2010-01-26,0.0,45700.0,92.5,8752.5,False,False,False,False
2010-01-27,0.0,59200.0,97.5,8135.0,False,False,False,False
2010-01-28,0.0,40100.0,92.5,8730.0,False,False,False,False
2010-01-29,0.0,32600.0,92.5,9185.0,False,False,False,False
2010-01-30,0.0,25900.0,92.5,9912.5,False,False,False,False
2010-01-31,0.0,19900.0,72.5,9357.5,False,False,False,False
2010-02-01,0.0,17500.0,72.5,8800.0,False,False,False,False
2010-02-02,0.0,16800.0,67.5,8622.5,False,False,False,False
2010-02-03,0.0,16300.0,67.5,8960.0,False,False,False,False
2010-02-04,0.0,15100.0,57.5,8760.0,False,False,False,False
2010-02-05,0.0,13500.0,57.5,8517.5,False,False,False,False
2010-02-06,0.0,12600.0,52.5,7940.0,False,False,False,False
2010-02-07,0.0,11600.0,52.5,8040.0,False,False,False,False
2010-02-08,0.0,10500.0,37.5,7705.0,False,False,False,False
2010-02-09,0.0,10100.0,37.5,8352.5,False,False,False,False
2010-02-10,0.0,10900.0,47.5,7647.5,False,False,False,False
2010-02-11,0.0,11300.0,55.0,7627.5,False,False,False,False
2010-02-12,0.0,10900.0,52.5,7782.5,False,False,False,False
2010-02-13,0.0,10300.0,47.5,7920.0,False,False,False,False
2010-02-14,0.0,9680.0,47.5,7677.5,False,False,False,False
2010-02-15,0.0,8890.0,37.5,7522.5,False,False,False,False
2010-02-16,0.0,8810.0,37.5,8052.5,False,False,False,False
2010-02-17,0.0,9120.0,37.5,8600.0,False,False,False,False
2010-02-18,0.0,8790.0,22.5,8872.5,False,False,False,False
2010-02-19,0.0,8470.0,22.5,8567.5,False,False,False,False
2010-02-20,0.0,8370.0,32.5,8257.5,False,False,False,False
2010-02-21,0.0,8230.0,22.5,8320.0,False,False,False,False
2010-02-22,0.0,7590.0,7.5,8490.0,False,False,False,False
2010-02-23,0.0,7970.0,17.5,8287.5,False,False,False,False
2010-02-24,0.0,13500.0,67.5,8322.5,False,False,False,False
2010-02-25,0.0,14100.0,67.5,9002.5,False,False,False,False
2010-02-26,0.0,12900.0,62.5,9245.0,False,False,False,False
2010-02-27,0.0,12000.0,55.0,9000.0,False,False,False,False
2010-02-28,0.0,12300.0,52.5,8612.5,False,False,False,False
2010-03-01,0.0,12900.0,47.5,9360.0,False,False,False,False
2010-03-02,0.0,13700.0,52.5,11090.0,False,False,False,False
2010-03-03,0.0,13700.0,52.5,10502.5,False,False,False,False
2010-03-04,0.0,14600.0,57.5,9940.0,False,False,False,False
2010-03-05,0.0,14800.0,57.5,9700.0,False,False,False,False
2010-03-06,0.0,14800.0,62.5,9580.0,False,False,False,False
2010-03-07,0.0,14800.0,72.5,9607.5,False,False,False,False
2010-03-08,0.0,14700.0,72.5,9840.0,False,False,False,False
2010-03-09,0.0,15600.0,72.5,9200.0,False,False,False,False
2010-03-10,0.0,17000.0,67.5,9815.0,False,False,False,False
2010-03-11,0.0,18100.0,72.5,10425.0,False,False,False,False
2010-03-12,0.0,19500.0,77.5,11025.0,False,False,False,False
2010-03-15,0.0,71500.0,97.5,11125.0,False,False,False,False
2010-03-16,0.0,60200.0,97.5,10950.0,False,False,False,False
2010-03-17,0.0,49100.0,97.5,10575.0,False,False,False,False
2010-03-18,0.0,40900.0,97.5,11375.0,False,False,False,False
2010-03-19,0.0,34900.0,92.5,11125.0,False,False,False,False
2010-03-20,0.0,30400.0,82.5,10775.0,False,False,False,False
2010-03-21,0.0,27100.0,87.5,11375.0,False,False,False,False
2010-03-22,0.0,24600.0,82.5,12125.0,False,False,False,False
2010-03-23,0.0,34100.0,87.5,11750.0,False,False,False,False
2010-03-24,0.0,53200.0,97.5,12175.0,False,False,False,False
2010-03-25,0.0,50600.0,97.5,11800.0,False,False,False,False
2010-03-26,0.0,42300.0,97.5,10925.0,False,False,False,False
2010-03-27,0.0,36300.0,92.5,11250.0,False,False,False,False
2010-03-28,0.0,32100.0,92.5,10700.0,False,False,False,False
2010-03-29,0.0,36200.0,87.5,10625.0,False,False,False,False
2010-03-30,0.0,48100.0,92.5,12725.0,False,False,False,False
2010-03-31,0.0,59400.0,92.5,12650.0,False,False,False,False
2010-04-01,0.0,63400.0,97.5,12900.0,False,False,False,False
2010-04-02,0.0,51800.0,92.5,12575.0,False,False,False,False
2010-04-03,0.0,42000.0,92.5,12475.0,False,False,False,False
2010-04-04,0.0,36000.0,82.5,14775.0,False,False,False,False
2010-04-05,0.0,31700.0,82.5,13575.0,False,False,False,False
2010-04-06,0.0,27100.0,72.5,13050.0,False,False,False,False
2010-04-07,0.0,23600.0,57.5,12400.0,False,False,False,False
2010-04-08,0.0,21600.0,62.5,12425.0,False,False,False,False
2010-04-09,0.0,20300.0,57.5,11950.0,False,False,False,False
2010-04-10,0.0,19100.0,57.5,11525.0,False,False,False,False
2010-04-11,0.0,17800.0,57.5,11950.0,False,False,False,False
2010-04-12,0.0,16100.0,57.5,12075.0,False,False,False,False
2010-04-13,0.0,14700.0,32.5,13125.0,False,False,False,False
2010-04-14,0.0,13400.0,32.5,12375.0,False,False,False,False
2010-04-15,0.0,12600.0,32.5,11575.0,False,False,False,False
2010-04-16,0.0,11900.0,30.0,11875.0,False,False,False,False
2010-04-17,0.0,12500.0,32.5,10700.0,False,False,False,False
2010-04-18,0.0,12800.0,37.5,10002.5,False,False,False,False
2010-04-19,0.0,12300.0,42.5,9877.5,False,False,False,False
2010-04-20,0.0,11400.0,35.0,10500.0,False,False,False,False
2010-04-21,0.0,11400.0,37.5,9672.5,False,False,False,False
2010-04-22,0.0,10700.0,37.5,9805.0,False,False,False,False
2010-04-23,0.0,10100.0,22.5,10850.0,False,False,False,False
2010-04-24,0.0,9790.0,17.5,10900.0,False,False,False,False
2010-04-25,0.0,9450.0,17.5,11875.0,False,False,False,False
2010-04-26,0.0,13900.0,42.5,11875.0,False,False,False,False
2010-04-27,0.0,18300.0,62.5,10650.0,False,False,False,False
2010-04-28,0.0,20700.0,72.5,9785.0,False,False,False,False
2010-04-29,0.0,19900.0,77.5,9945.0,False,False,False,False
2010-04-30,0.0,16700.0,57.5,9787.5,False,False,False,False
2010-05-01,0.0,14300.0,57.5,9422.5,False,False,False,False
2010-05-02,685289.8555487953,13400.0,57.5,9722.5,False,False,False,True
2010-05-03,0.0,16100.0,62.5,9352.5,False,False,False,False
2010-05-04,0.0,18200.0,67.5,9652.5,False,False,False,False
2010-05-05,0.0,15100.0,62.5,9705.0,False,False,False,False
2010-05-06,0.0,13200.0,52.5,9940.0,False,False,False,False
2010-05-07,0.0,11800.0,37.5,11175.0,False,False,False,False
2010-05-08,0.0,10600.0,27.5,10262.5,False,False,False,False
2010-05-09,0.0,9610.0,27.5,9575.0,False,False,False,False
2010-05-10,0.0,8680.0,12.5,10375.0,False,False,False,False
2010-05-11,0.0,8930.0,12.5,10667.5,False,False,False,False
2010-05-12,0.0,9290.0,17.5,10057.5,False,False,False,False
2010-05-13,0.0,10300.0,30.0,10275.0,False,False,False,False
2010-05-14,0.0,10900.0,42.5,9897.5,False,False,False,False
2010-05-15,0.0,11000.0,47.5,9632.5,False,False,False,False
2010-05-16,0.0,9540.0,32.5,8867.5,False,False,False,False
2010-05-17,0.0,8550.0,27.5,8507.5,False,False,False,False
2010-05-18,0.0,8330.0,27.5,8247.5,False,False,False,False
2010-05-19,0.0,9180.0,32.5,8890.0,False,False,False,False
2010-05-20,0.0,9460.0,37.5,8042.5,False,False,False,False
2010-05-21,0.0,9410.0,37.5,7547.5,False,False,False,False
2010-05-22,0.0,8550.0,37.5,7412.5,False,False,False,False
2010-05-23,0.0,7800.0,37.5,6805.0,False,False,False,False
2010-05-24,0.0,6960.0,32.5,6385.0,False,False,False,False
2010-05-25,0.0,6610.0,32.5,6102.5,False,False,False,False
2010-05-26,284848.1953721174,6320.0,32.5,5960.0,False,False,False,True
2010-05-27,0.0,5950.0,32.5,5857.5,False,False,False,False
2010-05-28,0.0,6710.0,32.5,6227.5,False,False,False,False
2010-05-29,0.0,6470.0,27.5,6310.0,False,False,False,False
2010-05-30,0.0,5990.0,17.5,6187.5,False,False,False,False
2010-05-31,420324.6480167918,5880.0,17.5,6547.5,False,False,False,True
2010-06-01,158463.38690736052,5380.0,12.5,6907.5,False,False,False,True
2010-06-02,0.0,5320.0,7.5,7187.5,False,False,False,False
2010-06-03,411558.5734322609,5190.0,12.5,6290.0,False,False,False,True
2010-06-04,137422.96992603442,5040.0,7.5,7347.5,False,False,False,True
2010-06-05,579871.7220572038,4950.0,7.5,7467.5,False,False,False,True
2010-06-06,760009.916923194,4960.0,7.5,7550.0,False,False,False,True
2010-06-07,0.0,4450.0,7.5,7350.0,False,False,False,False
2010-06-08,0.0,4270.0,7.5,6465.0,False,False,False,False
2010-06-09,0.0,4410.0,7.5,6607.5,False,False,False,False
2010-06-10,0.0,5690.0,17.5,6280.0,False,False,False,False
2010-06-11,0.0,5780.0,12.5,6077.5,False,False,False,False
2010-06-12,298578.21653523203,5860.0,12.5,6210.0,False,False,False,True
2010-06-13,1000318.7104337518,5590.0,17.5,5882.5,False,False,False,True
2010-06-14,0.0,7700.0,42.5,5892.5,False,False,False,False
2010-06-15,0.0,10300.0,62.5,5750.0,False,False,False,False
2010-06-16,0.0,9280.0,52.5,5690.0,False,False,False,False
2010-06-17,0.0,7480.0,47.5,5292.5,False,False,False,False
2010-06-18,0.0,6720.0,47.5,5345.0,False,False,False,False
2010-06-19,76920.82888206851,5980.0,37.5,5262.5,False,False,False,True
2010-06-20,886761.8116603103,5780.0,37.5,5407.5,False,False,False,True
2010-06-21,0.0,5180.0,22.5,5322.5,False,False,False,False
2010-06-22,380987.4654894426,4750.0,22.5,5005.0,False,False,False,True
2010-06-23,1003468.5556156184,4750.0,17.5,5077.5,False,False,False,True
2010-06-24,1343123.5827422158,4720.0,22.5,4907.5,False,False,True,True
2010-06-25,0.0,4600.0,12.5,4910.0,False,False,False,False
2010-06-26,0.0,4540.0,22.5,4690.0,False,False,False,False
2010-06-27,1781429.2426195885,4570.0,22.5,4682.5,False,False,True,True
2010-06-28,2763694.8437948194,4450.0,12.5,4862.5,False,False,True,True
2010-06-29,661076.9127344292,4080.0,2.5,4702.5,False,False,False,True
2010-06-30,0.0,3780.0,2.5,4892.5,False,False,False,False
2010-07-01,0.0,3740.0,2.5,4967.5,False,False,False,False
2010-07-02,0.0,3540.0,2.5,5017.5,False,False,False,False
2010-07-03,0.0,3350.0,2.5,4840.0,False,False,False,False
2010-07-04,0.0,3310.0,2.5,4777.5,False,False,False,False
2010-07-05,225335.44991048428,3230.0,2.5,4725.0,False,False,False,True
2010-07-06,1964485.0060642732,3410.0,2.5,4557.5,False,False,True,True
2010-07-07,2109197.5732684596,3270.0,2.5,4660.0,False,False,True,True
2010-07-08,1315279.1844932449,3200.0,2.5,4815.0,False,False,True,True
2010-07-09,1244325.9195118893,3210.0,2.5,4832.5,False,False,True,True
2010-07-10,429077.6831387918,3560.0,2.5,4832.5,False,False,False,True
2010-07-11,88236.35893794458,7110.0,47.5,5005.0,False,False,False,True
2010-07-12,157252.07490857912,4560.0,17.5,4762.5,False,False,False,True
2010-07-13,1752125.4553145212,4700.0,22.5,4707.5,False,False,True,True
2010-07-14,1258023.7091579002,4580.0,25.0,4580.0,False,False,True,True
2010-07-15,1053383.2059196653,7130.0,42.5,4635.0,False,False,False,True
2010-07-16,2103596.128833887,5000.0,42.5,4657.5,False,False,True,True
2010-07-17,328944.6712394236,3960.0,12.5,4500.0,False,False,False,True
2010-07-18,988423.0329040531,3600.0,2.5,4710.0,False,False,False,True
2010-07-19,1435616.4723633102,3480.0,2.5,4955.0,False,False,True,True
2010-07-20,444343.04760434147,3290.0,2.5,4502.5,False,False,False,True
2010-07-21,1819327.8116898793,3500.0,2.5,4465.0,False,False,True,True
2010-07-22,0.0,3640.0,7.5,4282.5,False,False,False,False
2010-07-23,2019431.1326991273,3500.0,7.5,4240.0,False,False,True,True
2010-07-24,3472936.013662937,3280.0,7.5,4320.0,False,False,True,True
2010-07-25,1543155.528155031,3820.0,7.5,4307.5,False,False,True,True
2010-07-26,0.0,4940.0,22.5,5090.0,False,False,False,False
2010-07-27,0.0,4680.0,27.5,4667.5,False,False,False,False
2010-07-28,1255224.455751645,3820.0,7.5,4550.0,False,False,True,True
2010-07-29,1867614.4483932676,3440.0,2.5,5232.5,False,False,True,True
2010-07-30,0.0,3210.0,2.5,4860.0,False,False,False,False
2010-07-31,0.0,3060.0,2.5,5200.0,False,False,False,False
2010-08-01,0.0,2840.0,2.5,5075.0,False,False,False,False
2010-08-02,0.0,3250.0,2.5,5037.5,False,False,False,False
2010-08-03,408285.58768996666,3290.0,7.5,4967.5,False,False,False,True
2010-08-04,2116354.466731074,3300.0,12.5,4842.5,False,False,True,True
2010-08-05,2287963.064919847,3110.0,2.5,4585.0,False,False,True,True
2010-08-06,405368.43226871395,3050.0,2.5,4565.0,False,False,False,True
2010-08-07,0.0,3010.0,2.5,4652.5,False,False,False,False
2010-08-08,93172.62636174377,2970.0,2.5,4337.5,False,False,False,True
2010-08-09,1022951.6429804249,3250.0,2.5,4117.5,False,False,False,True
2010-08-10,1500778.434544576,3110.0,2.5,4135.0,False,False,True,True
2010-08-11,614300.7091275725,2930.0,2.5,4310.0,False,False,False,True
2010-08-12,124404.33174618054,2910.0,2.5,4350.0,False,False,False,True
2010-08-13,0.0,3020.0,7.5,4470.0,False,False,False,False
2010-08-14,0.0,3120.0,7.5,4710.0,False,False,False,False
2010-08-15,0.0,3090.0,7.5,4495.0,False,False,False,False
2010-08-16,1677136.3043283017,3340.0,7.5,4447.5,False,False,True,True
2010-08-17,23980.565433840966,3400.0,7.5,4370.0,False,False,False,True
2010-08-18,0.0,3340.0,7.5,4280.0,False,False,False,False
2010-08-19,0.0,3480.0,12.5,4175.0,False,False,False,False
2010-08-20,0.0,3310.0,12.5,4057.5,False,False,False,False
2010-08-21,25019.24631425452,2960.0,2.5,3770.0,False,False,False,True
2010-08-22,1774737.8968267513,2800.0,2.5,4075.0,False,False,True,True
2010-08-23,0.0,3270.0,7.5,5295.0,False,False,False,False
2010-08-24,0.0,4020.0,17.5,4560.0,False,False,False,False
2010-08-25,0.0,7980.0,72.5,4760.0,False,False,False,False
2010-08-26,0.0,8320.0,72.5,4290.0,False,False,False,False
2010-08-27,0.0,6560.0,67.5,4240.0,False,False,False,False
2010-08-28,0.0,5820.0,62.5,4102.5,False,False,False,False
2010-08-29,0.0,4570.0,37.5,4010.0,False,False,False,False
2010-08-30,0.0,4010.0,35.0,3930.0,False,False,False,False
2010-08-31,0.0,3570.0,22.5,3592.5,False,False,False,False
2010-09-01,258177.1207096743,3130.0,7.5,3610.0,False,False,False,True
2010-09-02,1013510.6750588571,3010.0,2.5,3595.0,False,False,False,True
2010-09-03,278019.1994657172,2920.0,2.5,3425.0,False,False,False,True
2010-09-04,0.0,2800.0,7.5,3487.5,False,False,False,False
2010-09-05,0.0,2880.0,7.5,3325.0,False,False,False,False
2010-09-06,0.0,3110.0,12.5,3600.0,False,False,False,False
2010-09-07,0.0,2970.0,12.5,3780.0,False,False,False,False
2010-09-08,0.0,2920.0,12.5,3645.0,False,False,False,False
2010-09-09,0.0,2760.0,7.5,3482.5,False,False,False,False
2010-09-10,0.0,2880.0,7.5,3707.5,False,False,False,False
2010-09-11,0.0,2810.0,2.5,3937.5,False,False,False,False
2010-09-12,0.0,2810.0,7.5,3855.0,False,False,False,False
2010-09-13,0.0,3030.0,7.5,3815.0,False,False,False,False
2010-09-14,0.0,3220.0,17.5,3730.0,False,False,False,False
2010-09-15,0.0,3040.0,7.5,3675.0,False,False,False,False
2010-09-16,0.0,3020.0,7.5,3587.5,False,False,False,False
2010-09-17,0.0,3150.0,12.5,3417.5,False,False,False,False
2010-09-18,0.0,3060.0,12.5,3412.5,False,False,False,False
2010-09-19,0.0,2790.0,2.5,3385.0,False,False,False,False
2010-09-20,0.0,2760.0,7.5,3455.0,False,False,False,False
2010-09-21,0.0,2570.0,2.5,3275.0,False,False,False,False
2010-09-22,109956.71613115273,2530.0,2.5,3117.5,False,False,False,True
2010-09-23,0.0,2860.0,2.5,3080.0,False,False,False,False
2010-09-24,500398.7305948386,2890.0,7.5,3237.5,False,True,False,True
2010-09-25,0.0,2790.0,2.5,3227.5,False,True,False,False
2010-09-26,0.0,2590.0,2.5,3232.5,False,True,False,False
2010-09-27,63810.633453897004,2540.0,2.5,3180.0,False,True,False,True
2010-09-28,285965.583848959,2670.0,2.5,3177.5,False,True,False,True
2010-09-29,0.0,2890.0,10.0,3370.0,False,True,False,False
2010-09-30,1164269.6726593745,3340.0,32.5,3282.5,False,True,True,True
2010-10-01,181130.45225506788,40400.0,92.5,3480.0,False,True,False,True
2010-10-02,0.0,90700.0,97.5,3792.5,False,True,False,False
2010-10-03,0.0,51500.0,97.5,3572.5,False,True,False,False
2010-10-04,0.0,31100.0,87.5,3470.0,False,True,False,False
2010-10-05,0.0,26400.0,87.5,3437.5,False,True,False,False
2010-10-06,0.0,29600.0,87.5,3377.5,False,True,False,False
2010-10-07,0.0,31100.0,97.5,3432.5,False,True,False,False
2010-10-08,0.0,24800.0,92.5,3482.5,False,True,False,False
2010-10-09,0.0,19800.0,87.5,3612.5,False,True,False,False
2010-10-10,0.0,16600.0,82.5,3435.0,False,True,False,False
2010-10-11,0.0,14400.0,82.5,3685.0,False,True,False,False
2010-10-12,0.0,13200.0,82.5,4375.0,False,True,False,False
2010-10-13,0.0,11500.0,82.5,4630.0,False,True,False,False
2010-10-14,0.0,11400.0,82.5,4327.5,False,True,False,False
2010-10-15,0.0,11100.0,77.5,3867.5,False,True,False,False
2010-10-16,0.0,11000.0,77.5,3707.5,False,True,False,False
2010-10-17,0.0,10800.0,82.5,3925.0,False,True,False,False
2010-10-18,0.0,12300.0,77.5,3765.0,False,True,False,False
2010-10-19,0.0,11100.0,72.5,3467.5,False,True,False,False
2010-10-20,0.0,8930.0,57.5,3507.5,False,True,False,False
2010-10-21,0.0,8020.0,62.5,3510.0,False,True,False,False
2010-10-22,0.0,7410.0,62.5,3447.5,False,True,False,False
2010-10-23,0.0,6600.0,57.5,3417.5,False,True,False,False
2010-10-24,0.0,6320.0,57.5,3382.5,False,True,False,False
2010-10-25,0.0,5830.0,52.5,3492.5,False,True,False,False
2010-10-26,0.0,5520.0,42.5,3835.0,False,True,False,False
2010-10-27,0.0,6600.0,42.5,3727.5,False,True,False,False
2010-10-28,0.0,8850.0,47.5,3730.0,False,True,False,False
2010-10-29,0.0,10600.0,47.5,4787.5,False,True,False,False
2010-10-30,0.0,10300.0,32.5,6080.0,False,True,False,False
2010-10-31,0.0,8570.0,32.5,7032.5,False,True,False,False
2010-11-01,0.0,7700.0,27.5,6987.5,False,False,False,False
2010-11-02,0.0,7070.0,27.5,6587.5,False,False,False,False
2010-11-03,0.0,6570.0,27.5,6175.0,False,False,False,False
2010-11-04,0.0,6720.0,27.5,6265.0,False,False,False,False
2010-11-05,0.0,10400.0,52.5,6527.5,False,False,False,False
2010-11-06,0.0,12500.0,62.5,5897.5,False,False,False,False
2010-11-07,0.0,12700.0,75.0,5607.5,False,False,False,False
2010-11-08,0.0,10800.0,62.5,5340.0,False,False,False,False
2010-11-09,0.0,9660.0,57.5,4902.5,False,False,False,False
2010-11-10,0.0,9260.0,57.5,4610.0,False,False,False,False
2010-11-11,0.0,8720.0,57.5,4685.0,False,False,False,False
2010-11-12,0.0,8160.0,57.5,5047.5,False,False,False,False
2010-11-13,0.0,7620.0,42.5,5910.0,False,False,False,False
2010-11-14,0.0,7090.0,37.5,5520.0,False,False,False,False
2010-11-15,0.0,6620.0,32.5,5292.5,False,False,False,False
2010-11-16,0.0,6440.0,32.5,5147.5,False,False,False,False
2010-11-17,0.0,7040.0,37.5,5112.5,False,False,False,False
2010-11-18,0.0,11900.0,57.5,4810.0,False,False,False,False
2010-11-19,0.0,15500.0,72.5,4640.0,False,False,False,False
2010-11-20,0.0,13700.0,72.5,4827.5,False,False,False,False
2010-11-21,0.0,11700.0,72.5,4907.5,False,False,False,False
2010-11-22,0.0,10500.0,57.5,6187.5,False,False,False,False
2010-11-23,0.0,9750.0,52.5,5982.5,False,False,False,False
2010-11-24,0.0,9330.0,52.5,6475.0,False,False,False,False
2010-11-25,0.0,9880.0,52.5,6232.5,False,False,False,False
2010-11-26,0.0,10500.0,62.5,6075.0,False,False,False,False
2010-11-27,0.0,10400.0,57.5,7007.5,False,False,False,False
2010-11-28,0.0,11500.0,67.5,6730.0,False,False,False,False
2010-11-29,0.0,11100.0,62.5,7507.5,False,False,False,False
2010-11-30,0.0,10400.0,47.5,7547.5,False,False,False,False
2010-12-01,0.0,14000.0,62.5,7890.0,False,False,False,False
2010-12-02,0.0,46300.0,97.5,7425.0,False,False,False,False
2010-12-03,0.0,57200.0,97.5,8350.0,False,False,False,False
2010-12-04,0.0,39800.0,97.5,9547.5,False,False,False,False
2010-12-05,0.0,30900.0,97.5,7960.0,False,False,False,False
2010-12-06,0.0,25700.0,92.5,7590.0,False,False,False,False
2010-12-07,0.0,21100.0,87.5,8722.5,False,False,False,False
2010-12-08,0.0,18000.0,82.5,8342.5,False,False,False,False
2010-12-09,0.0,16500.0,72.5,8262.5,False,False,False,False
2010-12-10,0.0,14500.0,72.5,8470.0,False,False,False,False
2010-12-11,0.0,12800.0,57.5,8760.0,False,False,False,False
2010-12-12,0.0,13600.0,62.5,8790.0,False,False,False,False
2010-12-13,0.0,20500.0,77.5,9287.5,False,False,False,False
2010-12-14,0.0,24300.0,82.5,8782.5,False,False,False,False
2010-12-15,0.0,24100.0,92.5,8697.5,False,False,False,False
2010-12-16,0.0,20300.0,77.5,8442.5,False,False,False,False
2010-12-17,0.0,17700.0,67.5,8325.0,False,False,False,False
2010-12-18,0.0,16000.0,62.5,8437.5,False,False,False,False
2010-12-19,0.0,14400.0,62.5,8495.0,False,False,False,False
2010-12-20,0.0,12900.0,57.5,8612.5,False,False,False,False
2010-12-21,0.0,12300.0,47.5,8930.0,False,False,False,False
2010-12-22,0.0,11700.0,52.5,8547.5,False,False,False,False
2010-12-23,0.0,11400.0,42.5,8960.0,False,False,False,False
2010-12-24,0.0,11100.0,37.5,8720.0,False,False,False,False
2010-12-25,0.0,10400.0,22.5,10475.0,False,False,False,False
2010-12-26,0.0,9490.0,22.5,9782.5,False,False,False,False
2010-12-27,0.0,8700.0,22.5,9292.5,False,False,False,False
2010-12-28,0.0,7900.0,17.5,9297.5,False,False,False,False
2010-12-29,0.0,7940.0,17.5,9432.5,False,False,False,False
2010-12-30,0.0,7680.0,12.5,10662.5,False,False,False,False
2010-12-31,0.0,7650.0,12.5,12075.0,False,False,False,False
2011-01-01,0.0,7240.0,12.5,12052.5,False,False,False,False
2011-01-02,0.0,7030.0,12.5,13050.0,False,False,False,False
2011-01-03,0.0,7170.0,12.5,11525.0,False,False,False,False
2011-01-04,0.0,7180.0,7.5,10142.5,False,False,False,False
2011-01-05,0.0,7610.0,7.5,10012.5,False,False,False,False
2011-01-06,0.0,7350.0,7.5,11325.0,False,False,False,False
2011-01-07,0.0,6640.0,7.5,10232.5,False,False,False,False
2011-01-08,0.0,6320.0,7.5,9422.5,False,False,False,False
2011-01-09,0.0,6110.0,12.5,9242.5,False,False,False,False
2011-01-10,0.0,5510.0,12.5,8892.5,False,False,False,False
2011-01-11,0.0,4570.0,2.5,8567.5,False,False,False,False
2011-01-12,0.0,5650.0,2.5,9035.0,False,False,False,False
2011-01-13,0.0,6730.0,2.5,10100.0,False,False,False,False
2011-01-14,0.0,5890.0,2.5,10625.0,False,False,False,False
2011-01-15,0.0,5150.0,2.5,12275.0,False,False,False,False
2011-01-16,0.0,4850.0,2.5,10775.0,False,False,False,False
2011-01-17,0.0,4700.0,2.5,10250.0,False,False,False,False
2011-01-18,0.0,4500.0,2.5,11152.5,False,False,False,False
2011-01-19,0.0,5330.0,2.5,10550.0,False,False,False,False
2011-01-20,0.0,7110.0,7.5,10300.0,False,False,False,False
2011-01-21,0.0,7550.0,7.5,10180.0,False,False,False,False
2011-01-22,0.0,7010.0,12.5,9977.5,False,False,False,False
2011-01-23,0.0,6100.0,7.5,9687.5,False,False,False,False
2011-01-24,0.0,6050.0,7.5,8832.5,False,False,False,False
2011-01-25,0.0,5500.0,7.5,8475.0,False,False,False,False
2011-01-26,0.0,6600.0,7.5,8752.5,False,False,False,False
2011-01-27,0.0,6550.0,12.5,8135.0,False,False,False,False
2011-01-28,0.0,6500.0,12.5,8730.0,False,False,False,False
2011-01-29,0.0,6500.0,12.5,9185.0,False,False,False,False
2011-01-30,0.0,10500.0,40.0,9912.5,False,False,False,False
2011-01-31,0.0,8450.0,22.5,9357.5,False,False,False,False
2011-02-01,0.0,6460.0,12.5,8800.0,False,False,False,False
2011-02-02,0.0,6390.0,12.5,8622.5,False,False,False,False
2011-02-03,0.0,7360.0,12.5,8960.0,False,False,False,False
2011-02-04,0.0,7620.0,7.5,8760.0,False,False,False,False
2011-02-05,0.0,6870.0,7.5,8517.5,False,False,False,False
2011-02-06,0.0,7610.0,22.5,7940.0,False,False,False,False
2011-02-07,0.0,8070.0,27.5,8040.0,False,False,False,False
2011-02-08,0.0,7980.0,32.5,7705.0,False,False,False,False
2011-02-09,0.0,8680.0,27.5,8352.5,False,False,False,False
2011-02-10,0.0,7580.0,22.5,7647.5,False,False,False,False
2011-02-11,0.0,6840.0,22.5,7627.5,False,False,False,False
2011-02-12,0.0,5950.0,12.5,7782.5,False,False,False,False
2011-02-13,0.0,5770.0,7.5,7920.0,False,False,False,False
2011-02-14,0.0,5600.0,7.5,7677.5,False,False,False,False
2011-02-15,0.0,6810.0,22.5,7522.5,False,False,False,False
2011-02-16,0.0,7040.0,22.5,8052.5,False,False,False,False
2011-02-17,0.0,7450.0,17.5,8600.0,False,False,False,False
2011-02-18,0.0,11100.0,45.0,8872.5,False,False,False,False
2011-02-19,0.0,16100.0,70.0,8567.5,False,False,False,False
2011-02-20,0.0,15200.0,67.5,8257.5,False,False,False,False
2011-02-21,0.0,14600.0,67.5,8320.0,False,False,False,False
2011-02-22,0.0,14200.0,67.5,8490.0,False,False,False,False
2011-02-23,0.0,12700.0,67.5,8287.5,False,False,False,False
2011-02-24,0.0,11400.0,57.5,8322.5,False,False,False,False
2011-02-25,0.0,16300.0,72.5,9002.5,False,False,False,False
2011-02-26,0.0,23200.0,87.5,9245.0,False,False,False,False
2011-02-27,0.0,21300.0,77.5,9000.0,False,False,False,False
2011-02-28,0.0,22700.0,77.5,8612.5,False,False,False,False
2011-03-01,0.0,26400.0,92.5,9360.0,False,False,False,False
2011-03-02,0.0,29700.0,92.5,11090.0,False,False,False,False
2011-03-03,0.0,27400.0,87.5,10502.5,False,False,False,False
2011-03-04,0.0,22900.0,87.5,9940.0,False,False,False,False
2011-03-05,0.0,20100.0,82.5,9700.0,False,False,False,False
2011-03-06,0.0,22400.0,82.5,9580.0,False,False,False,False
2011-03-07,0.0,79200.0,92.5,9607.5,False,False,False,False
2011-03-08,0.0,100000.0,97.5,9840.0,False,False,False,False
2011-03-09,0.0,62100.0,92.5,9200.0,False,False,False,False
2011-03-10,0.0,50800.0,87.5,9815.0,False,False,False,False
2011-03-11,0.0,103000.0,97.5,10425.0,False,False,False,False
2011-03-12,0.0,138000.0,97.5,11025.0,False,False,False,False
2011-03-13,0.0,93500.0,97.5,11375.0,False,False,False,False
2011-03-14,0.0,68600.0,97.5,11325.0,False,False,False,False
2011-03-15,0.0,56000.0,92.5,11125.0,False,False,False,False
2011-03-16,0.0,48600.0,92.5,10950.0,False,False,False,False
2011-03-17,0.0,45100.0,92.5,10575.0,False,False,False,False
2011-03-18,0.0,40400.0,92.5,11375.0,False,False,False,False
2011-03-19,0.0,36600.0,97.5,11125.0,False,False,False,False
2011-03-20,0.0,37900.0,92.5,10775.0,False,False,False,False
2011-03-21,0.0,35000.0,92.5,11375.0,False,False,False,False
2011-03-22,0.0,32900.0,92.5,12125.0,False,False,False,False
2011-03-23,0.0,31300.0,82.5,11750.0,False,False,False,False
2011-03-24,0.0,33400.0,82.5,12175.0,False,False,False,False
2011-03-25,0.0,30300.0,82.5,11800.0,False,False,False,False
2011-03-26,0.0,26900.0,77.5,10925.0,False,False,False,False
2011-03-27,0.0,23900.0,77.5,11250.0,False,False,False,False
2011-03-28,0.0,21000.0,77.5,10700.0,False,False,False,False
2011-03-29,0.0,19700.0,62.5,10625.0,False,False,False,False
2011-03-30,0.0,18700.0,57.5,12725.0,False,False,False,False
2011-03-31,0.0,18300.0,57.5,12650.0,False,False,False,False
2011-04-01,0.0,17700.0,42.5,12900.0,False,False,False,False
2011-04-02,0.0,18300.0,47.5,12575.0,False,False,False,False
2011-04-03,0.0,18700.0,47.5,12475.0,False,False,False,False
2011-04-04,0.0,18000.0,52.5,14775.0,False,False,False,False
2011-04-05,0.0,18100.0,42.5,13575.0,False,False,False,False
2011-04-06,0.0,20500.0,47.5,13050.0,False,False,False,False
2011-04-07,0.0,24800.0,67.5,12400.0,False,False,False,False
2011-04-08,0.0,24600.0,67.5,12425.0,False,False,False,False
2011-04-09,0.0,23700.0,72.5,11950.0,False,False,False,False
2011-04-10,0.0,21300.0,62.5,11525.0,False,False,False,False
2011-04-11,0.0,19500.0,62.5,11950.0,False,False,False,False
2011-04-12,0.0,19200.0,65.0,12075.0,False,False,False,False
2011-04-13,0.0,25000.0,77.5,13125.0,False,False,False,False
2011-04-14,0.0,27600.0,82.5,12375.0,False,False,False,False
2011-04-15,0.0,26300.0,72.5,11575.0,False,False,False,False
2011-04-16,0.0,24300.0,72.5,11875.0,False,False,False,False
2011-04-17,0.0,52700.0,92.5,10700.0,False,False,False,False
2011-04-18,0.0,57100.0,92.5,10002.5,False,False,False,False
2011-04-19,0.0,48500.0,92.5,9877.5,False,False,False,False
2011-04-20,0.0,42500.0,92.5,10500.0,False,False,False,False
2011-04-21,0.0,39400.0,87.5,9672.5,False,False,False,False
2011-04-22,0.0,34400.0,87.5,9805.0,False,False,False,False
2011-04-23,0.0,30300.0,87.5,10850.0,False,False,False,False
2011-04-24,0.0,29100.0,87.5,10900.0,False,False,False,False
2011-04-25,0.0,34500.0,97.5,11875.0,False,False,False,False
2011-04-26,0.0,30200.0,97.5,11875.0,False,False,False,False
2011-04-27,49346.59280341698,33200.0,92.5,10650.0,False,False,False,True
2011-04-28,0.0,41500.0,97.5,9785.0,False,False,False,False
2011-04-29,0.0,60300.0,97.5,9945.0,False,False,False,False
2011-04-30,0.0,61500.0,97.5,9787.5,False,False,False,False
2011-05-01,0.0,46600.0,92.5,9422.5,False,False,False,False
2011-05-02,0.0,36200.0,82.5,9722.5,False,False,False,False
2011-05-03,0.0,30400.0,82.5,9352.5,False,False,False,False
2011-05-04,0.0,27500.0,82.5,9652.5,False,False,False,False
2011-05-05,0.0,29700.0,87.5,9705.0,False,False,False,False
2011-05-06,0.0,31800.0,92.5,9940.0,False,False,False,False
2011-05-07,0.0,27500.0,87.5,11175.0,False,False,False,False
2011-05-08,0.0,22800.0,82.5,10262.5,False,False,False,False
2011-05-09,0.0,20300.0,85.0,9575.0,False,False,False,False
2011-05-10,0.0,18300.0,82.5,10375.0,False,False,False,False
2011-05-11,0.0,16400.0,77.5,10667.5,False,False,False,False
2011-05-12,0.0,14800.0,87.5,10057.5,False,False,False,False
2011-05-13,0.0,13500.0,75.0,10275.0,False,False,False,False
2011-05-14,0.0,12300.0,55.0,9897.5,False,False,False,False
2011-05-15,0.0,11700.0,60.0,9632.5,False,False,False,False
2011-05-16,0.0,13400.0,72.5,8867.5,False,False,False,False
2011-05-17,0.0,14200.0,62.5,8507.5,False,False,False,False
2011-05-18,0.0,18500.0,72.5,8247.5,False,False,False,False
2011-05-19,0.0,24000.0,77.5,8890.0,False,False,False,False
2011-05-20,0.0,42200.0,97.5,8042.5,False,False,False,False
2011-05-21,0.0,49000.0,97.5,7547.5,False,False,False,False
2011-05-22,0.0,44000.0,97.5,7412.5,False,False,False,False
2011-05-23,0.0,35400.0,97.5,6805.0,False,False,False,False
2011-05-24,0.0,33500.0,92.5,6385.0,False,False,False,False
2011-05-25,0.0,30800.0,97.5,6102.5,False,False,False,False
2011-05-26,1179828.0969422741,26900.0,97.5,5960.0,False,False,True,True
2011-05-27,336914.6455345978,22600.0,92.5,5857.5,False,False,False,True
2011-05-28,0.0,20900.0,97.5,6227.5,False,False,False,False
2011-05-29,562040.1537225964,19200.0,97.5,6310.0,False,False,False,True
2011-05-30,1139846.1283475633,17200.0,92.5,6187.5,False,False,True,True
2011-05-31,955877.0821409794,16300.0,87.5,6547.5,False,False,False,True
2011-06-01,1892643.0907550645,18900.0,92.5,6907.5,False,False,True,True
2011-06-02,0.0,17000.0,87.5,7187.5,False,False,False,False
2011-06-03,0.0,14200.0,77.5,6290.0,False,False,False,False
2011-06-04,0.0,11900.0,62.5,7347.5,False,False,False,False
2011-06-05,0.0,10500.0,62.5,7467.5,False,False,False,False
2011-06-06,0.0,9320.0,52.5,7550.0,False,False,False,False
2011-06-07,0.0,8600.0,42.5,7350.0,False,False,False,False
2011-06-08,1359832.2143762126,8370.0,47.5,6465.0,False,False,True,True
2011-06-09,1926131.2690782775,7840.0,47.5,6607.5,False,False,True,True
2011-06-10,269770.53220708354,7970.0,52.5,6280.0,False,False,False,True
2011-06-11,0.0,7830.0,47.5,6077.5,False,False,False,False
2011-06-12,0.0,8490.0,57.5,6210.0,False,False,False,False
2011-06-13,0.0,8520.0,47.5,5882.5,False,False,False,False
2011-06-14,0.0,11000.0,62.5,5892.5,False,False,False,False
2011-06-15,0.0,10900.0,72.5,5750.0,False,False,False,False
2011-06-16,0.0,9810.0,57.5,5690.0,False,False,False,False
2011-06-17,0.0,10000.0,67.5,5292.5,False,False,False,False
2011-06-18,0.0,11300.0,67.5,5345.0,False,False,False,False
2011-06-19,0.0,11000.0,77.5,5262.5,False,False,False,False
2011-06-20,0.0,9550.0,77.5,5407.5,False,False,False,False
2011-06-21,162523.79783768533,8150.0,67.5,5322.5,False,False,False,True
2011-06-22,1290303.9595223886,7650.0,67.5,5005.0,False,False,True,True
2011-06-23,1019233.2436756333,7940.0,72.5,5077.5,False,False,False,True
2011-06-24,277403.79607415263,22700.0,92.5,4907.5,False,False,False,True
2011-06-25,0.0,37400.0,97.5,4910.0,False,False,False,False
2011-06-26,0.0,35300.0,97.5,4690.0,False,False,False,False
2011-06-27,0.0,25300.0,92.5,4682.5,False,False,False,False
2011-06-28,824220.7011694186,19000.0,87.5,4862.5,False,False,False,True
2011-06-29,252566.80810527707,15600.0,77.5,4702.5,False,False,False,True
2011-06-30,0.0,14300.0,77.5,4892.5,False,False,False,False
2011-07-01,0.0,15400.0,77.5,4967.5,False,False,False,False
2011-07-02,0.0,12400.0,77.5,5017.5,False,False,False,False
2011-07-03,621277.1790505091,10400.0,77.5,4840.0,False,False,False,True
2011-07-04,145215.5951463632,14900.0,77.5,4777.5,False,False,False,True
2011-07-05,0.0,28600.0,92.5,4725.0,False,False,False,False
2011-07-06,780636.5204603531,21300.0,90.0,4557.5,False,False,False,True
2011-07-07,844837.0076652777,17300.0,87.5,4660.0,False,False,False,True
2011-07-08,762290.0322232075,14800.0,87.5,4815.0,False,False,False,True
2011-07-09,0.0,15800.0,92.5,4832.5,False,False,False,False
2011-07-10,0.0,16000.0,87.5,4832.5,False,False,False,False
2011-07-11,1899833.440463094,12900.0,72.5,5005.0,False,False,True,True
2011-07-12,1871344.0946380622,10700.0,67.5,4762.5,False,False,True,True
2011-07-13,0.0,9190.0,57.5,4707.5,False,False,False,False
2011-07-14,0.0,8280.0,52.5,4580.0,False,False,False,False
2011-07-15,0.0,7570.0,52.5,4635.0,False,False,False,False
2011-07-16,0.0,6810.0,52.5,4657.5,False,False,False,False
2011-07-17,0.0,6420.0,52.5,4500.0,False,False,False,False
2011-07-18,1658962.6479877355,5650.0,37.5,4710.0,False,False,True,True
2011-07-19,2109299.2062825863,5230.0,37.5,4955.0,False,False,True,True
2011-07-20,2162523.0290617654,5490.0,47.5,4502.5,False,False,True,True
2011-07-21,3581672.33423432,5230.0,52.5,4465.0,False,False,True,True
2011-07-22,4400000.0,5040.0,47.5,4282.5,False,False,True,True
2011-07-23,3457920.1625509514,5010.0,42.5,4240.0,False,False,True,True
2011-07-24,2907899.5447564805,4990.0,37.5,4320.0,False,False,True,True
2011-07-25,1055680.3051909984,5050.0,32.5,4307.5,False,False,False,True
2011-07-26,65152.974091785785,11700.0,82.5,5090.0,False,False,False,True
2011-07-27,0.0,8340.0,67.5,4667.5,False,False,False,False
2011-07-28,0.0,7190.0,57.5,4550.0,False,False,False,False
2011-07-31,355932.582997146,5840.0,32.5,5200.0,False,False,False,True
2011-08-01,792864.4706918306,5790.0,32.5,5075.0,False,False,False,True
2011-08-02,0.0,5220.0,27.5,5037.5,False,False,False,False
2011-08-03,0.0,4960.0,22.5,4967.5,False,False,False,False
2011-08-04,0.0,4980.0,27.5,4842.5,False,False,False,False
2011-08-05,51746.147288746084,4670.0,27.5,4585.0,False,False,False,True
2011-08-06,155787.4334644575,4790.0,32.5,4565.0,False,False,False,True
2011-08-07,2778778.479518095,6780.0,67.5,4652.5,False,False,True,True
2011-08-08,1751966.2091760961,17200.0,87.5,4337.5,False,False,True,True
2011-08-09,1009154.1032736592,14300.0,87.5,4117.5,False,False,False,True
2011-08-10,0.0,12300.0,72.5,4135.0,False,False,False,False
2011-08-11,0.0,10400.0,67.5,4310.0,False,False,False,False
2011-08-12,0.0,10200.0,77.5,4350.0,False,False,False,False
2011-08-13,0.0,8870.0,62.5,4470.0,False,False,False,False
2011-08-14,0.0,20800.0,87.5,4710.0,False,False,False,False
2011-08-15,0.0,23100.0,92.5,4495.0,False,False,False,False
2011-08-16,0.0,22000.0,92.5,4447.5,False,False,False,False
2011-08-17,0.0,25800.0,92.5,4370.0,False,False,False,False
2011-08-18,308844.62080135423,21500.0,92.5,4280.0,False,False,False,True
2011-08-19,75524.68289574333,16400.0,87.5,4175.0,False,False,False,True
2011-08-20,0.0,15000.0,87.5,4057.5,False,False,False,False
2011-08-21,532546.8719407021,14400.0,87.5,3770.0,False,False,False,True
2011-08-22,0.0,16100.0,92.5,4075.0,False,False,False,False
2011-08-23,0.0,12800.0,82.5,5295.0,False,False,False,False
2011-08-24,0.0,10700.0,82.5,4560.0,False,False,False,False
2011-08-25,431051.42217917065,9960.0,82.5,4760.0,False,False,False,True
2011-08-26,760277.0479837204,10800.0,77.5,4290.0,False,False,False,True
2011-08-27,1443693.12877556,14300.0,87.5,4240.0,False,False,True,True
2011-08-28,242265.35999865393,101000.0,97.5,4102.5,False,False,False,True
2011-08-29,0.0,139000.0,97.5,4010.0,False,False,False,False
2011-08-30,0.0,107000.0,97.5,3930.0,False,False,False,False
2011-08-31,0.0,65300.0,97.5,3592.5,False,False,False,False
2011-09-01,0.0,47400.0,97.5,3610.0,False,False,False,False
2011-09-02,0.0,35400.0,92.5,3595.0,False,False,False,False
2011-09-03,209085.5578223848,27400.0,92.5,3425.0,False,False,False,True
2011-09-04,896987.2730174314,23300.0,92.5,3487.5,False,False,False,True
2011-09-05,557444.6013444518,21900.0,92.5,3325.0,False,False,False,True
2011-09-06,0.0,43800.0,97.5,3600.0,False,False,False,False
2011-09-07,0.0,98100.0,97.5,3780.0,False,False,False,False
2011-09-08,0.0,167000.0,97.5,3645.0,False,False,False,False
2011-09-09,146060.08208258182,172000.0,97.5,3482.5,False,False,False,True
2011-09-10,0.0,120000.0,97.5,3707.5,False,False,False,False
2011-09-11,0.0,76700.0,97.5,3937.5,False,False,False,False
2011-09-12,0.0,57500.0,97.5,3855.0,False,False,False,False
2011-09-13,0.0,48000.0,97.5,3815.0,False,False,False,False
2011-09-14,186595.91388218058,42000.0,97.5,3730.0,False,False,False,True
2011-09-15,0.0,37200.0,97.5,3675.0,False,False,False,False
2011-09-16,0.0,34000.0,97.5,3587.5,False,False,False,False
2011-09-17,0.0,29200.0,97.5,3417.5,False,False,False,False
2011-09-18,0.0,24600.0,97.5,3412.5,False,False,False,False
2011-09-19,0.0,22000.0,92.5,3385.0,False,False,False,False
2011-09-20,0.0,19000.0,87.5,3455.0,False,False,False,False
2011-09-21,0.0,17000.0,87.5,3275.0,False,False,False,False
2011-09-22,47635.28552964988,16300.0,92.5,3117.5,False,False,False,True
2011-09-23,0.0,17500.0,97.5,3080.0,False,False,False,False
2011-09-24,0.0,32300.0,97.5,3237.5,False,False,False,False
2011-09-25,0.0,36000.0,92.5,3227.5,False,False,False,False
2011-09-26,0.0,30900.0,87.5,3232.5,False,False,False,False
2011-09-27,71615.85096349084,25700.0,87.5,3180.0,False,False,False,True
2011-09-28,0.0,32800.0,92.5,3177.5,False,False,False,False
2011-09-29,0.0,74200.0,97.5,3370.0,False,False,False,False
2011-09-30,0.0,85100.0,97.5,3282.5,False,False,False,False
2011-10-01,0.0,72400.0,97.5,3480.0,False,False,False,False
2011-10-02,0.0,55400.0,92.5,3792.5,False,False,False,False
2011-10-03,0.0,48900.0,92.5,3572.5,False,False,False,False
2011-10-04,0.0,42100.0,97.5,3470.0,False,False,False,False
2011-10-05,0.0,36400.0,97.5,3437.5,False,False,False,False
2011-10-06,0.0,33300.0,97.5,3377.5,False,False,False,False
2011-10-07,0.0,29100.0,92.5,3432.5,False,False,False,False
2011-10-08,0.0,25300.0,97.5,3482.5,False,False,False,False
2011-10-09,0.0,22200.0,92.5,3612.5,False,False,False,False
2011-10-10,0.0,19700.0,92.5,3435.0,False,False,False,False
2011-10-11,0.0,18200.0,92.5,3685.0,False,False,False,False
2011-10-12,0.0,16100.0,87.5,4375.0,False,False,False,False
2011-10-13,0.0,15500.0,87.5,4630.0,False,False,False,False
2011-10-14,0.0,16600.0,87.5,4327.5,False,False,False,False
2011-10-15,0.0,23100.0,87.5,3867.5,False,False,False,False
2011-10-16,0.0,26200.0,92.5,3707.5,False,False,False,False
2011-10-17,0.0,23600.0,92.5,3925.0,False,False,False,False
2011-10-18,0.0,21700.0,92.5,3765.0,False,False,False,False
2011-10-19,0.0,20800.0,97.5,3467.5,False,False,False,False
2011-10-20,0.0,22800.0,97.5,3507.5,False,False,False,False
2011-10-21,0.0,21700.0,92.5,3510.0,False,False,False,False
2011-10-22,0.0,20600.0,90.0,3447.5,False,False,False,False
2011-10-23,0.0,17600.0,92.5,3417.5,False,False,False,False
2011-10-24,0.0,16000.0,87.5,3382.5,False,False,False,False
2011-10-25,0.0,14800.0,87.5,3492.5,False,False,False,False
2011-10-26,0.0,13600.0,82.5,3835.0,False,False,False,False
2011-10-27,0.0,12800.0,65.0,3727.5,False,False,False,False
2011-10-28,0.0,13500.0,57.5,3730.0,False,False,False,False
2011-10-29,0.0,14900.0,62.5,4787.5,False,False,False,False
2011-10-30,0.0,17700.0,57.5,6080.0,False,False,False,False
2011-10-31,0.0,19100.0,62.5,7032.5,False,False,False,False
2011-11-01,0.0,18900.0,67.5,6987.5,False,False,False,False
2011-11-02,0.0,18600.0,72.5,6587.5,False,False,False,False
2011-11-03,0.0,17800.0,72.5,6175.0,False,False,False,False
2011-11-04,0.0,16700.0,72.5,6265.0,False,False,False,False
2011-11-05,0.0,15800.0,77.5,6527.5,False,False,False,False
2011-11-06,0.0,14700.0,77.5,5897.5,False,False,False,False
2011-11-07,0.0,13200.0,82.5,5607.5,False,False,False,False
2011-11-08,0.0,12500.0,82.5,5340.0,False,False,False,False
2011-11-09,0.0,12400.0,82.5,4902.5,False,False,False,False
2011-11-10,0.0,12100.0,82.5,4610.0,False,False,False,False
2011-11-11,0.0,11900.0,82.5,4685.0,False,False,False,False
2011-11-12,0.0,11500.0,82.5,5047.5,False,False,False,False
2011-11-13,0.0,11100.0,77.5,5910.0,False,False,False,False
2011-11-14,0.0,10400.0,67.5,5520.0,False,False,False,False
2011-11-15,0.0,10000.0,67.5,5292.5,False,False,False,False
2011-11-16,0.0,10300.0,62.5,5147.5,False,False,False,False
2011-11-17,0.0,13600.0,72.5,5112.5,False,False,False,False
2011-11-18,0.0,13800.0,72.5,4810.0,False,False,False,False
2011-11-19,0.0,12900.0,67.5,4640.0,False,False,False,False
2011-11-20,0.0,11700.0,67.5,4827.5,False,False,False,False
2011-11-21,0.0,10800.0,60.0,4907.5,False,False,False,False
2011-11-22,0.0,11000.0,62.5,6187.5,False,False,False,False
2011-11-23,0.0,38500.0,97.5,5982.5,False,False,False,False
2011-11-24,0.0,48000.0,97.5,6475.0,False,False,False,False
2011-11-25,0.0,40800.0,92.5,6232.5,False,False,False,False
2011-11-26,0.0,30300.0,92.5,6075.0,False,False,False,False
2011-11-27,0.0,24400.0,92.5,7007.5,False,False,False,False
2011-11-28,0.0,21700.0,82.5,6730.0,False,False,False,False
2011-11-29,0.0,21200.0,87.5,7507.5,False,False,False,False
2011-11-30,0.0,29100.0,92.5,7547.5,False,False,False,False
2011-12-01,0.0,35600.0,90.0,7890.0,False,False,False,False
2011-12-02,0.0,32700.0,77.5,7425.0,False,False,False,False
2011-12-03,0.0,26400.0,82.5,8350.0,False,False,False,False
2011-12-04,0.0,22000.0,77.5,9547.5,False,False,False,False
2011-12-05,0.0,19800.0,75.0,7960.0,False,False,False,False
2011-12-07,0.0,22200.0,92.5,8722.5,False,False,False,False
2011-12-08,0.0,50000.0,97.5,8342.5,False,False,False,False
2011-12-09,0.0,60000.0,97.5,8262.5,False,False,False,False
2011-12-10,0.0,45400.0,97.5,8470.0,False,False,False,False
2011-12-11,0.0,36100.0,97.5,8760.0,False,False,False,False
2011-12-12,0.0,31200.0,87.5,8790.0,False,False,False,False
2011-12-13,0.0,27100.0,82.5,9287.5,False,False,False,False
2011-12-14,0.0,24000.0,77.5,8782.5,False,False,False,False
2011-12-15,0.0,21900.0,87.5,8697.5,False,False,False,False
2011-12-16,0.0,20400.0,82.5,8442.5,False,False,False,False
2011-12-17,0.0,19800.0,72.5,8325.0,False,False,False,False
2011-12-18,0.0,18600.0,67.5,8437.5,False,False,False,False
2011-12-19,0.0,16900.0,67.5,8495.0,False,False,False,False
2011-12-20,0.0,15700.0,75.0,8612.5,False,False,False,False
2011-12-21,0.0,15100.0,72.5,8930.0,False,False,False,False
2011-12-22,0.0,15300.0,77.5,8547.5,False,False,False,False
2011-12-23,0.0,20800.0,82.5,8960.0,False,False,False,False
2011-12-24,0.0,21300.0,67.5,8720.0,False,False,False,False
2011-12-25,0.0,20600.0,52.5,10475.0,False,False,False,False
2011-12-26,0.0,18000.0,47.5,9782.5,False,False,False,False
2011-12-27,0.0,17000.0,42.5,9292.5,False,False,False,False
2011-12-28,0.0,26600.0,67.5,9297.5,False,False,False,False
2011-12-29,0.0,28800.0,77.5,9432.5,False,False,False,False
2011-12-30,0.0,26600.0,72.5,10662.5,False,False,False,False
2011-12-31,0.0,23000.0,67.5,12075.0,False,False,False,False
2012-01-01,0.0,20200.0,62.5,12052.5,False,False,False,False
2012-01-02,0.0,18800.0,62.5,13050.0,False,False,False,False
2012-01-03,0.0,17900.0,67.5,11525.0,False,False,False,False
2012-01-04,0.0,16800.0,62.5,10142.5,False,False,False,False
2012-01-05,0.0,15000.0,52.5,10012.5,False,False,False,False
2012-01-06,0.0,14000.0,47.5,11325.0,False,False,False,False
2012-01-07,0.0,13700.0,42.5,10232.5,False,False,False,False
2012-01-08,0.0,13000.0,42.5,9422.5,False,False,False,False
2012-01-09,0.0,11900.0,42.5,9242.5,False,False,False,False
2012-01-10,0.0,11500.0,37.5,8892.5,False,False,False,False
2012-01-11,0.0,11500.0,42.5,8567.5,False,False,False,False
2012-01-12,0.0,15500.0,57.5,9035.0,False,False,False,False
2012-01-13,0.0,18400.0,60.0,10100.0,False,False,False,False
2012-01-14,0.0,18200.0,62.5,10625.0,False,False,False,False
2012-01-15,0.0,16700.0,62.5,12275.0,False,False,False,False
2012-01-16,0.0,14200.0,42.5,10775.0,False,False,False,False
2012-01-17,0.0,12500.0,42.5,10250.0,False,False,False,False
2012-01-18,0.0,13200.0,47.5,11152.5,False,False,False,False
2012-01-19,0.0,13400.0,60.0,10550.0,False,False,False,False
2012-01-20,0.0,12400.0,47.5,10300.0,False,False,False,False
2012-01-21,0.0,11600.0,47.5,10180.0,False,False,False,False
2012-01-22,0.0,10700.0,45.0,9977.5,False,False,False,False
2012-01-23,0.0,10100.0,35.0,9687.5,False,False,False,False
2012-01-24,0.0,13000.0,52.5,8832.5,False,False,False,False
2012-01-25,0.0,15100.0,57.5,8475.0,False,False,False,False
2012-01-26,0.0,16000.0,52.5,8752.5,False,False,False,False
2012-01-27,0.0,18400.0,62.5,8135.0,False,False,False,False
2012-01-28,0.0,24400.0,82.5,8730.0,False,False,False,False
2012-01-29,0.0,29900.0,87.5,9185.0,False,False,False,False
2012-01-30,0.0,25100.0,87.5,9912.5,False,False,False,False
2012-01-31,0.0,21200.0,80.0,9357.5,False,False,False,False
2012-02-01,0.0,18700.0,77.5,8800.0,False,False,False,False
2012-02-02,0.0,17900.0,77.5,8622.5,False,False,False,False
2012-02-03,0.0,16900.0,72.5,8960.0,False,False,False,False
2012-02-04,0.0,16200.0,62.5,8760.0,False,False,False,False
2012-02-05,0.0,14800.0,62.5,8517.5,False,False,False,False
2012-02-06,0.0,13900.0,62.5,7940.0,False,False,False,False
2012-02-07,0.0,13200.0,57.5,8040.0,False,False,False,False
2012-02-08,0.0,12700.0,57.5,7705.0,False,False,False,False
2012-02-09,0.0,11800.0,57.5,8352.5,False,False,False,False
2012-02-10,0.0,11100.0,52.5,7647.5,False,False,False,False
2012-02-11,0.0,10600.0,42.5,7627.5,False,False,False,False
2012-02-12,0.0,9980.0,32.5,7782.5,False,False,False,False
2012-02-13,0.0,9750.0,42.5,7920.0,False,False,False,False
2012-02-14,0.0,9090.0,37.5,7677.5,False,False,False,False
2012-02-15,0.0,8900.0,42.5,7522.5,False,False,False,False
2012-02-16,0.0,8910.0,42.5,8052.5,False,False,False,False
2012-02-17,0.0,8990.0,32.5,8600.0,False,False,False,False
2012-02-18,0.0,8920.0,32.5,8872.5,False,False,False,False
2012-02-19,0.0,8600.0,27.5,8567.5,False,False,False,False
2012-02-20,0.0,8250.0,22.5,8257.5,False,False,False,False
2012-02-21,0.0,7870.0,12.5,8320.0,False,False,False,False
2012-02-22,0.0,7880.0,12.5,8490.0,False,False,False,False
2012-02-23,0.0,7770.0,12.5,8287.5,False,False,False,False
2012-02-24,0.0,7630.0,12.5,8322.5,False,False,False,False
2012-02-25,0.0,8060.0,17.5,9002.5,False,False,False,False
2012-02-26,0.0,8360.0,22.5,9245.0,False,False,False,False
2012-02-27,0.0,7890.0,12.5,9000.0,False,False,False,False
2012-02-28,0.0,7520.0,12.5,8612.5,False,False,False,False
2012-02-29,0.0,7530.0,10.0,8790.0,False,False,False,False
2012-03-01,0.0,8790.0,20.0,9360.0,False,False,False,False
2012-03-02,0.0,8810.0,15.0,11090.0,False,False,False,False
2012-03-03,0.0,9310.0,22.5,10502.5,False,False,False,False
2012-03-04,0.0,9990.0,27.5,9940.0,False,False,False,False
2012-03-05,0.0,10700.0,32.5,9700.0,False,False,False,False
2012-03-06,0.0,10900.0,37.5,9580.0,False,False,False,False
2012-03-07,0.0,10300.0,37.5,9607.5,False,False,False,False
2012-03-08,0.0,9540.0,22.5,9840.0,False,False,False,False
2012-03-09,0.0,9200.0,25.0,9200.0,False,False,False,False
2012-03-10,0.0,9990.0,27.5,9815.0,False,False,False,False
2012-03-11,0.0,13000.0,47.5,10425.0,False,False,False,False
2012-03-12,0.0,11900.0,37.5,11025.0,False,False,False,False
2012-03-13,0.0,10500.0,17.5,11375.0,False,False,False,False
2012-03-14,0.0,9810.0,12.5,11325.0,False,False,False,False
2012-03-15,0.0,9580.0,12.5,11125.0,False,False,False,False
2012-03-16,0.0,9640.0,7.5,10950.0,False,False,False,False
2012-03-17,0.0,9430.0,2.5,10575.0,False,False,False,False
2012-03-18,0.0,9030.0,7.5,11375.0,False,False,False,False
2012-03-19,0.0,8260.0,2.5,11125.0,False,False,False,False
2012-03-20,0.0,7870.0,2.5,10775.0,False,False,False,False
2012-03-21,0.0,7860.0,7.5,11375.0,False,False,False,False
2012-03-22,0.0,7680.0,7.5,12125.0,False,False,False,False
2012-03-23,0.0,7800.0,7.5,11750.0,False,False,False,False
2012-03-24,0.0,7310.0,7.5,12175.0,False,False,False,False
2012-03-25,0.0,6850.0,7.5,11800.0,False,False,False,False
2012-03-26,0.0,6460.0,2.5,10925.0,False,False,False,False
2012-03-27,0.0,5900.0,2.5,11250.0,False,False,False,False
2012-03-28,0.0,6000.0,2.5,10700.0,False,False,False,False
2012-03-29,0.0,5730.0,2.5,10625.0,False,False,False,False
2012-03-30,0.0,5550.0,2.5,12725.0,False,False,False,False
2012-03-31,0.0,5670.0,2.5,12650.0,False,False,False,False
2012-04-01,0.0,6030.0,7.5,12900.0,False,False,False,False
2012-04-02,0.0,6120.0,7.5,12575.0,False,False,False,False
2012-04-03,0.0,6560.0,12.5,12475.0,False,False,False,False
2012-04-04,0.0,6740.0,12.5,14775.0,False,False,False,False
2012-04-05,0.0,6260.0,12.5,13575.0,False,False,False,False
2012-04-06,0.0,5610.0,2.5,13050.0,False,False,False,False
2012-04-07,0.0,5150.0,2.5,12400.0,False,False,False,False
2012-04-08,0.0,4830.0,2.5,12425.0,False,False,False,False
2012-04-09,0.0,4590.0,2.5,11950.0,False,False,False,False
2012-04-10,0.0,4380.0,2.5,11525.0,False,False,False,False
2012-04-11,0.0,4260.0,2.5,11950.0,False,False,False,False
2012-04-12,0.0,4200.0,2.5,12075.0,False,False,False,False
2012-04-13,0.0,4330.0,2.5,13125.0,False,False,False,False
2012-04-14,0.0,4210.0,2.5,12375.0,False,False,False,False
2012-04-15,0.0,4190.0,2.5,11575.0,False,False,False,False
2012-04-16,0.0,4010.0,2.5,11875.0,False,False,False,False
2012-04-17,0.0,3940.0,2.5,10700.0,False,False,False,False
2012-04-18,0.0,3900.0,2.5,10002.5,False,False,False,False
2012-04-19,0.0,3740.0,2.5,9877.5,False,False,False,False
2012-04-20,0.0,3580.0,2.5,10500.0,False,False,False,False
2012-04-21,0.0,3460.0,2.5,9672.5,False,False,False,False
2012-04-22,0.0,3800.0,2.5,9805.0,False,False,False,False
2012-04-23,0.0,11600.0,37.5,10850.0,False,False,False,False
2012-04-24,0.0,15100.0,37.5,10900.0,False,False,False,False
2012-04-25,0.0,16600.0,52.5,11875.0,False,False,False,False
2012-04-26,0.0,13200.0,32.5,11875.0,False,False,False,False
2012-04-27,0.0,11100.0,32.5,10650.0,False,False,False,False
2012-04-28,0.0,9710.0,22.5,9785.0,False,False,False,False
2012-04-29,0.0,8780.0,17.5,9945.0,False,False,False,False
2012-04-30,0.0,7920.0,17.5,9787.5,False,False,False,False
2012-05-01,0.0,7260.0,12.5,9422.5,False,False,False,False
2012-05-02,0.0,7260.0,12.5,9722.5,False,False,False,False
2012-05-03,0.0,7420.0,7.5,9352.5,False,False,False,False
2012-05-04,0.0,8430.0,17.5,9652.5,False,False,False,False
2012-05-05,0.0,9100.0,12.5,9705.0,False,False,False,False
2012-05-06,0.0,11500.0,32.5,9940.0,False,False,False,False
2012-05-07,0.0,10200.0,22.5,11175.0,False,False,False,False
2012-05-08,0.0,8970.0,17.5,10262.5,False,False,False,False
2012-05-09,0.0,9260.0,17.5,9575.0,False,False,False,False
2012-05-10,0.0,15400.0,62.5,10375.0,False,False,False,False
2012-05-11,0.0,17200.0,87.5,10667.5,False,False,False,False
2012-05-12,0.0,14500.0,75.0,10057.5,False,False,False,False
2012-05-13,0.0,12000.0,42.5,10275.0,False,False,False,False
2012-05-14,0.0,9970.0,27.5,9897.5,False,False,False,False
2012-05-15,0.0,10400.0,37.5,9632.5,False,False,False,False
2012-05-16,0.0,28400.0,92.5,8867.5,False,False,False,False
2012-05-17,0.0,46900.0,97.5,8507.5,False,False,False,False
2012-05-18,0.0,30100.0,92.5,8247.5,False,False,False,False
2012-05-19,0.0,21700.0,72.5,8890.0,False,False,False,False
2012-05-20,0.0,15900.0,72.5,8042.5,False,False,False,False
2012-05-21,0.0,13300.0,57.5,7547.5,False,False,False,False
2012-05-22,0.0,12300.0,57.5,7412.5,False,False,False,False
2012-05-23,0.0,12800.0,72.5,6805.0,False,False,False,False
2012-05-24,0.0,14000.0,77.5,6385.0,False,False,False,False
2012-05-25,0.0,14200.0,77.5,6102.5,False,False,False,False
2012-05-26,425248.3508889696,13100.0,77.5,5960.0,False,False,False,True
2012-05-27,333234.70017762866,16500.0,87.5,5857.5,False,False,False,True
2012-05-28,631083.5462529511,16500.0,87.5,6227.5,False,False,False,True
2012-05-29,1263265.9409497965,13000.0,75.0,6310.0,False,False,True,True
2012-05-30,0.0,12700.0,75.0,6187.5,False,False,False,False
2012-05-31,0.0,12800.0,72.5,6547.5,False,False,False,False
2012-06-01,0.0,11400.0,72.5,6907.5,False,False,False,False
2012-06-02,0.0,18000.0,92.5,7187.5,False,False,False,False
2012-06-03,0.0,20900.0,92.5,6290.0,False,False,False,False
2012-06-04,0.0,18600.0,97.5,7347.5,False,False,False,False
2012-06-05,0.0,15700.0,97.5,7467.5,False,False,False,False
2012-06-06,0.0,14500.0,97.5,7550.0,False,False,False,False
2012-06-07,0.0,13000.0,87.5,7350.0,False,False,False,False
2012-06-08,0.0,11300.0,77.5,6465.0,False,False,False,False
2012-06-09,0.0,10100.0,67.5,6607.5,False,False,False,False
2012-06-10,0.0,9400.0,62.5,6280.0,False,False,False,False
2012-06-11,0.0,8160.0,52.5,6077.5,False,False,False,False
2012-06-12,0.0,7670.0,42.5,6210.0,False,False,False,False
2012-06-13,0.0,10500.0,60.0,5882.5,False,False,False,False
2012-06-14,0.0,11800.0,72.5,5892.5,False,False,False,False
2012-06-15,0.0,11500.0,77.5,5750.0,False,False,False,False
2012-06-16,0.0,10100.0,72.5,5690.0,False,False,False,False
2012-06-17,0.0,8320.0,57.5,5292.5,False,False,False,False
2012-06-18,0.0,7260.0,57.5,5345.0,False,False,False,False
2012-06-19,0.0,6960.0,57.5,5262.5,False,False,False,False
2012-06-20,1844119.5953646933,6580.0,47.5,5407.5,False,False,True,True
2012-06-21,1689010.671128938,6210.0,42.5,5322.5,False,False,True,True
2012-06-22,1375769.320563847,6390.0,47.5,5005.0,False,False,True,True
2012-06-23,0.0,6290.0,42.5,5077.5,False,False,False,False
2012-06-24,0.0,5990.0,47.5,4907.5,False,False,False,False
2012-06-25,0.0,5630.0,42.5,4910.0,False,False,False,False
2012-06-26,0.0,5230.0,37.5,4690.0,False,False,False,False
2012-06-27,0.0,4910.0,32.5,4682.5,False,False,False,False
2012-06-28,0.0,4520.0,17.5,4862.5,False,False,False,False
2012-06-29,1834135.5233323616,4290.0,17.5,4702.5,False,False,True,True
2012-06-30,232121.86600578105,4130.0,7.5,4892.5,False,False,False,True
2012-07-01,1042441.2538317158,4160.0,12.5,4967.5,False,False,False,True
2012-07-02,0.0,4030.0,12.5,5017.5,False,False,False,False
2012-07-03,0.0,3950.0,7.5,4840.0,False,False,False,False
2012-07-04,1403229.4938070034,4070.0,17.5,4777.5,False,False,True,True
2012-07-05,1169825.9386936252,3910.0,7.5,4725.0,False,False,True,True
2012-07-06,0.0,3710.0,7.5,4557.5,False,False,False,False
2012-07-07,1534605.2218122294,3670.0,7.5,4660.0,False,False,True,True
2012-07-08,606183.2492563548,3700.0,7.5,4815.0,False,False,False,True
2012-07-09,0.0,3960.0,12.5,4832.5,False,False,False,False
2012-07-10,0.0,3830.0,7.5,4832.5,False,False,False,False
2012-07-11,0.0,3640.0,2.5,5005.0,False,False,False,False
2012-07-12,0.0,3550.0,7.5,4762.5,False,False,False,False
2012-07-13,0.0,3430.0,2.5,4707.5,False,False,False,False
2012-07-14,0.0,3180.0,2.5,4580.0,False,False,False,False
2012-07-15,1434874.816172155,3520.0,7.5,4635.0,False,False,True,True
2012-07-16,1277607.2880610202,3550.0,2.5,4657.5,False,False,True,True
2012-07-17,1092574.7882528855,3660.0,2.5,4500.0,False,False,False,True
2012-07-18,1692458.2802817933,3720.0,12.5,4710.0,False,False,True,True
2012-07-19,210836.73984675074,4010.0,12.5,4955.0,False,False,False,True
2012-07-20,0.0,4160.0,17.5,4502.5,False,False,False,False
2012-07-21,0.0,4420.0,22.5,4465.0,False,False,False,False
2012-07-22,0.0,4110.0,22.5,4282.5,False,False,False,False
2012-07-23,1204180.928014994,4280.0,27.5,4240.0,False,False,True,True
2012-07-24,926191.4091417023,3690.0,12.5,4320.0,False,False,False,True
2012-07-25,0.0,4240.0,22.5,4307.5,False,False,False,False
2012-07-26,965542.1106339816,4040.0,2.5,5090.0,False,False,False,True
2012-07-27,1246703.254033252,4200.0,7.5,4667.5,False,False,True,True
2012-07-28,850211.4492522546,4340.0,22.5,4550.0,False,False,False,True
2012-07-29,0.0,6290.0,32.5,5232.5,False,False,False,False
2012-07-30,0.0,6320.0,42.5,4860.0,False,False,False,False
2012-07-31,0.0,6410.0,37.5,5200.0,False,False,False,False
2012-08-01,176965.09198828845,7520.0,72.5,5075.0,False,False,False,True
2012-08-02,630410.2795370955,6120.0,47.5,5037.5,False,False,False,True
2012-08-03,1234746.6215749977,5200.0,32.5,4967.5,False,False,True,True
2012-08-04,1661095.1550985947,4430.0,22.5,4842.5,False,False,True,True
2012-08-05,2098382.791456321,4300.0,17.5,4585.0,False,False,True,True
2012-08-06,502172.7400558512,4450.0,17.5,4565.0,False,False,False,True
2012-08-07,0.0,4740.0,27.5,4652.5,False,False,False,False
2012-08-08,161019.34044679202,4340.0,27.5,4337.5,False,False,False,True
2012-08-09,814823.1731092458,4110.0,22.5,4117.5,False,False,False,True
2012-08-10,1443543.9947121786,4250.0,32.5,4135.0,False,False,True,True
2012-08-11,1126740.9953732316,4820.0,42.5,4310.0,False,False,True,True
2012-08-12,0.0,5150.0,37.5,4350.0,False,False,False,False
2012-08-13,0.0,4580.0,32.5,4470.0,False,False,False,False
2012-08-14,0.0,4090.0,17.5,4710.0,False,False,False,False
2012-08-15,96646.5427406317,4020.0,17.5,4495.0,False,False,False,True
2012-08-16,0.0,4150.0,15.0,4447.5,False,False,False,False
2012-08-17,26470.131724113766,4220.0,22.5,4370.0,False,False,False,True
2012-08-18,0.0,4830.0,42.5,4280.0,False,False,False,False
2012-08-19,0.0,4570.0,37.5,4175.0,False,False,False,False
2012-08-20,0.0,4390.0,37.5,4057.5,False,False,False,False
2012-08-21,0.0,3800.0,27.5,3770.0,False,False,False,False
2012-08-22,0.0,3610.0,22.5,4075.0,False,False,False,False
2012-08-23,0.0,3370.0,12.5,5295.0,False,False,False,False
2012-08-24,0.0,3190.0,7.5,4560.0,False,False,False,False
2012-08-25,0.0,3090.0,7.5,4760.0,False,False,False,False
2012-08-26,0.0,2960.0,7.5,4290.0,False,False,False,False
2012-08-27,678537.483055109,3430.0,17.5,4240.0,False,False,False,True
2012-08-28,206706.14449025918,3400.0,17.5,4102.5,False,False,False,True
2012-08-29,0.0,2960.0,2.5,4010.0,False,False,False,False
2012-08-30,0.0,2910.0,2.5,3930.0,False,False,False,False
2012-08-31,74444.23111909097,2980.0,7.5,3592.5,False,False,False,True
2012-09-01,0.0,3190.0,12.5,3610.0,False,False,False,False
2012-09-02,0.0,3260.0,7.5,3595.0,False,False,False,False
2012-09-03,0.0,3520.0,32.5,3425.0,False,False,False,False
2012-09-04,1321634.8193472214,3610.0,32.5,3487.5,False,False,True,True
2012-09-05,1510303.4819454313,4660.0,52.5,3325.0,False,False,True,True
2012-09-06,0.0,10200.0,85.0,3600.0,False,False,False,False
2012-09-07,886383.7433352221,7410.0,72.5,3780.0,False,False,False,True
2012-09-08,739623.0796693579,5890.0,57.5,3645.0,False,False,False,True
2012-09-09,0.0,5470.0,52.5,3482.5,False,False,False,False
2012-09-10,0.0,5390.0,57.5,3707.5,False,False,False,False
2012-09-11,0.0,4500.0,32.5,3937.5,False,False,False,False
2012-09-12,0.0,3970.0,27.5,3855.0,False,False,False,False
2012-09-13,0.0,3530.0,22.5,3815.0,False,False,False,False
2012-09-14,0.0,3430.0,22.5,3730.0,False,False,False,False
2012-09-15,0.0,3510.0,22.5,3675.0,False,False,False,False
2012-09-16,0.0,3180.0,12.5,3587.5,False,False,False,False
2012-09-17,0.0,2990.0,7.5,3417.5,False,False,False,False
2012-09-18,0.0,2960.0,7.5,3412.5,False,False,False,False
2012-09-19,0.0,17500.0,87.5,3385.0,False,False,False,False
2012-09-20,0.0,29700.0,97.5,3455.0,False,False,False,False
2012-09-21,0.0,22800.0,92.5,3275.0,False,False,False,False
2012-09-22,0.0,15900.0,87.5,3117.5,False,False,False,False
2012-09-23,0.0,12000.0,82.5,3080.0,False,False,False,False
2012-09-24,0.0,10500.0,77.5,3237.5,False,False,False,False
2012-09-25,0.0,9110.0,72.5,3227.5,False,False,False,False
2012-09-26,0.0,7100.0,72.5,3232.5,False,False,False,False
2012-09-27,0.0,6350.0,72.5,3180.0,False,False,False,False
2012-09-28,0.0,6180.0,72.5,3177.5,False,False,False,False
2012-09-29,0.0,6260.0,67.5,3370.0,False,False,False,False
2012-09-30,0.0,6940.0,67.5,3282.5,False,False,False,False
2012-10-01,0.0,8520.0,67.5,3480.0,False,False,False,False
2012-10-02,0.0,7300.0,62.5,3792.5,False,False,False,False
2012-10-03,0.0,11400.0,67.5,3572.5,False,False,False,False
2012-10-04,0.0,10800.0,70.0,3470.0,False,False,False,False
2012-10-05,0.0,10300.0,72.5,3437.5,False,False,False,False
2012-10-06,0.0,9600.0,67.5,3377.5,False,False,False,False
2012-10-07,0.0,9050.0,62.5,3432.5,False,False,False,False
2012-10-08,0.0,8260.0,57.5,3482.5,False,False,False,False
2012-10-09,0.0,7690.0,57.5,3612.5,False,False,False,False
2012-10-10,0.0,7110.0,57.5,3435.0,False,False,False,False
2012-10-11,0.0,6600.0,57.5,3685.0,False,False,False,False
2012-10-12,0.0,6350.0,57.5,4375.0,False,False,False,False
2012-10-13,0.0,5760.0,57.5,4630.0,False,False,False,False
2012-10-14,0.0,5490.0,52.5,4327.5,False,False,False,False
2012-10-15,0.0,5220.0,52.5,3867.5,False,False,False,False
2012-10-16,0.0,5470.0,52.5,3707.5,False,False,False,False
2012-10-17,0.0,5540.0,47.5,3925.0,False,False,False,False
2012-10-18,0.0,5330.0,42.5,3765.0,False,False,False,False
2012-10-19,0.0,5990.0,42.5,3467.5,False,False,False,False
2012-10-20,0.0,15400.0,82.5,3507.5,False,False,False,False
2012-10-21,0.0,28900.0,97.5,3510.0,False,False,False,False
2012-10-22,0.0,20700.0,97.5,3447.5,False,False,False,False
2012-10-23,0.0,16300.0,87.5,3417.5,False,False,False,False
2012-10-24,0.0,14500.0,82.5,3382.5,False,False,False,False
2012-10-25,0.0,13300.0,77.5,3492.5,False,False,False,False
2012-10-26,0.0,13800.0,87.5,3835.0,False,False,False,False
2012-10-27,0.0,13500.0,77.5,3727.5,False,False,False,False
2012-10-28,0.0,13400.0,52.5,3730.0,False,False,False,False
2012-10-29,0.0,14400.0,57.5,4787.5,False,False,False,False
2012-10-31,0.0,25800.0,82.5,7032.5,False,False,False,False
2012-11-01,0.0,28600.0,92.5,6987.5,False,False,False,False
2012-11-02,0.0,26500.0,92.5,6587.5,False,False,False,False
2012-11-03,0.0,21300.0,77.5,6175.0,False,False,False,False
2012-11-04,0.0,17600.0,77.5,6265.0,False,False,False,False
2012-11-05,0.0,14900.0,72.5,6527.5,False,False,False,False
2012-11-06,0.0,13200.0,70.0,5897.5,False,False,False,False
2012-11-07,0.0,12500.0,67.5,5607.5,False,False,False,False
2012-11-08,0.0,11700.0,72.5,5340.0,False,False,False,False
2012-11-09,0.0,10800.0,75.0,4902.5,False,False,False,False
2012-11-10,0.0,10100.0,72.5,4610.0,False,False,False,False
2012-11-11,0.0,9390.0,67.5,4685.0,False,False,False,False
2012-11-12,0.0,8400.0,67.5,5047.5,False,False,False,False
2012-11-13,0.0,8260.0,57.5,5910.0,False,False,False,False
2012-11-14,0.0,10700.0,72.5,5520.0,False,False,False,False
2012-11-15,0.0,11900.0,77.5,5292.5,False,False,False,False
2012-11-16,0.0,11700.0,67.5,5147.5,False,False,False,False
2012-11-17,0.0,10500.0,57.5,5112.5,False,False,False,False
2012-11-18,0.0,9430.0,52.5,4810.0,False,False,False,False
2012-11-19,0.0,8610.0,52.5,4640.0,False,False,False,False
2012-11-20,0.0,8160.0,47.5,4827.5,False,False,False,False
2012-11-21,0.0,8280.0,42.5,4907.5,False,False,False,False
2012-11-22,0.0,8090.0,37.5,6187.5,False,False,False,False
2012-11-23,0.0,7650.0,37.5,5982.5,False,False,False,False
2012-11-24,0.0,6910.0,32.5,6475.0,False,False,False,False
2012-11-25,0.0,6680.0,27.5,6232.5,False,False,False,False
2012-11-27,0.0,6340.0,20.0,7007.5,False,False,False,False
2012-11-28,0.0,6700.0,22.5,6730.0,False,False,False,False
2012-11-29,0.0,6840.0,22.5,7507.5,False,False,False,False
2012-11-30,0.0,6400.0,22.5,7547.5,False,False,False,False
2012-12-01,0.0,6280.0,17.5,7890.0,False,False,False,False
2012-12-02,0.0,6010.0,12.5,7425.0,False,False,False,False
2012-12-03,0.0,5630.0,7.5,8350.0,False,False,False,False
2012-12-04,0.0,5550.0,12.5,9547.5,False,False,False,False
2012-12-05,0.0,5760.0,12.5,7960.0,False,False,False,False
2012-12-06,0.0,5870.0,17.5,7590.0,False,False,False,False
2012-12-07,0.0,5700.0,12.5,8722.5,False,False,False,False
2012-12-08,0.0,5800.0,12.5,8342.5,False,False,False,False
2012-12-09,0.0,5990.0,12.5,8262.5,False,False,False,False
2012-12-10,0.0,6630.0,17.5,8470.0,False,False,False,False
2012-12-11,0.0,7710.0,22.5,8760.0,False,False,False,False
2012-12-12,0.0,8220.0,22.5,8790.0,False,False,False,False
2012-12-13,0.0,8680.0,22.5,9287.5,False,False,False,False
2012-12-14,0.0,8640.0,22.5,8782.5,False,False,False,False
2012-12-15,0.0,8000.0,22.5,8697.5,False,False,False,False
2012-12-16,0.0,7640.0,22.5,8442.5,False,False,False,False
2012-12-17,0.0,6990.0,17.5,8325.0,False,False,False,False
2012-12-18,0.0,7810.0,17.5,8437.5,False,False,False,False
2012-12-19,0.0,10000.0,37.5,8495.0,False,False,False,False
2012-12-20,0.0,13500.0,62.5,8612.5,False,False,False,False
2012-12-21,0.0,29700.0,87.5,8930.0,False,False,False,False
2012-12-22,0.0,53900.0,97.5,8547.5,False,False,False,False
2012-12-23,0.0,50300.0,92.5,8960.0,False,False,False,False
2012-12-24,0.0,34400.0,92.5,8720.0,False,False,False,False
2012-12-25,0.0,28300.0,72.5,10475.0,False,False,False,False
2012-12-26,0.0,24400.0,72.5,9782.5,False,False,False,False
2012-12-27,0.0,26000.0,72.5,9292.5,False,False,False,False
2012-12-28,0.0,21100.0,60.0,9297.5,False,False,False,False
2012-12-29,0.0,17700.0,52.5,9432.5,False,False,False,False
2012-12-30,0.0,15500.0,47.5,10662.5,False,False,False,False
2012-12-31,0.0,14100.0,40.0,12075.0,False,False,False,False
2013-01-01,0.0,12800.0,27.5,12052.5,False,False,False,False
2013-01-02,0.0,12000.0,22.5,13050.0,False,False,False,False
2013-01-03,0.0,10700.0,22.5,11525.0,False,False,False,False
2013-01-04,0.0,9970.0,22.5,10142.5,False,False,False,False
2013-01-05,0.0,9730.0,17.5,10012.5,False,False,False,False
2013-01-06,0.0,9270.0,12.5,11325.0,False,False,False,False
2013-01-07,0.0,9130.0,12.5,10232.5,False,False,False,False
2013-01-08,0.0,9190.0,22.5,9422.5,False,False,False,False
2013-01-09,0.0,9270.0,27.5,9242.5,False,False,False,False
2013-01-10,0.0,8930.0,27.5,8892.5,False,False,False,False
2013-01-11,0.0,8600.0,27.5,8567.5,False,False,False,False
2013-01-12,0.0,9260.0,27.5,9035.0,False,False,False,False
2013-01-13,0.0,10100.0,25.0,10100.0,False,False,False,False
2013-01-14,0.0,10200.0,17.5,10625.0,False,False,False,False
2013-01-15,0.0,13200.0,32.5,12275.0,False,False,False,False
2013-01-16,0.0,20100.0,67.5,10775.0,False,False,False,False
2013-01-17,0.0,19100.0,67.5,10250.0,False,False,False,False
2013-01-18,0.0,16500.0,67.5,11152.5,False,False,False,False
2013-01-19,0.0,14800.0,67.5,10550.0,False,False,False,False
2013-01-20,0.0,13600.0,52.5,10300.0,False,False,False,False
2013-01-21,0.0,12800.0,52.5,10180.0,False,False,False,False
2013-01-22,0.0,12100.0,57.5,9977.5,False,False,False,False
2013-01-23,0.0,10100.0,35.0,9687.5,False,False,False,False
2013-01-24,0.0,8690.0,22.5,8832.5,False,False,False,False
2013-01-25,0.0,7980.0,22.5,8475.0,False,False,False,False
2013-01-26,0.0,8070.0,22.5,8752.5,False,False,False,False
2013-01-27,0.0,7910.0,17.5,8135.0,False,False,False,False
2013-01-28,0.0,8520.0,22.5,8730.0,False,False,False,False
2013-01-29,0.0,9330.0,27.5,9185.0,False,False,False,False
2013-01-30,0.0,10500.0,40.0,9912.5,False,False,False,False
2013-01-31,0.0,28400.0,92.5,9357.5,False,False,False,False
2013-02-01,0.0,44800.0,97.5,8800.0,False,False,False,False
2013-02-02,0.0,36500.0,97.5,8622.5,False,False,False,False
2013-02-03,0.0,26200.0,97.5,8960.0,False,False,False,False
2013-02-04,0.0,21000.0,77.5,8760.0,False,False,False,False
2013-02-05,0.0,18100.0,77.5,8517.5,False,False,False,False
2013-02-06,0.0,15800.0,67.5,7940.0,False,False,False,False
2013-02-07,0.0,14700.0,62.5,8040.0,False,False,False,False
2013-02-08,0.0,13400.0,67.5,7705.0,False,False,False,False
2013-02-09,0.0,12700.0,67.5,8352.5,False,False,False,False
2013-02-10,0.0,12100.0,62.5,7647.5,False,False,False,False
2013-02-11,0.0,11300.0,55.0,7627.5,False,False,False,False
2013-02-12,0.0,12200.0,62.5,7782.5,False,False,False,False
2013-02-13,0.0,12600.0,57.5,7920.0,False,False,False,False
2013-02-14,0.0,12000.0,52.5,7677.5,False,False,False,False
2013-02-15,0.0,11700.0,57.5,7522.5,False,False,False,False
2013-02-16,0.0,11700.0,57.5,8052.5,False,False,False,False
2013-02-17,0.0,11300.0,47.5,8600.0,False,False,False,False
2013-02-18,0.0,10100.0,37.5,8872.5,False,False,False,False
2013-02-19,0.0,9180.0,37.5,8567.5,False,False,False,False
2013-02-20,0.0,9450.0,37.5,8257.5,False,False,False,False
2013-02-21,0.0,8640.0,37.5,8320.0,False,False,False,False
2013-02-22,0.0,8250.0,22.5,8490.0,False,False,False,False
2013-02-23,0.0,7380.0,7.5,8287.5,False,False,False,False
2013-02-24,0.0,7710.0,17.5,8322.5,False,False,False,False
2013-02-25,0.0,7740.0,12.5,9002.5,False,False,False,False
2013-02-26,0.0,7360.0,12.5,9245.0,False,False,False,False
2013-02-27,0.0,9100.0,27.5,9000.0,False,False,False,False
2013-02-28,0.0,11200.0,37.5,8612.5,False,False,False,False
2013-03-01,0.0,11700.0,37.5,9360.0,False,False,False,False
2013-03-02,0.0,11800.0,32.5,11090.0,False,False,False,False
2013-03-03,0.0,10900.0,27.5,10502.5,False,False,False,False
2013-03-04,0.0,9640.0,17.5,9940.0,False,False,False,False
2013-03-05,0.0,8800.0,20.0,9700.0,False,False,False,False
2013-03-06,0.0,8460.0,17.5,9580.0,False,False,False,False
2013-03-07,0.0,8160.0,17.5,9607.5,False,False,False,False
2013-03-08,0.0,7980.0,17.5,9840.0,False,False,False,False
2013-03-09,0.0,8000.0,17.5,9200.0,False,False,False,False
2013-03-10,0.0,7890.0,12.5,9815.0,False,False,False,False
2013-03-11,0.0,7420.0,7.5,10425.0,False,False,False,False
2013-03-12,0.0,9270.0,7.5,11025.0,False,False,False,False
2013-03-13,0.0,28100.0,72.5,11375.0,False,False,False,False
2013-03-14,0.0,37700.0,87.5,11325.0,False,False,False,False
2013-03-15,0.0,28500.0,77.5,11125.0,False,False,False,False
2013-03-16,0.0,22700.0,72.5,10950.0,False,False,False,False
2013-03-17,0.0,19600.0,67.5,10575.0,False,False,False,False
2013-03-18,0.0,17100.0,52.5,11375.0,False,False,False,False
2013-03-19,0.0,17300.0,57.5,11125.0,False,False,False,False
2013-03-20,0.0,17700.0,67.5,10775.0,False,False,False,False
2013-03-21,0.0,15900.0,62.5,11375.0,False,False,False,False
2013-03-22,0.0,14300.0,47.5,12125.0,False,False,False,False
2013-03-23,0.0,13600.0,47.5,11750.0,False,False,False,False
2013-03-24,0.0,13000.0,40.0,12175.0,False,False,False,False
2013-03-25,0.0,12300.0,32.5,11800.0,False,False,False,False
2013-03-26,0.0,12000.0,32.5,10925.0,False,False,False,False
2013-03-27,0.0,11500.0,27.5,11250.0,False,False,False,False
2013-03-28,0.0,10700.0,25.0,10700.0,False,False,False,False
2013-03-29,0.0,10400.0,22.5,10625.0,False,False,False,False
2013-03-30,0.0,9950.0,17.5,12725.0,False,False,False,False
2013-03-31,0.0,9750.0,17.5,12650.0,False,False,False,False
2013-04-01,0.0,9710.0,17.5,12900.0,False,False,False,False
2013-04-02,0.0,9790.0,17.5,12575.0,False,False,False,False
2013-04-03,0.0,9980.0,17.5,12475.0,False,False,False,False
2013-04-04,0.0,9960.0,17.5,14775.0,False,False,False,False
2013-04-05,0.0,9200.0,17.5,13575.0,False,False,False,False
2013-04-06,0.0,8560.0,17.5,13050.0,False,False,False,False
2013-04-07,0.0,8100.0,17.5,12400.0,False,False,False,False
2013-04-08,0.0,7680.0,17.5,12425.0,False,False,False,False
2013-04-09,0.0,7440.0,7.5,11950.0,False,False,False,False
2013-04-10,0.0,7350.0,7.5,11525.0,False,False,False,False
2013-04-11,0.0,9520.0,12.5,11950.0,False,False,False,False
2013-04-12,0.0,11000.0,17.5,12075.0,False,False,False,False
2013-04-13,0.0,15600.0,42.5,13125.0,False,False,False,False
2013-04-14,0.0,14800.0,37.5,12375.0,False,False,False,False
2013-04-15,0.0,13500.0,37.5,11575.0,False,False,False,False
2013-04-16,0.0,11900.0,30.0,11875.0,False,False,False,False
2013-04-17,0.0,10800.0,27.5,10700.0,False,False,False,False
2013-04-18,0.0,10100.0,27.5,10002.5,False,False,False,False
2013-04-19,0.0,10100.0,27.5,9877.5,False,False,False,False
2013-04-20,0.0,14700.0,57.5,10500.0,False,False,False,False
2013-04-21,0.0,17400.0,57.5,9672.5,False,False,False,False
2013-04-22,0.0,17400.0,57.5,9805.0,False,False,False,False
2013-04-23,0.0,14800.0,47.5,10850.0,False,False,False,False
2013-04-24,0.0,13500.0,32.5,10900.0,False,False,False,False
2013-04-25,0.0,12500.0,27.5,11875.0,False,False,False,False
2013-04-26,0.0,11800.0,22.5,11875.0,False,False,False,False
2013-04-27,0.0,10700.0,27.5,10650.0,False,False,False,False
2013-04-28,0.0,9810.0,27.5,9785.0,False,False,False,False
2013-04-29,0.0,9180.0,22.5,9945.0,False,False,False,False
2013-04-30,0.0,8850.0,22.5,9787.5,False,False,False,False
2013-05-01,0.0,8980.0,22.5,9422.5,False,False,False,False
2013-05-02,0.0,8320.0,17.5,9722.5,False,False,False,False
2013-05-03,0.0,7830.0,17.5,9352.5,False,False,False,False
2013-05-04,0.0,7530.0,2.5,9652.5,False,False,False,False
2013-05-05,0.0,6780.0,2.5,9705.0,False,False,False,False
2013-05-06,0.0,6270.0,2.5,9940.0,False,False,False,False
2013-05-07,0.0,6120.0,2.5,11175.0,False,False,False,False
2013-05-08,0.0,6000.0,2.5,10262.5,False,False,False,False
2013-05-09,0.0,7680.0,12.5,9575.0,False,False,False,False
2013-05-10,0.0,9390.0,17.5,10375.0,False,False,False,False
2013-05-11,0.0,11600.0,32.5,10667.5,False,False,False,False
2013-05-12,0.0,12200.0,42.5,10057.5,False,False,False,False
2013-05-13,0.0,10200.0,22.5,10275.0,False,False,False,False
2013-05-14,0.0,10700.0,37.5,9897.5,False,False,False,False
2013-05-15,0.0,9720.0,27.5,9632.5,False,False,False,False
2013-05-16,0.0,8900.0,27.5,8867.5,False,False,False,False
2013-05-17,0.0,8090.0,7.5,8507.5,False,False,False,False
2013-05-18,0.0,7310.0,7.5,8247.5,False,False,False,False
2013-05-19,0.0,6890.0,7.5,8890.0,False,False,False,False
2013-05-20,0.0,6550.0,7.5,8042.5,False,False,False,False
2013-05-21,239873.63117015595,6050.0,7.5,7547.5,False,False,False,True
2013-05-22,315710.4929210284,6050.0,7.5,7412.5,False,False,False,True
2013-05-23,0.0,6060.0,12.5,6805.0,False,False,False,False
2013-05-24,0.0,9360.0,42.5,6385.0,False,False,False,False
2013-05-25,0.0,11300.0,62.5,6102.5,False,False,False,False
2013-05-26,0.0,11400.0,67.5,5960.0,False,False,False,False
2013-05-27,0.0,10200.0,72.5,5857.5,False,False,False,False
2013-05-28,0.0,9160.0,47.5,6227.5,False,False,False,False
2013-05-29,0.0,8660.0,47.5,6310.0,False,False,False,False
2013-05-30,62614.807102713734,9230.0,47.5,6187.5,False,False,False,True
2013-05-31,254563.80597156764,9680.0,47.5,6547.5,False,False,False,True
2013-06-01,301040.5219347609,10800.0,62.5,6907.5,False,False,False,True
2013-06-02,264865.40855532704,12100.0,72.5,7187.5,False,False,False,True
2013-06-03,0.0,11900.0,65.0,6290.0,False,False,False,False
2013-06-04,0.0,10700.0,55.0,7347.5,False,False,False,False
2013-06-05,0.0,9210.0,47.5,7467.5,False,False,False,False
2013-06-06,0.0,8340.0,32.5,7550.0,False,False,False,False
2013-06-07,0.0,12000.0,77.5,7350.0,False,False,False,False
2013-06-08,0.0,24600.0,92.5,6465.0,False,False,False,False
2013-06-09,0.0,18600.0,92.5,6607.5,False,False,False,False
2013-06-10,0.0,17800.0,97.5,6280.0,False,False,False,False
2013-06-11,0.0,29500.0,97.5,6077.5,False,False,False,False
2013-06-12,0.0,38200.0,97.5,6210.0,False,False,False,False
2013-06-13,0.0,34300.0,97.5,5882.5,False,False,False,False
2013-06-14,0.0,37500.0,97.5,5892.5,False,False,False,False
2013-06-17,0.0,34500.0,97.5,5292.5,False,False,False,False
2013-06-18,0.0,28300.0,97.5,5345.0,False,False,False,False
2013-06-19,0.0,24300.0,92.5,5262.5,False,False,False,False
2013-06-20,0.0,19900.0,87.5,5407.5,False,False,False,False
2013-06-21,0.0,17000.0,87.5,5322.5,False,False,False,False
2013-06-22,0.0,14600.0,87.5,5005.0,False,False,False,False
2013-06-23,314850.29302273685,12700.0,82.5,5077.5,False,False,False,True
2013-06-24,835723.5676522527,11100.0,72.5,4907.5,False,False,False,True
2013-06-25,839737.3843455438,9900.0,67.5,4910.0,False,False,False,True
2013-06-26,444148.11651942844,9240.0,67.5,4690.0,False,False,False,True
2013-06-27,1046354.004497711,9040.0,57.5,4682.5,False,False,False,True
2013-06-28,129232.42263862115,10600.0,62.5,4862.5,False,False,False,True
2013-06-29,0.0,22200.0,92.5,4702.5,False,False,False,False
2013-06-30,657762.6404398639,26800.0,92.5,4892.5,False,False,False,True
2013-07-01,660927.2578779536,27800.0,87.5,4967.5,False,False,False,True
2013-07-02,989159.103069087,34800.0,87.5,5017.5,False,False,False,True
2013-07-03,1626594.7377694168,39100.0,92.5,4840.0,False,False,True,True
2013-07-04,2231268.8401569393,32000.0,92.5,4777.5,False,False,True,True
2013-07-05,1916083.1710672285,25000.0,87.5,4725.0,False,False,True,True
2013-07-06,2556603.4724390935,19600.0,82.5,4557.5,False,False,True,True
2013-07-07,1990709.8298538541,15200.0,82.5,4660.0,False,False,True,True
2013-07-08,591034.1862160567,13300.0,77.5,4815.0,False,False,False,True
2013-07-09,954857.6023248204,12100.0,82.5,4832.5,False,False,False,True
2013-07-10,2084769.0139450547,11100.0,72.5,4832.5,False,False,True,True
2013-07-11,442324.5105374181,10300.0,57.5,5005.0,False,False,False,True
2013-07-12,0.0,9750.0,57.5,4762.5,False,False,False,False
2013-07-13,1563495.9821784503,9530.0,62.5,4707.5,False,False,True,True
2013-07-14,2017049.3981876313,9810.0,72.5,4580.0,False,False,True,True
2013-07-15,2527628.3618404567,8520.0,67.5,4635.0,False,False,True,True
2013-07-16,1875802.1602049228,7480.0,57.5,4657.5,False,False,True,True
2013-07-17,2085493.822466203,7260.0,67.5,4500.0,False,False,True,True
2013-07-18,2898246.4892683565,6790.0,52.5,4710.0,False,False,True,True
2013-07-19,3926761.8857117435,6370.0,52.5,4955.0,False,False,True,True
2013-07-20,2058083.4150957605,6420.0,62.5,4502.5,False,False,True,True
2013-07-21,894590.7892763142,6400.0,57.5,4465.0,False,False,False,True
2013-07-22,1195158.412647244,6260.0,57.5,4282.5,False,False,True,True
2013-07-23,1130695.156713403,8900.0,77.5,4240.0,False,False,True,True
2013-07-24,0.0,9290.0,72.5,4320.0,False,False,False,False
2013-07-25,0.0,6930.0,57.5,4307.5,False,False,False,False
2013-07-26,0.0,6160.0,32.5,5090.0,False,False,False,False
2013-07-27,0.0,5600.0,32.5,4667.5,False,False,False,False
2013-07-28,193608.76202498373,5130.0,32.5,4550.0,False,False,False,True
2013-07-29,0.0,8500.0,72.5,5232.5,False,False,False,False
2013-07-30,0.0,8400.0,67.5,4860.0,False,False,False,False
2013-07-31,0.0,6820.0,42.5,5200.0,False,False,False,False
2013-08-01,0.0,6240.0,42.5,5075.0,False,False,False,False
2013-08-02,0.0,6390.0,57.5,5037.5,False,False,False,False
2013-08-03,0.0,6120.0,52.5,4967.5,False,False,False,False
2013-08-04,0.0,5910.0,47.5,4842.5,False,False,False,False
2013-08-05,0.0,5790.0,47.5,4585.0,False,False,False,False
2013-08-06,0.0,5240.0,47.5,4565.0,False,False,False,False
2013-08-07,0.0,4840.0,42.5,4652.5,False,False,False,False
2013-08-08,1009214.9248161386,4630.0,32.5,4337.5,False,False,False,True
2013-08-09,2046224.3637897412,5190.0,52.5,4117.5,False,False,True,True
2013-08-10,107018.37069454772,15400.0,87.5,4135.0,False,False,False,True
2013-08-11,0.0,21800.0,87.5,4310.0,False,False,False,False
2013-08-12,0.0,15800.0,82.5,4350.0,False,False,False,False
2013-08-13,0.0,14000.0,82.5,4470.0,False,False,False,False
2013-08-14,0.0,13700.0,82.5,4710.0,False,False,False,False
2013-08-15,0.0,10700.0,77.5,4495.0,False,False,False,False
2013-08-16,0.0,9240.0,77.5,4447.5,False,False,False,False
2013-08-17,0.0,7810.0,72.5,4370.0,False,False,False,False
2013-08-18,0.0,6940.0,72.5,4280.0,False,False,False,False
2013-08-19,0.0,6520.0,52.5,4175.0,False,False,False,False
2013-08-20,0.0,6150.0,52.5,4057.5,False,False,False,False
2013-08-21,0.0,5800.0,52.5,3770.0,False,False,False,False
2013-08-22,330676.43002706056,5550.0,47.5,4075.0,False,False,False,True
2013-08-23,0.0,5680.0,42.5,5295.0,False,False,False,False
2013-08-24,0.0,5750.0,42.5,4560.0,False,False,False,False
2013-08-25,0.0,5530.0,32.5,4760.0,False,False,False,False
2013-08-26,0.0,5250.0,47.5,4290.0,False,False,False,False
2013-08-27,44487.21448879399,4970.0,52.5,4240.0,False,False,False,True
2013-08-28,222055.1317790121,4860.0,47.5,4102.5,False,False,False,True
2013-08-29,0.0,9210.0,72.5,4010.0,False,False,False,False
2013-08-30,260658.775571355,7760.0,67.5,3930.0,False,False,False,True
2013-08-31,1117148.977885576,7550.0,67.5,3592.5,False,False,False,True
2013-09-01,853173.8132818872,7310.0,67.5,3610.0,False,False,False,True
2013-09-02,647427.4891236476,9490.0,67.5,3595.0,False,False,False,True
2013-09-03,0.0,9680.0,75.0,3425.0,False,False,False,False
2013-09-04,0.0,8310.0,67.5,3487.5,False,False,False,False
2013-09-05,0.0,9520.0,82.5,3325.0,False,False,False,False
2013-09-06,0.0,8070.0,72.5,3600.0,False,False,False,False
2013-09-07,0.0,6540.0,52.5,3780.0,False,False,False,False
2013-09-08,0.0,5830.0,52.5,3645.0,False,False,False,False
2013-09-09,0.0,5570.0,57.5,3482.5,False,False,False,False
2013-09-10,992892.884006528,4910.0,42.5,3707.5,False,False,False,True
2013-09-11,1979856.8939801324,4820.0,37.5,3937.5,False,False,True,True
2013-09-12,939622.8411494951,5030.0,42.5,3855.0,False,False,False,True
2013-09-13,0.0,5860.0,62.5,3815.0,False,False,False,False
2013-09-14,0.0,6240.0,57.5,3730.0,False,False,False,False
2013-09-15,0.0,6260.0,57.5,3675.0,False,False,False,False
2013-09-16,0.0,5770.0,62.5,3587.5,False,False,False,False
2013-09-17,0.0,5200.0,62.5,3417.5,False,False,False,False
2013-09-18,0.0,4710.0,62.5,3412.5,False,False,False,False
2013-09-19,0.0,4270.0,57.5,3385.0,False,False,False,False
2013-09-20,0.0,4010.0,47.5,3455.0,False,False,False,False
2013-09-21,0.0,3850.0,47.5,3275.0,False,False,False,False
2013-09-22,0.0,4220.0,62.5,3117.5,False,False,False,False
2013-09-23,0.0,4480.0,62.5,3080.0,False,False,False,False
2013-09-24,0.0,4380.0,62.5,3237.5,False,False,False,False
2013-09-25,0.0,3860.0,57.5,3227.5,False,False,False,False
2013-09-26,0.0,3910.0,52.5,3232.5,False,False,False,False
2013-09-27,0.0,3820.0,42.5,3180.0,False,False,False,False
2013-09-28,0.0,3680.0,42.5,3177.5,False,False,False,False
2013-09-29,0.0,3600.0,42.5,3370.0,False,False,False,False
2013-09-30,0.0,3290.0,27.5,3282.5,False,False,False,False
2013-10-01,0.0,3280.0,17.5,3480.0,False,False,False,False
2013-10-02,0.0,3770.0,22.5,3792.5,False,False,False,False
2013-10-03,0.0,3640.0,27.5,3572.5,False,False,False,False
2013-10-04,0.0,3540.0,27.5,3470.0,False,False,False,False
2013-10-05,0.0,3510.0,27.5,3437.5,False,False,False,False
2013-10-06,0.0,3370.0,22.5,3377.5,False,False,False,False
2013-10-07,0.0,3550.0,37.5,3432.5,False,False,False,False
2013-10-08,0.0,4500.0,47.5,3482.5,False,False,False,False
2013-10-09,0.0,5230.0,47.5,3612.5,False,False,False,False
2013-10-10,0.0,5080.0,45.0,3435.0,False,False,False,False
2013-10-11,0.0,5070.0,42.5,3685.0,False,False,False,False
2013-10-12,0.0,5080.0,42.5,4375.0,False,False,False,False
2013-10-13,0.0,4670.0,27.5,4630.0,False,False,False,False
2013-10-14,0.0,4730.0,47.5,4327.5,False,False,False,False
2013-10-15,0.0,4060.0,42.5,3867.5,False,False,False,False
2013-10-16,0.0,3500.0,17.5,3707.5,False,False,False,False
2013-10-17,0.0,3460.0,17.5,3925.0,False,False,False,False
2013-10-18,0.0,3540.0,17.5,3765.0,False,False,False,False
2013-10-19,0.0,3380.0,15.0,3467.5,False,False,False,False
2013-10-20,0.0,3600.0,32.5,3507.5,False,False,False,False
2013-10-21,0.0,3520.0,27.5,3510.0,False,False,False,False
2013-10-22,0.0,3330.0,17.5,3447.5,False,False,False,False
2013-10-23,0.0,3240.0,12.5,3417.5,False,False,False,False
2013-10-24,0.0,3050.0,7.5,3382.5,False,False,False,False
2013-10-25,0.0,2870.0,7.5,3492.5,False,False,False,False
2013-10-26,0.0,2860.0,2.5,3835.0,False,False,False,False
2013-10-27,0.0,2980.0,2.5,3727.5,False,False,False,False
2013-10-28,0.0,3010.0,2.5,3730.0,False,False,False,False
2013-10-29,0.0,3050.0,7.5,4787.5,False,False,False,False
2013-10-30,0.0,3060.0,7.5,6080.0,False,False,False,False
2013-10-31,0.0,3230.0,7.5,7032.5,False,False,False,False
2013-11-01,0.0,3300.0,7.5,6987.5,False,False,False,False
2013-11-02,0.0,3240.0,7.5,6587.5,False,False,False,False
2013-11-03,0.0,3300.0,12.5,6175.0,False,False,False,False
2013-11-04,0.0,3400.0,12.5,6265.0,False,False,False,False
2013-11-05,0.0,3780.0,17.5,6527.5,False,False,False,False
2013-11-06,0.0,3770.0,17.5,5897.5,False,False,False,False
2013-11-07,0.0,3490.0,17.5,5607.5,False,False,False,False
2013-11-08,0.0,3100.0,12.5,5340.0,False,False,False,False
2013-11-09,0.0,2920.0,7.5,4902.5,False,False,False,False
2013-11-10,0.0,3150.0,17.5,4610.0,False,False,False,False
2013-11-11,0.0,3520.0,17.5,4685.0,False,False,False,False
2013-11-12,0.0,3390.0,17.5,5047.5,False,False,False,False
2013-11-13,0.0,3300.0,17.5,5910.0,False,False,False,False
2013-11-14,0.0,3190.0,12.5,5520.0,False,False,False,False
2013-11-15,0.0,3020.0,12.5,5292.5,False,False,False,False
2013-11-16,0.0,3030.0,12.5,5147.5,False,False,False,False
2013-11-17,0.0,3070.0,7.5,5112.5,False,False,False,False
2013-11-18,0.0,3070.0,2.5,4810.0,False,False,False,False
2013-11-19,0.0,3090.0,2.5,4640.0,False,False,False,False
2013-11-20,0.0,2990.0,2.5,4827.5,False,False,False,False
2013-11-21,0.0,3320.0,7.5,4907.5,False,False,False,False
2013-11-22,0.0,3800.0,12.5,6187.5,False,False,False,False
2013-11-23,0.0,3260.0,7.5,5982.5,False,False,False,False
2013-11-24,0.0,3150.0,7.5,6475.0,False,False,False,False
2013-11-25,0.0,3070.0,7.5,6232.5,False,False,False,False
2013-11-26,0.0,3290.0,7.5,6075.0,False,False,False,False
2013-11-27,0.0,7570.0,37.5,7007.5,False,False,False,False
2013-11-28,0.0,9990.0,52.5,6730.0,False,False,False,False
2013-11-29,0.0,14100.0,72.5,7507.5,False,False,False,False
2013-11-30,0.0,11800.0,57.5,7547.5,False,False,False,False
2013-12-01,0.0,9140.0,37.5,7890.0,False,False,False,False
2013-12-02,0.0,7610.0,27.5,7425.0,False,False,False,False
2013-12-03,0.0,6910.0,22.5,8350.0,False,False,False,False
2013-12-04,0.0,6450.0,17.5,9547.5,False,False,False,False
2013-12-05,0.0,5930.0,17.5,7960.0,False,False,False,False
2013-12-06,0.0,5780.0,12.5,7590.0,False,False,False,False
2013-12-07,0.0,8990.0,32.5,8722.5,False,False,False,False
2013-12-08,0.0,11000.0,42.5,8342.5,False,False,False,False
2013-12-09,0.0,10600.0,45.0,8262.5,False,False,False,False
2013-12-10,0.0,10100.0,37.5,8470.0,False,False,False,False
2013-12-11,0.0,9110.0,27.5,8760.0,False,False,False,False
2013-12-12,0.0,8190.0,17.5,8790.0,False,False,False,False
2013-12-13,0.0,7230.0,17.5,9287.5,False,False,False,False
2013-12-14,0.0,6380.0,17.5,8782.5,False,False,False,False
2013-12-15,0.0,6540.0,17.5,8697.5,False,False,False,False
2013-12-16,0.0,5870.0,12.5,8442.5,False,False,False,False
2013-12-17,0.0,5510.0,12.5,8325.0,False,False,False,False
2013-12-18,0.0,5290.0,12.5,8437.5,False,False,False,False
2013-12-19,0.0,5560.0,12.5,8495.0,False,False,False,False
2013-12-20,0.0,5460.0,7.5,8612.5,False,False,False,False
2013-12-21,0.0,5950.0,7.5,8930.0,False,False,False,False
2013-12-22,0.0,8700.0,27.5,8547.5,False,False,False,False
2013-12-23,0.0,13800.0,62.5,8960.0,False,False,False,False
2013-12-24,0.0,30700.0,87.5,8720.0,False,False,False,False
2013-12-25,0.0,25300.0,62.5,10475.0,False,False,False,False
2013-12-26,0.0,18600.0,57.5,9782.5,False,False,False,False
2013-12-27,0.0,14600.0,32.5,9292.5,False,False,False,False
2013-12-28,0.0,12400.0,32.5,9297.5,False,False,False,False
2013-12-29,0.0,12600.0,37.5,9432.5,False,False,False,False
2013-12-30,0.0,17200.0,52.5,10662.5,False,False,False,False
2013-12-31,0.0,19500.0,62.5,12075.0,False,False,False,False
2014-01-01,0.0,18400.0,52.5,12052.5,False,False,False,False
2014-01-02,0.0,14500.0,32.5,13050.0,False,False,False,False
2014-01-03,0.0,13100.0,32.5,11525.0,False,False,False,False
2014-01-04,0.0,10200.0,27.5,10142.5,False,False,False,False
2014-01-05,0.0,9750.0,22.5,10012.5,False,False,False,False
2014-01-06,0.0,13900.0,42.5,11325.0,False,False,False,False
2014-01-08,0.0,21600.0,82.5,9422.5,False,False,False,False
2014-01-09,0.0,17900.0,67.5,9242.5,False,False,False,False
2014-01-10,0.0,15600.0,62.5,8892.5,False,False,False,False
2014-01-11,0.0,19300.0,67.5,8567.5,False,False,False,False
2014-01-12,0.0,35100.0,92.5,9035.0,False,False,False,False
2014-01-13,0.0,40900.0,92.5,10100.0,False,False,False,False
2014-01-14,0.0,34000.0,87.5,10625.0,False,False,False,False
2014-01-15,0.0,31200.0,82.5,12275.0,False,False,False,False
2014-01-16,0.0,28700.0,82.5,10775.0,False,False,False,False
2014-01-17,0.0,24100.0,77.5,10250.0,False,False,False,False
2014-01-18,0.0,20400.0,77.5,11152.5,False,False,False,False
2014-01-19,0.0,18300.0,72.5,10550.0,False,False,False,False
2014-01-20,0.0,16800.0,62.5,10300.0,False,False,False,False
2014-01-21,0.0,15900.0,67.5,10180.0,False,False,False,False
2014-01-22,0.0,14300.0,67.5,9977.5,False,False,False,False
2014-01-23,0.0,12000.0,57.5,9687.5,False,False,False,False
2014-01-24,0.0,10400.0,42.5,8832.5,False,False,False,False
2014-01-25,0.0,10200.0,37.5,8475.0,False,False,False,False
2014-01-26,0.0,10600.0,37.5,8752.5,False,False,False,False
2014-01-27,0.0,10800.0,37.5,8135.0,False,False,False,False
2014-01-28,0.0,10900.0,42.5,8730.0,False,False,False,False
2014-01-29,0.0,10200.0,42.5,9185.0,False,False,False,False
2014-01-30,0.0,9950.0,32.5,9912.5,False,False,False,False
2014-01-31,0.0,9800.0,32.5,9357.5,False,False,False,False
2014-02-01,0.0,9350.0,27.5,8800.0,False,False,False,False
2014-02-02,0.0,9200.0,32.5,8622.5,False,False,False,False
2014-02-03,0.0,9100.0,27.5,8960.0,False,False,False,False
2014-02-04,0.0,8050.0,12.5,8760.0,False,False,False,False
2014-02-05,0.0,7850.0,22.5,8517.5,False,False,False,False
2014-02-06,0.0,7400.0,17.5,7940.0,False,False,False,False
2014-02-07,0.0,7350.0,17.5,8040.0,False,False,False,False
2014-02-08,0.0,6950.0,12.5,7705.0,False,False,False,False
2014-02-09,0.0,6650.0,17.5,8352.5,False,False,False,False
2014-02-10,0.0,6300.0,7.5,7647.5,False,False,False,False
2014-02-11,0.0,5900.0,7.5,7627.5,False,False,False,False
2014-02-12,0.0,5850.0,7.5,7782.5,False,False,False,False
2014-02-13,0.0,6200.0,17.5,7920.0,False,False,False,False
2014-02-14,0.0,6500.0,22.5,7677.5,False,False,False,False
2014-02-15,0.0,6750.0,17.5,7522.5,False,False,False,False
2014-02-16,0.0,6700.0,12.5,8052.5,False,False,False,False
2014-02-17,0.0,6600.0,12.5,8600.0,False,False,False,False
2014-02-18,0.0,6700.0,12.5,8872.5,False,False,False,False
2014-02-19,0.0,6700.0,12.5,8567.5,False,False,False,False
2014-02-20,0.0,7400.0,17.5,8257.5,False,False,False,False
2014-02-21,0.0,8350.0,27.5,8320.0,False,False,False,False
2014-02-22,0.0,9500.0,37.5,8490.0,False,False,False,False
2014-02-23,0.0,10400.0,47.5,8287.5,False,False,False,False
2014-02-24,0.0,11100.0,47.5,8322.5,False,False,False,False
2014-02-25,0.0,10900.0,45.0,9002.5,False,False,False,False
2014-02-26,0.0,9800.0,32.5,9245.0,False,False,False,False
2014-02-27,0.0,8700.0,22.5,9000.0,False,False,False,False
2014-02-28,0.0,8050.0,17.5,8612.5,False,False,False,False
2014-03-01,0.0,7950.0,12.5,9360.0,False,False,False,False
2014-03-02,0.0,7850.0,7.5,11090.0,False,False,False,False
2014-03-03,0.0,7400.0,7.5,10502.5,False,False,False,False
2014-03-04,0.0,6650.0,7.5,9940.0,False,False,False,False
2014-03-05,0.0,7010.0,7.5,9700.0,False,False,False,False
2014-03-06,0.0,6820.0,7.5,9580.0,False,False,False,False
2014-03-07,0.0,6120.0,7.5,9607.5,False,False,False,False
2014-03-08,0.0,6170.0,7.5,9840.0,False,False,False,False
2014-03-09,0.0,7050.0,7.5,9200.0,False,False,False,False
2014-03-10,0.0,8570.0,17.5,9815.0,False,False,False,False
2014-03-11,0.0,10200.0,22.5,10425.0,False,False,False,False
2014-03-12,0.0,14600.0,52.5,11025.0,False,False,False,False
2014-03-13,0.0,20400.0,62.5,11375.0,False,False,False,False
2014-03-14,0.0,18100.0,62.5,11325.0,False,False,False,False
2014-03-15,0.0,16400.0,57.5,11125.0,False,False,False,False
2014-03-16,0.0,16200.0,47.5,10950.0,False,False,False,False
2014-03-17,0.0,15100.0,42.5,10575.0,False,False,False,False
2014-03-18,0.0,13400.0,42.5,11375.0,False,False,False,False
2014-03-19,0.0,11800.0,37.5,11125.0,False,False,False,False
2014-03-20,0.0,14700.0,47.5,10775.0,False,False,False,False
2014-03-21,0.0,15200.0,52.5,11375.0,False,False,False,False
2014-03-22,0.0,15800.0,62.5,12125.0,False,False,False,False
2014-03-23,0.0,16000.0,57.5,11750.0,False,False,False,False
2014-03-24,0.0,16200.0,55.0,12175.0,False,False,False,False
2014-03-25,0.0,14700.0,42.5,11800.0,False,False,False,False
2014-03-26,0.0,12900.0,42.5,10925.0,False,False,False,False
2014-03-27,0.0,11600.0,32.5,11250.0,False,False,False,False
2014-03-28,0.0,10700.0,25.0,10700.0,False,False,False,False
2014-03-29,0.0,10700.0,27.5,10625.0,False,False,False,False
2014-03-30,0.0,24400.0,72.5,12725.0,False,False,False,False
2014-03-31,0.0,43700.0,82.5,12650.0,False,False,False,False
2014-04-01,0.0,43100.0,82.5,12900.0,False,False,False,False
2014-04-02,0.0,34500.0,82.5,12575.0,False,False,False,False
2014-04-03,0.0,29700.0,77.5,12475.0,False,False,False,False
2014-04-04,0.0,27500.0,72.5,14775.0,False,False,False,False
2014-04-05,0.0,26300.0,67.5,13575.0,False,False,False,False
2014-04-06,0.0,24900.0,52.5,13050.0,False,False,False,False
2014-04-07,0.0,22400.0,47.5,12400.0,False,False,False,False
2014-04-08,0.0,21500.0,57.5,12425.0,False,False,False,False
2014-04-09,0.0,21500.0,62.5,11950.0,False,False,False,False
2014-04-10,0.0,21900.0,72.5,11525.0,False,False,False,False
2014-04-11,0.0,20700.0,72.5,11950.0,False,False,False,False
2014-04-12,0.0,19200.0,65.0,12075.0,False,False,False,False
2014-04-13,0.0,18200.0,52.5,13125.0,False,False,False,False
2014-04-14,0.0,17100.0,47.5,12375.0,False,False,False,False
2014-04-15,0.0,20600.0,67.5,11575.0,False,False,False,False
2014-04-16,0.0,35400.0,87.5,11875.0,False,False,False,False
2014-04-17,0.0,43800.0,82.5,10700.0,False,False,False,False
2014-04-18,0.0,35400.0,82.5,10002.5,False,False,False,False
2014-04-19,0.0,29300.0,72.5,9877.5,False,False,False,False
2014-04-20,0.0,23900.0,72.5,10500.0,False,False,False,False
2014-04-21,0.0,20700.0,72.5,9672.5,False,False,False,False
2014-04-22,0.0,19100.0,72.5,9805.0,False,False,False,False
2014-04-23,0.0,17400.0,67.5,10850.0,False,False,False,False
2014-04-24,0.0,15800.0,47.5,10900.0,False,False,False,False
2014-04-25,0.0,14600.0,42.5,11875.0,False,False,False,False
2014-04-26,0.0,14300.0,47.5,11875.0,False,False,False,False
2014-04-27,0.0,13400.0,47.5,10650.0,False,False,False,False
2014-04-28,0.0,12000.0,47.5,9785.0,False,False,False,False
2014-04-29,0.0,11300.0,35.0,9945.0,False,False,False,False
2014-04-30,0.0,30600.0,92.5,9787.5,False,False,False,False
2014-05-01,0.0,74900.0,97.5,9422.5,False,False,False,False
2014-05-02,0.0,55700.0,92.5,9722.5,False,False,False,False
2014-05-03,0.0,40300.0,87.5,9352.5,False,False,False,False
2014-05-04,0.0,30500.0,87.5,9652.5,False,False,False,False
2014-05-05,0.0,24900.0,77.5,9705.0,False,False,False,False
2014-05-06,0.0,21200.0,72.5,9940.0,False,False,False,False
2014-05-07,0.0,18200.0,62.5,11175.0,False,False,False,False
2014-05-08,0.0,16500.0,62.5,10262.5,False,False,False,False
2014-05-09,0.0,15600.0,57.5,9575.0,False,False,False,False
2014-05-10,0.0,14800.0,57.5,10375.0,False,False,False,False
2014-05-11,0.0,15400.0,67.5,10667.5,False,False,False,False
2014-05-12,0.0,13800.0,62.5,10057.5,False,False,False,False
2014-05-13,0.0,12900.0,57.5,10275.0,False,False,False,False
2014-05-14,0.0,12300.0,55.0,9897.5,False,False,False,False
2014-05-15,0.0,11300.0,52.5,9632.5,False,False,False,False
2014-05-16,0.0,13100.0,67.5,8867.5,False,False,False,False
2014-05-17,0.0,38900.0,92.5,8507.5,False,False,False,False
2014-05-18,0.0,56300.0,97.5,8247.5,False,False,False,False
2014-05-19,0.0,42700.0,97.5,8890.0,False,False,False,False
2014-05-20,0.0,32700.0,87.5,8042.5,False,False,False,False
2014-05-21,0.0,26100.0,82.5,7547.5,False,False,False,False
2014-05-22,0.0,25700.0,87.5,7412.5,False,False,False,False
2014-05-23,0.0,27400.0,87.5,6805.0,False,False,False,False
2014-05-24,0.0,22900.0,87.5,6385.0,False,False,False,False
2014-05-25,0.0,18800.0,87.5,6102.5,False,False,False,False
2014-05-26,0.0,16400.0,87.5,5960.0,False,False,False,False
2014-05-27,0.0,14600.0,82.5,5857.5,False,False,False,False
2014-05-28,0.0,13100.0,77.5,6227.5,False,False,False,False
2014-05-29,0.0,12400.0,67.5,6310.0,False,False,False,False
2014-05-30,0.0,11500.0,57.5,6187.5,False,False,False,False
2014-05-31,0.0,10700.0,62.5,6547.5,False,False,False,False
2014-06-01,0.0,9650.0,52.5,6907.5,False,False,False,False
2014-06-02,0.0,8170.0,37.5,7187.5,False,False,False,False
2014-06-03,0.0,7760.0,37.5,6290.0,False,False,False,False
2014-06-04,0.0,7750.0,37.5,7347.5,False,False,False,False
2014-06-05,0.0,8210.0,37.5,7467.5,False,False,False,False
2014-06-06,0.0,9620.0,57.5,7550.0,False,False,False,False
2014-06-07,0.0,9100.0,57.5,7350.0,False,False,False,False
2014-06-08,0.0,8070.0,42.5,6465.0,False,False,False,False
2014-06-09,0.0,7720.0,42.5,6607.5,False,False,False,False
2014-06-10,70283.14506908384,7630.0,42.5,6280.0,False,False,False,True
2014-06-11,0.0,7140.0,42.5,6077.5,False,False,False,False
2014-06-12,0.0,7020.0,37.5,6210.0,False,False,False,False
2014-06-13,205814.278217459,10100.0,52.5,5882.5,False,False,False,True
2014-06-14,0.0,21100.0,87.5,5892.5,False,False,False,False
2014-06-15,0.0,26100.0,92.5,5750.0,False,False,False,False
2014-06-16,0.0,21100.0,92.5,5690.0,False,False,False,False
2014-06-17,435402.56323596847,16000.0,87.5,5292.5,False,False,False,True
2014-06-18,70283.14506908384,12700.0,77.5,5345.0,False,False,False,True
2014-06-19,0.0,11600.0,82.5,5262.5,False,False,False,False
2014-06-20,0.0,10700.0,82.5,5407.5,False,False,False,False
2014-06-21,0.0,9960.0,77.5,5322.5,False,False,False,False
2014-06-22,0.0,8990.0,72.5,5005.0,False,False,False,False
2014-06-23,0.0,7800.0,67.5,5077.5,False,False,False,False
2014-06-24,0.0,7150.0,57.5,4907.5,False,False,False,False
2014-06-25,1016532.642727935,6850.0,57.5,4910.0,False,False,False,True
2014-06-26,0.0,7430.0,57.5,4690.0,False,False,False,False
2014-06-27,0.0,9230.0,62.5,4682.5,False,False,False,False
2014-06-28,0.0,15100.0,77.5,4862.5,False,False,False,False
2014-06-29,0.0,11800.0,62.5,4702.5,False,False,False,False
2014-06-30,0.0,9630.0,62.5,4892.5,False,False,False,False
2014-07-01,1226190.0158836837,8280.0,62.5,4967.5,False,False,True,True
2014-07-02,1791475.8958533905,7380.0,67.5,5017.5,False,False,True,True
2014-07-03,1492826.696984951,8460.0,67.5,4840.0,False,False,True,True
2014-07-04,0.0,11600.0,72.5,4777.5,False,False,False,False
2014-07-05,0.0,19400.0,77.5,4725.0,False,False,False,False
2014-07-06,0.0,17800.0,77.5,4557.5,False,False,False,False
2014-07-07,43749.1444491506,12900.0,77.5,4660.0,False,False,False,True
2014-07-08,927865.783180773,10500.0,67.5,4815.0,False,False,False,True
2014-07-09,76496.9834805448,9750.0,67.5,4832.5,False,False,False,True
2014-07-10,0.0,10000.0,67.5,4832.5,False,False,False,False
2014-07-11,0.0,11100.0,67.5,5005.0,False,False,False,False
2014-07-12,0.0,9720.0,52.5,4762.5,False,False,False,False
2014-07-13,1298641.2782738712,8440.0,52.5,4707.5,False,False,True,True
2014-07-14,1140625.6078873316,8860.0,67.5,4580.0,False,False,True,True
2014-07-17,0.0,14000.0,87.5,4500.0,False,False,False,False
2014-07-18,0.0,15000.0,87.5,4710.0,False,False,False,False
2014-07-19,0.0,12100.0,87.5,4955.0,False,False,False,False
2014-07-20,0.0,10400.0,87.5,4502.5,False,False,False,False
2014-07-21,0.0,9100.0,87.5,4465.0,False,False,False,False
2014-07-22,170917.17787420942,8280.0,72.5,4282.5,False,False,False,True
2014-07-23,1349686.756008673,7600.0,57.5,4240.0,False,False,True,True
2014-07-24,0.0,7370.0,57.5,4320.0,False,False,False,False
2014-07-25,0.0,7120.0,62.5,4307.5,False,False,False,False
2014-07-26,0.0,6990.0,57.5,5090.0,False,False,False,False
2014-07-27,794320.8937803927,6850.0,42.5,4667.5,False,False,False,True
2014-07-28,0.0,7150.0,52.5,4550.0,False,False,False,False
2014-07-29,0.0,6430.0,37.5,5232.5,False,False,False,False
2014-07-30,0.0,5920.0,32.5,4860.0,False,False,False,False
2014-07-31,0.0,5490.0,27.5,5200.0,False,False,False,False
2014-08-01,22647.85953943395,5300.0,27.5,5075.0,False,False,False,True
2014-08-02,0.0,5230.0,32.5,5037.5,False,False,False,False
2014-08-03,0.0,5640.0,42.5,4967.5,False,False,False,False
2014-08-04,0.0,5270.0,32.5,4842.5,False,False,False,False
2014-08-05,0.0,4740.0,37.5,4585.0,False,False,False,False
2014-08-06,0.0,4490.0,22.5,4565.0,False,False,False,False
2014-08-07,0.0,4390.0,22.5,4652.5,False,False,False,False
2014-08-08,0.0,4210.0,17.5,4337.5,False,False,False,False
2014-08-09,0.0,4120.0,27.5,4117.5,False,False,False,False
2014-08-10,0.0,4060.0,22.5,4135.0,False,False,False,False
2014-08-11,0.0,4220.0,22.5,4310.0,False,False,False,False
2014-08-12,0.0,3980.0,17.5,4350.0,False,False,False,False
2014-08-13,0.0,4200.0,22.5,4470.0,False,False,False,False
2014-08-14,0.0,5300.0,32.5,4710.0,False,False,False,False
2014-08-15,0.0,4610.0,27.5,4495.0,False,False,False,False
2014-08-16,0.0,4490.0,27.5,4447.5,False,False,False,False
2014-08-17,0.0,4040.0,12.5,4370.0,False,False,False,False
2014-08-18,0.0,3920.0,17.5,4280.0,False,False,False,False
2014-08-19,0.0,3740.0,17.5,4175.0,False,False,False,False
2014-08-20,0.0,3380.0,17.5,4057.5,False,False,False,False
2014-08-21,0.0,3410.0,17.5,3770.0,False,False,False,False
2014-08-22,0.0,5530.0,42.5,4075.0,False,False,False,False
2014-08-23,0.0,5720.0,47.5,5295.0,False,False,False,False
2014-08-24,0.0,7050.0,52.5,4560.0,False,False,False,False
2014-08-25,0.0,5820.0,47.5,4760.0,False,False,False,False
2014-08-26,0.0,5050.0,32.5,4290.0,False,False,False,False
2014-08-27,112641.65885914478,4320.0,27.5,4240.0,False,False,False,True
2014-08-28,0.0,4110.0,27.5,4102.5,False,False,False,False
2014-08-29,0.0,4020.0,27.5,4010.0,False,False,False,False
2014-08-30,0.0,3720.0,17.5,3930.0,False,False,False,False
2014-08-31,1079448.1110041451,3440.0,17.5,3592.5,False,False,False,True
2014-09-01,1492523.5625004647,3710.0,32.5,3610.0,False,False,True,True
2014-09-02,1404892.6894095857,3770.0,37.5,3595.0,False,False,True,True
2014-09-03,0.0,3440.0,27.5,3425.0,False,False,False,False
2014-09-04,0.0,3550.0,27.5,3487.5,False,False,False,False
2014-09-05,1305396.7535880439,3330.0,27.5,3325.0,False,False,True,True
2014-09-06,1377424.8294465863,3570.0,22.5,3600.0,False,False,True,True
2014-09-07,0.0,3780.0,25.0,3780.0,False,False,False,False
2014-09-08,0.0,3750.0,32.5,3645.0,False,False,False,False
2014-09-09,0.0,3340.0,22.5,3482.5,False,False,False,False
2014-09-10,0.0,3040.0,17.5,3707.5,False,False,False,False
2014-09-11,142361.527749044,3000.0,17.5,3937.5,False,False,False,True
2014-09-12,0.0,3070.0,17.5,3855.0,False,False,False,False
2014-09-13,0.0,3140.0,17.5,3815.0,False,False,False,False
2014-09-14,0.0,3120.0,12.5,3730.0,False,False,False,False
2014-09-15,0.0,3150.0,12.5,3675.0,False,False,False,False
2014-09-16,0.0,3280.0,17.5,3587.5,False,False,False,False
2014-09-17,0.0,3410.0,22.5,3417.5,False,False,False,False
2014-09-18,0.0,3200.0,17.5,3412.5,False,False,False,False
2014-09-19,0.0,3310.0,22.5,3385.0,False,False,False,False
2014-09-20,0.0,3290.0,22.5,3455.0,False,False,False,False
2014-09-21,0.0,3300.0,32.5,3275.0,False,False,False,False
2014-09-22,0.0,3130.0,27.5,3117.5,False,False,False,False
2014-09-23,0.0,3090.0,27.5,3080.0,False,False,False,False
2014-09-24,0.0,3200.0,22.5,3237.5,False,False,False,False
2014-09-25,0.0,3230.0,27.5,3227.5,False,False,False,False
2014-09-26,0.0,3300.0,37.5,3232.5,False,False,False,False
2014-09-27,0.0,3150.0,22.5,3180.0,False,False,False,False
2014-09-28,0.0,3170.0,22.5,3177.5,False,False,False,False
2014-09-29,0.0,3040.0,17.5,3370.0,False,False,False,False
2014-09-30,0.0,3000.0,10.0,3282.5,False,False,False,False
2014-10-01,0.0,3040.0,7.5,3480.0,False,False,False,False
2014-10-02,0.0,3150.0,7.5,3792.5,False,False,False,False
2014-10-03,0.0,3190.0,12.5,3572.5,False,False,False,False
2014-10-04,0.0,3260.0,22.5,3470.0,False,False,False,False
2014-10-05,0.0,3090.0,12.5,3437.5,False,False,False,False
2014-10-06,0.0,3010.0,15.0,3377.5,False,False,False,False
2014-10-07,0.0,2750.0,2.5,3432.5,False,False,False,False
2014-10-08,0.0,2610.0,2.5,3482.5,False,False,False,False
2014-10-09,0.0,2920.0,7.5,3612.5,False,False,False,False
2014-10-10,0.0,3130.0,12.5,3435.0,False,False,False,False
2014-10-11,0.0,3140.0,7.5,3685.0,False,False,False,False
2014-10-12,0.0,3060.0,7.5,4375.0,False,False,False,False
2014-10-13,0.0,3020.0,7.5,4630.0,False,False,False,False
2014-10-14,0.0,3060.0,7.5,4327.5,False,False,False,False
2014-10-15,0.0,3180.0,7.5,3867.5,False,False,False,False
2014-10-16,0.0,3930.0,37.5,3707.5,False,False,False,False
2014-10-17,0.0,7760.0,57.5,3925.0,False,False,False,False
2014-10-18,0.0,12600.0,82.5,3765.0,False,False,False,False
2014-10-19,0.0,8530.0,57.5,3467.5,False,False,False,False
2014-10-20,0.0,6210.0,47.5,3507.5,False,False,False,False
2014-10-21,0.0,5180.0,42.5,3510.0,False,False,False,False
2014-10-22,0.0,4570.0,37.5,3447.5,False,False,False,False
2014-10-23,0.0,4100.0,37.5,3417.5,False,False,False,False
2014-10-24,0.0,3820.0,37.5,3382.5,False,False,False,False
2014-10-25,0.0,3920.0,32.5,3492.5,False,False,False,False
2014-10-26,0.0,3990.0,32.5,3835.0,False,False,False,False
2014-10-27,0.0,3950.0,32.5,3727.5,False,False,False,False
2014-10-28,0.0,3750.0,27.5,3730.0,False,False,False,False
2014-10-29,0.0,3510.0,17.5,4787.5,False,False,False,False
2014-10-30,0.0,3430.0,17.5,6080.0,False,False,False,False
2014-10-31,0.0,3390.0,12.5,7032.5,False,False,False,False
2014-11-01,0.0,3390.0,12.5,6987.5,False,False,False,False
2014-11-02,0.0,3380.0,12.5,6587.5,False,False,False,False
2014-11-03,0.0,3070.0,7.5,6175.0,False,False,False,False
2014-11-04,0.0,2930.0,7.5,6265.0,False,False,False,False
2014-11-05,0.0,3150.0,12.5,6527.5,False,False,False,False
2014-11-06,0.0,3250.0,12.5,5897.5,False,False,False,False
2014-11-07,0.0,3290.0,12.5,5607.5,False,False,False,False
2014-11-08,0.0,3140.0,17.5,5340.0,False,False,False,False
2014-11-09,0.0,2770.0,2.5,4902.5,False,False,False,False
2014-11-10,0.0,2780.0,2.5,4610.0,False,False,False,False
2014-11-11,0.0,3130.0,12.5,4685.0,False,False,False,False
2014-11-12,0.0,3160.0,12.5,5047.5,False,False,False,False
2014-11-13,0.0,3150.0,12.5,5910.0,False,False,False,False
2014-11-14,0.0,3470.0,17.5,5520.0,False,False,False,False
2014-11-15,0.0,3510.0,17.5,5292.5,False,False,False,False
2014-11-16,0.0,3300.0,17.5,5147.5,False,False,False,False
2014-11-17,0.0,3510.0,17.5,5112.5,False,False,False,False
2014-11-18,0.0,4110.0,17.5,4810.0,False,False,False,False
2014-11-19,0.0,3580.0,17.5,4640.0,False,False,False,False
2014-11-20,0.0,3560.0,17.5,4827.5,False,False,False,False
2014-11-21,0.0,4130.0,17.5,4907.5,False,False,False,False
2014-11-22,0.0,3750.0,7.5,6187.5,False,False,False,False
2014-11-23,0.0,3420.0,12.5,5982.5,False,False,False,False
2014-11-24,0.0,3370.0,12.5,6475.0,False,False,False,False
2014-11-25,0.0,4270.0,12.5,6232.5,False,False,False,False
2014-11-26,0.0,5100.0,22.5,6075.0,False,False,False,False
2014-11-27,0.0,6340.0,20.0,7007.5,False,False,False,False
2014-11-28,0.0,6590.0,17.5,6730.0,False,False,False,False
2014-11-29,0.0,5730.0,12.5,7507.5,False,False,False,False
2014-11-30,0.0,5090.0,12.5,7547.5,False,False,False,False
2014-12-01,0.0,4650.0,7.5,7890.0,False,False,False,False
2014-12-02,0.0,4900.0,7.5,7425.0,False,False,False,False
2014-12-03,0.0,5880.0,12.5,8350.0,False,False,False,False
2014-12-04,0.0,6990.0,22.5,9547.5,False,False,False,False
2014-12-05,0.0,6970.0,22.5,7960.0,False,False,False,False
2014-12-06,0.0,7750.0,27.5,7590.0,False,False,False,False
2014-12-07,0.0,11300.0,47.5,8722.5,False,False,False,False
2014-12-08,0.0,12400.0,52.5,8342.5,False,False,False,False
2014-12-09,0.0,16900.0,77.5,8262.5,False,False,False,False
2014-12-10,0.0,16600.0,77.5,8470.0,False,False,False,False
2014-12-11,0.0,16200.0,77.5,8760.0,False,False,False,False
2014-12-12,0.0,15100.0,67.5,8790.0,False,False,False,False
2014-12-13,0.0,12400.0,52.5,9287.5,False,False,False,False
2014-12-14,0.0,10600.0,42.5,8782.5,False,False,False,False
2014-12-15,0.0,9460.0,37.5,8697.5,False,False,False,False
2014-12-16,0.0,8710.0,27.5,8442.5,False,False,False,False
2014-12-17,0.0,8500.0,27.5,8325.0,False,False,False,False
2014-12-18,0.0,8220.0,22.5,8437.5,False,False,False,False
2014-12-19,0.0,8150.0,22.5,8495.0,False,False,False,False
2014-12-20,0.0,8650.0,27.5,8612.5,False,False,False,False
2014-12-21,0.0,8070.0,17.5,8930.0,False,False,False,False
2014-12-22,0.0,7230.0,7.5,8547.5,False,False,False,False
2014-12-23,0.0,6740.0,7.5,8960.0,False,False,False,False
2014-12-24,0.0,7510.0,12.5,8720.0,False,False,False,False
2014-12-25,0.0,11400.0,37.5,10475.0,False,False,False,False
2014-12-26,0.0,13900.0,32.5,9782.5,False,False,False,False
2014-12-27,0.0,17100.0,50.0,9292.5,False,False,False,False
2014-12-28,0.0,14300.0,37.5,9297.5,False,False,False,False
2014-12-29,0.0,12500.0,32.5,9432.5,False,False,False,False
2014-12-30,0.0,11500.0,32.5,10662.5,False,False,False,False
2014-12-31,0.0,11100.0,22.5,12075.0,False,False,False,False
2015-01-01,0.0,9810.0,22.5,12052.5,False,False,False,False
2015-01-02,0.0,8580.0,17.5,13050.0,False,False,False,False
2015-01-03,0.0,7620.0,17.5,11525.0,False,False,False,False
2015-01-04,0.0,9930.0,17.5,10142.5,False,False,False,False
2015-01-05,0.0,10100.0,27.5,10012.5,False,False,False,False
2015-01-06,0.0,11500.0,32.5,11325.0,False,False,False,False
2015-01-07,0.0,11800.0,32.5,10232.5,False,False,False,False
2015-01-08,0.0,10100.0,32.5,9422.5,False,False,False,False
2015-01-09,0.0,8000.0,17.5,9242.5,False,False,False,False
2015-01-10,0.0,8500.0,17.5,8892.5,False,False,False,False
2015-01-11,0.0,8000.0,17.5,8567.5,False,False,False,False
2015-01-12,0.0,7800.0,17.5,9035.0,False,False,False,False
2015-01-13,0.0,7500.0,17.5,10100.0,False,False,False,False
2015-01-14,0.0,8200.0,12.5,10625.0,False,False,False,False
2015-01-15,0.0,8000.0,12.5,12275.0,False,False,False,False
2015-01-16,0.0,7500.0,12.5,10775.0,False,False,False,False
2015-01-17,0.0,6200.0,7.5,10250.0,False,False,False,False
2015-01-18,0.0,5500.0,7.5,11152.5,False,False,False,False
2015-01-19,0.0,6000.0,7.5,10550.0,False,False,False,False
2015-01-20,0.0,6500.0,2.5,10300.0,False,False,False,False
2015-01-21,0.0,6500.0,2.5,10180.0,False,False,False,False
2015-01-22,0.0,6000.0,2.5,9977.5,False,False,False,False
2015-01-23,0.0,5800.0,2.5,9687.5,False,False,False,False
2015-01-24,0.0,5200.0,2.5,8832.5,False,False,False,False
2015-01-25,0.0,4800.0,2.5,8475.0,False,False,False,False
2015-01-26,0.0,4600.0,2.5,8752.5,False,False,False,False
2015-01-27,0.0,4200.0,2.5,8135.0,False,False,False,False
2015-01-28,0.0,4500.0,2.5,8730.0,False,False,False,False
2015-01-29,0.0,4200.0,2.5,9185.0,False,False,False,False
2015-01-30,0.0,4000.0,2.5,9912.5,False,False,False,False
2015-01-31,0.0,4300.0,2.5,9357.5,False,False,False,False
2015-02-01,0.0,4000.0,2.5,8800.0,False,False,False,False
2015-02-02,0.0,3800.0,2.5,8622.5,False,False,False,False
2015-02-03,0.0,3700.0,2.5,8960.0,False,False,False,False
2015-02-04,0.0,3600.0,2.5,8760.0,False,False,False,False
2015-02-05,0.0,3800.0,2.5,8517.5,False,False,False,False
2015-02-06,0.0,3600.0,2.5,7940.0,False,False,False,False
2015-02-07,0.0,3600.0,2.5,8040.0,False,False,False,False
2015-02-08,0.0,3700.0,2.5,7705.0,False,False,False,False
2015-02-09,0.0,3600.0,2.5,8352.5,False,False,False,False
2015-02-10,0.0,3400.0,2.5,7647.5,False,False,False,False
2015-02-11,0.0,3500.0,2.5,7627.5,False,False,False,False
2015-02-12,0.0,3600.0,2.5,7782.5,False,False,False,False
2015-02-13,0.0,3630.0,2.5,7920.0,False,False,False,False
2015-02-14,0.0,3500.0,2.5,7677.5,False,False,False,False
2015-02-15,0.0,3620.0,2.5,7522.5,False,False,False,False
2015-02-16,0.0,3620.0,2.5,8052.5,False,False,False,False
2015-02-17,0.0,3830.0,2.5,8600.0,False,False,False,False
2015-02-18,0.0,4340.0,2.5,8872.5,False,False,False,False
2015-02-19,0.0,4600.0,2.5,8567.5,False,False,False,False
2015-02-20,0.0,4720.0,2.5,8257.5,False,False,False,False
2015-02-21,0.0,5430.0,2.5,8320.0,False,False,False,False
2015-02-22,0.0,5590.0,2.5,8490.0,False,False,False,False
2015-02-23,0.0,4300.0,2.5,8287.5,False,False,False,False
2015-02-24,0.0,3460.0,2.5,8322.5,False,False,False,False
2015-02-25,0.0,3960.0,2.5,9002.5,False,False,False,False
2015-02-26,0.0,4250.0,2.5,9245.0,False,False,False,False
2015-02-27,0.0,3960.0,2.5,9000.0,False,False,False,False
2015-02-28,0.0,3680.0,2.5,8612.5,False,False,False,False
2015-03-01,0.0,3680.0,2.5,9360.0,False,False,False,False
2015-03-02,0.0,3440.0,2.5,11090.0,False,False,False,False
2015-03-03,0.0,3120.0,2.5,10502.5,False,False,False,False
2015-03-04,0.0,3360.0,2.5,9940.0,False,False,False,False
2015-03-05,0.0,3980.0,2.5,9700.0,False,False,False,False
2015-03-06,0.0,4050.0,2.5,9580.0,False,False,False,False
2015-03-07,0.0,4000.0,2.5,9607.5,False,False,False,False
2015-03-08,0.0,4240.0,2.5,9840.0,False,False,False,False
2015-03-09,0.0,4250.0,2.5,9200.0,False,False,False,False
2015-03-10,0.0,4560.0,2.5,9815.0,False,False,False,False
2015-03-11,0.0,6430.0,2.5,10425.0,False,False,False,False
2015-03-12,0.0,11300.0,32.5,11025.0,False,False,False,False
2015-03-13,0.0,13400.0,42.5,11375.0,False,False,False,False
2015-03-14,0.0,16800.0,52.5,11325.0,False,False,False,False
2015-03-15,0.0,23400.0,67.5,11125.0,False,False,False,False
2015-03-16,0.0,19100.0,62.5,10950.0,False,False,False,False
2015-03-17,0.0,18500.0,60.0,10575.0,False,False,False,False
2015-03-18,0.0,20200.0,72.5,11375.0,False,False,False,False
2015-03-19,0.0,18900.0,62.5,11125.0,False,False,False,False
2015-03-20,0.0,17500.0,60.0,10775.0,False,False,False,False
2015-03-21,0.0,15600.0,57.5,11375.0,False,False,False,False
2015-03-22,0.0,14500.0,52.5,12125.0,False,False,False,False
2015-03-23,0.0,14000.0,52.5,11750.0,False,False,False,False
2015-03-24,0.0,12400.0,27.5,12175.0,False,False,False,False
2015-03-25,0.0,11500.0,22.5,11800.0,False,False,False,False
2015-03-26,0.0,11000.0,27.5,10925.0,False,False,False,False
2015-03-27,0.0,16400.0,57.5,11250.0,False,False,False,False
2015-03-28,0.0,16200.0,47.5,10700.0,False,False,False,False
2015-03-29,0.0,15200.0,37.5,10625.0,False,False,False,False
2015-03-30,0.0,13800.0,32.5,12725.0,False,False,False,False
2015-03-31,0.0,12700.0,27.5,12650.0,False,False,False,False
2015-04-01,0.0,12900.0,25.0,12900.0,False,False,False,False
2015-04-02,0.0,12800.0,27.5,12575.0,False,False,False,False
2015-04-03,0.0,12500.0,27.5,12475.0,False,False,False,False
2015-04-04,0.0,16900.0,42.5,14775.0,False,False,False,False
2015-04-05,0.0,31500.0,77.5,13575.0,False,False,False,False
2015-04-06,0.0,31700.0,82.5,13050.0,False,False,False,False
2015-04-07,0.0,26400.0,72.5,12400.0,False,False,False,False
2015-04-08,0.0,25100.0,72.5,12425.0,False,False,False,False
2015-04-09,0.0,28100.0,77.5,11950.0,False,False,False,False
2015-04-10,0.0,30800.0,82.5,11525.0,False,False,False,False
2015-04-11,0.0,31500.0,82.5,11950.0,False,False,False,False
2015-04-12,0.0,33100.0,92.5,12075.0,False,False,False,False
2015-04-13,0.0,25400.0,87.5,13125.0,False,False,False,False
2015-04-14,0.0,21000.0,62.5,12375.0,False,False,False,False
2015-04-15,0.0,19100.0,57.5,11575.0,False,False,False,False
2015-04-16,0.0,17600.0,57.5,11875.0,False,False,False,False
2015-04-17,0.0,14800.0,47.5,10700.0,False,False,False,False
2015-04-18,0.0,13200.0,42.5,10002.5,False,False,False,False
2015-04-19,0.0,12100.0,37.5,9877.5,False,False,False,False
2015-04-20,0.0,13400.0,52.5,10500.0,False,False,False,False
2015-04-21,0.0,15600.0,52.5,9672.5,False,False,False,False
2015-04-22,0.0,19200.0,77.5,9805.0,False,False,False,False
2015-04-23,0.0,23800.0,77.5,10850.0,False,False,False,False
2015-04-24,0.0,20300.0,75.0,10900.0,False,False,False,False
2015-04-25,0.0,17100.0,67.5,11875.0,False,False,False,False
2015-04-26,0.0,14400.0,52.5,11875.0,False,False,False,False
2015-04-27,0.0,12800.0,42.5,10650.0,False,False,False,False
2015-04-28,0.0,11900.0,42.5,9785.0,False,False,False,False
2015-04-29,0.0,11300.0,35.0,9945.0,False,False,False,False
2015-04-30,0.0,10600.0,32.5,9787.5,False,False,False,False
2015-05-01,0.0,9570.0,27.5,9422.5,False,False,False,False
2015-05-02,0.0,8890.0,22.5,9722.5,False,False,False,False
2015-05-03,0.0,8400.0,22.5,9352.5,False,False,False,False
2015-05-04,0.0,7800.0,12.5,9652.5,False,False,False,False
2015-05-05,0.0,7290.0,7.5,9705.0,False,False,False,False
2015-05-06,0.0,7000.0,7.5,9940.0,False,False,False,False
2015-05-07,0.0,6720.0,7.5,11175.0,False,False,False,False
2015-05-08,0.0,6250.0,7.5,10262.5,False,False,False,False
2015-05-09,0.0,6090.0,2.5,9575.0,False,False,False,False
2015-05-10,0.0,5990.0,2.5,10375.0,False,False,False,False
2015-05-11,0.0,5720.0,2.5,10667.5,False,False,False,False
2015-05-12,0.0,5270.0,2.5,10057.5,False,False,False,False
2015-05-13,0.0,5090.0,2.5,10275.0,False,False,False,False
2015-05-14,0.0,4940.0,2.5,9897.5,False,False,False,False
2015-05-15,0.0,4480.0,2.5,9632.5,False,False,False,False
2015-05-16,0.0,4180.0,2.5,8867.5,False,False,False,False
2015-05-17,0.0,4200.0,2.5,8507.5,False,False,False,False
2015-05-18,0.0,4980.0,2.5,8247.5,False,False,False,False
2015-05-19,0.0,5040.0,2.5,8890.0,False,False,False,False
2015-05-20,0.0,5820.0,2.5,8042.5,False,False,False,False
2015-05-21,0.0,5240.0,2.5,7547.5,False,False,False,False
2015-05-22,0.0,5160.0,2.5,7412.5,False,False,False,False
2015-05-23,0.0,4840.0,2.5,6805.0,False,False,False,False
2015-05-24,0.0,4550.0,2.5,6385.0,False,False,False,False
2015-05-25,0.0,4340.0,2.5,6102.5,False,False,False,False
2015-05-26,0.0,3940.0,2.5,5960.0,False,False,False,False
2015-05-27,377082.6928500279,3650.0,2.5,5857.5,False,False,False,True
2015-05-28,301009.9414594465,3710.0,2.5,6227.5,False,False,False,True
2015-05-29,0.0,4060.0,2.5,6310.0,False,False,False,False
2015-05-30,0.0,4460.0,2.5,6187.5,False,False,False,False
2015-05-31,61788.241770923254,4530.0,7.5,6547.5,False,False,False,True
2015-06-01,0.0,6120.0,22.5,6907.5,False,False,False,False
2015-06-02,0.0,10500.0,52.5,7187.5,False,False,False,False
2015-06-03,0.0,11900.0,65.0,6290.0,False,False,False,False
2015-06-04,0.0,12300.0,72.5,7347.5,False,False,False,False
2015-06-05,0.0,10200.0,57.5,7467.5,False,False,False,False
2015-06-06,0.0,8400.0,37.5,7550.0,False,False,False,False
2015-06-07,0.0,7470.0,27.5,7350.0,False,False,False,False
2015-06-08,0.0,6180.0,17.5,6465.0,False,False,False,False
2015-06-09,0.0,7010.0,32.5,6607.5,False,False,False,False
2015-06-10,0.0,8740.0,57.5,6280.0,False,False,False,False
2015-06-11,905053.2682203853,9020.0,62.5,6077.5,False,False,False,True
2015-06-12,1708911.6969977529,8450.0,52.5,6210.0,False,False,True,True
2015-06-13,64079.44854683536,7480.0,42.5,5882.5,False,False,False,True
2015-06-14,0.0,6690.0,37.5,5892.5,False,False,False,False
2015-06-15,1363844.0956206718,8080.0,42.5,5750.0,False,False,True,True
2015-06-16,799783.6450819464,11400.0,77.5,5690.0,False,False,False,True
2015-06-17,0.0,11700.0,82.5,5292.5,False,False,False,False
2015-06-18,0.0,12400.0,72.5,5345.0,False,False,False,False
2015-06-19,72665.97730679074,10800.0,67.5,5262.5,False,False,False,True
2015-06-20,0.0,8980.0,67.5,5407.5,False,False,False,False
2015-06-21,634285.1577546431,9050.0,72.5,5322.5,False,False,False,True
2015-06-22,0.0,11600.0,82.5,5005.0,False,False,False,False
2015-06-23,1485919.066661333,15000.0,87.5,5077.5,False,False,True,True
2015-06-24,0.0,15400.0,82.5,4907.5,False,False,False,False
2015-06-25,0.0,12600.0,77.5,4910.0,False,False,False,False
2015-06-26,0.0,10600.0,72.5,4690.0,False,False,False,False
2015-06-27,0.0,9650.0,67.5,4682.5,False,False,False,False
2015-06-28,0.0,11800.0,67.5,4862.5,False,False,False,False
2015-06-29,0.0,17100.0,82.5,4702.5,False,False,False,False
2015-06-30,0.0,18000.0,87.5,4892.5,False,False,False,False
2015-07-01,0.0,28400.0,92.5,4967.5,False,False,False,False
2015-07-02,0.0,39800.0,92.5,5017.5,False,False,False,False
2015-07-03,0.0,34600.0,87.5,4840.0,False,False,False,False
2015-07-04,0.0,26800.0,87.5,4777.5,False,False,False,False
2015-07-05,0.0,22900.0,82.5,4725.0,False,False,False,False
2015-07-06,598370.6659173525,21300.0,90.0,4557.5,False,False,False,True
2015-07-07,1494863.4237707686,18800.0,92.5,4660.0,False,False,True,True
2015-07-08,1439289.7479258252,16500.0,92.5,4815.0,False,False,True,True
2015-07-09,395706.1976976198,15200.0,87.5,4832.5,False,False,False,True
2015-07-10,0.0,15300.0,77.5,4832.5,False,False,False,False
2015-07-11,0.0,14700.0,77.5,5005.0,False,False,False,False
2015-07-12,0.0,12800.0,72.5,4762.5,False,False,False,False
2015-07-13,0.0,11200.0,72.5,4707.5,False,False,False,False
2015-07-14,1037776.1802614334,9930.0,77.5,4580.0,False,False,False,True
2015-07-15,270375.95982790843,10600.0,77.5,4635.0,False,False,False,True
2015-07-16,0.0,11500.0,77.5,4657.5,False,False,False,False
2015-07-17,0.0,10100.0,77.5,4500.0,False,False,False,False
2015-07-18,1191864.5465284318,9580.0,82.5,4710.0,False,False,True,True
2015-07-19,2756422.9271193803,9460.0,77.5,4955.0,False,False,True,True
2015-07-20,2521545.8314168714,9040.0,77.5,4502.5,False,False,True,True
2015-07-21,831338.5830453807,8520.0,82.5,4465.0,False,False,False,True
2015-07-22,0.0,8520.0,77.5,4282.5,False,False,False,False
2015-07-23,0.0,7690.0,62.5,4240.0,False,False,False,False
2015-07-24,0.0,7030.0,52.5,4320.0,False,False,False,False
2015-07-25,0.0,6680.0,42.5,4307.5,False,False,False,False
2015-07-26,268421.919909056,6580.0,47.5,5090.0,False,False,False,True
2015-07-27,479799.3250752028,7030.0,47.5,4667.5,False,False,False,True
2015-07-28,533303.0875371586,11300.0,87.5,4550.0,False,False,False,True
2015-07-29,1375602.9364260465,10700.0,92.5,5232.5,False,False,True,True
2015-07-30,2162095.0773404893,9070.0,82.5,4860.0,False,False,True,True
2015-07-31,36764.53601007592,8530.0,77.5,5200.0,False,False,False,True
2015-08-01,0.0,7480.0,67.5,5075.0,False,False,False,False
2015-08-02,0.0,6880.0,67.5,5037.5,False,False,False,False
2015-08-03,0.0,6480.0,62.5,4967.5,False,False,False,False
2015-08-04,44487.21448879399,6170.0,57.5,4842.5,False,False,False,True
2015-08-05,0.0,5980.0,55.0,4585.0,False,False,False,False
2015-08-06,0.0,5320.0,57.5,4565.0,False,False,False,False
2015-08-07,0.0,4810.0,35.0,4652.5,False,False,False,False
2015-08-08,0.0,4330.0,22.5,4337.5,False,False,False,False
2015-08-09,0.0,4070.0,17.5,4117.5,False,False,False,False
2015-08-10,0.0,4160.0,27.5,4135.0,False,False,False,False
2015-08-11,159093.902925266,4340.0,27.5,4310.0,False,False,False,True
2015-08-12,0.0,6000.0,47.5,4350.0,False,False,False,False
2015-08-13,0.0,6260.0,47.5,4470.0,False,False,False,False
2015-08-14,0.0,6110.0,47.5,4710.0,False,False,False,False
2015-08-15,0.0,5220.0,42.5,4495.0,False,False,False,False
2015-08-16,428608.4600167005,4520.0,32.5,4447.5,False,False,False,True
2015-08-17,577594.0983521069,4420.0,27.5,4370.0,False,False,False,True
2015-08-18,431507.63487316563,4330.0,27.5,4280.0,False,False,False,True
2015-08-19,1583135.7327921207,4040.0,22.5,4175.0,False,False,True,True
2015-08-20,2178727.7179625873,4140.0,27.5,4057.5,False,False,True,True
2015-08-21,0.0,5470.0,42.5,3770.0,False,False,False,False
2015-08-22,0.0,6780.0,57.5,4075.0,False,False,False,False
2015-08-23,0.0,8210.0,57.5,5295.0,False,False,False,False
2015-08-24,51746.147288746084,7340.0,62.5,4560.0,False,False,False,True
2015-08-25,0.0,6140.0,52.5,4760.0,False,False,False,False
2015-08-26,0.0,5350.0,52.5,4290.0,False,False,False,False
2015-08-27,0.0,4770.0,42.5,4240.0,False,False,False,False
2015-08-28,0.0,4340.0,37.5,4102.5,False,False,False,False
2015-08-29,0.0,3980.0,22.5,4010.0,False,False,False,False
2015-08-30,189138.6423396896,3960.0,27.5,3930.0,False,False,False,True
2015-08-31,967897.2237456844,4160.0,42.5,3592.5,False,False,False,True
2015-09-01,0.0,3980.0,42.5,3610.0,False,False,False,False
2015-09-02,758845.0795040133,3760.0,32.5,3595.0,False,False,False,True
2015-09-03,91405.44873055822,3750.0,37.5,3425.0,False,False,False,True
2015-09-04,360886.13585618907,3720.0,37.5,3487.5,False,False,False,True
2015-09-05,0.0,3640.0,32.5,3325.0,False,False,False,False
2015-09-06,0.0,3450.0,17.5,3600.0,False,False,False,False
2015-09-07,0.0,3650.0,17.5,3780.0,False,False,False,False
2015-09-08,658782.4425748596,3420.0,17.5,3645.0,False,False,False,True
2015-09-09,1929835.3155856295,3180.0,17.5,3482.5,False,False,True,True
2015-09-10,87620.28517140064,3780.0,27.5,3707.5,False,False,False,True
2015-09-11,0.0,5600.0,52.5,3937.5,False,False,False,False
2015-09-12,0.0,5600.0,62.5,3855.0,False,False,False,False
2015-09-13,0.0,5600.0,57.5,3815.0,False,False,False,False
2015-09-14,0.0,7630.0,72.5,3730.0,False,False,False,False
2015-09-15,0.0,6460.0,62.5,3675.0,False,False,False,False
2015-09-16,0.0,5250.0,57.5,3587.5,False,False,False,False
2015-09-17,0.0,4670.0,57.5,3417.5,False,False,False,False
2015-09-18,0.0,4280.0,52.5,3412.5,False,False,False,False
2015-09-19,0.0,3870.0,37.5,3385.0,False,False,False,False
2015-09-20,0.0,3620.0,32.5,3455.0,False,False,False,False
2015-09-21,0.0,3490.0,40.0,3275.0,False,False,False,False
2015-09-22,0.0,3810.0,47.5,3117.5,False,False,False,False
2015-09-23,0.0,3500.0,47.5,3080.0,False,False,False,False
2015-09-24,0.0,3360.0,42.5,3237.5,False,False,False,False
2015-09-25,0.0,3310.0,37.5,3227.5,False,False,False,False
2015-09-26,0.0,3290.0,32.5,3232.5,False,False,False,False
2015-09-27,0.0,3190.0,27.5,3180.0,False,False,False,False
2015-09-28,0.0,3270.0,37.5,3177.5,False,False,False,False
2015-09-29,345068.61684180296,3480.0,37.5,3370.0,False,False,False,True
2015-09-30,495974.5016506491,4950.0,52.5,3282.5,False,False,False,True
2015-10-01,0.0,8020.0,62.5,3480.0,False,False,False,False
2015-10-02,0.0,8790.0,67.5,3792.5,False,False,False,False
2015-10-03,0.0,8440.0,62.5,3572.5,False,False,False,False
2015-10-04,0.0,7540.0,62.5,3470.0,False,False,False,False
2015-10-05,0.0,6700.0,57.5,3437.5,False,False,False,False
2015-10-06,0.0,5560.0,52.5,3377.5,False,False,False,False
2015-10-07,0.0,4900.0,52.5,3432.5,False,False,False,False
2015-10-08,0.0,4430.0,42.5,3482.5,False,False,False,False
2015-10-09,0.0,4480.0,42.5,3612.5,False,False,False,False
2015-10-10,0.0,5080.0,45.0,3435.0,False,False,False,False
2015-10-11,0.0,6080.0,52.5,3685.0,False,False,False,False
2015-10-12,0.0,6020.0,52.5,4375.0,False,False,False,False
2015-10-13,0.0,5110.0,47.5,4630.0,False,False,False,False
2015-10-14,0.0,4230.0,17.5,4327.5,False,False,False,False
2015-10-15,0.0,3920.0,32.5,3867.5,False,False,False,False
2015-10-16,0.0,3520.0,22.5,3707.5,False,False,False,False
2015-10-17,0.0,3360.0,12.5,3925.0,False,False,False,False
2015-10-18,0.0,3280.0,7.5,3765.0,False,False,False,False
2015-10-19,0.0,3380.0,15.0,3467.5,False,False,False,False
2015-10-20,0.0,3500.0,22.5,3507.5,False,False,False,False
2015-10-21,0.0,3450.0,17.5,3510.0,False,False,False,False
2015-10-22,0.0,3460.0,27.5,3447.5,False,False,False,False
2015-10-23,0.0,3380.0,22.5,3417.5,False,False,False,False
2015-10-24,0.0,3160.0,17.5,3382.5,False,False,False,False
2015-10-25,0.0,3090.0,12.5,3492.5,False,False,False,False
2015-10-26,0.0,3110.0,17.5,3835.0,False,False,False,False
2015-10-27,0.0,3250.0,12.5,3727.5,False,False,False,False
2015-10-28,0.0,3550.0,17.5,3730.0,False,False,False,False
2015-10-29,0.0,6240.0,42.5,4787.5,False,False,False,False
2015-10-30,0.0,16300.0,52.5,6080.0,False,False,False,False
2015-10-31,0.0,20000.0,77.5,7032.5,False,False,False,False
2015-11-01,0.0,13300.0,37.5,6987.5,False,False,False,False
2015-11-02,0.0,10400.0,32.5,6587.5,False,False,False,False
2015-11-03,0.0,8920.0,32.5,6175.0,False,False,False,False
2015-11-04,0.0,8200.0,32.5,6265.0,False,False,False,False
2015-11-05,0.0,7110.0,27.5,6527.5,False,False,False,False
2015-11-06,0.0,6330.0,27.5,5897.5,False,False,False,False
2015-11-07,0.0,6000.0,27.5,5607.5,False,False,False,False
2015-11-08,0.0,5710.0,27.5,5340.0,False,False,False,False
2015-11-09,0.0,5140.0,27.5,4902.5,False,False,False,False
2015-11-10,0.0,4770.0,27.5,4610.0,False,False,False,False
2015-11-11,0.0,4890.0,27.5,4685.0,False,False,False,False
2015-11-12,0.0,5730.0,32.5,5047.5,False,False,False,False
2015-11-13,0.0,12800.0,82.5,5910.0,False,False,False,False
2015-11-14,0.0,11900.0,77.5,5520.0,False,False,False,False
2015-11-15,0.0,10600.0,72.5,5292.5,False,False,False,False
2015-11-16,0.0,9100.0,57.5,5147.5,False,False,False,False
2015-11-17,0.0,8050.0,47.5,5112.5,False,False,False,False
2015-11-18,0.0,7280.0,37.5,4810.0,False,False,False,False
2015-11-19,0.0,6930.0,37.5,4640.0,False,False,False,False
2015-11-20,0.0,9250.0,52.5,4827.5,False,False,False,False
2015-11-21,0.0,10800.0,60.0,4907.5,False,False,False,False
2015-11-22,0.0,12900.0,67.5,6187.5,False,False,False,False
2015-11-23,0.0,10800.0,57.5,5982.5,False,False,False,False
2015-11-24,0.0,9440.0,57.5,6475.0,False,False,False,False
2015-11-25,0.0,8990.0,47.5,6232.5,False,False,False,False
2015-11-26,0.0,8410.0,37.5,6075.0,False,False,False,False
2015-11-27,0.0,7560.0,32.5,7007.5,False,False,False,False
2015-11-28,0.0,6740.0,27.5,6730.0,False,False,False,False
2015-11-29,0.0,6400.0,17.5,7507.5,False,False,False,False
2015-11-30,0.0,6070.0,17.5,7547.5,False,False,False,False
2015-12-01,0.0,6010.0,12.5,7890.0,False,False,False,False
2015-12-02,0.0,6770.0,17.5,7425.0,False,False,False,False
2015-12-03,0.0,8830.0,27.5,8350.0,False,False,False,False
2015-12-04,0.0,11400.0,42.5,9547.5,False,False,False,False
2015-12-05,0.0,11800.0,47.5,7960.0,False,False,False,False
2015-12-06,0.0,10400.0,42.5,7590.0,False,False,False,False
2015-12-07,0.0,8810.0,27.5,8722.5,False,False,False,False
2015-12-08,0.0,8430.0,27.5,8342.5,False,False,False,False
2015-12-09,0.0,7760.0,22.5,8262.5,False,False,False,False
2015-12-10,0.0,7570.0,22.5,8470.0,False,False,False,False
2015-12-11,0.0,7470.0,17.5,8760.0,False,False,False,False
2015-12-12,0.0,7160.0,12.5,8790.0,False,False,False,False
2015-12-13,0.0,6510.0,12.5,9287.5,False,False,False,False
2015-12-14,0.0,6180.0,12.5,8782.5,False,False,False,False
2015-12-15,0.0,6180.0,12.5,8697.5,False,False,False,False
2015-12-16,0.0,6760.0,17.5,8442.5,False,False,False,False
2015-12-17,0.0,7800.0,22.5,8325.0,False,False,False,False
2015-12-18,0.0,10600.0,42.5,8437.5,False,False,False,False
2015-12-19,0.0,10300.0,42.5,8495.0,False,False,False,False
2015-12-20,0.0,9750.0,37.5,8612.5,False,False,False,False
2015-12-21,0.0,8870.0,22.5,8930.0,False,False,False,False
2015-12-22,0.0,8090.0,22.5,8547.5,False,False,False,False
2015-12-23,0.0,9010.0,27.5,8960.0,False,False,False,False
2015-12-24,0.0,16200.0,57.5,8720.0,False,False,False,False
2015-12-25,0.0,21100.0,57.5,10475.0,False,False,False,False
2015-12-26,0.0,20200.0,62.5,9782.5,False,False,False,False
2015-12-27,0.0,17100.0,50.0,9292.5,False,False,False,False
2015-12-28,0.0,15800.0,47.5,9297.5,False,False,False,False
2015-12-29,0.0,18000.0,57.5,9432.5,False,False,False,False
2015-12-30,0.0,19700.0,57.5,10662.5,False,False,False,False
2015-12-31,0.0,18100.0,52.5,12075.0,False,False,False,False
2016-01-01,0.0,17200.0,42.5,12052.5,False,False,False,False
2016-01-02,0.0,16700.0,50.0,13050.0,False,False,False,False
2016-01-03,0.0,15300.0,47.5,11525.0,False,False,False,False
2016-01-04,0.0,13900.0,42.5,10142.5,False,False,False,False
2016-01-05,0.0,12700.0,42.5,10012.5,False,False,False,False
2016-01-06,0.0,11400.0,27.5,11325.0,False,False,False,False
2016-01-07,0.0,9690.0,17.5,10232.5,False,False,False,False
2016-01-08,0.0,9500.0,27.5,9422.5,False,False,False,False
2016-01-09,0.0,9360.0,32.5,9242.5,False,False,False,False
2016-01-10,0.0,13700.0,52.5,8892.5,False,False,False,False
2016-01-11,0.0,21000.0,72.5,8567.5,False,False,False,False
2016-01-12,0.0,28100.0,82.5,9035.0,False,False,False,False
2016-01-13,0.0,22500.0,77.5,10100.0,False,False,False,False
2016-01-14,0.0,17800.0,57.5,10625.0,False,False,False,False
2016-01-15,0.0,16300.0,55.0,12275.0,False,False,False,False
2016-01-16,0.0,15100.0,52.5,10775.0,False,False,False,False
2016-01-17,0.0,14900.0,57.5,10250.0,False,False,False,False
2016-01-18,0.0,14500.0,62.5,11152.5,False,False,False,False
2016-01-19,0.0,13100.0,52.5,10550.0,False,False,False,False
2016-01-20,0.0,11800.0,42.5,10300.0,False,False,False,False
2016-01-21,0.0,11300.0,42.5,10180.0,False,False,False,False
2016-01-22,0.0,10700.0,45.0,9977.5,False,False,False,False
2016-01-23,0.0,10200.0,45.0,9687.5,False,False,False,False
2016-01-24,0.0,7950.0,17.5,8832.5,False,False,False,False
2016-01-25,0.0,8640.0,27.5,8475.0,False,False,False,False
2016-01-26,0.0,9070.0,32.5,8752.5,False,False,False,False
2016-01-27,0.0,8860.0,32.5,8135.0,False,False,False,False
2016-01-28,0.0,8800.0,27.5,8730.0,False,False,False,False
2016-01-29,0.0,8750.0,22.5,9185.0,False,False,False,False
2016-01-30,0.0,8160.0,17.5,9912.5,False,False,False,False
2016-01-31,0.0,7690.0,17.5,9357.5,False,False,False,False
2016-02-01,0.0,6820.0,17.5,8800.0,False,False,False,False
2016-02-02,0.0,7100.0,22.5,8622.5,False,False,False,False
2016-02-03,0.0,9820.0,37.5,8960.0,False,False,False,False
2016-02-04,0.0,27900.0,92.5,8760.0,False,False,False,False
2016-02-05,0.0,24700.0,87.5,8517.5,False,False,False,False
2016-02-06,0.0,19400.0,87.5,7940.0,False,False,False,False
2016-02-07,0.0,15300.0,72.5,8040.0,False,False,False,False
2016-02-08,0.0,13300.0,62.5,7705.0,False,False,False,False
2016-02-09,0.0,12400.0,62.5,8352.5,False,False,False,False
2016-02-10,0.0,11900.0,57.5,7647.5,False,False,False,False
2016-02-11,0.0,11100.0,47.5,7627.5,False,False,False,False
2016-02-12,0.0,10300.0,47.5,7782.5,False,False,False,False
2016-02-13,0.0,9340.0,32.5,7920.0,False,False,False,False
2016-02-14,0.0,8600.0,32.5,7677.5,False,False,False,False
2016-02-15,0.0,7760.0,27.5,7522.5,False,False,False,False
2016-02-16,0.0,11200.0,52.5,8052.5,False,False,False,False
2016-02-17,0.0,25300.0,87.5,8600.0,False,False,False,False
2016-02-18,0.0,29300.0,92.5,8872.5,False,False,False,False
2016-02-19,0.0,22900.0,87.5,8567.5,False,False,False,False
2016-02-20,0.0,17600.0,82.5,8257.5,False,False,False,False
2016-02-21,0.0,15800.0,72.5,8320.0,False,False,False,False
2016-02-22,0.0,15400.0,77.5,8490.0,False,False,False,False
2016-02-23,0.0,14800.0,75.0,8287.5,False,False,False,False
2016-02-24,0.0,16500.0,77.5,8322.5,False,False,False,False
2016-02-25,0.0,47400.0,97.5,9002.5,False,False,False,False
2016-02-26,0.0,66300.0,97.5,9245.0,False,False,False,False
2016-02-27,0.0,49100.0,97.5,9000.0,False,False,False,False
2016-02-28,0.0,35600.0,92.5,8612.5,False,False,False,False
2016-02-29,0.0,29900.0,92.22222222222223,8790.0,False,False,False,False
2016-03-01,0.0,26200.0,87.5,9360.0,False,False,False,False
2016-03-02,0.0,22900.0,77.5,11090.0,False,False,False,False
2016-03-03,0.0,19300.0,72.5,10502.5,False,False,False,False
2016-03-04,0.0,17100.0,72.5,9940.0,False,False,False,False
2016-03-05,0.0,15500.0,62.5,9700.0,False,False,False,False
2016-03-06,0.0,14300.0,57.5,9580.0,False,False,False,False
2016-03-07,0.0,13200.0,57.5,9607.5,False,False,False,False
2016-03-08,0.0,12500.0,52.5,9840.0,False,False,False,False
2016-03-09,0.0,12200.0,57.5,9200.0,False,False,False,False
2016-03-10,0.0,11800.0,42.5,9815.0,False,False,False,False
2016-03-11,0.0,11200.0,37.5,10425.0,False,False,False,False
2016-03-12,0.0,11100.0,27.5,11025.0,False,False,False,False
2016-03-13,0.0,11400.0,27.5,11375.0,False,False,False,False
2016-03-14,0.0,11100.0,22.5,11325.0,False,False,False,False
2016-03-15,0.0,10900.0,22.5,11125.0,False,False,False,False
2016-03-16,0.0,11000.0,27.5,10950.0,False,False,False,False
2016-03-17,0.0,10700.0,27.5,10575.0,False,False,False,False
2016-03-18,0.0,10400.0,22.5,11375.0,False,False,False,False
2016-03-19,0.0,10400.0,17.5,11125.0,False,False,False,False
2016-03-20,0.0,9890.0,12.5,10775.0,False,False,False,False
2016-03-21,0.0,9180.0,12.5,11375.0,False,False,False,False
2016-03-22,0.0,8560.0,12.5,12125.0,False,False,False,False
2016-03-23,0.0,8160.0,12.5,11750.0,False,False,False,False
2016-03-24,0.0,7790.0,12.5,12175.0,False,False,False,False
2016-03-25,0.0,7200.0,12.5,11800.0,False,False,False,False
2016-03-26,0.0,7130.0,12.5,10925.0,False,False,False,False
2016-03-27,0.0,6690.0,12.5,11250.0,False,False,False,False
2016-03-28,0.0,6570.0,12.5,10700.0,False,False,False,False
2016-03-29,0.0,6850.0,12.5,10625.0,False,False,False,False
2016-03-30,0.0,6910.0,12.5,12725.0,False,False,False,False
2016-03-31,0.0,6940.0,12.5,12650.0,False,False,False,False
2016-04-01,0.0,6750.0,12.5,12900.0,False,False,False,False
2016-04-02,0.0,6150.0,12.5,12575.0,False,False,False,False
2016-04-03,0.0,5940.0,7.5,12475.0,False,False,False,False
2016-04-04,0.0,5840.0,7.5,14775.0,False,False,False,False
2016-04-05,0.0,6020.0,7.5,13575.0,False,False,False,False
2016-04-06,0.0,6040.0,7.5,13050.0,False,False,False,False
2016-04-07,0.0,6050.0,7.5,12400.0,False,False,False,False
2016-04-08,0.0,7000.0,12.5,12425.0,False,False,False,False
2016-04-09,0.0,11300.0,17.5,11950.0,False,False,False,False
2016-04-10,0.0,15400.0,42.5,11525.0,False,False,False,False
2016-04-11,0.0,12800.0,32.5,11950.0,False,False,False,False
2016-04-12,0.0,11400.0,22.5,12075.0,False,False,False,False
2016-04-13,0.0,11400.0,22.5,13125.0,False,False,False,False
2016-04-14,0.0,11100.0,22.5,12375.0,False,False,False,False
2016-04-15,0.0,10300.0,22.5,11575.0,False,False,False,False
2016-04-16,0.0,9180.0,12.5,11875.0,False,False,False,False
2016-04-17,0.0,8520.0,12.5,10700.0,False,False,False,False
2016-04-18,0.0,8000.0,12.5,10002.5,False,False,False,False
2016-04-19,0.0,7380.0,12.5,9877.5,False,False,False,False
2016-04-20,0.0,6950.0,12.5,10500.0,False,False,False,False
2016-04-21,0.0,6580.0,12.5,9672.5,False,False,False,False
2016-04-22,0.0,6300.0,12.5,9805.0,False,False,False,False
2016-04-23,0.0,6190.0,2.5,10850.0,False,False,False,False
2016-04-24,0.0,6020.0,2.5,10900.0,False,False,False,False
2016-04-25,0.0,5700.0,2.5,11875.0,False,False,False,False
2016-04-26,0.0,5520.0,2.5,11875.0,False,False,False,False
2016-04-27,0.0,5640.0,2.5,10650.0,False,False,False,False
2016-04-28,0.0,5690.0,2.5,9785.0,False,False,False,False
2016-04-29,0.0,5710.0,2.5,9945.0,False,False,False,False
2016-04-30,0.0,5540.0,2.5,9787.5,False,False,False,False
2016-05-01,0.0,5390.0,2.5,9422.5,False,False,False,False
2016-05-02,0.0,5640.0,2.5,9722.5,False,False,False,False
2016-05-03,0.0,7690.0,12.5,9352.5,False,False,False,False
2016-05-04,0.0,11200.0,42.5,9652.5,False,False,False,False
2016-05-05,0.0,14100.0,52.5,9705.0,False,False,False,False
2016-05-06,0.0,14000.0,62.5,9940.0,False,False,False,False
2016-05-07,0.0,15100.0,52.5,11175.0,False,False,False,False
2016-05-08,0.0,15800.0,57.5,10262.5,False,False,False,False
2016-05-09,0.0,16000.0,62.5,9575.0,False,False,False,False
2016-05-10,0.0,14000.0,52.5,10375.0,False,False,False,False
2016-05-11,0.0,12900.0,52.5,10667.5,False,False,False,False
2016-05-12,0.0,11400.0,37.5,10057.5,False,False,False,False
2016-05-13,0.0,10300.0,30.0,10275.0,False,False,False,False
2016-05-14,0.0,10300.0,32.5,9897.5,False,False,False,False
2016-05-15,0.0,10900.0,42.5,9632.5,False,False,False,False
2016-05-16,0.0,10700.0,42.5,8867.5,False,False,False,False
2016-05-17,0.0,10100.0,32.5,8507.5,False,False,False,False
2016-05-18,0.0,9810.0,32.5,8247.5,False,False,False,False
2016-05-19,0.0,9130.0,27.5,8890.0,False,False,False,False
2016-05-20,0.0,8100.0,27.5,8042.5,False,False,False,False
2016-05-21,0.0,7660.0,27.5,7547.5,False,False,False,False
2016-05-22,0.0,7790.0,32.5,7412.5,False,False,False,False
2016-05-23,0.0,7110.0,32.5,6805.0,False,False,False,False
2016-05-24,0.0,6340.0,22.5,6385.0,False,False,False,False
2016-05-25,0.0,5990.0,22.5,6102.5,False,False,False,False
2016-05-26,0.0,5630.0,12.5,5960.0,False,False,False,False
2016-05-27,348825.978942411,5630.0,12.5,5857.5,False,False,False,True
2016-05-28,551360.6538865977,5520.0,12.5,6227.5,False,False,False,True
2016-05-29,0.0,5270.0,12.5,6310.0,False,False,False,False
2016-05-30,0.0,6180.0,22.5,6187.5,False,False,False,False
2016-05-31,0.0,8560.0,42.5,6547.5,False,False,False,False
2016-06-01,0.0,7440.0,32.5,6907.5,False,False,False,False
2016-06-02,0.0,7200.0,27.5,7187.5,False,False,False,False
2016-06-03,0.0,6290.0,25.0,6290.0,False,False,False,False
2016-06-04,0.0,5550.0,17.5,7347.5,False,False,False,False
2016-06-05,130683.86238751588,5380.0,12.5,7467.5,False,False,False,True
2016-06-06,0.0,6030.0,17.5,7550.0,False,False,False,False
2016-06-07,0.0,7640.0,32.5,7350.0,False,False,False,False
2016-06-08,0.0,9480.0,72.5,6465.0,False,False,False,False
2016-06-09,0.0,8860.0,57.5,6607.5,False,False,False,False
2016-06-10,0.0,7620.0,37.5,6280.0,False,False,False,False
2016-06-11,512445.0127018548,6970.0,37.5,6077.5,False,False,False,True
2016-06-13,0.0,5550.0,12.5,5882.5,False,False,False,False
2016-06-14,0.0,4850.0,2.5,5892.5,False,False,False,False
2016-06-15,0.0,4590.0,2.5,5750.0,False,False,False,False
2016-06-16,0.0,4590.0,2.5,5690.0,False,False,False,False
2016-06-17,0.0,4610.0,7.5,5292.5,False,False,False,False
2016-06-18,0.0,4530.0,7.5,5345.0,False,False,False,False
2016-06-19,0.0,4310.0,2.5,5262.5,False,False,False,False
2016-06-20,0.0,4060.0,7.5,5407.5,False,False,False,False
2016-06-21,0.0,3850.0,7.5,5322.5,False,False,False,False
2016-06-22,0.0,3830.0,7.5,5005.0,False,False,False,False
2016-06-23,0.0,3810.0,7.5,5077.5,False,False,False,False
2016-06-24,0.0,3820.0,7.5,4907.5,False,False,False,False
2016-06-25,0.0,3650.0,2.5,4910.0,False,False,False,False
2016-06-26,0.0,3290.0,2.5,4690.0,False,False,False,False
2016-06-27,0.0,3430.0,2.5,4682.5,False,False,False,False
2016-06-28,573921.1052582444,3610.0,2.5,4862.5,False,False,False,True
2016-06-29,0.0,4260.0,12.5,4702.5,False,False,False,False
2016-06-30,0.0,4630.0,17.5,4892.5,False,False,False,False
2016-07-01,287937.2234022344,4530.0,17.5,4967.5,False,False,False,True
2016-07-02,0.0,4740.0,22.5,5017.5,False,False,False,False
2016-07-03,0.0,4300.0,17.5,4840.0,False,False,False,False
2016-07-04,0.0,4010.0,12.5,4777.5,False,False,False,False
2016-07-05,486963.64036334713,3940.0,12.5,4725.0,False,False,False,True
2016-07-06,846844.8437931165,4030.0,12.5,4557.5,False,False,False,True
2016-07-07,1544580.2345854705,3730.0,12.5,4660.0,False,False,True,True
2016-07-08,1144175.9039644,3870.0,12.5,4815.0,False,False,True,True
2016-07-09,0.0,4540.0,22.5,4832.5,False,False,False,False
2016-07-10,0.0,5300.0,37.5,4832.5,False,False,False,False
2016-07-11,0.0,5060.0,27.5,5005.0,False,False,False,False
2016-07-12,44487.21448879399,6810.0,47.5,4762.5,False,False,False,True
2016-07-13,136598.5732483213,6290.0,47.5,4707.5,False,False,False,True
2016-07-14,2664335.7026648954,5240.0,37.5,4580.0,False,False,True,True
2016-07-15,1564366.9130785987,4680.0,27.5,4635.0,False,False,True,True
2016-07-16,197550.0784143934,4590.0,22.5,4657.5,False,False,False,True
2016-07-17,358459.52663656994,4420.0,17.5,4500.0,False,False,False,True
2016-07-18,1046432.8365734161,4080.0,17.5,4710.0,False,False,False,True
2016-07-19,0.0,4370.0,22.5,4955.0,False,False,False,False
2016-07-20,0.0,4550.0,27.5,4502.5,False,False,False,False
2016-07-21,0.0,3960.0,7.5,4465.0,False,False,False,False
2016-07-22,1819306.8500587074,3550.0,2.5,4282.5,False,False,True,True
2016-07-23,853109.2952406465,3280.0,2.5,4240.0,False,False,False,True
2016-07-24,98122.51617924757,3170.0,2.5,4320.0,False,False,False,True
2016-07-25,1686638.6327597431,3750.0,2.5,4307.5,False,False,True,True
2016-07-26,743333.428635046,5140.0,27.5,5090.0,False,False,False,True
2016-07-27,271042.66810089565,4420.0,17.5,4667.5,False,False,False,True
2016-07-28,1260644.1471125367,4090.0,12.5,4550.0,False,False,True,True
2016-07-29,698423.057165205,4310.0,17.5,5232.5,False,False,False,True
2016-07-30,959398.0074697691,4560.0,22.5,4860.0,False,False,False,True
2016-07-31,2004681.5658802278,8830.0,82.5,5200.0,False,False,True,True
2016-08-01,53509.18534727386,7830.0,82.5,5075.0,False,False,False,True
2016-08-02,0.0,8620.0,87.5,5037.5,False,False,False,False
2016-08-03,0.0,8210.0,87.5,4967.5,False,False,False,False
2016-08-04,0.0,6850.0,77.5,4842.5,False,False,False,False
2016-08-05,0.0,5980.0,55.0,4585.0,False,False,False,False
2016-08-06,1466619.4203898518,5260.0,52.5,4565.0,False,False,True,True
2016-08-07,0.0,5160.0,52.5,4652.5,False,False,False,False
2016-08-08,0.0,4790.0,42.5,4337.5,False,False,False,False
2016-08-09,44487.21448879399,4190.0,32.5,4117.5,False,False,False,True
2016-08-10,2113555.973780768,3710.0,12.5,4135.0,False,False,True,True
2016-08-11,3359375.5656605945,3700.0,12.5,4310.0,False,False,True,True
2016-08-12,2873662.2831927435,4670.0,32.5,4350.0,False,False,True,True
2016-08-13,3823436.9365056735,6670.0,52.5,4470.0,False,False,True,True
2016-08-14,3152546.6768670613,7180.0,57.5,4710.0,False,False,True,True
2016-08-15,2161959.0785605568,7310.0,57.5,4495.0,False,False,True,True
2016-08-16,2854387.441200275,7870.0,62.5,4447.5,False,False,True,True
2016-08-17,401037.8846745576,7350.0,67.5,4370.0,False,False,False,True
2016-08-18,189874.31930767454,6570.0,62.5,4280.0,False,False,False,True
2016-08-19,374690.7224112631,5960.0,47.5,4175.0,False,False,False,True
2016-08-20,448681.6381055603,5220.0,47.5,4057.5,False,False,False,True
2016-08-21,945203.3288504432,4820.0,37.5,3770.0,False,False,False,True
2016-08-22,0.0,5280.0,32.5,4075.0,False,False,False,False
2016-08-23,0.0,5610.0,37.5,5295.0,False,False,False,False
2016-08-24,0.0,5150.0,32.5,4560.0,False,False,False,False
2016-08-25,779241.1554307969,4990.0,27.5,4760.0,False,False,False,True
2016-08-26,1199475.341242546,4230.0,22.5,4290.0,False,False,True,True
2016-08-27,0.0,4000.0,22.5,4240.0,False,False,False,False
2016-08-28,0.0,4080.0,22.5,4102.5,False,False,False,False
2016-08-29,508148.45065237593,4420.0,32.5,4010.0,False,False,False,True
2016-08-30,0.0,4010.0,35.0,3930.0,False,False,False,False
2016-08-31,0.0,3600.0,27.5,3592.5,False,False,False,False
2016-09-01,0.0,3630.0,27.5,3610.0,False,False,False,False
2016-09-02,0.0,3550.0,22.5,3595.0,False,False,False,False
2016-09-03,0.0,3260.0,12.5,3425.0,False,False,False,False
2016-09-04,0.0,2780.0,2.5,3487.5,False,False,False,False
2016-09-05,0.0,2690.0,2.5,3325.0,False,False,False,False
2016-09-06,0.0,2810.0,7.5,3600.0,False,False,False,False
2016-09-07,0.0,2630.0,2.5,3780.0,False,False,False,False
2016-09-08,1584219.4491775758,2510.0,2.5,3645.0,False,False,True,True
2016-09-09,2333791.162055198,2580.0,2.5,3482.5,False,False,True,True
2016-09-10,2260135.0730286734,2700.0,2.5,3707.5,False,False,True,True
2016-09-11,609035.8654474865,2930.0,7.5,3937.5,False,False,False,True
2016-09-12,0.0,2800.0,2.5,3855.0,False,False,False,False
2016-09-13,0.0,2980.0,2.5,3815.0,False,False,False,False
2016-09-14,0.0,2740.0,2.5,3730.0,False,False,False,False
2016-09-15,0.0,2870.0,2.5,3675.0,False,False,False,False
2016-09-16,0.0,2700.0,2.5,3587.5,False,False,False,False
2016-09-17,0.0,2740.0,2.5,3417.5,False,False,False,False
2016-09-18,337941.1639990203,2870.0,2.5,3412.5,False,False,False,True
2016-09-19,0.0,3240.0,17.5,3385.0,False,False,False,False
2016-09-20,0.0,3870.0,42.5,3455.0,False,False,False,False
2016-09-21,0.0,3290.0,27.5,3275.0,False,False,False,False
2016-09-22,0.0,3260.0,32.5,3117.5,False,False,False,False
2016-09-23,0.0,3430.0,42.5,3080.0,False,False,False,False
2016-09-24,0.0,3450.0,47.5,3237.5,False,False,False,False
2016-09-25,0.0,3260.0,32.5,3227.5,False,False,False,False
2016-09-26,0.0,3170.0,17.5,3232.5,False,False,False,False
2016-09-27,0.0,2900.0,7.5,3180.0,False,False,False,False
2016-09-28,0.0,2910.0,7.5,3177.5,False,False,False,False
2016-09-29,0.0,2890.0,10.0,3370.0,False,False,False,False
2016-09-30,0.0,3000.0,10.0,3282.5,False,False,False,False
2016-10-01,0.0,4930.0,42.5,3480.0,False,False,False,False
2016-10-02,0.0,4570.0,37.5,3792.5,False,False,False,False
2016-10-03,0.0,3840.0,32.5,3572.5,False,False,False,False
2016-10-04,0.0,3860.0,37.5,3470.0,False,False,False,False
2016-10-05,0.0,3730.0,35.0,3437.5,False,False,False,False
2016-10-06,0.0,3780.0,37.5,3377.5,False,False,False,False
2016-10-07,0.0,3480.0,27.5,3432.5,False,False,False,False
2016-10-08,0.0,3250.0,17.5,3482.5,False,False,False,False
2016-10-09,0.0,2830.0,2.5,3612.5,False,False,False,False
2016-10-10,0.0,2780.0,2.5,3435.0,False,False,False,False
2016-10-11,0.0,2720.0,2.5,3685.0,False,False,False,False
2016-10-12,0.0,2820.0,2.5,4375.0,False,False,False,False
2016-10-13,0.0,2710.0,2.5,4630.0,False,False,False,False
2016-10-14,0.0,2680.0,2.5,4327.5,False,False,False,False
2016-10-15,0.0,2710.0,2.5,3867.5,False,False,False,False
2016-10-16,0.0,2970.0,2.5,3707.5,False,False,False,False
2016-10-17,0.0,2850.0,2.5,3925.0,False,False,False,False
2016-10-18,0.0,2370.0,2.5,3765.0,False,False,False,False
2016-10-19,0.0,3020.0,2.5,3467.5,False,False,False,False
2016-10-20,0.0,3020.0,2.5,3507.5,False,False,False,False
2016-10-21,0.0,3000.0,2.5,3510.0,False,False,False,False
2016-10-22,0.0,3120.0,2.5,3447.5,False,False,False,False
2016-10-23,0.0,3020.0,2.5,3417.5,False,False,False,False
2016-10-24,0.0,2810.0,2.5,3382.5,False,False,False,False
2016-10-25,0.0,2690.0,2.5,3492.5,False,False,False,False
2016-10-26,0.0,2990.0,7.5,3835.0,False,False,False,False
2016-10-27,0.0,3540.0,22.5,3727.5,False,False,False,False
2016-10-28,0.0,3670.0,22.5,3730.0,False,False,False,False
2016-10-29,0.0,3450.0,12.5,4787.5,False,False,False,False
2016-10-30,0.0,3250.0,12.5,6080.0,False,False,False,False
2016-10-31,0.0,4160.0,17.5,7032.5,False,False,False,False
2016-11-01,0.0,3990.0,17.5,6987.5,False,False,False,False
2016-11-02,0.0,3960.0,17.5,6587.5,False,False,False,False
2016-11-03,0.0,3800.0,17.5,6175.0,False,False,False,False
2016-11-04,0.0,3550.0,17.5,6265.0,False,False,False,False
2016-11-05,0.0,3070.0,7.5,6527.5,False,False,False,False
2016-11-06,0.0,2680.0,2.5,5897.5,False,False,False,False
2016-11-07,0.0,2550.0,2.5,5607.5,False,False,False,False
2016-11-08,0.0,2910.0,2.5,5340.0,False,False,False,False
2016-11-09,0.0,3030.0,12.5,4902.5,False,False,False,False
2016-11-10,0.0,3140.0,12.5,4610.0,False,False,False,False
2016-11-11,0.0,3090.0,7.5,4685.0,False,False,False,False
2016-11-12,0.0,3090.0,7.5,5047.5,False,False,False,False
2016-11-13,0.0,3100.0,7.5,5910.0,False,False,False,False
2016-11-14,0.0,2980.0,7.5,5520.0,False,False,False,False
2016-11-15,0.0,2980.0,7.5,5292.5,False,False,False,False
2016-11-16,0.0,3020.0,5.0,5147.5,False,False,False,False
2016-11-17,0.0,3170.0,12.5,5112.5,False,False,False,False
2016-11-18,0.0,3190.0,12.5,4810.0,False,False,False,False
2016-11-19,0.0,3300.0,12.5,4640.0,False,False,False,False
2016-11-20,0.0,3250.0,12.5,4827.5,False,False,False,False
2016-11-21,0.0,3070.0,2.5,4907.5,False,False,False,False
2016-11-22,0.0,2750.0,2.5,6187.5,False,False,False,False
2016-11-23,0.0,2630.0,2.5,5982.5,False,True,False,False
2016-11-24,0.0,2670.0,2.5,6475.0,False,True,False,False
2016-11-25,0.0,2780.0,2.5,6232.5,False,True,False,False
2016-11-26,0.0,2630.0,2.5,6075.0,False,True,False,False
2016-11-27,0.0,2590.0,2.5,7007.5,False,True,False,False
2016-11-28,0.0,2600.0,2.5,6730.0,False,True,False,False
2016-11-29,0.0,3160.0,2.5,7507.5,False,True,False,False
2016-11-30,0.0,5080.0,7.5,7547.5,False,True,False,False
2016-12-01,0.0,7590.0,22.5,7890.0,False,True,False,False
2016-12-02,0.0,10700.0,47.5,7425.0,False,True,False,False
2016-12-03,0.0,13600.0,57.5,8350.0,False,True,False,False
2016-12-04,0.0,10400.0,27.5,9547.5,False,True,False,False
2016-12-05,0.0,8290.0,27.5,7960.0,False,True,False,False
2016-12-06,0.0,7110.0,22.5,7590.0,False,True,False,False
2016-12-07,0.0,6980.0,17.5,8722.5,False,True,False,False
2016-12-08,0.0,6790.0,17.5,8342.5,False,True,False,False
2016-12-09,0.0,6320.0,17.5,8262.5,False,True,False,False
2016-12-10,0.0,6110.0,12.5,8470.0,False,True,False,False
2016-12-11,0.0,5750.0,12.5,8760.0,False,True,False,False
2016-12-12,0.0,5530.0,7.5,8790.0,False,True,False,False
2016-12-13,0.0,5560.0,7.5,9287.5,False,True,False,False
2016-12-14,0.0,5140.0,7.5,8782.5,False,True,False,False
2016-12-15,0.0,4850.0,7.5,8697.5,False,True,False,False
2016-12-16,0.0,4830.0,7.5,8442.5,False,True,False,False
2016-12-17,0.0,3230.0,7.5,8325.0,False,True,False,False
2016-12-18,0.0,3750.0,7.5,8437.5,False,True,False,False
2016-12-19,0.0,4040.0,7.5,8495.0,False,True,False,False
2016-12-20,0.0,5740.0,12.5,8612.5,False,True,False,False
2016-12-21,0.0,9770.0,37.5,8930.0,False,True,False,False
2016-12-22,0.0,7920.0,17.5,8547.5,False,True,False,False
2016-12-23,0.0,7340.0,12.5,8960.0,False,True,False,False
2016-12-24,0.0,7090.0,7.5,8720.0,False,True,False,False
2016-12-25,0.0,6800.0,7.5,10475.0,False,True,False,False
2016-12-26,0.0,6180.0,2.5,9782.5,False,True,False,False
2016-12-27,0.0,5930.0,2.5,9292.5,False,True,False,False
2016-12-28,0.0,5880.0,7.5,9297.5,False,True,False,False
2016-12-29,0.0,5990.0,7.5,9432.5,False,True,False,False
2016-12-30,0.0,7310.0,7.5,10662.5,False,True,False,False
2016-12-31,0.0,6870.0,7.5,12075.0,False,True,False,False
2017-01-01,0.0,6290.0,7.5,12052.5,False,True,False,False
2017-01-02,0.0,5880.0,7.5,13050.0,False,True,False,False
2017-01-03,0.0,5870.0,7.5,11525.0,False,True,False,False
2017-01-04,0.0,7310.0,12.5,10142.5,False,True,False,False
2017-01-05,0.0,8160.0,12.5,10012.5,False,True,False,False
2017-01-06,0.0,11100.0,22.5,11325.0,False,True,False,False
2017-01-07,0.0,10400.0,27.5,10232.5,False,True,False,False
2017-01-08,0.0,7630.0,12.5,9422.5,False,True,False,False
2017-01-09,0.0,5580.0,2.5,9242.5,False,True,False,False
2017-01-10,0.0,5000.0,2.5,8892.5,False,True,False,False
2017-01-11,0.0,5680.0,12.5,8567.5,False,True,False,False
2017-01-12,0.0,6550.0,7.5,9035.0,False,True,False,False
2017-01-13,0.0,7390.0,7.5,10100.0,False,True,False,False
2017-01-14,0.0,10400.0,22.5,10625.0,False,True,False,False
2017-01-15,0.0,14800.0,42.5,12275.0,False,True,False,False
2017-01-16,0.0,11400.0,32.5,10775.0,False,True,False,False
2017-01-17,0.0,9830.0,17.5,10250.0,False,True,False,False
2017-01-18,0.0,9810.0,22.5,11152.5,False,True,False,False
2017-01-19,0.0,9660.0,17.5,10550.0,False,False,False,False
2017-01-20,0.0,10400.0,27.5,10300.0,False,False,False,False
2017-01-21,0.0,10700.0,37.5,10180.0,False,False,False,False
2017-01-22,0.0,10400.0,37.5,9977.5,False,False,False,False
2017-01-23,0.0,10200.0,45.0,9687.5,False,False,False,False
2017-01-24,0.0,17400.0,72.5,8832.5,False,False,False,False
2017-01-25,0.0,19200.0,77.5,8475.0,False,False,False,False
2017-01-26,0.0,20500.0,62.5,8752.5,False,False,False,False
2017-01-27,0.0,16900.0,52.5,8135.0,False,False,False,False
2017-01-28,0.0,15700.0,57.5,8730.0,False,False,False,False
2017-01-29,0.0,14100.0,52.5,9185.0,False,False,False,False
2017-01-30,0.0,12500.0,52.5,9912.5,False,False,False,False
2017-01-31,0.0,11200.0,47.5,9357.5,False,False,False,False
2017-02-01,0.0,10300.0,42.5,8800.0,False,False,False,False
2017-02-02,0.0,9130.0,27.5,8622.5,False,False,False,False
2017-02-03,0.0,8540.0,22.5,8960.0,False,False,False,False
2017-02-04,0.0,8230.0,17.5,8760.0,False,False,False,False
2017-02-05,0.0,7390.0,17.5,8517.5,False,False,False,False
2017-02-06,0.0,6800.0,12.5,7940.0,False,False,False,False
2017-02-07,0.0,6650.0,12.5,8040.0,False,False,False,False
2017-02-08,0.0,7160.0,17.5,7705.0,False,False,False,False
2017-02-09,0.0,7370.0,22.5,8352.5,False,False,False,False
2017-02-10,0.0,7670.0,27.5,7647.5,False,False,False,False
2017-02-11,0.0,7890.0,27.5,7627.5,False,False,False,False
2017-02-12,0.0,8130.0,27.5,7782.5,False,False,False,False
2017-02-13,0.0,8420.0,27.5,7920.0,False,False,False,False
2017-02-14,0.0,8070.0,27.5,7677.5,False,False,False,False
2017-02-15,0.0,7940.0,32.5,7522.5,False,False,False,False
2017-02-16,0.0,8390.0,27.5,8052.5,False,False,False,False
2017-02-17,0.0,8240.0,22.5,8600.0,False,False,False,False
2017-02-18,0.0,7500.0,17.5,8872.5,False,False,False,False
2017-02-19,0.0,6970.0,17.5,8567.5,False,False,False,False
2017-02-20,0.0,7190.0,12.5,8257.5,False,False,False,False
2017-02-21,0.0,8550.0,32.5,8320.0,False,False,False,False
2017-02-22,0.0,10100.0,47.5,8490.0,False,False,False,False
2017-02-23,0.0,9720.0,42.5,8287.5,False,False,False,False
2017-02-24,0.0,9740.0,37.5,8322.5,False,False,False,False
2017-02-25,0.0,12300.0,57.5,9002.5,False,False,False,False
2017-02-26,0.0,18600.0,67.5,9245.0,False,False,False,False
2017-02-27,0.0,36700.0,87.5,9000.0,False,False,False,False
2017-02-28,0.0,26300.0,87.5,8612.5,False,False,False,False
2017-03-01,0.0,18500.0,67.5,9360.0,False,False,False,False
2017-03-02,0.0,17000.0,62.5,11090.0,False,False,False,False
2017-03-03,0.0,15400.0,62.5,10502.5,False,False,False,False
2017-03-04,0.0,13900.0,47.5,9940.0,False,False,False,False
2017-03-05,0.0,11900.0,37.5,9700.0,False,False,False,False
2017-03-06,0.0,10500.0,32.5,9580.0,False,False,False,False
2017-03-07,0.0,9830.0,32.5,9607.5,False,False,False,False
2017-03-08,0.0,10100.0,35.0,9840.0,False,False,False,False
2017-03-09,0.0,10300.0,32.5,9200.0,False,False,False,False
2017-03-10,0.0,10600.0,32.5,9815.0,False,False,False,False
2017-03-11,0.0,10500.0,27.5,10425.0,False,False,False,False
2017-03-12,0.0,9980.0,12.5,11025.0,False,False,False,False
2017-03-13,0.0,9420.0,7.5,11375.0,False,False,False,False
2017-03-14,0.0,9100.0,7.5,11325.0,False,False,False,False
2017-03-15,0.0,9050.0,7.5,11125.0,False,False,False,False
2017-03-16,0.0,9060.0,2.5,10950.0,False,False,False,False
2017-03-17,0.0,10100.0,12.5,10575.0,False,False,False,False
2017-03-18,0.0,11700.0,27.5,11375.0,False,False,False,False
2017-03-19,0.0,10900.0,22.5,11125.0,False,False,False,False
2017-03-20,0.0,10700.0,22.5,10775.0,False,False,False,False
2017-03-21,0.0,11000.0,22.5,11375.0,False,False,False,False
2017-03-22,0.0,13400.0,32.5,12125.0,False,False,False,False
2017-03-23,0.0,13300.0,40.0,11750.0,False,False,False,False
2017-03-24,0.0,13000.0,40.0,12175.0,False,False,False,False
2017-03-25,0.0,12600.0,37.5,11800.0,False,False,False,False
2017-03-26,0.0,12800.0,37.5,10925.0,False,False,False,False
2017-03-27,0.0,15200.0,47.5,11250.0,False,False,False,False
2017-03-28,0.0,20000.0,67.5,10700.0,False,False,False,False
2017-03-29,0.0,31400.0,82.5,10625.0,False,False,False,False
2017-03-30,0.0,38400.0,82.5,12725.0,False,False,False,False
2017-03-31,0.0,44100.0,87.5,12650.0,False,False,False,False
2017-04-01,0.0,54500.0,87.5,12900.0,False,False,False,False
2017-04-02,0.0,50600.0,87.5,12575.0,False,False,False,False
2017-04-03,0.0,40900.0,87.5,12475.0,False,False,False,False
2017-04-04,0.0,38200.0,87.5,14775.0,False,False,False,False
2017-04-05,0.0,42100.0,87.5,13575.0,False,False,False,False
2017-04-06,0.0,44300.0,87.5,13050.0,False,False,False,False
2017-04-07,0.0,57400.0,92.5,12400.0,False,False,False,False
2017-04-08,0.0,65400.0,92.5,12425.0,False,False,False,False
2017-04-09,0.0,50300.0,92.5,11950.0,False,False,False,False
2017-04-10,0.0,39400.0,92.5,11525.0,False,False,False,False
2017-04-11,0.0,33000.0,87.5,11950.0,False,False,False,False
2017-04-12,0.0,28500.0,82.5,12075.0,False,False,False,False
2017-04-13,0.0,25200.0,82.5,13125.0,False,False,False,False
2017-04-14,0.0,22200.0,72.5,12375.0,False,False,False,False
2017-04-15,0.0,18900.0,52.5,11575.0,False,False,False,False
2017-04-16,0.0,16100.0,42.5,11875.0,False,False,False,False
2017-04-17,0.0,14600.0,42.5,10700.0,False,False,False,False
2017-04-18,0.0,13800.0,47.5,10002.5,False,False,False,False
2017-04-19,0.0,12500.0,47.5,9877.5,False,False,False,False
2017-04-20,0.0,11900.0,42.5,10500.0,False,False,False,False
2017-04-21,0.0,12600.0,47.5,9672.5,False,False,False,False
2017-04-22,0.0,17000.0,52.5,9805.0,False,False,False,False
2017-04-23,0.0,21200.0,72.5,10850.0,False,False,False,False
2017-04-24,0.0,17800.0,67.5,10900.0,False,False,False,False
2017-04-25,0.0,16100.0,47.5,11875.0,False,False,False,False
2017-04-26,0.0,16000.0,62.5,11875.0,False,False,False,False
2017-04-27,0.0,15500.0,52.5,10650.0,False,False,False,False
2017-04-28,0.0,14200.0,52.5,9785.0,False,False,False,False
2017-04-29,0.0,14400.0,50.0,9945.0,False,False,False,False
2017-04-30,0.0,12400.0,37.5,9787.5,False,False,False,False
2017-05-01,0.0,10800.0,32.5,9422.5,False,False,False,False
2017-05-02,0.0,10000.0,27.5,9722.5,False,False,False,False
2017-05-03,0.0,13200.0,52.5,9352.5,False,False,False,False
2017-05-04,0.0,21900.0,77.5,9652.5,False,False,False,False
2017-05-05,0.0,19900.0,72.5,9705.0,False,False,False,False
2017-05-06,0.0,19200.0,67.5,9940.0,False,False,False,False
2017-05-07,0.0,20300.0,67.5,11175.0,False,False,False,False
2017-05-08,0.0,20300.0,72.5,10262.5,False,False,False,False
2017-05-09,0.0,18700.0,67.5,9575.0,False,False,False,False
2017-05-10,0.0,16600.0,67.5,10375.0,False,False,False,False
2017-05-11,0.0,14500.0,57.5,10667.5,False,False,False,False
2017-05-12,0.0,13100.0,57.5,10057.5,False,False,False,False
2017-05-13,0.0,15500.0,87.5,10275.0,False,False,False,False
2017-05-14,0.0,19300.0,92.5,9897.5,False,False,False,False
2017-05-15,0.0,18800.0,92.5,9632.5,False,False,False,False
2017-05-16,0.0,18300.0,87.5,8867.5,False,False,False,False
2017-05-17,18039.09732177266,16100.0,75.0,8507.5,False,False,False,True
2017-05-18,468847.0993088159,14000.0,60.0,8247.5,False,False,False,True
2017-05-19,412453.0880379017,13000.0,52.5,8890.0,False,False,False,True
2017-05-20,0.0,11900.0,47.5,8042.5,False,False,False,False
2017-05-21,0.0,10700.0,47.5,7547.5,False,False,False,False
2017-05-22,0.0,9180.0,42.5,7412.5,False,False,False,False
2017-05-23,0.0,8690.0,42.5,6805.0,False,False,False,False
2017-05-24,0.0,8380.0,37.5,6385.0,False,False,False,False
2017-05-25,0.0,8730.0,37.5,6102.5,False,False,False,False
2017-05-26,0.0,11800.0,72.5,5960.0,False,False,False,False
2017-05-27,0.0,10100.0,67.5,5857.5,False,False,False,False
2017-05-28,0.0,9440.0,52.5,6227.5,False,False,False,False
2017-05-29,0.0,8330.0,42.5,6310.0,False,False,False,False
2017-05-30,0.0,9740.0,52.5,6187.5,False,False,False,False
2017-05-31,0.0,10300.0,57.5,6547.5,False,False,False,False
2017-06-01,0.0,10400.0,57.5,6907.5,False,False,False,False
2017-06-02,0.0,10000.0,47.5,7187.5,False,False,False,False
2017-06-03,0.0,9810.0,47.5,6290.0,False,False,False,False
2017-06-04,0.0,8990.0,47.5,7347.5,False,False,False,False
2017-06-05,0.0,8010.0,32.5,7467.5,False,False,False,False
2017-06-06,0.0,8780.0,47.5,7550.0,False,False,False,False
2017-06-07,0.0,20500.0,97.5,7350.0,False,False,False,False
2017-06-08,0.0,27900.0,97.5,6465.0,False,False,False,False
2017-06-09,0.0,21300.0,97.5,6607.5,False,False,False,False
2017-06-10,0.0,16800.0,92.5,6280.0,False,False,False,False
2017-06-11,0.0,14400.0,82.5,6077.5,False,False,False,False
2017-06-12,271915.86213261,12400.0,72.5,6210.0,False,False,False,True
2017-06-13,1117762.0384613767,11200.0,70.0,5882.5,False,False,False,True
2017-06-14,0.0,10400.0,57.5,5892.5,False,False,False,False
2017-06-15,0.0,9400.0,47.5,5750.0,False,False,False,False
2017-06-16,0.0,8050.0,42.5,5690.0,False,False,False,False
2017-06-17,586658.5983653544,6980.0,42.5,5292.5,False,False,False,True
2017-06-18,2230181.319524443,6360.0,42.5,5345.0,False,False,True,True
2017-06-19,1849935.2003493495,6020.0,42.5,5262.5,False,False,True,True
2017-06-20,0.0,7410.0,57.5,5407.5,False,False,False,False
2017-06-21,0.0,11000.0,82.5,5322.5,False,False,False,False
2017-06-22,262908.97917220276,10600.0,77.5,5005.0,False,False,False,True
2017-06-23,2149775.501557393,8130.0,77.5,5077.5,False,False,True,True
2017-06-24,206318.45698353893,11800.0,77.5,4907.5,False,False,False,True
2017-06-25,0.0,10800.0,72.5,4910.0,False,False,False,False
2017-06-26,0.0,8410.0,62.5,4690.0,False,False,False,False
2017-06-27,0.0,7290.0,52.5,4682.5,False,False,False,False
2017-06-28,0.0,6050.0,52.5,4862.5,False,False,False,False
2017-06-29,0.0,5340.0,42.5,4702.5,False,False,False,False
2017-06-30,1066016.1265020047,4940.0,27.5,4892.5,False,False,False,True
2017-07-01,1421967.1417979302,5150.0,32.5,4967.5,False,False,True,True
2017-07-02,148916.85597538983,6790.0,57.5,5017.5,False,False,False,True
2017-07-03,0.0,6270.0,57.5,4840.0,False,False,False,False
2017-07-04,0.0,5710.0,42.5,4777.5,False,False,False,False
2017-07-05,0.0,5770.0,37.5,4725.0,False,False,False,False
2017-07-06,0.0,5190.0,37.5,4557.5,False,False,False,False
2017-07-07,286051.6773901318,5890.0,52.5,4660.0,False,False,False,True
2017-07-08,0.0,14300.0,82.5,4815.0,False,False,False,False
2017-07-09,0.0,9570.0,57.5,4832.5,False,False,False,False
2017-07-10,241152.13542802993,7570.0,42.5,4832.5,False,False,False,True
2017-07-11,1023890.6390011075,6380.0,42.5,5005.0,False,False,False,True
2017-07-12,1753290.8773244303,5790.0,42.5,4762.5,False,False,True,True
2017-07-13,2369578.287842345,5870.0,42.5,4707.5,False,False,True,True
2017-07-14,36764.53601007592,6010.0,47.5,4580.0,False,False,False,True
2017-07-15,260757.63396618364,7970.0,57.5,4635.0,False,False,False,True
2017-07-16,0.0,8540.0,72.5,4657.5,False,False,False,False
2017-07-17,844201.7594871677,8080.0,72.5,4500.0,False,False,False,True
2017-07-18,1555557.3285666103,7660.0,67.5,4710.0,False,False,True,True
2017-07-19,1925277.756052981,6600.0,62.5,4955.0,False,False,True,True
2017-07-20,2451958.4047814542,6370.0,57.5,4502.5,False,False,True,True
2017-07-21,1945343.1500242464,6510.0,62.5,4465.0,False,False,True,True
2017-07-22,1475802.7565412805,7050.0,67.5,4282.5,False,False,True,True
2017-07-23,0.0,8030.0,67.5,4240.0,False,False,False,False
2017-07-24,0.0,8670.0,67.5,4320.0,False,False,False,False
2017-07-25,0.0,15800.0,87.5,4307.5,False,False,False,False
2017-07-26,0.0,16800.0,87.5,5090.0,False,False,False,False
2017-07-27,67922.59742701208,14800.0,92.5,4667.5,False,False,False,True
2017-07-28,424298.8331280245,12300.0,92.5,4550.0,False,False,False,True
2017-07-29,0.0,10400.0,87.5,5232.5,False,False,False,False
2017-07-30,0.0,8990.0,77.5,4860.0,False,False,False,False
2017-07-31,0.0,7400.0,57.5,5200.0,False,False,False,False
2017-08-01,165835.70926931157,6640.0,47.5,5075.0,False,False,False,True
2017-08-02,335631.6705283226,6310.0,52.5,5037.5,False,False,False,True
2017-08-03,358126.5291965929,6990.0,72.5,4967.5,False,False,False,True
2017-08-04,510186.38825736614,7660.0,82.5,4842.5,False,False,False,True
2017-08-05,0.0,8110.0,82.5,4585.0,False,False,False,False
2017-08-06,0.0,9450.0,82.5,4565.0,False,False,False,False
2017-08-07,0.0,8170.0,77.5,4652.5,False,False,False,False
2017-08-08,0.0,8630.0,62.5,4337.5,False,False,False,False
2017-08-09,0.0,6940.0,57.5,4117.5,False,False,False,False
2017-08-10,0.0,6070.0,52.5,4135.0,False,False,False,False
2017-08-11,0.0,5690.0,52.5,4310.0,False,False,False,False
2017-08-12,445574.6735540312,7150.0,57.5,4350.0,False,False,False,True
2017-08-13,0.0,10700.0,77.5,4470.0,False,False,False,False
2017-08-14,0.0,9420.0,67.5,4710.0,False,False,False,False
2017-08-15,309298.2044585333,8250.0,62.5,4495.0,False,False,False,True
2017-08-16,160466.8109380105,7530.0,57.5,4447.5,False,False,False,True
2017-08-17,205324.56642284157,6660.0,57.5,4370.0,False,False,False,True
2017-08-18,1688283.3612423432,6490.0,57.5,4280.0,False,False,True,True
2017-08-19,706530.3306085856,9900.0,72.5,4175.0,False,False,False,True
2017-08-20,0.0,8630.0,67.5,4057.5,False,False,False,False
2017-08-21,456671.3333542828,8060.0,67.5,3770.0,False,False,False,True
2017-08-22,2346929.8823608425,7460.0,62.5,4075.0,False,False,True,True
2017-08-23,110293.60803022777,9230.0,72.5,5295.0,False,False,False,True
2017-08-24,0.0,7880.0,72.5,4560.0,False,False,False,False
2017-08-25,0.0,7280.0,67.5,4760.0,False,False,False,False
2017-08-26,0.0,6690.0,67.5,4290.0,False,False,False,False
2017-08-27,0.0,6290.0,62.5,4240.0,False,False,False,False
2017-08-28,0.0,5540.0,57.5,4102.5,False,False,False,False
2017-08-29,0.0,5040.0,52.5,4010.0,False,False,False,False
2017-08-30,0.0,4820.0,47.5,3930.0,False,False,False,False
2017-08-31,0.0,4760.0,47.5,3592.5,False,False,False,False
2017-09-01,0.0,4590.0,47.5,3610.0,False,False,False,False
2017-09-02,0.0,4550.0,52.5,3595.0,False,False,False,False
2017-09-03,0.0,5120.0,52.5,3425.0,False,False,False,False
2017-09-04,0.0,5500.0,57.5,3487.5,False,False,False,False
2017-09-05,377624.50139787275,4910.0,57.5,3325.0,False,False,False,True
2017-09-06,0.0,5480.0,52.5,3600.0,False,False,False,False
2017-09-07,0.0,7830.0,77.5,3780.0,False,False,False,False
2017-09-08,0.0,8540.0,72.5,3645.0,False,False,False,False
2017-09-09,0.0,7750.0,67.5,3482.5,False,False,False,False
2017-09-10,0.0,6900.0,67.5,3707.5,False,False,False,False
2017-09-11,0.0,6110.0,62.5,3937.5,False,False,False,False
2017-09-12,0.0,5400.0,57.5,3855.0,False,False,False,False
2017-09-13,0.0,5150.0,47.5,3815.0,False,False,False,False
2017-09-14,0.0,5010.0,47.5,3730.0,False,False,False,False
2017-09-15,0.0,4770.0,52.5,3675.0,False,False,False,False
2017-09-16,48655.74779819991,4600.0,52.5,3587.5,False,False,False,True
2017-09-17,0.0,4570.0,52.5,3417.5,False,False,False,False
2017-09-18,0.0,4470.0,57.5,3412.5,False,False,False,False
2017-09-19,0.0,4250.0,52.5,3385.0,False,False,False,False
2017-09-20,0.0,4440.0,62.5,3455.0,False,False,False,False
2017-09-21,0.0,3990.0,57.5,3275.0,False,False,False,False
2017-09-22,0.0,3590.0,42.5,3117.5,False,False,False,False
2017-09-23,0.0,3410.0,32.5,3080.0,False,False,False,False
2017-09-24,460238.97430358187,3270.0,32.5,3237.5,False,False,False,True
2017-09-25,698997.660758103,3340.0,47.5,3227.5,False,False,False,True
2017-09-26,23980.565433840966,3720.0,47.5,3232.5,False,False,False,True
2017-09-27,1222340.391789489,3870.0,47.5,3180.0,False,False,True,True
2017-09-28,0.0,3800.0,47.5,3177.5,False,False,False,False
2017-09-29,0.0,3670.0,47.5,3370.0,False,False,False,False
2017-09-30,0.0,3490.0,37.5,3282.5,False,False,False,False
2017-10-01,0.0,3230.0,12.5,3480.0,False,False,False,False
2017-10-02,0.0,3180.0,12.5,3792.5,False,False,False,False
2017-10-03,0.0,3240.0,17.5,3572.5,False,False,False,False
2017-10-04,0.0,3210.0,12.5,3470.0,False,False,False,False
2017-10-05,0.0,3220.0,22.5,3437.5,False,False,False,False
2017-10-06,0.0,3380.0,27.5,3377.5,False,False,False,False
2017-10-07,0.0,3290.0,22.5,3432.5,False,False,False,False
2017-10-08,1005493.9179582577,3630.0,32.5,3482.5,False,False,False,True
2017-10-09,1625179.9600545126,5410.0,52.5,3612.5,False,False,True,True
2017-10-10,49346.59280341698,5350.0,52.5,3435.0,False,False,False,True
2017-10-11,0.0,5440.0,47.5,3685.0,False,False,False,False
2017-10-12,0.0,4960.0,37.5,4375.0,False,False,False,False
2017-10-13,0.0,4920.0,42.5,4630.0,False,False,False,False
2017-10-14,0.0,4460.0,37.5,4327.5,False,False,False,False
2017-10-15,0.0,3880.0,27.5,3867.5,False,False,False,False
2017-10-16,0.0,3360.0,12.5,3707.5,False,False,False,False
2017-10-17,0.0,3180.0,7.5,3925.0,False,False,False,False
2017-10-18,0.0,3380.0,12.5,3765.0,False,False,False,False
2017-10-19,0.0,3480.0,27.5,3467.5,False,False,False,False
2017-10-20,0.0,3490.0,17.5,3507.5,False,False,False,False
2017-10-21,0.0,3360.0,7.5,3510.0,False,False,False,False
2017-10-22,0.0,3280.0,7.5,3447.5,False,False,False,False
2017-10-23,0.0,3170.0,7.5,3417.5,False,False,False,False
2017-10-24,0.0,3210.0,22.5,3382.5,False,False,False,False
2017-10-25,0.0,3990.0,37.5,3492.5,False,False,False,False
2017-10-26,0.0,3980.0,27.5,3835.0,False,False,False,False
2017-10-27,0.0,3790.0,27.5,3727.5,False,False,False,False
2017-10-28,0.0,4000.0,32.5,3730.0,False,False,False,False
2017-10-29,0.0,4790.0,27.5,4787.5,False,False,False,False
2017-10-30,0.0,11300.0,42.5,6080.0,False,False,False,False
2017-10-31,0.0,19300.0,72.5,7032.5,False,False,False,False
2017-11-01,0.0,23600.0,77.5,6987.5,False,False,False,False
2017-11-02,0.0,14700.0,57.5,6587.5,False,False,False,False
2017-11-03,0.0,11400.0,47.5,6175.0,False,False,False,False
2017-11-04,0.0,9800.0,47.5,6265.0,False,False,False,False
2017-11-05,0.0,8450.0,42.5,6527.5,False,False,False,False
2017-11-06,0.0,7480.0,37.5,5897.5,False,False,False,False
2017-11-07,0.0,6820.0,32.5,5607.5,False,False,False,False
2017-11-08,0.0,6230.0,32.5,5340.0,False,False,False,False
2017-11-09,0.0,6040.0,32.5,4902.5,False,False,False,False
2017-11-10,0.0,5740.0,32.5,4610.0,False,False,False,False
2017-11-11,0.0,5310.0,32.5,4685.0,False,False,False,False
2017-11-12,0.0,5100.0,27.5,5047.5,False,False,False,False
2017-11-13,0.0,5010.0,22.5,5910.0,False,False,False,False
2017-11-14,0.0,4890.0,22.5,5520.0,False,False,False,False
2017-11-15,0.0,4580.0,22.5,5292.5,False,False,False,False
2017-11-16,0.0,4360.0,22.5,5147.5,False,False,False,False
2017-11-17,0.0,4310.0,22.5,5112.5,False,False,False,False
2017-11-18,0.0,4150.0,22.5,4810.0,False,False,False,False
2017-11-19,0.0,4460.0,22.5,4640.0,False,False,False,False
2017-11-20,0.0,4900.0,27.5,4827.5,False,False,False,False
2017-11-21,0.0,5000.0,27.5,4907.5,False,False,False,False
2017-11-22,0.0,5910.0,22.5,6187.5,False,False,False,False
2017-11-23,0.0,5690.0,22.5,5982.5,False,False,False,False
2017-11-24,0.0,5200.0,22.5,6475.0,False,False,False,False
2017-11-25,0.0,4890.0,22.5,6232.5,False,False,False,False
2017-11-26,0.0,4710.0,17.5,6075.0,False,False,False,False
2017-11-27,0.0,4600.0,12.5,7007.5,False,False,False,False
2017-11-28,0.0,4450.0,7.5,6730.0,False,False,False,False
2017-11-29,0.0,4470.0,7.5,7507.5,False,False,False,False
2017-11-30,0.0,4370.0,2.5,7547.5,False,False,False,False
2017-12-01,0.0,4250.0,2.5,7890.0,False,False,False,False
2017-12-02,0.0,4060.0,2.5,7425.0,False,False,False,False
2017-12-03,0.0,3930.0,2.5,8350.0,False,False,False,False
2017-12-04,0.0,3850.0,2.5,9547.5,False,False,False,False
2017-12-05,0.0,3820.0,2.5,7960.0,False,False,False,False
2017-12-06,0.0,3760.0,2.5,7590.0,False,False,False,False
2017-12-07,0.0,3830.0,2.5,8722.5,False,False,False,False
2017-12-08,0.0,3880.0,7.5,8342.5,False,False,False,False
2017-12-09,0.0,4050.0,7.5,8262.5,False,False,False,False
2017-12-10,0.0,4160.0,7.5,8470.0,False,False,False,False
2017-12-11,0.0,4070.0,7.5,8760.0,False,False,False,False
2017-12-12,0.0,3880.0,2.5,8790.0,False,False,False,False
2017-12-13,0.0,3780.0,2.5,9287.5,False,False,False,False
2017-12-14,0.0,3800.0,2.5,8782.5,False,False,False,False
2017-12-15,0.0,3620.0,2.5,8697.5,False,False,False,False
2017-12-16,0.0,3320.0,2.5,8442.5,False,False,False,False
2017-12-17,0.0,3050.0,2.5,8325.0,False,False,False,False
2017-12-18,0.0,3110.0,2.5,8437.5,False,False,False,False
2017-12-19,0.0,3590.0,2.5,8495.0,False,False,False,False
2017-12-20,0.0,3900.0,2.5,8612.5,False,False,False,False
2017-12-21,0.0,4110.0,2.5,8930.0,False,False,False,False
2017-12-22,0.0,4090.0,2.5,8547.5,False,False,False,False
2017-12-23,0.0,4040.0,2.5,8960.0,False,False,False,False
2017-12-24,0.0,5110.0,2.5,8720.0,False,False,False,False
2017-12-25,0.0,5600.0,2.5,10475.0,False,False,False,False
2017-12-26,0.0,7030.0,12.5,9782.5,False,False,False,False
2017-12-27,0.0,6390.0,7.5,9292.5,False,False,False,False
2017-12-28,0.0,5640.0,2.5,9297.5,False,False,False,False
2017-12-29,0.0,5180.0,2.5,9432.5,False,False,False,False
2017-12-30,0.0,4990.0,2.5,10662.5,False,False,False,False
2017-12-31,0.0,4750.0,2.5,12075.0,False,False,False,False
2018-01-01,0.0,4560.0,2.5,12052.5,False,False,False,False
2018-01-02,0.0,4320.0,2.5,13050.0,False,False,False,False
2018-01-03,0.0,4860.0,2.5,11525.0,False,False,False,False
2018-01-04,0.0,5420.0,2.5,10142.5,False,False,False,False
2018-01-05,0.0,5250.0,2.5,10012.5,False,False,False,False
2018-01-06,0.0,4740.0,2.5,11325.0,False,False,False,False
2018-01-07,0.0,5070.0,2.5,10232.5,False,False,False,False
2018-01-08,0.0,5770.0,2.5,9422.5,False,False,False,False
2018-01-09,0.0,5840.0,7.5,9242.5,False,False,False,False
2018-01-10,0.0,5230.0,7.5,8892.5,False,False,False,False
2018-01-11,0.0,4760.0,7.5,8567.5,False,False,False,False
2018-01-12,0.0,7460.0,12.5,9035.0,False,False,False,False
2018-01-13,0.0,16900.0,52.5,10100.0,False,False,False,False
2018-01-14,0.0,25200.0,75.0,10625.0,False,False,False,False
2018-01-15,0.0,24800.0,72.5,12275.0,False,False,False,False
2018-01-16,0.0,19900.0,62.5,10775.0,False,False,False,False
2018-01-17,0.0,16200.0,62.5,10250.0,False,False,False,False
2018-01-18,0.0,14400.0,57.5,11152.5,False,False,False,False
2018-01-19,0.0,12200.0,37.5,10550.0,False,False,False,False
2018-01-20,0.0,11600.0,37.5,10300.0,False,False,False,False
2018-01-21,0.0,10300.0,27.5,10180.0,False,False,False,False
2018-01-22,0.0,9940.0,22.5,9977.5,False,False,False,False
2018-01-23,0.0,12700.0,62.5,9687.5,False,False,False,False
2018-01-24,0.0,25100.0,87.5,8832.5,False,False,False,False
2018-01-25,0.0,33800.0,92.5,8475.0,False,False,False,False
2018-01-26,0.0,24600.0,72.5,8752.5,False,False,False,False
2018-01-27,0.0,18800.0,67.5,8135.0,False,False,False,False
2018-01-28,0.0,15600.0,52.5,8730.0,False,False,False,False
2018-01-29,0.0,14800.0,62.5,9185.0,False,False,False,False
2018-01-30,0.0,13900.0,57.5,9912.5,False,False,False,False
2018-01-31,0.0,12600.0,52.5,9357.5,False,False,False,False
2018-02-01,0.0,11600.0,47.5,8800.0,False,False,False,False
2018-02-02,0.0,10800.0,47.5,8622.5,False,False,False,False
2018-02-03,0.0,9920.0,47.5,8960.0,False,False,False,False
2018-02-04,0.0,8950.0,32.5,8760.0,False,False,False,False
2018-02-05,0.0,10900.0,37.5,8517.5,False,False,False,False
2018-02-06,0.0,10200.0,37.5,7940.0,False,False,False,False
2018-02-07,0.0,10000.0,37.5,8040.0,False,False,False,False
2018-02-08,0.0,11700.0,52.5,7705.0,False,False,False,False
2018-02-09,0.0,10200.0,42.5,8352.5,False,False,False,False
2018-02-10,0.0,9320.0,37.5,7647.5,False,False,False,False
2018-02-11,0.0,18000.0,77.5,7627.5,False,False,False,False
2018-02-12,0.0,21700.0,90.0,7782.5,False,False,False,False
2018-02-13,0.0,21300.0,87.5,7920.0,False,False,False,False
2018-02-14,0.0,20600.0,82.5,7677.5,False,False,False,False
2018-02-15,0.0,18800.0,72.5,7522.5,False,False,False,False
2018-02-16,0.0,21300.0,92.5,8052.5,False,False,False,False
2018-02-17,0.0,25900.0,92.5,8600.0,False,False,False,False
2018-02-18,0.0,27900.0,87.5,8872.5,False,False,False,False
2018-02-19,0.0,23900.0,92.5,8567.5,False,False,False,False
2018-02-20,0.0,21700.0,87.5,8257.5,False,False,False,False
2018-02-21,0.0,23700.0,92.5,8320.0,False,False,False,False
2018-02-22,0.0,29000.0,92.5,8490.0,False,False,False,False
2018-02-23,0.0,31400.0,92.5,8287.5,False,False,False,False
2018-02-24,0.0,30600.0,97.5,8322.5,False,False,False,False
2018-02-25,0.0,34400.0,92.5,9002.5,False,False,False,False
2018-02-26,0.0,50900.0,92.5,9245.0,False,False,False,False
2018-02-27,0.0,47400.0,92.5,9000.0,False,False,False,False
2018-02-28,0.0,37100.0,97.5,8612.5,False,False,False,False
2018-03-01,0.0,30900.0,97.5,9360.0,False,False,False,False
2018-03-02,0.0,40300.0,97.5,11090.0,False,False,False,False
2018-03-03,0.0,44500.0,97.5,10502.5,False,False,False,False
2018-03-04,0.0,37400.0,97.5,9940.0,False,False,False,False
2018-03-05,0.0,30600.0,92.5,9700.0,False,False,False,False
2018-03-06,0.0,27400.0,92.5,9580.0,False,False,False,False
2018-03-07,0.0,25900.0,82.5,9607.5,False,False,False,False
2018-03-08,0.0,25700.0,82.5,9840.0,False,False,False,False
2018-03-09,0.0,24200.0,82.5,9200.0,False,False,False,False
2018-03-10,0.0,21700.0,77.5,9815.0,False,False,False,False
2018-03-11,0.0,18200.0,77.5,10425.0,False,False,False,False
2018-03-12,0.0,17000.0,67.5,11025.0,False,False,False,False
2018-03-13,0.0,17300.0,57.5,11375.0,False,False,False,False
2018-03-14,0.0,17500.0,57.5,11325.0,False,False,False,False
2018-03-15,0.0,16200.0,52.5,11125.0,False,False,False,False
2018-03-16,0.0,15200.0,37.5,10950.0,False,False,False,False
2018-03-17,0.0,14400.0,37.5,10575.0,False,False,False,False
2018-03-18,0.0,12900.0,37.5,11375.0,False,False,False,False
2018-03-19,0.0,11200.0,27.5,11125.0,False,False,False,False
2018-03-20,0.0,10800.0,27.5,10775.0,False,False,False,False
2018-03-21,0.0,11500.0,27.5,11375.0,False,False,False,False
2018-03-22,0.0,11300.0,22.5,12125.0,False,False,False,False
2018-03-23,0.0,11000.0,17.5,11750.0,False,False,False,False
2018-03-24,0.0,11500.0,22.5,12175.0,False,False,False,False
2018-03-25,0.0,11900.0,27.5,11800.0,False,False,False,False
2018-03-26,0.0,10700.0,22.5,10925.0,False,False,False,False
2018-03-27,0.0,10500.0,22.5,11250.0,False,False,False,False
2018-03-28,0.0,11200.0,32.5,10700.0,False,False,False,False
2018-03-29,0.0,11600.0,32.5,10625.0,False,False,False,False
2018-03-30,0.0,13300.0,27.5,12725.0,False,False,False,False
2018-03-31,0.0,15500.0,42.5,12650.0,False,False,False,False
2018-04-01,0.0,20400.0,67.5,12900.0,False,False,False,False
2018-04-02,0.0,18700.0,52.5,12575.0,False,False,False,False
2018-04-03,0.0,19500.0,52.5,12475.0,False,False,False,False
2018-04-04,0.0,23100.0,57.5,14775.0,False,False,False,False
2018-04-05,0.0,26100.0,62.5,13575.0,False,False,False,False
2018-04-06,0.0,26700.0,67.5,13050.0,False,False,False,False
2018-04-07,0.0,23900.0,62.5,12400.0,False,False,False,False
2018-04-08,0.0,20600.0,52.5,12425.0,False,False,False,False
2018-04-09,0.0,18800.0,52.5,11950.0,False,False,False,False
2018-04-10,0.0,17400.0,52.5,11525.0,False,False,False,False
2018-04-11,0.0,16300.0,52.5,11950.0,False,False,False,False
2018-04-12,0.0,15200.0,47.5,12075.0,False,False,False,False
2018-04-13,0.0,13700.0,27.5,13125.0,False,False,False,False
2018-04-14,0.0,12800.0,27.5,12375.0,False,False,False,False
2018-04-15,0.0,12000.0,27.5,11575.0,False,False,False,False
2018-04-16,0.0,23900.0,67.5,11875.0,False,False,False,False
2018-04-17,0.0,30200.0,77.5,10700.0,False,False,False,False
2018-04-18,0.0,33700.0,77.5,10002.5,False,False,False,False
2018-04-19,0.0,31000.0,87.5,9877.5,False,False,False,False
2018-04-20,0.0,26800.0,77.5,10500.0,False,False,False,False
2018-04-21,0.0,22200.0,77.5,9672.5,False,False,False,False
2018-04-22,0.0,18700.0,67.5,9805.0,False,False,False,False
2018-04-23,0.0,17300.0,62.5,10850.0,False,False,False,False
2018-04-24,0.0,16200.0,52.5,10900.0,False,False,False,False
2018-04-25,0.0,16700.0,60.0,11875.0,False,False,False,False
2018-04-26,0.0,20100.0,67.5,11875.0,False,False,False,False
2018-04-27,0.0,21300.0,77.5,10650.0,False,False,False,False
2018-04-28,0.0,20600.0,67.5,9785.0,False,False,False,False
2018-04-29,0.0,19600.0,70.0,9945.0,False,False,False,False
2018-04-30,0.0,18800.0,72.5,9787.5,False,False,False,False
2018-05-01,0.0,17500.0,62.5,9422.5,False,False,False,False
2018-05-02,0.0,16900.0,67.5,9722.5,False,False,False,False
2018-05-03,0.0,16500.0,67.5,9352.5,False,False,False,False
2018-05-04,0.0,16000.0,60.0,9652.5,False,False,False,False
2018-05-05,0.0,15200.0,67.5,9705.0,False,False,False,False
2018-05-06,0.0,13400.0,57.5,9940.0,False,False,False,False
2018-05-07,0.0,12900.0,42.5,11175.0,False,False,False,False
2018-05-08,0.0,13200.0,47.5,10262.5,False,False,False,False
2018-05-09,0.0,13200.0,52.5,9575.0,False,False,False,False
2018-05-10,0.0,12200.0,47.5,10375.0,False,False,False,False
2018-05-11,0.0,12000.0,37.5,10667.5,False,False,False,False
2018-05-12,0.0,12900.0,52.5,10057.5,False,False,False,False
2018-05-13,0.0,13500.0,75.0,10275.0,False,False,False,False
2018-05-14,0.0,14300.0,82.5,9897.5,False,False,False,False
2018-05-15,449256.2652323758,14900.0,85.0,9632.5,False,False,False,True
2018-05-16,0.0,17000.0,82.5,8867.5,False,False,False,False
2018-05-17,0.0,29700.0,82.5,8507.5,False,False,False,False
2018-05-18,0.0,29800.0,87.5,8247.5,False,False,False,False
2018-05-19,0.0,26700.0,92.5,8890.0,False,False,False,False
2018-05-20,0.0,34000.0,92.5,8042.5,False,False,False,False
2018-05-21,0.0,37900.0,92.5,7547.5,False,False,False,False
2018-05-22,0.0,32900.0,92.5,7412.5,False,False,False,False
2018-05-23,0.0,33100.0,92.5,6805.0,False,False,False,False
2018-05-24,0.0,36000.0,97.5,6385.0,False,False,False,False
2018-05-25,0.0,29700.0,92.5,6102.5,False,False,False,False
2018-05-26,724292.7936983885,23700.0,92.5,5960.0,False,False,False,True
2018-05-27,25019.24631425452,28300.0,97.5,5857.5,False,False,False,True
2018-05-28,0.0,19600.0,92.5,6227.5,False,False,False,False
2018-05-29,491506.1612722422,17200.0,92.5,6310.0,False,False,False,True
2018-05-30,0.0,14800.0,87.5,6187.5,False,False,False,False
2018-05-31,290534.28101330664,13000.0,77.5,6547.5,False,False,False,True
2018-06-01,1200537.660925326,12000.0,77.5,6907.5,False,False,True,True
2018-06-02,1031830.5369089951,11500.0,57.5,7187.5,False,False,False,True
2018-06-03,0.0,11300.0,57.5,6290.0,False,False,False,False
2018-06-04,0.0,12200.0,67.5,7347.5,False,False,False,False
2018-06-05,0.0,11000.0,72.5,7467.5,False,False,False,False
2018-06-06,0.0,10200.0,70.0,7550.0,False,False,False,False
2018-06-07,0.0,9400.0,67.5,7350.0,False,False,False,False
2018-06-08,0.0,8820.0,57.5,6465.0,False,False,False,False
2018-06-09,0.0,8220.0,52.5,6607.5,False,False,False,False
2018-06-10,0.0,7690.0,47.5,6280.0,False,False,False,False
2018-06-11,0.0,8310.0,57.5,6077.5,False,False,False,False
2018-06-12,0.0,7810.0,47.5,6210.0,False,False,False,False
2018-06-13,0.0,6980.0,37.5,5882.5,False,False,False,False
2018-06-14,49346.59280341698,6650.0,32.5,5892.5,False,False,False,True
2018-06-15,0.0,6550.0,32.5,5750.0,False,False,False,False
2018-06-16,0.0,6240.0,32.5,5690.0,False,False,False,False
2018-06-17,0.0,5880.0,32.5,5292.5,False,False,False,False
2018-06-18,1900099.5846523554,5480.0,32.5,5345.0,False,False,True,True
2018-06-19,1122471.7261017484,5360.0,27.5,5262.5,False,False,False,True
2018-06-20,0.0,5550.0,32.5,5407.5,False,False,False,False
2018-06-21,0.0,5370.0,27.5,5322.5,False,False,False,False
2018-06-22,0.0,5090.0,27.5,5005.0,False,False,False,False
2018-06-23,0.0,4800.0,22.5,5077.5,False,False,False,False
2018-06-24,271341.0481157637,4690.0,17.5,4907.5,False,False,False,True
2018-06-25,0.0,4820.0,22.5,4910.0,False,False,False,False
2018-06-26,0.0,4440.0,17.5,4690.0,False,False,False,False
2018-06-27,0.0,4360.0,15.0,4682.5,False,False,False,False
2018-06-28,1090247.477534054,5760.0,47.5,4862.5,False,False,False,True
2018-06-29,67424.88329671725,7530.0,52.5,4702.5,False,False,False,True
2018-06-30,593528.3848197096,6480.0,47.5,4892.5,False,False,False,True
2018-07-01,1828075.2673843354,7250.0,57.5,4967.5,False,False,True,True
2018-07-02,2483075.354959206,6310.0,47.5,5017.5,False,False,True,True
2018-07-03,2989874.597154191,5800.0,47.5,4840.0,False,False,True,True
2018-07-04,2369949.9262619405,5760.0,47.5,4777.5,False,False,True,True
2018-07-05,2959989.433830342,6010.0,52.5,4725.0,False,False,True,True
2018-07-06,1758379.991472846,6400.0,47.5,4557.5,False,False,True,True
2018-07-07,0.0,5730.0,47.5,4660.0,False,False,False,False
2018-07-08,0.0,4900.0,27.5,4815.0,False,False,False,False
2018-07-09,0.0,4480.0,17.5,4832.5,False,False,False,False
2018-07-10,241619.5022888966,4250.0,17.5,4832.5,False,False,False,True
2018-07-11,0.0,3690.0,7.5,5005.0,False,False,False,False
2018-07-12,0.0,3540.0,2.5,4762.5,False,False,False,False
2018-07-13,0.0,3460.0,7.5,4707.5,False,False,False,False
2018-07-14,0.0,3370.0,7.5,4580.0,False,False,False,False
2018-07-15,440583.23254287057,3470.0,2.5,4635.0,False,False,False,True
2018-07-16,2086888.4022357976,4680.0,27.5,4657.5,False,False,True,True
2018-07-17,1838298.7278431463,4760.0,32.5,4500.0,False,False,True,True
2018-07-18,0.0,5480.0,32.5,4710.0,False,False,False,False
2018-07-19,0.0,5710.0,47.5,4955.0,False,False,False,False
2018-07-20,0.0,4900.0,32.5,4502.5,False,False,False,False
2018-07-21,0.0,4170.0,17.5,4465.0,False,False,False,False
2018-07-22,1506334.6581160317,4920.0,42.5,4282.5,False,False,True,True
2018-07-23,2671817.5997657063,8460.0,72.5,4240.0,False,False,True,True
2018-07-24,2531674.855098156,13200.0,92.5,4320.0,False,False,True,True
2018-07-25,1851830.5917205806,27200.0,97.5,4307.5,False,False,True,True
2018-07-26,820742.0031663749,30900.0,97.5,5090.0,False,False,False,True
2018-07-27,1585465.095458283,34000.0,97.5,4667.5,False,False,True,True
2018-07-28,479749.61753772997,30200.0,97.5,4550.0,False,False,False,True
2018-07-29,0.0,22800.0,97.5,5232.5,False,False,False,False
2018-07-30,0.0,18800.0,97.5,4860.0,False,False,False,False
2018-07-31,0.0,14400.0,92.5,5200.0,False,False,False,False
2018-08-01,2438150.4159249994,11000.0,92.5,5075.0,False,False,True,True
2018-08-02,1943071.8999361987,12400.0,92.5,5037.5,False,False,True,True
2018-08-03,1816762.0872870875,16200.0,92.5,4967.5,False,False,True,True
2018-08-04,1387399.0551335623,36500.0,97.5,4842.5,False,False,True,True
2018-08-05,1686908.9660688536,51500.0,92.5,4585.0,False,False,True,True
2018-08-06,2178924.5350733898,35300.0,92.5,4565.0,False,False,True,True
2018-08-07,2385157.454204857,27200.0,92.5,4652.5,False,False,True,True
2018-08-08,2063043.546470501,22000.0,92.5,4337.5,False,False,True,True
2018-08-09,1417003.3396076327,18400.0,97.5,4117.5,False,False,True,True
2018-08-10,333876.4012564878,21600.0,92.5,4135.0,False,False,False,True
2018-08-11,298281.99415917223,23800.0,92.5,4310.0,False,False,False,True
2018-08-12,1176445.4605390718,24400.0,87.5,4350.0,False,False,True,True
2018-08-13,735063.903591913,22700.0,92.5,4470.0,False,False,False,True
2018-08-14,130662.51235304557,38100.0,97.5,4710.0,False,False,False,True
2018-08-15,652374.9496190373,33300.0,97.5,4495.0,False,False,False,True
2018-08-16,1320832.1937055818,36500.0,97.5,4447.5,False,False,True,True
2018-08-17,2327000.6645086384,30800.0,97.5,4370.0,False,False,True,True
2018-08-18,1852472.143734334,26100.0,97.5,4280.0,False,False,True,True
2018-08-19,0.0,25800.0,97.5,4175.0,False,False,False,False
2018-08-20,0.0,29200.0,97.5,4057.5,False,False,False,False
2018-08-21,0.0,24900.0,97.5,3770.0,False,False,False,False
2018-08-22,22647.85953943395,29500.0,97.5,4075.0,False,False,False,True
2018-08-23,0.0,25900.0,92.5,5295.0,False,False,False,False
2018-08-24,0.0,21100.0,92.5,4560.0,False,False,False,False
2018-08-25,0.0,17200.0,92.5,4760.0,False,False,False,False
2018-08-26,112388.0439577995,15000.0,92.5,4290.0,False,False,False,True
2018-08-27,1808401.5162821654,13000.0,82.5,4240.0,False,False,True,True
2018-08-28,3118740.8260589037,11600.0,77.5,4102.5,False,False,True,True
2018-08-29,3201661.0916726296,10900.0,82.5,4010.0,False,False,True,True
2018-08-30,1889093.256419023,10600.0,82.5,3930.0,False,False,True,True
2018-08-31,0.0,10200.0,77.5,3592.5,False,False,False,False
2018-09-01,0.0,10800.0,72.5,3610.0,False,False,False,False
2018-09-02,1292737.7752904303,11000.0,77.5,3595.0,False,False,True,True
2018-09-03,3032990.368787951,10600.0,82.5,3425.0,False,False,True,True
2018-09-04,2196464.313740224,9700.0,77.5,3487.5,False,False,True,True
2018-09-05,2488253.1125028315,9180.0,77.5,3325.0,False,False,True,True
2018-09-06,2809921.7527779317,8930.0,77.5,3600.0,False,False,True,True
2018-09-07,773847.6595586848,9830.0,87.5,3780.0,False,False,False,True
2018-09-08,0.0,10300.0,82.5,3645.0,False,False,False,False
2018-09-09,0.0,10100.0,82.5,3482.5,False,False,False,False
2018-09-10,0.0,11800.0,87.5,3707.5,False,False,False,False
2018-09-11,0.0,20000.0,87.5,3937.5,False,False,False,False
2018-09-12,1439027.5560489146,30600.0,92.5,3855.0,False,False,True,True
2018-09-13,229945.89379343734,28100.0,92.5,3815.0,False,False,False,True
2018-09-14,0.0,22100.0,92.5,3730.0,False,False,False,False
2018-09-15,0.0,19300.0,92.5,3675.0,False,False,False,False
2018-09-16,0.0,17500.0,87.5,3587.5,False,False,False,False
2018-09-17,817597.7521349846,15900.0,82.5,3417.5,False,False,False,True
2018-09-18,1502180.5054695623,18900.0,82.5,3412.5,False,False,True,True
2018-09-19,0.0,29700.0,97.5,3385.0,False,False,False,False
2018-09-20,0.0,28100.0,92.5,3455.0,False,False,False,False
2018-09-21,0.0,23200.0,97.5,3275.0,False,False,False,False
2018-09-22,0.0,19600.0,97.5,3117.5,False,False,False,False
2018-09-23,0.0,16700.0,92.5,3080.0,False,False,False,False
2018-09-24,0.0,16900.0,87.5,3237.5,False,False,False,False
2018-09-25,0.0,17800.0,87.5,3227.5,False,False,False,False
2018-09-26,1350085.6829880069,29900.0,82.5,3232.5,False,False,True,True
2018-09-27,0.0,41900.0,97.5,3180.0,False,False,False,False
2018-09-28,0.0,52800.0,97.5,3177.5,False,False,False,False
2018-09-29,0.0,48700.0,92.5,3370.0,False,False,False,False
2018-09-30,0.0,40900.0,92.5,3282.5,False,False,False,False
2018-10-01,0.0,32300.0,87.5,3480.0,False,False,False,False
2018-10-02,0.0,27200.0,87.5,3792.5,False,False,False,False
2018-10-03,0.0,28700.0,87.5,3572.5,False,False,False,False
2018-10-04,415111.1581905894,39100.0,92.5,3470.0,False,False,False,True
2018-10-05,0.0,32300.0,92.5,3437.5,False,False,False,False
2018-10-06,0.0,29900.0,92.5,3377.5,False,False,False,False
2018-10-07,410411.3251130914,25100.0,87.5,3432.5,False,False,False,True
2018-10-08,0.0,22100.0,87.5,3482.5,False,False,False,False
2018-10-09,128710.05333827269,18700.0,82.5,3612.5,False,False,False,True
2018-10-10,136598.5732483213,17300.0,87.5,3435.0,False,False,False,True
2018-10-11,598498.1565349783,16900.0,87.5,3685.0,False,False,False,True
2018-10-12,0.0,33700.0,97.5,4375.0,False,False,False,False
2018-10-13,0.0,38600.0,97.5,4630.0,False,False,False,False
2018-10-14,0.0,31600.0,92.5,4327.5,False,False,False,False
2018-10-15,0.0,26700.0,92.5,3867.5,False,False,False,False
2018-10-16,0.0,23200.0,87.5,3707.5,False,False,False,False
2018-10-17,0.0,21100.0,87.5,3925.0,False,False,False,False
2018-10-18,0.0,19300.0,87.5,3765.0,False,False,False,False
2018-10-19,0.0,17300.0,87.5,3467.5,False,False,False,False
2018-10-20,0.0,15700.0,87.5,3507.5,False,False,False,False
2018-10-21,0.0,14700.0,82.5,3510.0,False,False,False,False
2018-10-22,0.0,14100.0,82.5,3447.5,False,False,False,False
2018-10-23,0.0,13700.0,77.5,3417.5,False,False,False,False
2018-10-24,0.0,13000.0,77.5,3382.5,False,False,False,False
2018-10-25,0.0,12100.0,72.5,3492.5,False,False,False,False
2018-10-26,0.0,11800.0,67.5,3835.0,False,False,False,False
2018-10-27,0.0,12900.0,72.5,3727.5,False,False,False,False
2018-10-28,0.0,14500.0,67.5,3730.0,False,False,False,False
2018-10-29,0.0,18100.0,67.5,4787.5,False,False,False,False
2018-10-30,0.0,18800.0,62.5,6080.0,False,False,False,False
2018-10-31,0.0,18300.0,57.5,7032.5,False,False,False,False
2018-11-01,0.0,16900.0,62.5,6987.5,False,False,False,False
2018-11-02,0.0,15400.0,67.5,6587.5,False,False,False,False
2018-11-03,0.0,46000.0,97.5,6175.0,False,False,False,False
2018-11-04,0.0,50300.0,97.5,6265.0,False,False,False,False
2018-11-05,0.0,40800.0,97.5,6527.5,False,False,False,False
2018-11-06,0.0,37300.0,97.5,5897.5,False,False,False,False
2018-11-07,0.0,44500.0,97.5,5607.5,False,False,False,False
2018-11-08,0.0,41600.0,97.5,5340.0,False,False,False,False
2018-11-09,0.0,35000.0,97.5,4902.5,False,False,False,False
2018-11-10,0.0,38100.0,97.5,4610.0,False,False,False,False
2018-11-11,0.0,38900.0,97.5,4685.0,False,False,False,False
2018-11-12,0.0,34200.0,97.5,5047.5,False,False,False,False
2018-11-13,0.0,34000.0,97.5,5910.0,False,False,False,False
2018-11-14,0.0,37200.0,97.5,5520.0,False,False,False,False
2018-11-15,0.0,35700.0,97.5,5292.5,False,False,False,False
2018-11-16,0.0,33800.0,97.5,5147.5,False,False,False,False
2018-11-17,0.0,32200.0,97.5,5112.5,False,False,False,False
2018-11-18,0.0,30600.0,92.5,4810.0,False,False,False,False
2018-11-19,0.0,28300.0,92.5,4640.0,False,False,False,False
2018-11-20,0.0,27400.0,92.5,4827.5,False,False,False,False
2018-11-21,0.0,27000.0,92.5,4907.5,False,False,False,False
2018-11-22,0.0,26700.0,92.5,6187.5,False,False,False,False
2018-11-23,0.0,23600.0,87.5,5982.5,False,False,False,False
2018-11-24,0.0,21600.0,87.5,6475.0,False,False,False,False
2018-11-25,0.0,47500.0,97.5,6232.5,False,False,False,False
2018-11-26,0.0,45100.0,97.5,6075.0,False,False,False,False
2018-11-27,0.0,54600.0,97.5,7007.5,False,False,False,False
2018-11-28,0.0,59300.0,97.5,6730.0,False,False,False,False
2018-11-29,0.0,48700.0,97.5,7507.5,False,False,False,False
2018-11-30,0.0,40400.0,97.5,7547.5,False,False,False,False
2018-12-01,0.0,34900.0,82.5,7890.0,False,False,False,False
2018-12-02,0.0,34700.0,87.5,7425.0,False,False,False,False
2018-12-03,0.0,35800.0,92.5,8350.0,False,False,False,False
2018-12-04,0.0,33400.0,92.5,9547.5,False,False,False,False
2018-12-05,0.0,30700.0,92.5,7960.0,False,False,False,False
2018-12-06,0.0,27300.0,97.5,7590.0,False,False,False,False
2018-12-07,0.0,23700.0,97.5,8722.5,False,False,False,False
2018-12-08,0.0,21400.0,92.5,8342.5,False,False,False,False
2018-12-09,0.0,19100.0,82.5,8262.5,False,False,False,False
2018-12-10,0.0,17300.0,82.5,8470.0,False,False,False,False
2018-12-11,0.0,16700.0,82.5,8760.0,False,False,False,False
2018-12-12,0.0,16200.0,72.5,8790.0,False,False,False,False
2018-12-13,0.0,15500.0,62.5,9287.5,False,False,False,False
2018-12-14,0.0,14900.0,57.5,8782.5,False,False,False,False
2018-12-15,0.0,14700.0,57.5,8697.5,False,False,False,False
2018-12-16,0.0,18000.0,67.5,8442.5,False,False,False,False
2018-12-17,0.0,26700.0,92.5,8325.0,False,False,False,False
2018-12-18,0.0,28200.0,87.5,8437.5,False,False,False,False
2018-12-19,0.0,25200.0,87.5,8495.0,False,False,False,False
2018-12-20,0.0,21700.0,87.5,8612.5,False,False,False,False
2018-12-21,0.0,33100.0,92.5,8930.0,False,False,False,False
2018-12-22,0.0,53200.0,92.5,8547.5,False,False,False,False
2018-12-23,0.0,56400.0,97.5,8960.0,False,False,False,False
2018-12-24,0.0,44300.0,97.5,8720.0,False,False,False,False
2018-12-25,0.0,36200.0,87.5,10475.0,False,False,False,False
2018-12-26,0.0,31400.0,82.5,9782.5,False,False,False,False
2018-12-27,0.0,27200.0,77.5,9292.5,False,False,False,False
2018-12-28,0.0,29100.0,77.5,9297.5,False,False,False,False
2018-12-29,0.0,33800.0,87.5,9432.5,False,False,False,False
2018-12-30,0.0,29700.0,82.5,10662.5,False,False,False,False
2018-12-31,0.0,26300.0,82.5,12075.0,False,False,False,False
2019-01-01,0.0,35800.0,97.5,12052.5,False,False,False,False
2019-01-02,0.0,36200.0,97.5,13050.0,False,False,False,False
2019-01-03,0.0,33400.0,97.5,11525.0,False,False,False,False
2019-01-04,0.0,29100.0,92.5,10142.5,False,False,False,False
2019-01-05,0.0,29800.0,97.5,10012.5,False,False,False,False
2019-01-06,0.0,35700.0,97.5,11325.0,False,False,False,False
2019-01-07,0.0,32800.0,97.5,10232.5,False,False,False,False
2019-01-08,0.0,28400.0,92.5,9422.5,False,False,False,False
2019-01-09,0.0,26500.0,87.5,9242.5,False,False,False,False
2019-01-10,0.0,25200.0,80.0,8892.5,False,False,False,False
2019-01-11,0.0,24100.0,82.5,8567.5,False,False,False,False
2019-01-12,0.0,20900.0,67.5,9035.0,False,False,False,False
2019-01-13,0.0,18400.0,60.0,10100.0,False,False,False,False
2019-01-14,0.0,17400.0,52.5,10625.0,False,False,False,False
2019-01-15,0.0,16200.0,47.5,12275.0,False,False,False,False
2019-01-16,0.0,15400.0,57.5,10775.0,False,False,False,False
2019-01-17,0.0,14700.0,52.5,10250.0,False,False,False,False
2019-01-18,0.0,13900.0,52.5,11152.5,False,False,False,False
2019-01-19,0.0,13400.0,60.0,10550.0,False,False,False,False
2019-01-20,0.0,19700.0,82.5,10300.0,False,False,False,False
2019-01-21,0.0,19800.0,77.5,10180.0,False,False,False,False
2019-01-22,0.0,15800.0,72.5,9977.5,False,False,False,False
2019-01-23,0.0,14600.0,72.5,9687.5,False,False,False,False
2019-01-24,0.0,25300.0,92.5,8832.5,False,False,False,False
2019-01-25,0.0,63600.0,97.5,8475.0,False,False,False,False
2019-01-27,0.0,41300.0,92.5,8135.0,False,False,False,False
2019-01-28,0.0,34000.0,87.5,8730.0,False,False,False,False
2019-01-29,0.0,28600.0,82.5,9185.0,False,False,False,False
2019-01-30,0.0,24400.0,82.5,9912.5,False,False,False,False
2019-01-31,0.0,21600.0,87.5,9357.5,False,False,False,False
2019-02-01,0.0,19100.0,82.5,8800.0,False,False,False,False
2019-02-02,0.0,17200.0,72.5,8622.5,False,False,False,False
2019-02-03,0.0,17500.0,77.5,8960.0,False,False,False,False
2019-02-04,0.0,16400.0,67.5,8760.0,False,False,False,False
2019-02-05,0.0,16600.0,72.5,8517.5,False,False,False,False
2019-02-06,0.0,17500.0,77.5,7940.0,False,False,False,False
2019-02-07,0.0,21600.0,87.5,8040.0,False,False,False,False
2019-02-08,0.0,25300.0,87.5,7705.0,False,False,False,False
2019-02-09,0.0,32800.0,92.5,8352.5,False,False,False,False
2019-02-10,0.0,33200.0,97.5,7647.5,False,False,False,False
2019-02-11,0.0,26500.0,92.5,7627.5,False,False,False,False
2019-02-12,0.0,23700.0,97.5,7782.5,False,False,False,False
2019-02-13,0.0,23100.0,92.5,7920.0,False,False,False,False
2019-02-14,0.0,21500.0,92.5,7677.5,False,False,False,False
2019-02-15,0.0,20200.0,85.0,7522.5,False,False,False,False
2019-02-16,0.0,20000.0,82.5,8052.5,False,False,False,False
2019-02-17,0.0,18400.0,77.5,8600.0,False,False,False,False
2019-02-18,0.0,16300.0,72.5,8872.5,False,False,False,False
2019-02-19,0.0,16100.0,70.0,8567.5,False,False,False,False
2019-02-20,0.0,15700.0,72.5,8257.5,False,False,False,False
2019-02-21,0.0,16500.0,80.0,8320.0,False,False,False,False
2019-02-22,0.0,19500.0,87.5,8490.0,False,False,False,False
2019-02-23,0.0,17800.0,87.5,8287.5,False,False,False,False
2019-02-24,0.0,18400.0,82.5,8322.5,False,False,False,False
2019-02-25,0.0,20500.0,77.5,9002.5,False,False,False,False
2019-02-26,0.0,19100.0,72.5,9245.0,False,False,False,False
2019-02-27,0.0,18600.0,72.5,9000.0,False,False,False,False
2019-02-28,0.0,17100.0,72.5,8612.5,False,False,False,False
2019-03-01,0.0,16100.0,62.5,9360.0,False,False,False,False
2019-03-02,0.0,15300.0,57.5,11090.0,False,False,False,False
2019-03-03,0.0,14200.0,57.5,10502.5,False,False,False,False
2019-03-04,0.0,14500.0,52.5,9940.0,False,False,False,False
2019-03-05,0.0,14100.0,52.5,9700.0,False,False,False,False
2019-03-06,0.0,13800.0,47.5,9580.0,False,False,False,False
2019-03-07,0.0,12800.0,52.5,9607.5,False,False,False,False
2019-03-08,0.0,11700.0,42.5,9840.0,False,False,False,False
2019-03-09,0.0,11100.0,37.5,9200.0,False,False,False,False
2019-03-10,0.0,15100.0,62.5,9815.0,False,False,False,False
2019-03-11,0.0,16900.0,62.5,10425.0,False,False,False,False
2019-03-12,0.0,16000.0,57.5,11025.0,False,False,False,False
2019-03-13,0.0,14800.0,47.5,11375.0,False,False,False,False
2019-03-14,0.0,13800.0,42.5,11325.0,False,False,False,False
2019-03-15,0.0,13000.0,32.5,11125.0,False,False,False,False
2019-03-16,0.0,18200.0,57.5,10950.0,False,False,False,False
2019-03-17,0.0,22100.0,72.5,10575.0,False,False,False,False
2019-03-18,0.0,19800.0,67.5,11375.0,False,False,False,False
2019-03-19,0.0,17200.0,52.5,11125.0,False,False,False,False
2019-03-20,0.0,15500.0,52.5,10775.0,False,False,False,False
2019-03-21,0.0,14900.0,47.5,11375.0,False,False,False,False
2019-03-22,0.0,26300.0,87.5,12125.0,False,False,False,False
2019-03-23,0.0,34200.0,92.5,11750.0,False,False,False,False
2019-03-24,0.0,32100.0,75.0,12175.0,False,False,False,False
2019-03-25,0.0,25200.0,67.5,11800.0,False,False,False,False
2019-03-26,0.0,22600.0,67.5,10925.0,False,False,False,False
2019-03-27,0.0,20900.0,67.5,11250.0,False,False,False,False
2019-03-28,0.0,18900.0,62.5,10700.0,False,False,False,False
2019-03-29,0.0,17000.0,52.5,10625.0,False,False,False,False
2019-03-30,0.0,15300.0,42.5,12725.0,False,False,False,False
2019-03-31,0.0,14800.0,37.5,12650.0,False,False,False,False
2019-04-01,0.0,16400.0,37.5,12900.0,False,False,False,False
2019-04-02,0.0,18000.0,42.5,12575.0,False,False,False,False
2019-04-03,0.0,16900.0,42.5,12475.0,False,False,False,False
2019-04-04,0.0,14900.0,27.5,14775.0,False,False,False,False
2019-04-05,0.0,13800.0,27.5,13575.0,False,False,False,False
2019-04-06,0.0,13800.0,32.5,13050.0,False,False,False,False
2019-04-07,0.0,13500.0,32.5,12400.0,False,False,False,False
2019-04-08,0.0,13200.0,37.5,12425.0,False,False,False,False
2019-04-09,0.0,13400.0,37.5,11950.0,False,False,False,False
2019-04-10,0.0,14800.0,37.5,11525.0,False,False,False,False
2019-04-11,0.0,15000.0,42.5,11950.0,False,False,False,False
2019-04-12,0.0,14000.0,42.5,12075.0,False,False,False,False
2019-04-13,0.0,19200.0,60.0,13125.0,False,False,False,False
2019-04-14,0.0,26200.0,77.5,12375.0,False,False,False,False
2019-04-15,0.0,29800.0,82.5,11575.0,False,False,False,False
2019-04-16,0.0,51100.0,92.5,11875.0,False,False,False,False
2019-04-17,0.0,47800.0,87.5,10700.0,False,False,False,False
2019-04-18,0.0,37100.0,87.5,10002.5,False,False,False,False
2019-04-19,0.0,30700.0,77.5,9877.5,False,False,False,False
2019-04-20,0.0,32100.0,82.5,10500.0,False,False,False,False
2019-04-21,0.0,45200.0,92.5,9672.5,False,False,False,False
2019-04-22,0.0,45000.0,97.5,9805.0,False,False,False,False
2019-04-23,0.0,37000.0,97.5,10850.0,False,False,False,False
2019-04-24,0.0,30700.0,92.5,10900.0,False,False,False,False
2019-04-25,0.0,26300.0,82.5,11875.0,False,False,False,False
2019-04-26,0.0,24000.0,82.5,11875.0,False,False,False,False
2019-04-27,0.0,28300.0,87.5,10650.0,False,False,False,False
2019-04-28,0.0,32300.0,92.5,9785.0,False,False,False,False
2019-04-29,0.0,28900.0,92.5,9945.0,False,False,False,False
2019-04-30,0.0,26100.0,87.5,9787.5,False,False,False,False
2019-05-01,0.0,23600.0,77.5,9422.5,False,False,False,False
2019-05-02,0.0,22000.0,77.5,9722.5,False,False,False,False
2019-05-03,0.0,20000.0,77.5,9352.5,False,False,False,False
2019-05-04,0.0,19700.0,72.5,9652.5,False,False,False,False
2019-05-05,0.0,27800.0,82.5,9705.0,False,False,False,False
2019-05-06,0.0,39000.0,97.5,9940.0,False,False,False,False
2019-05-07,0.0,33200.0,97.5,11175.0,False,False,False,False
2019-05-08,0.0,31300.0,92.5,10262.5,False,False,False,False
2019-05-09,0.0,26200.0,97.5,9575.0,False,False,False,False
2019-05-10,0.0,21700.0,97.5,10375.0,False,False,False,False
2019-05-11,0.0,20200.0,92.5,10667.5,False,False,False,False
2019-05-12,0.0,24800.0,97.5,10057.5,False,False,False,False
2019-05-13,0.0,38700.0,97.5,10275.0,False,False,False,False
2019-05-14,0.0,50300.0,97.5,9897.5,False,False,False,False
2019-05-15,0.0,52000.0,97.5,9632.5,False,False,False,False
2019-05-16,0.0,43000.0,97.5,8867.5,False,False,False,False
2019-05-17,0.0,34900.0,87.5,8507.5,False,False,False,False
2019-05-18,0.0,29500.0,82.5,8247.5,False,False,False,False
2019-05-19,423453.217833102,26400.0,87.5,8890.0,False,False,False,True
2019-05-20,0.0,29600.0,82.5,8042.5,False,False,False,False
2019-05-21,0.0,26500.0,87.5,7547.5,False,False,False,False
2019-05-22,0.0,23400.0,82.5,7412.5,False,False,False,False
2019-05-23,0.0,20500.0,82.5,6805.0,False,False,False,False
2019-05-24,0.0,19600.0,82.5,6385.0,False,False,False,False
2019-05-25,0.0,18600.0,82.5,6102.5,False,False,False,False
2019-05-26,0.0,16100.0,82.5,5960.0,False,False,False,False
2019-05-27,0.0,14200.0,77.5,5857.5,False,False,False,False
2019-05-28,0.0,13800.0,82.5,6227.5,False,False,False,False
2019-05-29,0.0,16100.0,87.5,6310.0,False,False,False,False
2019-05-30,0.0,26600.0,97.5,6187.5,False,False,False,False
2019-05-31,0.0,36600.0,97.5,6547.5,False,False,False,False
2019-06-01,0.0,29600.0,97.5,6907.5,False,False,False,False
2019-06-02,0.0,23800.0,97.5,7187.5,False,False,False,False
2019-06-03,0.0,20200.0,87.5,6290.0,False,False,False,False
2019-06-04,0.0,17100.0,92.5,7347.5,False,False,False,False
2019-06-05,0.0,15200.0,92.5,7467.5,False,False,False,False
2019-06-06,0.0,13700.0,92.5,7550.0,False,False,False,False
2019-06-07,0.0,12600.0,82.5,7350.0,False,False,False,False
2019-06-08,0.0,12000.0,82.5,6465.0,False,False,False,False
2019-06-09,0.0,11200.0,77.5,6607.5,False,False,False,False
2019-06-10,0.0,10100.0,67.5,6280.0,False,False,False,False
2019-06-11,0.0,11800.0,72.5,6077.5,False,False,False,False
2019-06-12,0.0,14200.0,87.5,6210.0,False,False,False,False
2019-06-13,0.0,15400.0,82.5,5882.5,False,False,False,False
2019-06-14,0.0,14000.0,77.5,5892.5,False,False,False,False
2019-06-15,0.0,13000.0,82.5,5750.0,False,False,False,False
2019-06-16,0.0,11800.0,82.5,5690.0,False,False,False,False
2019-06-17,0.0,10400.0,72.5,5292.5,False,False,False,False
2019-06-18,161656.95388797286,13200.0,82.5,5345.0,False,False,False,True
2019-06-19,0.0,21800.0,87.5,5262.5,False,False,False,False
2019-06-20,1075744.9005505678,24700.0,92.5,5407.5,False,False,False,True
2019-06-21,0.0,24400.0,92.5,5322.5,False,False,False,False
2019-06-22,0.0,26600.0,92.5,5005.0,False,False,False,False
2019-06-23,0.0,23100.0,92.5,5077.5,False,False,False,False
2019-06-24,23980.565433840966,18600.0,87.5,4907.5,False,False,False,True
2019-06-25,515147.95992307866,17300.0,82.5,4910.0,False,False,False,True
2019-06-26,0.0,16700.0,87.5,4690.0,False,False,False,False
2019-06-27,0.0,14200.0,77.5,4682.5,False,False,False,False
2019-06-28,50026.85175643103,12700.0,72.5,4862.5,False,False,False,True
2019-06-29,887169.2737072872,11900.0,67.5,4702.5,False,False,False,True
2019-06-30,0.0,10800.0,67.5,4892.5,False,False,False,False
2019-07-01,0.0,9560.0,72.5,4967.5,False,False,False,False
2019-07-02,546858.3556006802,8760.0,72.5,5017.5,False,False,False,True
2019-07-03,985870.785574109,8480.0,72.5,4840.0,False,False,False,True
2019-07-04,743416.3562950658,8170.0,67.5,4777.5,False,False,False,True
2019-07-05,1895152.4843614942,7630.0,57.5,4725.0,False,False,True,True
2019-07-06,2309246.2742243223,7480.0,57.5,4557.5,False,False,True,True
2019-07-07,796099.9409817115,10200.0,67.5,4660.0,False,False,False,True
2019-07-08,0.0,9720.0,62.5,4815.0,False,False,False,False
2019-07-09,0.0,10800.0,77.5,4832.5,False,False,False,False
2019-07-10,481575.38183348894,9480.0,62.5,4832.5,False,False,False,True
2019-07-11,572686.6099687277,10400.0,62.5,5005.0,False,False,False,True
2019-07-12,336687.19463546865,19600.0,97.5,4762.5,False,False,False,True
2019-07-13,0.0,11400.0,77.5,4707.5,False,False,False,False
2019-07-14,394562.48742220085,8560.0,62.5,4580.0,False,False,False,True
2019-07-15,0.0,7380.0,47.5,4635.0,False,False,False,False
2019-07-16,763420.0758443996,6700.0,47.5,4657.5,False,False,False,True
2019-07-17,2466272.4516440267,6330.0,47.5,4500.0,False,False,True,True
2019-07-18,2505424.4118363145,8060.0,72.5,4710.0,False,False,True,True
2019-07-19,2535983.8973729727,10200.0,82.5,4955.0,False,False,True,True
2019-07-20,3646276.686423012,9350.0,82.5,4502.5,False,False,True,True
2019-07-21,3495199.7593908976,8470.0,77.5,4465.0,False,False,True,True
2019-07-22,1752055.1383529212,9270.0,82.5,4282.5,False,False,True,True
2019-07-23,241123.05622060935,19200.0,97.5,4240.0,False,False,False,True
2019-07-24,0.0,18900.0,97.5,4320.0,False,False,False,False
2019-07-25,0.0,14700.0,82.5,4307.5,False,False,False,False
2019-07-26,0.0,11500.0,77.5,5090.0,False,False,False,False
2019-07-27,0.0,9320.0,77.5,4667.5,False,False,False,False
2019-07-28,429932.2780985071,8460.0,72.5,4550.0,False,False,False,True
2019-07-29,1222751.8260277458,7530.0,57.5,5232.5,False,False,True,True
2019-07-30,1490780.3004808354,7090.0,47.5,4860.0,False,False,True,True
2019-07-31,541077.4345835033,6980.0,47.5,5200.0,False,False,False,True
2019-08-01,75726.71272258705,7710.0,77.5,5075.0,False,False,False,True
2019-08-02,0.0,7280.0,77.5,5037.5,False,False,False,False
2019-08-03,509794.43298339687,6410.0,57.5,4967.5,False,False,False,True
2019-08-04,0.0,6330.0,62.5,4842.5,False,False,False,False
2019-08-05,0.0,6110.0,62.5,4585.0,False,False,False,False
2019-08-06,476684.4061880546,5860.0,67.5,4565.0,False,False,False,True
2019-08-07,777217.1438538479,6640.0,62.5,4652.5,False,False,False,True
2019-08-08,277478.9130883452,8850.0,67.5,4337.5,False,False,False,True
2019-08-09,0.0,8660.0,62.5,4117.5,False,False,False,False
2019-08-10,0.0,8030.0,57.5,4135.0,False,False,False,False
2019-08-11,0.0,7370.0,57.5,4310.0,False,False,False,False
2019-08-12,0.0,6480.0,52.5,4350.0,False,False,False,False
2019-08-13,395305.8317015319,5800.0,42.5,4470.0,False,False,False,True
2019-08-14,529882.9092065544,5380.0,42.5,4710.0,False,False,False,True
2019-08-15,0.0,5340.0,47.5,4495.0,False,False,False,False
2019-08-16,456055.67254967755,5060.0,47.5,4447.5,False,False,False,True
2019-08-17,1960165.6798161773,4990.0,47.5,4370.0,False,False,True,True
2019-08-18,2174483.254158382,5080.0,47.5,4280.0,False,False,True,True
2019-08-19,1671261.7986841295,6640.0,57.5,4175.0,False,False,True,True
2019-08-20,1269683.9855686324,6430.0,57.5,4057.5,False,False,True,True
2019-08-21,2166029.7028137767,5900.0,57.5,3770.0,False,False,True,True
2019-08-22,1163461.0579310292,5800.0,52.5,4075.0,False,False,True,True
2019-08-23,0.0,6360.0,52.5,5295.0,False,False,False,False
2019-08-24,0.0,6230.0,47.5,4560.0,False,False,False,False
2019-08-25,0.0,5590.0,37.5,4760.0,False,False,False,False
2019-08-26,0.0,5110.0,37.5,4290.0,False,False,False,False
2019-08-27,0.0,4630.0,32.5,4240.0,False,False,False,False
2019-08-28,0.0,4200.0,32.5,4102.5,False,False,False,False
2019-08-29,0.0,3960.0,17.5,4010.0,False,False,False,False
2019-08-30,0.0,3840.0,22.5,3930.0,False,False,False,False
2019-08-31,0.0,3680.0,37.5,3592.5,False,False,False,False
2019-09-01,0.0,3790.0,37.5,3610.0,False,False,False,False
2019-09-02,158547.03117198683,4120.0,42.5,3595.0,False,False,False,True
2019-09-03,0.0,4650.0,42.5,3425.0,False,False,False,False
2019-09-04,1002764.1909084336,4350.0,42.5,3487.5,False,False,False,True
2019-09-05,0.0,3890.0,37.5,3325.0,False,False,False,False
2019-09-06,0.0,3900.0,42.5,3600.0,False,False,False,False
2019-09-07,0.0,3780.0,25.0,3780.0,False,False,False,False
2019-09-08,0.0,3540.0,22.5,3645.0,False,False,False,False
2019-09-09,0.0,3530.0,27.5,3482.5,False,False,False,False
2019-09-10,0.0,3490.0,22.5,3707.5,False,False,False,False
2019-09-11,1218035.1665809175,3360.0,22.5,3937.5,False,False,True,True
2019-09-12,466335.1959855292,3510.0,22.5,3855.0,False,False,False,True
2019-09-13,0.0,3910.0,27.5,3815.0,False,False,False,False
2019-09-14,0.0,3830.0,27.5,3730.0,False,False,False,False
2019-09-15,0.0,3730.0,27.5,3675.0,False,False,False,False
2019-09-16,0.0,3600.0,27.5,3587.5,False,False,False,False
2019-09-17,0.0,3420.0,27.5,3417.5,False,False,False,False
2019-09-18,0.0,3390.0,22.5,3412.5,False,False,False,False
2019-09-19,0.0,3180.0,12.5,3385.0,False,False,False,False
2019-09-20,0.0,3110.0,12.5,3455.0,False,False,False,False
2019-09-21,0.0,3020.0,12.5,3275.0,False,False,False,False
2019-09-22,0.0,2950.0,12.5,3117.5,False,False,False,False
2019-09-23,212146.9071887291,3000.0,12.5,3080.0,False,False,False,True
2019-09-24,0.0,3020.0,12.5,3237.5,False,False,False,False
2019-09-25,0.0,3110.0,17.5,3227.5,False,False,False,False
2019-09-26,0.0,3090.0,12.5,3232.5,False,False,False,False
2019-09-27,0.0,3200.0,32.5,3180.0,False,False,False,False
2019-09-28,195795.6202988315,3180.0,27.5,3177.5,False,False,False,True
2019-09-29,0.0,3340.0,22.5,3370.0,False,False,False,False
2019-09-30,0.0,3260.0,22.5,3282.5,False,False,False,False
2019-10-01,0.0,3300.0,22.5,3480.0,False,False,False,False
2019-10-02,701616.2574206226,3190.0,17.5,3792.5,False,False,False,True
2019-10-03,0.0,3070.0,7.5,3572.5,False,False,False,False
2019-10-04,0.0,3240.0,17.5,3470.0,False,False,False,False
2019-10-05,0.0,3160.0,17.5,3437.5,False,False,False,False
2019-10-06,0.0,2920.0,7.5,3377.5,False,False,False,False
2019-10-07,0.0,3000.0,12.5,3432.5,False,False,False,False
2019-10-08,0.0,3510.0,27.5,3482.5,False,False,False,False
2019-10-09,0.0,3710.0,27.5,3612.5,False,False,False,False
2019-10-10,0.0,3260.0,17.5,3435.0,False,False,False,False
2019-10-11,0.0,3280.0,22.5,3685.0,False,False,False,False
2019-10-12,0.0,3220.0,12.5,4375.0,False,False,False,False
2019-10-13,0.0,3630.0,12.5,4630.0,False,False,False,False
2019-10-14,0.0,4320.0,22.5,4327.5,False,False,False,False
2019-10-15,0.0,3380.0,12.5,3867.5,False,False,False,False
2019-10-16,0.0,3120.0,7.5,3707.5,False,False,False,False
2019-10-17,0.0,6810.0,52.5,3925.0,False,False,False,False
2019-10-18,0.0,7950.0,52.5,3765.0,False,False,False,False
2019-10-19,0.0,12100.0,77.5,3467.5,False,False,False,False
2019-10-20,0.0,9130.0,67.5,3507.5,False,False,False,False
2019-10-21,0.0,7340.0,57.5,3510.0,False,False,False,False
2019-10-22,0.0,6300.0,52.5,3447.5,False,False,False,False
2019-10-23,0.0,6440.0,52.5,3417.5,False,False,False,False
2019-10-24,0.0,6950.0,62.5,3382.5,False,False,False,False
2019-10-25,0.0,6720.0,57.5,3492.5,False,False,False,False
2019-10-26,0.0,6810.0,57.5,3835.0,False,False,False,False
2019-10-27,0.0,6610.0,50.0,3727.5,False,False,False,False
2019-10-28,0.0,13900.0,62.5,3730.0,False,False,False,False
2019-10-29,0.0,12800.0,52.5,4787.5,False,False,False,False
2019-10-30,0.0,12300.0,47.5,6080.0,False,False,False,False
2019-10-31,0.0,11400.0,37.5,7032.5,False,False,False,False
2019-11-01,0.0,26800.0,87.5,6987.5,False,False,False,False
2019-11-02,0.0,40200.0,97.5,6587.5,False,False,False,False
2019-11-03,0.0,33300.0,92.5,6175.0,False,False,False,False
2019-11-04,0.0,23300.0,92.5,6265.0,False,False,False,False
2019-11-05,0.0,18500.0,92.5,6527.5,False,False,False,False
2019-11-06,0.0,15100.0,82.5,5897.5,False,False,False,False
2019-11-07,0.0,12400.0,62.5,5607.5,False,False,False,False
2019-11-08,0.0,11600.0,67.5,5340.0,False,False,False,False
2019-11-09,0.0,10800.0,75.0,4902.5,False,False,False,False
2019-11-10,0.0,9780.0,67.5,4610.0,False,False,False,False
2019-11-11,0.0,8930.0,62.5,4685.0,False,False,False,False
2019-11-12,0.0,8210.0,62.5,5047.5,False,False,False,False
2019-11-13,0.0,7710.0,52.5,5910.0,False,False,False,False
2019-11-14,0.0,7610.0,47.5,5520.0,False,False,False,False
2019-11-15,0.0,7300.0,42.5,5292.5,False,False,False,False
2019-11-16,0.0,6580.0,37.5,5147.5,False,False,False,False
2019-11-17,0.0,6510.0,32.5,5112.5,False,False,False,False
2019-11-18,0.0,5920.0,32.5,4810.0,False,False,False,False
2019-11-19,0.0,5680.0,32.5,4640.0,False,False,False,False
2019-11-20,0.0,5720.0,32.5,4827.5,False,False,False,False
2019-11-21,0.0,6150.0,32.5,4907.5,False,False,False,False
2019-11-22,0.0,6280.0,27.5,6187.5,False,False,False,False
2019-11-23,0.0,6080.0,27.5,5982.5,False,False,False,False
2019-11-24,0.0,7960.0,42.5,6475.0,False,False,False,False
2019-11-25,0.0,10800.0,62.5,6232.5,False,False,False,False
2019-11-26,0.0,12900.0,72.5,6075.0,False,False,False,False
2019-11-27,0.0,12300.0,67.5,7007.5,False,False,False,False
2019-11-28,0.0,10700.0,62.5,6730.0,False,False,False,False
2019-11-29,0.0,10100.0,57.5,7507.5,False,False,False,False
2019-11-30,0.0,9710.0,42.5,7547.5,False,False,False,False
2019-12-01,0.0,9400.0,42.5,7890.0,False,False,False,False
2019-12-02,0.0,10600.0,42.5,7425.0,False,False,False,False
2019-12-03,0.0,11100.0,37.5,8350.0,False,False,False,False
2019-12-04,0.0,10500.0,35.0,9547.5,False,False,False,False
2019-12-05,0.0,9760.0,32.5,7960.0,False,False,False,False
2019-12-06,0.0,8970.0,32.5,7590.0,False,False,False,False
2019-12-07,0.0,8460.0,22.5,8722.5,False,False,False,False
2019-12-08,0.0,8080.0,22.5,8342.5,False,False,False,False
2019-12-09,0.0,8430.0,27.5,8262.5,False,False,False,False
2019-12-10,0.0,12900.0,65.0,8470.0,False,False,False,False
2019-12-11,0.0,14700.0,67.5,8760.0,False,False,False,False
2019-12-12,0.0,21700.0,82.5,8790.0,False,False,False,False
2019-12-13,0.0,19800.0,72.5,9287.5,False,False,False,False
2019-12-14,0.0,19900.0,67.5,8782.5,False,False,False,False
2019-12-15,0.0,19700.0,72.5,8697.5,False,False,False,False
2019-12-16,0.0,22700.0,92.5,8442.5,False,False,False,False
2019-12-17,0.0,23900.0,87.5,8325.0,False,False,False,False
2019-12-18,0.0,21800.0,82.5,8437.5,False,False,False,False
2019-12-19,0.0,18300.0,82.5,8495.0,False,False,False,False
2019-12-20,0.0,15700.0,75.0,8612.5,False,False,False,False
2019-12-21,0.0,13600.0,67.5,8930.0,False,False,False,False
2019-12-22,0.0,12200.0,62.5,8547.5,False,False,False,False
2019-12-23,0.0,10800.0,37.5,8960.0,False,False,False,False
2019-12-24,0.0,10400.0,32.5,8720.0,False,False,False,False
2019-12-25,0.0,10500.0,27.5,10475.0,False,False,False,False
2019-12-26,0.0,9880.0,27.5,9782.5,False,False,False,False
2019-12-27,0.0,9490.0,27.5,9292.5,False,False,False,False
2019-12-28,0.0,9230.0,22.5,9297.5,False,False,False,False
2019-12-29,0.0,9020.0,22.5,9432.5,False,False,False,False
2019-12-30,0.0,10900.0,27.5,10662.5,False,False,False,False
2019-12-31,0.0,17000.0,47.5,12075.0,False,False,False,False
2020-01-01,0.0,20300.0,67.5,12052.5,False,False,False,False
2020-01-02,0.0,17700.0,57.5,13050.0,False,False,False,False
2020-01-03,0.0,15800.0,52.5,11525.0,False,False,False,False
2020-01-04,0.0,15100.0,50.0,10142.5,False,False,False,False
2020-01-05,0.0,14900.0,47.5,10012.5,False,False,False,False
2020-01-06,0.0,14700.0,52.5,11325.0,False,False,False,False
2020-01-07,0.0,14000.0,47.5,10232.5,False,False,False,False
2020-01-08,0.0,13700.0,47.5,9422.5,False,False,False,False
2020-01-09,0.0,12900.0,47.5,9242.5,False,False,False,False
2020-01-10,0.0,11900.0,42.5,8892.5,False,False,False,False
2020-01-11,0.0,11200.0,37.5,8567.5,False,False,False,False
2020-01-12,0.0,11400.0,42.5,9035.0,False,False,False,False
2020-01-13,0.0,11900.0,37.5,10100.0,False,False,False,False
2020-01-14,0.0,14700.0,42.5,10625.0,False,False,False,False
2020-01-15,0.0,14300.0,37.5,12275.0,False,False,False,False
2020-01-16,0.0,12900.0,37.5,10775.0,False,False,False,False
2020-01-17,0.0,12000.0,37.5,10250.0,False,False,False,False
2020-01-18,0.0,11700.0,32.5,11152.5,False,False,False,False
2020-01-19,0.0,10700.0,27.5,10550.0,False,False,False,False
2020-01-20,0.0,9810.0,17.5,10300.0,False,False,False,False
2020-01-21,0.0,9470.0,17.5,10180.0,False,False,False,False
2020-01-22,0.0,9460.0,17.5,9977.5,False,False,False,False
2020-01-23,0.0,9080.0,17.5,9687.5,False,False,False,False
2020-01-24,0.0,9440.0,32.5,8832.5,False,False,False,False
2020-01-25,0.0,13000.0,47.5,8475.0,False,False,False,False
2020-01-26,0.0,22300.0,67.5,8752.5,False,False,False,False
2020-01-27,0.0,20900.0,72.5,8135.0,False,False,False,False
2020-01-28,0.0,20800.0,67.5,8730.0,False,False,False,False
2020-01-29,0.0,17400.0,67.5,9185.0,False,False,False,False
2020-01-30,0.0,15100.0,67.5,9912.5,False,False,False,False
2020-01-31,0.0,14000.0,57.5,9357.5,False,False,False,False
2020-02-01,0.0,13200.0,57.5,8800.0,False,False,False,False
2020-02-02,0.0,12600.0,57.5,8622.5,False,False,False,False
2020-02-03,0.0,11900.0,57.5,8960.0,False,False,False,False
2020-02-04,0.0,11900.0,47.5,8760.0,False,False,False,False
2020-02-05,0.0,12400.0,52.5,8517.5,False,False,False,False
2020-02-06,0.0,13200.0,57.5,7940.0,False,False,False,False
2020-02-07,0.0,15100.0,67.5,8040.0,False,False,False,False
2020-02-08,0.0,18100.0,82.5,7705.0,False,False,False,False
2020-02-09,0.0,22700.0,82.5,8352.5,False,False,False,False
2020-02-10,0.0,19200.0,82.5,7647.5,False,False,False,False
2020-02-11,0.0,20300.0,82.5,7627.5,False,False,False,False
2020-02-12,0.0,19700.0,77.5,7782.5,False,False,False,False
2020-02-13,0.0,20100.0,82.5,7920.0,False,False,False,False
2020-02-14,0.0,21400.0,87.5,7677.5,False,False,False,False
2020-02-15,0.0,20900.0,92.5,7522.5,False,False,False,False
2020-02-16,0.0,17400.0,77.5,8052.5,False,False,False,False
2020-02-17,0.0,15500.0,67.5,8600.0,False,False,False,False
2020-02-18,0.0,15000.0,67.5,8872.5,False,False,False,False
2020-02-19,0.0,14500.0,57.5,8567.5,False,False,False,False
2020-02-20,0.0,13800.0,60.0,8257.5,False,False,False,False
2020-02-21,0.0,13700.0,62.5,8320.0,False,False,False,False
2020-02-22,0.0,12400.0,62.5,8490.0,False,False,False,False
2020-02-23,0.0,11300.0,57.5,8287.5,False,False,False,False
2020-02-24,0.0,10300.0,42.5,8322.5,False,False,False,False
2020-02-25,0.0,10100.0,37.5,9002.5,False,False,False,False
2020-02-26,0.0,10700.0,45.0,9245.0,False,False,False,False
2020-02-27,0.0,12100.0,62.5,9000.0,False,False,False,False
2020-02-28,0.0,15100.0,67.5,8612.5,False,False,False,False
2020-02-29,0.0,18500.0,68.88888888888889,8790.0,False,False,False,False
2020-03-01,0.0,15300.0,57.5,9360.0,False,False,False,False
2020-03-02,0.0,13100.0,47.5,11090.0,False,False,False,False
2020-03-03,0.0,12300.0,47.5,10502.5,False,False,False,False
2020-03-04,0.0,13200.0,42.5,9940.0,False,False,False,False
2020-03-05,0.0,13800.0,47.5,9700.0,False,False,False,False
2020-03-06,0.0,14900.0,67.5,9580.0,False,False,False,False
2020-03-07,0.0,14300.0,67.5,9607.5,False,False,False,False
2020-03-08,0.0,13100.0,62.5,9840.0,False,False,False,False
2020-03-09,0.0,11800.0,47.5,9200.0,False,False,False,False
2020-03-10,0.0,11200.0,37.5,9815.0,False,False,False,False
2020-03-11,0.0,11100.0,32.5,10425.0,False,False,False,False
2020-03-12,0.0,10600.0,17.5,11025.0,False,False,False,False
2020-03-13,0.0,10300.0,12.5,11375.0,False,False,False,False
2020-03-14,0.0,10800.0,17.5,11325.0,False,False,False,False
2020-03-15,0.0,11200.0,27.5,11125.0,False,False,False,False
2020-03-16,0.0,10800.0,22.5,10950.0,False,False,False,False
2020-03-17,0.0,10200.0,20.0,10575.0,False,False,False,False
2020-03-18,0.0,9660.0,12.5,11375.0,False,False,False,False
2020-03-19,0.0,11700.0,32.5,11125.0,False,False,False,False
2020-03-20,0.0,12800.0,32.5,10775.0,False,False,False,False
2020-03-21,0.0,13900.0,37.5,11375.0,False,False,False,False
2020-03-22,0.0,13500.0,37.5,12125.0,False,False,False,False
2020-03-23,0.0,13300.0,40.0,11750.0,False,False,False,False
2020-03-24,0.0,15700.0,47.5,12175.0,False,False,False,False
2020-03-25,0.0,15200.0,47.5,11800.0,False,False,False,False
2020-03-26,0.0,15300.0,47.5,10925.0,False,False,False,False
2020-03-27,0.0,14400.0,37.5,11250.0,False,False,False,False
2020-03-28,0.0,14000.0,37.5,10700.0,False,False,False,False
2020-03-29,0.0,16400.0,47.5,10625.0,False,False,False,False
2020-03-30,0.0,16100.0,47.5,12725.0,False,False,False,False
2020-03-31,0.0,18100.0,52.5,12650.0,False,False,False,False
2020-04-01,0.0,18500.0,52.5,12900.0,False,False,False,False
2020-04-02,0.0,17100.0,37.5,12575.0,False,False,False,False
2020-04-03,0.0,15600.0,32.5,12475.0,False,False,False,False
2020-04-04,0.0,14400.0,22.5,14775.0,False,False,False,False
2020-04-05,0.0,12900.0,22.5,13575.0,False,False,False,False
2020-04-06,0.0,12000.0,22.5,13050.0,False,False,False,False
2020-04-07,0.0,11500.0,22.5,12400.0,False,False,False,False
2020-04-08,0.0,12200.0,22.5,12425.0,False,False,False,False
2020-04-09,0.0,11800.0,22.5,11950.0,False,False,False,False
2020-04-10,0.0,11600.0,27.5,11525.0,False,False,False,False
2020-04-11,0.0,12300.0,27.5,11950.0,False,False,False,False
2020-04-12,0.0,12300.0,27.5,12075.0,False,False,False,False
2020-04-13,0.0,20100.0,67.5,13125.0,False,False,False,False
2020-04-14,0.0,33900.0,92.5,12375.0,False,False,False,False
2020-04-15,0.0,38900.0,97.5,11575.0,False,False,False,False
2020-04-16,0.0,29900.0,77.5,11875.0,False,False,False,False
2020-04-17,0.0,24100.0,67.5,10700.0,False,False,False,False
2020-04-18,0.0,20900.0,67.5,10002.5,False,False,False,False
2020-04-19,0.0,19300.0,62.5,9877.5,False,False,False,False
2020-04-20,0.0,18200.0,62.5,10500.0,False,False,False,False
2020-04-21,0.0,17600.0,62.5,9672.5,False,False,False,False
2020-04-22,0.0,16800.0,47.5,9805.0,False,False,False,False
2020-04-23,0.0,16100.0,52.5,10850.0,False,False,False,False
2020-04-24,0.0,16500.0,57.5,10900.0,False,False,False,False
2020-04-25,0.0,16700.0,60.0,11875.0,False,False,False,False
2020-04-26,0.0,15700.0,57.5,11875.0,False,False,False,False
2020-04-27,0.0,17800.0,57.5,10650.0,False,False,False,False
2020-04-28,0.0,23500.0,82.5,9785.0,False,False,False,False
2020-04-29,0.0,23200.0,87.5,9945.0,False,False,False,False
2020-04-30,0.0,21000.0,82.5,9787.5,False,False,False,False
2020-05-01,0.0,29700.0,82.5,9422.5,False,False,False,False
2020-05-02,0.0,47700.0,87.5,9722.5,False,False,False,False
2020-05-03,0.0,47300.0,92.5,9352.5,False,False,False,False
2020-05-04,0.0,36500.0,92.5,9652.5,False,False,False,False
2020-05-05,0.0,30100.0,92.5,9705.0,False,False,False,False
2020-05-06,0.0,24900.0,77.5,9940.0,False,False,False,False
2020-05-07,0.0,21600.0,72.5,11175.0,False,False,False,False
2020-05-08,0.0,18800.0,67.5,10262.5,False,False,False,False
2020-05-09,0.0,19400.0,77.5,9575.0,False,False,False,False
2020-05-10,0.0,17400.0,77.5,10375.0,False,False,False,False
2020-05-11,0.0,15500.0,72.5,10667.5,False,False,False,False
2020-05-12,0.0,14500.0,75.0,10057.5,False,False,False,False
2020-05-13,0.0,14000.0,82.5,10275.0,False,False,False,False
2020-05-14,0.0,13100.0,72.5,9897.5,False,False,False,False
2020-05-15,0.0,11700.0,60.0,9632.5,False,False,False,False
2020-05-16,0.0,11500.0,47.5,8867.5,False,False,False,False
2020-05-17,0.0,11900.0,42.5,8507.5,False,False,False,False
2020-05-18,0.0,13700.0,52.5,8247.5,False,False,False,False
2020-05-19,0.0,12700.0,47.5,8890.0,False,False,False,False
2020-05-20,0.0,12300.0,52.5,8042.5,False,False,False,False
2020-05-21,0.0,11000.0,52.5,7547.5,False,False,False,False
2020-05-22,0.0,10000.0,52.5,7412.5,False,False,False,False
2020-05-23,0.0,9680.0,52.5,6805.0,False,False,False,False
2020-05-24,0.0,9800.0,47.5,6385.0,False,False,False,False
2020-05-25,0.0,9750.0,42.5,6102.5,False,False,False,False
2020-05-26,0.0,9260.0,47.5,5960.0,False,False,False,False
2020-05-27,0.0,8830.0,47.5,5857.5,False,False,False,False
2020-05-28,49346.59280341698,8510.0,42.5,6227.5,False,False,False,True
2020-05-29,798233.9528020264,7950.0,37.5,6310.0,False,False,False,True
2020-05-30,0.0,7940.0,37.5,6187.5,False,False,False,False
2020-05-31,0.0,8540.0,37.5,6547.5,False,False,False,False
2020-06-01,0.0,8420.0,42.5,6907.5,False,False,False,False
2020-06-02,0.0,7630.0,32.5,7187.5,False,False,False,False
2020-06-05,370752.0468086521,9250.0,52.5,7467.5,False,False,False,True
2020-06-06,450815.9463152202,11100.0,77.5,7550.0,False,False,False,True
2020-06-07,0.0,9250.0,62.5,7350.0,False,False,False,False
2020-06-08,0.0,7590.0,37.5,6465.0,False,False,False,False
2020-06-09,0.0,6840.0,27.5,6607.5,False,False,False,False
2020-06-10,1435597.3126217048,6450.0,32.5,6280.0,False,False,True,True
2020-06-11,742259.0989441444,6200.0,32.5,6077.5,False,False,False,True
2020-06-12,0.0,12500.0,77.5,6210.0,False,False,False,False
2020-06-13,0.0,19200.0,87.5,5882.5,False,False,False,False
2020-06-14,0.0,14700.0,82.5,5892.5,False,False,False,False
2020-06-15,0.0,9660.0,57.5,5750.0,False,False,False,False
2020-06-16,0.0,8340.0,47.5,5690.0,False,False,False,False
2020-06-17,0.0,7900.0,52.5,5292.5,False,False,False,False
2020-06-18,0.0,7170.0,52.5,5345.0,False,False,False,False
2020-06-19,0.0,6680.0,52.5,5262.5,False,False,False,False
2020-06-20,0.0,6600.0,52.5,5407.5,False,False,False,False
2020-06-21,23980.565433840966,6490.0,52.5,5322.5,False,False,False,True
2020-06-22,570767.411293483,5760.0,42.5,5005.0,False,False,False,True
2020-06-23,1051848.368555586,5640.0,37.5,5077.5,False,False,False,True
2020-06-24,0.0,5400.0,37.5,4907.5,False,False,False,False
2020-06-25,0.0,6220.0,52.5,4910.0,False,False,False,False
2020-06-26,0.0,5520.0,52.5,4690.0,False,False,False,False
2020-06-27,236388.4342542524,5020.0,47.5,4682.5,False,False,False,True
2020-06-28,522113.4065730508,5280.0,42.5,4862.5,False,False,False,True
2020-06-29,0.0,5170.0,37.5,4702.5,False,False,False,False
2020-06-30,0.0,5370.0,37.5,4892.5,False,False,False,False
2020-07-01,0.0,5270.0,37.5,4967.5,False,False,False,False
2020-07-02,155809.8830780835,5220.0,37.5,5017.5,False,False,False,True
2020-07-03,620323.1435122805,5000.0,27.5,4840.0,False,False,False,True
2020-07-04,183711.2630041512,5160.0,37.5,4777.5,False,False,False,True
2020-07-05,137389.9747634189,4830.0,27.5,4725.0,False,False,False,True
2020-07-06,602503.9602378029,4640.0,27.5,4557.5,False,False,False,True
2020-07-07,1029329.6381247635,4760.0,27.5,4660.0,False,False,False,True
2020-07-08,1455736.501675518,4560.0,22.5,4815.0,False,False,True,True
2020-07-09,1272598.1635370473,4930.0,27.5,4832.5,False,False,True,True
2020-07-10,1172737.245371217,8370.0,52.5,4832.5,False,False,True,True
2020-07-11,1531560.7804464137,15900.0,82.5,5005.0,False,False,True,True
2020-07-12,0.0,16000.0,87.5,4762.5,False,False,False,False
2020-07-13,0.0,16000.0,97.5,4707.5,False,False,False,False
2020-07-14,0.0,13400.0,92.5,4580.0,False,False,False,False
2020-07-15,23980.565433840966,9860.0,72.5,4635.0,False,False,False,True
2020-07-16,0.0,8040.0,67.5,4657.5,False,False,False,False
2020-07-17,1416039.0493348741,6810.0,57.5,4500.0,False,False,True,True
2020-07-18,163286.73026066585,5920.0,47.5,4710.0,False,False,False,True
2020-07-19,1906958.053934334,5470.0,42.5,4955.0,False,False,True,True
2020-07-20,2416208.8932938557,5210.0,42.5,4502.5,False,False,True,True
2020-07-21,1170285.1112211293,5180.0,47.5,4465.0,False,False,True,True
2020-07-22,1934739.672536686,5400.0,52.5,4282.5,False,False,True,True
2020-07-23,1988967.502633715,6050.0,47.5,4240.0,False,False,True,True
2020-07-24,1074088.2526999256,5880.0,42.5,4320.0,False,False,False,True
2020-07-25,1383451.8563702211,5390.0,37.5,4307.5,False,False,True,True
2020-07-26,1452577.3103761454,4760.0,17.5,5090.0,False,False,True,True
2020-07-27,1548948.6398924293,4630.0,22.5,4667.5,False,False,True,True
2020-07-28,2239189.2035676413,4620.0,27.5,4550.0,False,False,True,True
2020-07-29,76765.39360300062,4250.0,12.5,5232.5,False,False,False,True
2020-07-30,783938.8838854216,3950.0,12.5,4860.0,False,False,False,True
2020-07-31,221844.7314687694,4330.0,22.5,5200.0,False,False,False,True
2020-08-01,114117.9411753444,4230.0,17.5,5075.0,False,False,False,True
2020-08-02,2783261.882858627,4020.0,17.5,5037.5,False,False,True,True
2020-08-03,400038.351591174,7990.0,82.5,4967.5,False,False,False,True
2020-08-04,372363.24410062784,26700.0,87.5,4842.5,False,False,False,True
2020-08-05,0.0,64200.0,97.5,4585.0,False,False,False,False
2020-08-06,0.0,43700.0,97.5,4565.0,False,False,False,False
2020-08-07,0.0,27300.0,97.5,4652.5,False,False,False,False
2020-08-08,122079.51664874086,23100.0,97.5,4337.5,False,False,False,True
2020-08-09,985565.6613006601,16700.0,92.5,4117.5,False,False,False,True
2020-08-10,1739842.9929287904,13000.0,77.5,4135.0,False,False,True,True
2020-08-11,2769736.9906457467,10600.0,72.5,4310.0,False,False,True,True
2020-08-12,2243328.809613291,9490.0,67.5,4350.0,False,False,True,True
2020-08-13,1066316.6755011233,9020.0,67.5,4470.0,False,False,False,True
2020-08-14,174012.28795637743,9890.0,72.5,4710.0,False,False,False,True
2020-08-15,0.0,9130.0,67.5,4495.0,False,False,False,False
2020-08-16,0.0,7960.0,67.5,4447.5,False,False,False,False
2020-08-17,0.0,7300.0,62.5,4370.0,False,False,False,False
2020-08-18,0.0,6920.0,67.5,4280.0,False,False,False,False
2020-08-19,0.0,7130.0,62.5,4175.0,False,False,False,False
2020-08-20,0.0,6800.0,62.5,4057.5,False,False,False,False
2020-08-21,0.0,5990.0,62.5,3770.0,False,False,False,False
2020-08-22,776282.5118380068,5520.0,37.5,4075.0,False,False,False,True
2020-08-23,770735.5437254247,5310.0,27.5,5295.0,False,False,False,True
2020-08-24,1099354.258867791,5190.0,37.5,4560.0,False,False,False,True
2020-08-25,879056.8586194967,5600.0,42.5,4760.0,False,False,False,True
2020-08-26,0.0,5190.0,42.5,4290.0,False,False,False,False
2020-08-27,1370584.1607054935,4850.0,47.5,4240.0,False,False,True,True
2020-08-28,320003.41548945144,4770.0,42.5,4102.5,False,False,False,True
2020-08-29,1052750.192354439,4750.0,47.5,4010.0,False,False,False,True
2020-08-30,0.0,6350.0,62.5,3930.0,False,False,False,False
2020-08-31,0.0,6430.0,62.5,3592.5,False,False,False,False
2020-09-01,0.0,5450.0,57.5,3610.0,False,False,False,False
2020-09-02,1287143.6823720096,5090.0,57.5,3595.0,False,False,True,True
2020-09-10,1932590.5960036842,5130.0,52.5,3707.5,False,False,True,True
2020-09-11,362452.6294927769,5730.0,57.5,3937.5,False,False,False,True
2020-09-12,0.0,5180.0,52.5,3855.0,False,False,False,False
2020-09-13,0.0,4530.0,42.5,3815.0,False,False,False,False
2020-09-14,0.0,4430.0,42.5,3730.0,False,False,False,False
2020-09-15,0.0,4150.0,32.5,3675.0,False,False,False,False
2020-09-16,0.0,3930.0,32.5,3587.5,False,False,False,False
2020-09-17,0.0,3750.0,37.5,3417.5,False,False,False,False
2020-09-18,0.0,3730.0,37.5,3412.5,False,False,False,False
2020-09-19,0.0,3700.0,32.5,3385.0,False,False,False,False
2020-09-20,0.0,3510.0,27.5,3455.0,False,False,False,False
2020-09-21,0.0,3230.0,22.5,3275.0,False,False,False,False
2020-09-22,0.0,3080.0,22.5,3117.5,False,False,False,False
2020-09-23,0.0,3050.0,22.5,3080.0,False,False,False,False
2020-09-24,0.0,3060.0,17.5,3237.5,False,False,False,False
2020-09-25,0.0,3060.0,12.5,3227.5,False,False,False,False
2020-09-26,0.0,3180.0,22.5,3232.5,False,False,False,False
2020-09-27,0.0,3130.0,17.5,3180.0,False,False,False,False
2020-09-28,0.0,3130.0,17.5,3177.5,False,False,False,False
2020-09-29,0.0,3380.0,27.5,3370.0,False,False,False,False
2020-09-30,0.0,5650.0,57.5,3282.5,False,False,False,False
2020-10-01,0.0,7300.0,52.5,3480.0,False,False,False,False
2020-10-02,0.0,6750.0,57.5,3792.5,False,False,False,False
2020-10-03,0.0,7010.0,57.5,3572.5,False,False,False,False
2020-10-04,0.0,5320.0,52.5,3470.0,False,False,False,False
2020-10-05,0.0,4440.0,42.5,3437.5,False,False,False,False
2020-10-06,0.0,3890.0,42.5,3377.5,False,False,False,False
2020-10-07,0.0,3520.0,32.5,3432.5,False,False,False,False
2020-10-08,0.0,3210.0,12.5,3482.5,False,False,False,False
2020-10-09,0.0,3130.0,17.5,3612.5,False,False,False,False
2020-10-10,0.0,3060.0,7.5,3435.0,False,False,False,False
2020-10-11,0.0,3220.0,12.5,3685.0,False,False,False,False
2020-10-12,0.0,4360.0,22.5,4375.0,False,False,False,False
2020-10-13,0.0,4790.0,32.5,4630.0,False,False,False,False
2020-10-14,0.0,4040.0,12.5,4327.5,False,False,False,False
2020-10-15,0.0,3680.0,17.5,3867.5,False,False,False,False
2020-10-16,0.0,4090.0,42.5,3707.5,False,False,False,False
2020-10-17,0.0,4090.0,32.5,3925.0,False,False,False,False
2020-10-18,0.0,3820.0,27.5,3765.0,False,False,False,False
2020-10-19,0.0,3320.0,7.5,3467.5,False,False,False,False
2020-10-20,0.0,3510.0,27.5,3507.5,False,False,False,False
2020-10-21,0.0,3710.0,32.5,3510.0,False,False,False,False
2020-10-22,0.0,3660.0,32.5,3447.5,False,False,False,False
2020-10-23,0.0,3570.0,32.5,3417.5,False,False,False,False
2020-10-24,0.0,3470.0,32.5,3382.5,False,False,False,False
2020-10-25,0.0,3410.0,22.5,3492.5,False,False,False,False
2020-10-26,0.0,3400.0,22.5,3835.0,False,False,False,False
2020-10-27,0.0,3430.0,17.5,3727.5,False,False,False,False
2020-10-28,0.0,3480.0,12.5,3730.0,False,False,False,False
2020-10-29,0.0,4780.0,22.5,4787.5,False,False,False,False
2020-10-30,0.0,10900.0,37.5,6080.0,False,False,False,False
2020-10-31,0.0,15400.0,42.5,7032.5,False,False,False,False
2020-11-01,0.0,15300.0,47.5,6987.5,False,False,False,False
2020-11-02,0.0,13600.0,52.5,6587.5,False,False,False,False
2020-11-03,0.0,11500.0,52.5,6175.0,False,False,False,False
2020-11-04,0.0,10300.0,52.5,6265.0,False,False,False,False
2020-11-05,0.0,9150.0,47.5,6527.5,False,False,False,False
2020-11-06,0.0,7830.0,47.5,5897.5,False,False,False,False
2020-11-07,0.0,7140.0,37.5,5607.5,False,False,False,False
2020-11-08,0.0,6610.0,37.5,5340.0,False,False,False,False
2020-11-09,0.0,6180.0,37.5,4902.5,False,False,False,False
2020-11-10,0.0,5790.0,37.5,4610.0,False,False,False,False
2020-11-11,0.0,5580.0,37.5,4685.0,False,False,False,False
2020-11-12,0.0,7350.0,47.5,5047.5,False,False,False,False
2020-11-13,0.0,7690.0,47.5,5910.0,False,False,False,False
2020-11-14,0.0,7710.0,52.5,5520.0,False,False,False,False
2020-11-15,0.0,7470.0,47.5,5292.5,False,False,False,False
2020-11-16,0.0,7950.0,47.5,5147.5,False,False,False,False
2020-11-17,0.0,8100.0,52.5,5112.5,False,False,False,False
2020-11-18,0.0,8540.0,47.5,4810.0,False,False,False,False
2020-11-19,0.0,8430.0,47.5,4640.0,False,False,False,False
2020-11-20,0.0,7740.0,37.5,4827.5,False,False,False,False
2020-11-21,0.0,7100.0,37.5,4907.5,False,False,False,False
2020-11-22,0.0,6540.0,32.5,6187.5,False,False,False,False
2020-11-23,0.0,6550.0,32.5,5982.5,False,False,False,False
2020-11-24,0.0,6900.0,27.5,6475.0,False,False,False,False
2020-11-25,0.0,7100.0,32.5,6232.5,False,False,False,False
2020-11-26,0.0,8610.0,42.5,6075.0,False,False,False,False
2020-11-27,0.0,8740.0,42.5,7007.5,False,False,False,False
2020-11-28,0.0,8550.0,37.5,6730.0,False,False,False,False
2020-11-29,0.0,8960.0,47.5,7507.5,False,False,False,False
2020-11-30,0.0,13900.0,67.5,7547.5,False,False,False,False
2020-12-01,0.0,35600.0,90.0,7890.0,False,False,False,False
2020-12-02,0.0,33300.0,82.5,7425.0,False,False,False,False
2020-12-03,0.0,25600.0,77.5,8350.0,False,False,False,False
2020-12-04,0.0,20300.0,67.5,9547.5,False,False,False,False
2020-12-05,0.0,20600.0,82.5,7960.0,False,False,False,False
2020-12-06,0.0,18100.0,77.5,7590.0,False,False,False,False
2020-12-07,0.0,14800.0,62.5,8722.5,False,False,False,False
2020-12-08,0.0,13300.0,57.5,8342.5,False,False,False,False
2020-12-09,0.0,12000.0,52.5,8262.5,False,False,False,False
2020-12-10,0.0,11100.0,42.5,8470.0,False,False,False,False
2020-12-11,0.0,10300.0,37.5,8760.0,False,False,False,False
2020-12-12,0.0,9900.0,32.5,8790.0,False,False,False,False
2020-12-13,0.0,9490.0,27.5,9287.5,False,False,False,False
2020-12-14,0.0,8830.0,27.5,8782.5,False,False,False,False
2020-12-15,0.0,9080.0,32.5,8697.5,False,False,False,False
2020-12-16,0.0,8960.0,32.5,8442.5,False,False,False,False
2020-12-17,0.0,8750.0,32.5,8325.0,False,False,False,False
2020-12-18,0.0,8510.0,27.5,8437.5,False,False,False,False
2020-12-19,0.0,7990.0,17.5,8495.0,False,False,False,False
2020-12-20,0.0,8410.0,17.5,8612.5,False,False,False,False
2020-12-21,0.0,7850.0,12.5,8930.0,False,False,False,False
2020-12-22,0.0,7630.0,12.5,8547.5,False,False,False,False
2020-12-23,0.0,8810.0,22.5,8960.0,False,False,False,False
2020-12-24,0.0,8830.0,27.5,8720.0,False,False,False,False
2020-12-25,0.0,49200.0,97.5,10475.0,False,False,False,False
2020-12-26,0.0,99400.0,97.5,9782.5,False,False,False,False
2020-12-27,0.0,69100.0,97.5,9292.5,False,False,False,False
2020-12-28,0.0,44700.0,92.5,9297.5,False,False,False,False
2020-12-29,0.0,35800.0,92.5,9432.5,False,False,False,False
2020-12-30,0.0,30900.0,87.5,10662.5,False,False,False,False
2020-12-31,0.0,25700.0,75.0,12075.0,False,False,False,False
2021-01-01,0.0,20800.0,72.5,12052.5,False,False,False,False
2021-01-02,0.0,24200.0,82.5,13050.0,False,False,False,False
2021-01-03,0.0,20700.0,77.5,11525.0,False,False,False,False
2021-01-04,0.0,21200.0,87.5,10142.5,False,False,False,False
2021-01-05,0.0,20000.0,82.5,10012.5,False,False,False,False
2021-01-06,0.0,18300.0,77.5,11325.0,False,False,False,False
2021-01-07,0.0,16800.0,52.5,10232.5,False,False,False,False
2021-01-08,0.0,15700.0,52.5,9422.5,False,False,False,False
2021-01-09,0.0,14000.0,52.5,9242.5,False,False,False,False
2021-01-10,0.0,12700.0,47.5,8892.5,False,False,False,False
2021-01-11,0.0,11600.0,47.5,8567.5,False,False,False,False
2021-01-12,0.0,11100.0,37.5,9035.0,False,False,False,False
2021-01-13,0.0,11000.0,32.5,10100.0,False,False,False,False
2021-01-14,0.0,10700.0,27.5,10625.0,False,False,False,False
2021-01-15,0.0,10200.0,17.5,12275.0,False,False,False,False
2021-01-16,0.0,10600.0,17.5,10775.0,False,False,False,False
2021-01-17,0.0,11900.0,32.5,10250.0,False,False,False,False
2021-01-18,0.0,11600.0,27.5,11152.5,False,False,False,False
2021-01-19,0.0,11200.0,32.5,10550.0,False,False,False,False
2021-01-20,0.0,10700.0,32.5,10300.0,False,False,False,False
2021-01-21,0.0,10600.0,32.5,10180.0,False,False,False,False
2021-01-22,0.0,10100.0,32.5,9977.5,False,False,False,False
2021-01-23,0.0,9470.0,22.5,9687.5,False,False,False,False
2021-01-24,0.0,8880.0,27.5,8832.5,False,False,False,False
2021-01-25,0.0,7930.0,17.5,8475.0,False,False,False,False
2021-01-26,0.0,7730.0,17.5,8752.5,False,False,False,False
2021-01-27,0.0,8000.0,22.5,8135.0,False,False,False,False
2021-01-28,0.0,8080.0,17.5,8730.0,False,False,False,False
2021-01-29,0.0,7790.0,17.5,9185.0,False,False,False,False
2021-01-30,0.0,7340.0,12.5,9912.5,False,False,False,False
2021-01-31,0.0,6550.0,12.5,9357.5,False,False,False,False
2021-02-01,0.0,7150.0,22.5,8800.0,False,False,False,False
2021-02-02,0.0,6770.0,17.5,8622.5,False,False,False,False
2021-02-03,0.0,8370.0,17.5,8960.0,False,False,False,False
2021-02-04,0.0,8780.0,27.5,8760.0,False,False,False,False
2021-02-05,0.0,9420.0,32.5,8517.5,False,False,False,False
2021-02-06,0.0,9960.0,32.5,7940.0,False,False,False,False
2021-02-07,0.0,8590.0,32.5,8040.0,False,False,False,False
2021-02-08,0.0,7360.0,22.5,7705.0,False,False,False,False
2021-02-09,0.0,6480.0,12.5,8352.5,False,False,False,False
2021-02-10,0.0,6410.0,12.5,7647.5,False,False,False,False
2021-02-11,0.0,6760.0,12.5,7627.5,False,False,False,False
2021-02-12,0.0,6740.0,22.5,7782.5,False,False,False,False
2021-02-13,0.0,6420.0,22.5,7920.0,False,False,False,False
2021-02-14,0.0,6320.0,17.5,7677.5,False,False,False,False
2021-02-15,0.0,5720.0,12.5,7522.5,False,False,False,False
2021-02-16,0.0,6970.0,17.5,8052.5,False,False,False,False
2021-02-17,0.0,11500.0,52.5,8600.0,False,False,False,False
2021-02-18,0.0,11100.0,45.0,8872.5,False,False,False,False
2021-02-19,0.0,10900.0,42.5,8567.5,False,False,False,False
2021-02-20,0.0,10100.0,42.5,8257.5,False,False,False,False
2021-02-21,0.0,9310.0,42.5,8320.0,False,False,False,False
2021-02-22,0.0,8770.0,32.5,8490.0,False,False,False,False
2021-02-23,0.0,8320.0,27.5,8287.5,False,False,False,False
2021-02-24,0.0,7970.0,22.5,8322.5,False,False,False,False
2021-02-25,0.0,9270.0,32.5,9002.5,False,False,False,False
2021-02-26,0.0,10700.0,45.0,9245.0,False,False,False,False
2021-02-27,0.0,11800.0,47.5,9000.0,False,False,False,False
2021-02-28,0.0,14400.0,57.5,8612.5,False,False,False,False
2021-03-01,0.0,21100.0,82.5,9360.0,False,False,False,False
2021-03-02,0.0,23300.0,82.5,11090.0,False,False,False,False
2021-03-03,0.0,21200.0,77.5,10502.5,False,False,False,False
2021-03-04,0.0,19600.0,77.5,9940.0,False,False,False,False
2021-03-05,0.0,18000.0,72.5,9700.0,False,False,False,False
2021-03-06,0.0,15600.0,72.5,9580.0,False,False,False,False
2021-03-07,0.0,14100.0,62.5,9607.5,False,False,False,False
2021-03-08,0.0,12700.0,57.5,9840.0,False,False,False,False
2021-03-09,0.0,12100.0,52.5,9200.0,False,False,False,False
2021-03-10,0.0,13500.0,52.5,9815.0,False,False,False,False
2021-03-11,0.0,14900.0,57.5,10425.0,False,False,False,False
2021-03-12,0.0,17900.0,72.5,11025.0,False,False,False,False
2021-03-13,0.0,28200.0,77.5,11375.0,False,False,False,False
2021-03-14,0.0,33200.0,72.5,11325.0,False,False,False,False
2021-03-15,0.0,27400.0,72.5,11125.0,False,False,False,False
2021-03-16,0.0,22200.0,67.5,10950.0,False,False,False,False
2021-03-17,0.0,18500.0,60.0,10575.0,False,False,False,False
2021-03-18,0.0,17300.0,57.5,11375.0,False,False,False,False
2021-03-19,0.0,24300.0,82.5,11125.0,False,False,False,False
2021-03-20,0.0,31000.0,87.5,10775.0,False,False,False,False
2021-03-21,0.0,25700.0,82.5,11375.0,False,False,False,False
2021-03-22,0.0,21800.0,77.5,12125.0,False,False,False,False
2021-03-23,0.0,19600.0,67.5,11750.0,False,False,False,False
2021-03-24,0.0,20700.0,67.5,12175.0,False,False,False,False
2021-03-25,0.0,29000.0,77.5,11800.0,False,False,False,False
2021-03-26,0.0,28400.0,82.5,10925.0,False,False,False,False
2021-03-27,0.0,27000.0,87.5,11250.0,False,False,False,False
2021-03-28,0.0,23800.0,82.5,10700.0,False,False,False,False
2021-03-29,0.0,26000.0,77.5,10625.0,False,False,False,False
2021-03-30,0.0,26200.0,77.5,12725.0,False,False,False,False
2021-03-31,0.0,23700.0,72.5,12650.0,False,False,False,False
2021-04-01,0.0,21900.0,72.5,12900.0,False,False,False,False
2021-04-02,0.0,21500.0,62.5,12575.0,False,False,False,False
2021-04-03,0.0,20100.0,57.5,12475.0,False,False,False,False
2021-04-04,0.0,17800.0,47.5,14775.0,False,False,False,False
2021-04-05,0.0,15600.0,37.5,13575.0,False,False,False,False
2021-04-06,0.0,14800.0,37.5,13050.0,False,False,False,False
2021-04-07,0.0,14100.0,37.5,12400.0,False,False,False,False
2021-04-08,0.0,13000.0,32.5,12425.0,False,False,False,False
2021-04-09,0.0,12000.0,27.5,11950.0,False,False,False,False
2021-04-10,0.0,11300.0,22.5,11525.0,False,False,False,False
2021-04-11,0.0,10900.0,22.5,11950.0,False,False,False,False
2021-04-12,0.0,13400.0,37.5,12075.0,False,False,False,False
2021-04-13,0.0,15100.0,37.5,13125.0,False,False,False,False
2021-04-14,0.0,15600.0,42.5,12375.0,False,False,False,False
2021-04-15,0.0,14800.0,42.5,11575.0,False,False,False,False
2021-04-16,0.0,13400.0,37.5,11875.0,False,False,False,False
2021-04-17,0.0,13300.0,37.5,10700.0,False,False,False,False
2021-04-18,0.0,12700.0,32.5,10002.5,False,False,False,False
2021-04-19,0.0,11800.0,32.5,9877.5,False,False,False,False
2021-04-20,0.0,11100.0,27.5,10500.0,False,False,False,False
2021-04-21,0.0,10600.0,32.5,9672.5,False,False,False,False
2021-04-22,0.0,10000.0,27.5,9805.0,False,False,False,False
2021-04-23,0.0,9440.0,17.5,10850.0,False,False,False,False
2021-04-24,0.0,8950.0,12.5,10900.0,False,False,False,False
2021-04-25,0.0,8760.0,7.5,11875.0,False,False,False,False
2021-04-26,0.0,8490.0,7.5,11875.0,False,False,False,False
2021-04-27,0.0,8150.0,7.5,10650.0,False,False,False,False
2021-04-28,0.0,7750.0,7.5,9785.0,False,False,False,False
2021-04-29,0.0,7340.0,7.5,9945.0,False,False,False,False
2021-04-30,0.0,7290.0,12.5,9787.5,False,False,False,False
2021-05-01,0.0,7420.0,17.5,9422.5,False,False,False,False
2021-05-02,0.0,10400.0,32.5,9722.5,False,False,False,False
2021-05-03,0.0,10400.0,32.5,9352.5,False,False,False,False
2021-05-04,0.0,10800.0,37.5,9652.5,False,False,False,False
2021-05-05,0.0,12600.0,42.5,9705.0,False,False,False,False
2021-05-06,0.0,26700.0,82.5,9940.0,False,False,False,False
2021-05-07,0.0,29400.0,92.5,11175.0,False,False,False,False
2021-05-08,0.0,24000.0,87.5,10262.5,False,False,False,False
2021-05-09,0.0,20300.0,85.0,9575.0,False,False,False,False
2021-05-10,0.0,18700.0,87.5,10375.0,False,False,False,False
2021-05-11,0.0,21400.0,97.5,10667.5,False,False,False,False
2021-05-12,0.0,21500.0,92.5,10057.5,False,False,False,False
2021-05-13,0.0,18700.0,92.5,10275.0,False,False,False,False
2021-05-14,0.0,16600.0,87.5,9897.5,False,False,False,False
2021-05-15,0.0,14900.0,85.0,9632.5,False,False,False,False
2021-05-16,0.0,12700.0,62.5,8867.5,False,False,False,False
2021-05-17,0.0,11100.0,37.5,8507.5,False,False,False,False
2021-05-18,0.0,10200.0,37.5,8247.5,False,False,False,False
2021-05-19,0.0,9790.0,37.5,8890.0,False,False,False,False
2021-05-20,0.0,9110.0,32.5,8042.5,False,False,False,False
2021-05-21,0.0,8390.0,32.5,7547.5,False,False,False,False
2021-05-22,0.0,7640.0,27.5,7412.5,False,False,False,False
2021-05-23,0.0,6910.0,27.5,6805.0,False,False,False,False
2021-05-24,0.0,6400.0,27.5,6385.0,False,False,False,False
2021-05-25,0.0,6140.0,27.5,6102.5,False,False,False,False
2021-05-26,371345.43169874104,5680.0,17.5,5960.0,False,False,False,True
2021-05-27,0.0,5700.0,17.5,5857.5,False,False,False,False
2021-05-28,0.0,5860.0,22.5,6227.5,False,False,False,False
2021-05-29,0.0,9240.0,52.5,6310.0,False,False,False,False
2021-05-30,0.0,12200.0,67.5,6187.5,False,False,False,False
2021-05-31,0.0,14100.0,82.5,6547.5,False,False,False,False
2021-06-01,0.0,13100.0,82.5,6907.5,False,False,False,False
2021-06-02,0.0,11700.0,65.0,7187.5,False,False,False,False
2021-06-03,0.0,10900.0,52.5,6290.0,False,False,False,False
2021-06-04,0.0,10700.0,55.0,7347.5,False,False,False,False
2021-06-05,0.0,10900.0,67.5,7467.5,False,False,False,False
2021-06-06,737040.3515787256,9840.0,62.5,7550.0,False,False,False,True
2021-06-07,1704122.0355454385,8670.0,47.5,7350.0,False,False,True,True
2021-06-08,1201071.5584473733,8480.0,52.5,6465.0,False,False,True,True
2021-06-09,1454403.118844676,12200.0,82.5,6607.5,False,False,True,True
2021-06-10,0.0,12300.0,77.5,6280.0,False,False,False,False
2021-06-11,0.0,11600.0,67.5,6077.5,False,False,False,False
2021-06-12,0.0,11700.0,62.5,6210.0,False,False,False,False
2021-06-13,0.0,10500.0,60.0,5882.5,False,False,False,False
2021-06-14,0.0,8210.0,47.5,5892.5,False,False,False,False
2021-06-15,0.0,7480.0,37.5,5750.0,False,False,False,False
2021-06-16,0.0,7380.0,37.5,5690.0,False,False,False,False
2021-06-17,0.0,6720.0,37.5,5292.5,False,False,False,False
2021-06-18,0.0,6140.0,37.5,5345.0,False,False,False,False
2021-06-19,236696.22210110363,6040.0,47.5,5262.5,False,False,False,True
2021-06-20,860485.976285823,5830.0,42.5,5407.5,False,False,False,True
2021-06-21,1584233.4233688377,5500.0,37.5,5322.5,False,False,True,True
2021-06-22,0.0,5590.0,37.5,5005.0,False,False,False,False
2021-06-23,0.0,6560.0,47.5,5077.5,False,False,False,False
2021-06-24,0.0,6280.0,52.5,4907.5,False,False,False,False
2021-06-25,0.0,5790.0,47.5,4910.0,False,False,False,False
2021-06-26,1068084.171192993,5240.0,42.5,4690.0,False,False,False,True
2021-06-27,1698308.7913364298,4920.0,37.5,4682.5,False,False,True,True
2021-06-28,2151200.5074811205,4940.0,32.5,4862.5,False,False,True,True
2021-06-29,2223383.818967392,4940.0,32.5,4702.5,False,False,True,True
2021-06-30,2784560.4773406773,4750.0,22.5,4892.5,False,False,True,True
2021-07-01,669156.1790664374,4960.0,22.5,4967.5,False,False,False,True
2021-07-02,0.0,5130.0,32.5,5017.5,False,False,False,False
2021-07-03,0.0,5520.0,42.5,4840.0,False,False,False,False
2021-07-04,0.0,6850.0,57.5,4777.5,False,False,False,False
2021-07-05,0.0,8330.0,62.5,4725.0,False,False,False,False
2021-07-06,1368873.6171379783,9230.0,62.5,4557.5,False,False,True,True
2021-07-07,2220300.4616100206,7770.0,57.5,4660.0,False,False,True,True
2021-07-08,1931233.26239132,7020.0,52.5,4815.0,False,False,True,True
2021-07-09,1006230.8352283014,8670.0,52.5,4832.5,False,False,False,True
2021-07-10,0.0,15900.0,82.5,4832.5,False,False,False,False
2021-07-12,2032710.6495429585,13900.0,77.5,4762.5,False,False,True,True
2021-07-13,536838.0828333752,13700.0,85.0,4707.5,False,False,False,True
2021-07-14,1426171.2672101199,22000.0,97.5,4580.0,False,False,True,True
2021-07-15,1751638.3713042731,21600.0,92.5,4635.0,False,False,True,True
2021-07-16,2554553.5041863383,19100.0,92.5,4657.5,False,False,True,True
2021-07-17,2151630.320577189,16800.0,92.5,4500.0,False,False,True,True
2021-07-18,241944.39004105885,18000.0,92.5,4710.0,False,False,False,True
2021-07-19,0.0,24300.0,97.5,4955.0,False,False,False,False
2021-07-20,746780.2639447496,23000.0,97.5,4502.5,False,False,False,True
2021-07-21,22647.85953943395,17700.0,97.5,4465.0,False,False,False,True
2021-07-22,0.0,14800.0,97.5,4282.5,False,False,False,False
2021-07-23,0.0,14700.0,92.5,4240.0,False,False,False,False
2021-07-24,0.0,12400.0,87.5,4320.0,False,False,False,False
2021-07-25,1442427.487419019,10900.0,77.5,4307.5,False,False,True,True
2021-07-26,677136.2890329995,9650.0,67.5,5090.0,False,False,False,True
2021-07-27,562237.2895690807,8690.0,72.5,4667.5,False,False,False,True
2021-07-28,0.0,7890.0,62.5,4550.0,False,False,False,False
2021-07-29,299318.1912982615,7540.0,62.5,5232.5,False,False,False,True
2021-07-30,0.0,9340.0,87.5,4860.0,False,False,False,False
2021-07-31,0.0,8150.0,72.5,5200.0,False,False,False,False
2021-08-01,0.0,7110.0,57.5,5075.0,False,False,False,False
2021-08-02,0.0,6780.0,62.5,5037.5,False,False,False,False
2021-08-03,0.0,6110.0,47.5,4967.5,False,False,False,False
2021-08-04,0.0,5860.0,42.5,4842.5,False,False,False,False
2021-08-05,0.0,5610.0,42.5,4585.0,False,False,False,False
2021-08-06,44487.21448879399,5210.0,42.5,4565.0,False,False,False,True
2021-08-07,0.0,4980.0,47.5,4652.5,False,False,False,False
2021-08-08,0.0,5030.0,52.5,4337.5,False,False,False,False
2021-08-09,568532.9031790447,5030.0,47.5,4117.5,False,False,False,True
2021-08-10,1424488.2061461038,5030.0,47.5,4135.0,False,False,True,True
2021-08-11,2094302.5113213663,5060.0,47.5,4310.0,False,False,True,True
2021-08-12,2245078.890507769,5310.0,42.5,4350.0,False,False,True,True
2021-08-13,1920178.9670311948,5410.0,37.5,4470.0,False,False,True,True
2021-08-14,1239088.8494801559,5330.0,37.5,4710.0,False,False,True,True
2021-08-15,0.0,5040.0,37.5,4495.0,False,False,False,False
2021-08-16,0.0,4660.0,37.5,4447.5,False,False,False,False
2021-08-17,642392.1863262451,4600.0,37.5,4370.0,False,False,False,True
2021-08-18,2099953.60007727,4130.0,22.5,4280.0,False,False,True,True
2021-08-19,2274152.4485337576,9060.0,67.5,4175.0,False,False,True,True
2021-08-20,631157.3894616081,12700.0,77.5,4057.5,False,False,False,True
2021-08-21,1052993.372515949,11200.0,72.5,3770.0,False,False,False,True
2021-08-22,698541.0379912921,12600.0,77.5,4075.0,False,False,False,True
2021-08-23,1614149.9689119617,45100.0,97.5,5295.0,False,False,True,True
2021-08-24,1279125.7749105422,61200.0,97.5,4560.0,False,False,True,True
2021-08-25,1288909.051994186,42800.0,97.5,4760.0,False,False,True,True
2021-08-26,2079261.3277815138,31200.0,97.5,4290.0,False,False,True,True
2021-08-27,2850665.381327497,25800.0,97.5,4240.0,False,False,True,True
2021-08-28,543034.0049655173,23200.0,92.5,4102.5,False,False,False,True
2021-08-29,0.0,18200.0,92.5,4010.0,False,False,False,False
2021-08-30,1874303.0064875958,16500.0,92.5,3930.0,False,False,True,True
2021-08-31,176639.5551785207,15600.0,87.5,3592.5,False,False,False,True
2021-09-01,114572.80224071576,37200.0,92.5,3610.0,False,False,False,True
2021-09-02,0.0,138000.0,97.5,3595.0,False,False,False,False
2021-09-03,0.0,99600.0,97.5,3425.0,False,False,False,False
2021-09-04,0.0,54200.0,97.5,3487.5,False,False,False,False
2021-09-05,0.0,40800.0,97.5,3325.0,False,False,False,False
2021-09-06,0.0,33400.0,92.5,3600.0,False,False,False,False
2021-09-07,0.0,27600.0,92.5,3780.0,False,False,False,False
2021-09-08,281818.200117751,21500.0,92.5,3645.0,False,False,False,True
2021-09-09,0.0,27900.0,92.5,3482.5,False,False,False,False
2021-09-10,0.0,28700.0,92.5,3707.5,False,False,False,False
2021-09-11,0.0,24400.0,92.5,3937.5,False,False,False,False
2021-09-12,0.0,19900.0,87.5,3855.0,False,False,False,False
2021-09-13,489719.45515079796,17500.0,87.5,3815.0,False,False,False,True
2021-09-14,730744.5021068978,16700.0,87.5,3730.0,False,False,False,True
2021-09-15,764536.9191181813,15700.0,87.5,3675.0,False,False,False,True
2021-09-16,0.0,15200.0,82.5,3587.5,False,False,False,False
2021-09-17,0.0,18000.0,87.5,3417.5,False,False,False,False
2021-09-18,65152.974091785785,19200.0,87.5,3412.5,False,False,False,True
2021-09-19,0.0,16200.0,77.5,3385.0,False,False,False,False
2021-09-20,0.0,14600.0,77.5,3455.0,False,False,False,False
2021-09-21,0.0,13600.0,82.5,3275.0,False,False,False,False
2021-09-22,132395.16966128297,14800.0,82.5,3117.5,False,False,False,True
2021-09-23,117050.56074501859,16100.0,87.5,3080.0,False,False,False,True
2021-09-24,0.0,27600.0,92.5,3237.5,False,False,False,False
2021-09-25,0.0,43700.0,97.5,3227.5,False,False,False,False
2021-09-26,0.0,31900.0,92.5,3232.5,False,False,False,False
2021-09-27,0.0,24200.0,82.5,3180.0,False,False,False,False
2021-09-28,0.0,20100.0,82.5,3177.5,False,False,False,False
2021-09-29,0.0,18500.0,82.5,3370.0,False,False,False,False
2021-09-30,0.0,17500.0,87.5,3282.5,False,False,False,False
2021-10-01,0.0,15500.0,72.5,3480.0,False,False,False,False
2021-10-02,0.0,14200.0,82.5,3792.5,False,False,False,False
2021-10-03,0.0,13300.0,82.5,3572.5,False,False,False,False
2021-10-04,63810.633453897004,12900.0,82.5,3470.0,False,False,False,True
2021-10-05,0.0,16000.0,82.5,3437.5,False,False,False,False
2021-10-06,0.0,23400.0,82.5,3377.5,False,False,False,False
2021-10-07,0.0,19400.0,82.5,3432.5,False,False,False,False
2021-10-08,0.0,16900.0,82.5,3482.5,False,False,False,False
2021-10-09,0.0,17400.0,77.5,3612.5,False,False,False,False
2021-10-10,0.0,15300.0,77.5,3435.0,False,False,False,False
2021-10-11,0.0,13700.0,77.5,3685.0,False,False,False,False
2021-10-12,0.0,12000.0,77.5,4375.0,False,False,False,False
2021-10-13,0.0,11400.0,77.5,4630.0,False,False,False,False
2021-10-14,0.0,10100.0,67.5,4327.5,False,False,False,False
2021-10-15,0.0,9570.0,67.5,3867.5,False,False,False,False
2021-10-16,0.0,9010.0,67.5,3707.5,False,False,False,False
2021-10-17,0.0,9000.0,67.5,3925.0,False,False,False,False
2021-10-18,0.0,9390.0,62.5,3765.0,False,False,False,False
2021-10-19,0.0,10600.0,67.5,3467.5,False,False,False,False
2021-10-20,0.0,9940.0,72.5,3507.5,False,False,False,False
2021-10-21,0.0,9120.0,72.5,3510.0,False,False,False,False
2021-10-22,0.0,8840.0,72.5,3447.5,False,False,False,False
2021-10-23,0.0,8210.0,72.5,3417.5,False,False,False,False
2021-10-24,0.0,7650.0,72.5,3382.5,False,False,False,False
2021-10-25,0.0,7670.0,67.5,3492.5,False,False,False,False
2021-10-26,0.0,13400.0,77.5,3835.0,False,False,False,False
2021-10-27,0.0,60500.0,97.5,3727.5,False,False,False,False
2021-10-28,0.0,79400.0,97.5,3730.0,False,False,False,False
2021-10-29,0.0,42900.0,97.5,4787.5,False,False,False,False
2021-10-30,0.0,40300.0,92.5,6080.0,False,False,False,False
2021-10-31,0.0,36900.0,97.5,7032.5,False,False,False,False
2021-11-01,0.0,30900.0,97.5,6987.5,False,False,False,False
2021-11-02,0.0,26300.0,87.5,6587.5,False,False,False,False
2021-11-03,0.0,21800.0,82.5,6175.0,False,False,False,False
2021-11-04,0.0,18400.0,82.5,6265.0,False,False,False,False
2021-11-05,0.0,16500.0,82.5,6527.5,False,False,False,False
2021-11-06,0.0,15600.0,87.5,5897.5,False,False,False,False
2021-11-07,0.0,14900.0,87.5,5607.5,False,False,False,False
2021-11-08,0.0,14100.0,87.5,5340.0,False,False,False,False
2021-11-09,0.0,13200.0,87.5,4902.5,False,False,False,False
2021-11-10,0.0,13200.0,87.5,4610.0,False,False,False,False
2021-11-11,0.0,12700.0,87.5,4685.0,False,False,False,False
2021-11-12,0.0,12700.0,87.5,5047.5,False,False,False,False
2021-11-13,0.0,21400.0,92.5,5910.0,False,False,False,False
2021-11-14,0.0,29300.0,92.5,5520.0,False,False,False,False
2021-11-15,0.0,26700.0,92.5,5292.5,False,False,False,False
2021-11-16,0.0,23600.0,92.5,5147.5,False,False,False,False
2021-11-17,0.0,20900.0,82.5,5112.5,False,False,False,False
2021-11-18,0.0,18500.0,82.5,4810.0,False,False,False,False
2021-11-19,0.0,16900.0,82.5,4640.0,False,False,False,False
2021-11-20,0.0,16300.0,87.5,4827.5,False,False,False,False
2021-11-21,0.0,15600.0,87.5,4907.5,False,False,False,False
2021-11-22,0.0,14800.0,82.5,6187.5,False,False,False,False
2021-11-23,0.0,14400.0,72.5,5982.5,False,False,False,False
2021-11-24,0.0,14500.0,72.5,6475.0,False,False,False,False
2021-11-25,0.0,14000.0,82.5,6232.5,False,False,False,False
2021-11-26,0.0,13000.0,77.5,6075.0,False,False,False,False
2021-11-27,0.0,12600.0,72.5,7007.5,False,False,False,False
2021-11-28,0.0,12600.0,72.5,6730.0,False,False,False,False
2021-11-29,0.0,11600.0,67.5,7507.5,False,False,False,False
2021-11-30,0.0,10800.0,52.5,7547.5,False,False,False,False
2021-12-01,0.0,10500.0,52.5,7890.0,False,False,False,False
2021-12-02,0.0,10200.0,37.5,7425.0,False,False,False,False
2021-12-03,0.0,10200.0,32.5,8350.0,False,False,False,False
2021-12-04,0.0,10500.0,35.0,9547.5,False,False,False,False
2021-12-05,0.0,10400.0,37.5,7960.0,False,False,False,False
2021-12-06,0.0,9860.0,37.5,7590.0,False,False,False,False
2021-12-07,0.0,9610.0,37.5,8722.5,False,False,False,False
2021-12-08,0.0,9400.0,37.5,8342.5,False,False,False,False
2021-12-09,0.0,9410.0,37.5,8262.5,False,False,False,False
2021-12-10,0.0,9230.0,32.5,8470.0,False,False,False,False
2021-12-11,0.0,9250.0,32.5,8760.0,False,False,False,False
2021-12-12,0.0,8980.0,27.5,8790.0,False,False,False,False
2021-12-13,0.0,9620.0,32.5,9287.5,False,False,False,False
2021-12-14,0.0,10500.0,37.5,8782.5,False,False,False,False
2021-12-15,0.0,9830.0,42.5,8697.5,False,False,False,False
2021-12-16,0.0,9460.0,37.5,8442.5,False,False,False,False
2021-12-17,0.0,8900.0,37.5,8325.0,False,False,False,False
2021-12-18,0.0,8860.0,32.5,8437.5,False,False,False,False
2021-12-19,0.0,8610.0,27.5,8495.0,False,False,False,False
2021-12-20,0.0,8500.0,22.5,8612.5,False,False,False,False
2021-12-21,0.0,8950.0,27.5,8930.0,False,False,False,False
2021-12-22,0.0,8920.0,37.5,8547.5,False,False,False,False
2021-12-23,0.0,8740.0,17.5,8960.0,False,False,False,False
2021-12-24,0.0,8390.0,22.5,8720.0,False,False,False,False
2021-12-25,0.0,8000.0,17.5,10475.0,False,False,False,False
2021-12-26,0.0,7730.0,17.5,9782.5,False,False,False,False
2021-12-27,0.0,8090.0,17.5,9292.5,False,False,False,False
2021-12-28,0.0,9320.0,27.5,9297.5,False,False,False,False
2021-12-29,0.0,9570.0,27.5,9432.5,False,False,False,False
2021-12-30,0.0,9950.0,22.5,10662.5,False,False,False,False
2021-12-31,0.0,9840.0,17.5,12075.0,False,False,False,False
2022-01-01,0.0,9770.0,17.5,12052.5,False,False,False,False
2022-01-02,0.0,13400.0,27.5,13050.0,False,False,False,False
2022-01-03,0.0,11800.0,27.5,11525.0,False,False,False,False
2022-01-04,0.0,11500.0,32.5,10142.5,False,False,False,False
2022-01-05,0.0,11200.0,32.5,10012.5,False,False,False,False
2022-01-06,0.0,10300.0,17.5,11325.0,False,False,False,False
2022-01-07,0.0,9730.0,22.5,10232.5,False,False,False,False
2022-01-08,0.0,9150.0,17.5,9422.5,False,False,False,False
2022-01-09,0.0,9160.0,22.5,9242.5,False,False,False,False
2022-01-10,0.0,8780.0,22.5,8892.5,False,False,False,False
2022-01-11,0.0,8470.0,22.5,8567.5,False,False,False,False
2022-01-12,0.0,8360.0,22.5,9035.0,False,False,False,False
2022-01-13,0.0,7490.0,12.5,10100.0,False,False,False,False
2022-01-14,0.0,7790.0,7.5,10625.0,False,False,False,False
2022-01-15,0.0,7660.0,7.5,12275.0,False,False,False,False
2022-01-16,0.0,7200.0,7.5,10775.0,False,False,False,False
2022-01-17,0.0,10100.0,22.5,10250.0,False,False,False,False
2022-01-18,0.0,9500.0,12.5,11152.5,False,False,False,False
2022-01-19,0.0,7860.0,12.5,10550.0,False,False,False,False
2022-01-20,0.0,8520.0,12.5,10300.0,False,False,False,False
2022-01-21,0.0,8190.0,12.5,10180.0,False,False,False,False
2022-01-22,0.0,6920.0,7.5,9977.5,False,False,False,False
2022-01-23,0.0,6670.0,12.5,9687.5,False,False,False,False
2022-01-24,0.0,6420.0,12.5,8832.5,False,False,False,False
2022-01-25,0.0,6050.0,12.5,8475.0,False,False,False,False
2022-01-26,0.0,6620.0,12.5,8752.5,False,False,False,False
2022-01-27,0.0,5970.0,7.5,8135.0,False,False,False,False
2022-01-28,0.0,5600.0,7.5,8730.0,False,False,False,False
2022-01-29,0.0,6110.0,7.5,9185.0,False,False,False,False
2022-01-30,0.0,5560.0,7.5,9912.5,False,False,False,False
2022-01-31,0.0,5320.0,7.5,9357.5,False,False,False,False
2022-02-01,0.0,5460.0,7.5,8800.0,False,False,False,False
2022-02-02,0.0,5410.0,7.5,8622.5,False,False,False,False
2022-02-03,0.0,6420.0,7.5,8960.0,False,False,False,False
2022-02-04,0.0,24000.0,87.5,8760.0,False,False,False,False
2022-02-05,0.0,31700.0,92.5,8517.5,False,False,False,False
2022-02-06,0.0,25600.0,92.5,7940.0,False,False,False,False
2022-02-07,0.0,19400.0,82.5,8040.0,False,False,False,False
2022-02-08,0.0,16200.0,75.0,7705.0,False,False,False,False
2022-02-09,0.0,14900.0,72.5,8352.5,False,False,False,False
2022-02-10,0.0,13000.0,72.5,7647.5,False,False,False,False
2022-02-11,0.0,11900.0,62.5,7627.5,False,False,False,False
2022-02-12,0.0,11400.0,57.5,7782.5,False,False,False,False
2022-02-13,0.0,11400.0,52.5,7920.0,False,False,False,False
2022-02-14,0.0,12200.0,57.5,7677.5,False,False,False,False
2022-02-15,0.0,10900.0,52.5,7522.5,False,False,False,False
2022-02-16,0.0,9570.0,47.5,8052.5,False,False,False,False
2022-02-18,0.0,11200.0,52.5,8872.5,False,False,False,False
2022-02-19,0.0,18700.0,77.5,8567.5,False,False,False,False
2022-02-20,0.0,21900.0,92.5,8257.5,False,False,False,False
2022-02-21,0.0,17200.0,87.5,8320.0,False,False,False,False
2022-02-22,0.0,15100.0,72.5,8490.0,False,False,False,False
2022-02-23,0.0,14800.0,75.0,8287.5,False,False,False,False
2022-02-24,0.0,18500.0,87.5,8322.5,False,False,False,False
2022-02-25,0.0,22500.0,82.5,9002.5,False,False,False,False
2022-02-26,0.0,20100.0,77.5,9245.0,False,False,False,False
2022-02-27,0.0,16400.0,67.5,9000.0,False,False,False,False
2022-02-28,0.0,15000.0,62.5,8612.5,False,False,False,False
2022-03-01,0.0,14000.0,52.5,9360.0,False,False,False,False
2022-03-02,0.0,12900.0,42.5,11090.0,False,False,False,False
2022-03-03,0.0,12100.0,42.5,10502.5,False,False,False,False
2022-03-04,0.0,12300.0,37.5,9940.0,False,False,False,False
2022-03-05,0.0,12200.0,42.5,9700.0,False,False,False,False
2022-03-06,0.0,11200.0,42.5,9580.0,False,False,False,False
2022-03-07,0.0,11000.0,42.5,9607.5,False,False,False,False
2022-03-08,0.0,13400.0,67.5,9840.0,False,False,False,False
2022-03-09,0.0,20200.0,77.5,9200.0,False,False,False,False
2022-03-10,0.0,20400.0,72.5,9815.0,False,False,False,False
2022-03-11,0.0,17400.0,67.5,10425.0,False,False,False,False
2022-03-12,0.0,16400.0,62.5,11025.0,False,False,False,False
2022-03-13,0.0,15800.0,52.5,11375.0,False,False,False,False
2022-03-14,0.0,15300.0,47.5,11325.0,False,False,False,False
2022-03-15,0.0,15000.0,42.5,11125.0,False,False,False,False
2022-03-16,0.0,15300.0,42.5,10950.0,False,False,False,False
2022-03-17,0.0,16300.0,52.5,10575.0,False,False,False,False
2022-03-18,0.0,18100.0,62.5,11375.0,False,False,False,False
2022-03-19,0.0,19100.0,67.5,11125.0,False,False,False,False
2022-03-20,0.0,18300.0,72.5,10775.0,False,False,False,False
2022-03-21,0.0,18900.0,72.5,11375.0,False,False,False,False
2022-03-22,0.0,18600.0,67.5,12125.0,False,False,False,False
2022-03-23,0.0,17500.0,62.5,11750.0,False,False,False,False
2022-03-24,0.0,17100.0,62.5,12175.0,False,False,False,False
2022-03-25,0.0,18000.0,62.5,11800.0,False,False,False,False
2022-03-26,0.0,17700.0,57.5,10925.0,False,False,False,False
2022-03-27,0.0,16300.0,52.5,11250.0,False,False,False,False
2022-03-28,0.0,15200.0,42.5,10700.0,False,False,False,False
2022-03-29,0.0,15400.0,42.5,10625.0,False,False,False,False
2022-03-30,0.0,14300.0,37.5,12725.0,False,False,False,False
2022-03-31,0.0,13500.0,32.5,12650.0,False,False,False,False
2022-04-01,0.0,18100.0,47.5,12900.0,False,False,False,False
2022-04-02,0.0,25600.0,72.5,12575.0,False,False,False,False
2022-04-03,0.0,26300.0,62.5,12475.0,False,False,False,False
2022-04-04,0.0,23500.0,62.5,14775.0,False,False,False,False
2022-04-05,0.0,22800.0,52.5,13575.0,False,False,False,False
2022-04-06,0.0,25200.0,57.5,13050.0,False,False,False,False
2022-04-07,0.0,30500.0,82.5,12400.0,False,False,False,False
2022-04-08,0.0,72100.0,97.5,12425.0,False,False,False,False
2022-04-09,0.0,109000.0,97.5,11950.0,False,False,False,False
2022-04-10,0.0,76000.0,97.5,11525.0,False,False,False,False
2022-04-11,0.0,54200.0,97.5,11950.0,False,False,False,False
2022-04-12,0.0,42300.0,97.5,12075.0,False,False,False,False
2022-04-13,0.0,34400.0,97.5,13125.0,False,False,False,False
2022-04-14,0.0,29900.0,87.5,12375.0,False,False,False,False
2022-04-15,0.0,26400.0,77.5,11575.0,False,False,False,False
2022-04-16,0.0,23300.0,62.5,11875.0,False,False,False,False
2022-04-17,0.0,19700.0,62.5,10700.0,False,False,False,False
2022-04-18,0.0,18500.0,62.5,10002.5,False,False,False,False
2022-04-19,0.0,30900.0,82.5,9877.5,False,False,False,False
2022-04-20,0.0,34600.0,87.5,10500.0,False,False,False,False
2022-04-21,0.0,32900.0,82.5,9672.5,False,False,False,False
2022-04-22,0.0,29400.0,82.5,9805.0,False,False,False,False
2022-04-23,0.0,26900.0,82.5,10850.0,False,False,False,False
2022-04-24,0.0,24500.0,82.5,10900.0,False,False,False,False
2022-04-25,0.0,22700.0,77.5,11875.0,False,False,False,False
2022-04-26,0.0,20600.0,72.5,11875.0,False,False,False,False
2022-04-27,0.0,18700.0,67.5,10650.0,False,False,False,False
2022-04-28,0.0,17900.0,57.5,9785.0,False,False,False,False
2022-04-29,0.0,16900.0,57.5,9945.0,False,False,False,False
2022-04-30,0.0,15200.0,47.5,9787.5,False,False,False,False
2022-05-01,0.0,13300.0,47.5,9422.5,False,False,False,False
2022-05-02,0.0,13000.0,52.5,9722.5,False,False,False,False
2022-05-03,0.0,12500.0,47.5,9352.5,False,False,False,False
2022-05-04,0.0,12300.0,47.5,9652.5,False,False,False,False
2022-05-05,0.0,12400.0,37.5,9705.0,False,False,False,False
2022-05-06,0.0,12800.0,42.5,9940.0,False,False,False,False
2022-05-07,0.0,23600.0,77.5,11175.0,False,False,False,False
2022-05-08,0.0,33100.0,97.5,10262.5,False,False,False,False
2022-05-09,0.0,25600.0,92.5,9575.0,False,False,False,False
2022-05-10,0.0,20900.0,92.5,10375.0,False,False,False,False
2022-05-11,0.0,17100.0,82.5,10667.5,False,False,False,False
2022-05-12,0.0,14600.0,82.5,10057.5,False,False,False,False
2022-05-13,0.0,13200.0,67.5,10275.0,False,False,False,False
2022-05-14,0.0,12600.0,62.5,9897.5,False,False,False,False
2022-05-17,0.0,12400.0,52.5,8507.5,False,False,False,False
2022-05-18,0.0,13300.0,47.5,8247.5,False,False,False,False
2022-05-19,0.0,14200.0,57.5,8890.0,False,False,False,False
2022-05-20,0.0,14200.0,62.5,8042.5,False,False,False,False
2022-05-21,992722.176859818,15900.0,77.5,7547.5,False,False,False,True
2022-05-22,658804.0233052061,15800.0,77.5,7412.5,False,False,False,True
2022-05-23,0.0,14000.0,77.5,6805.0,False,False,False,False
2022-05-24,0.0,12400.0,72.5,6385.0,False,False,False,False
2022-05-25,0.0,11500.0,67.5,6102.5,False,False,False,False
2022-05-26,0.0,10600.0,57.5,5960.0,False,False,False,False
2022-05-27,0.0,9810.0,62.5,5857.5,False,False,False,False
2022-05-28,0.0,10500.0,72.5,6227.5,False,False,False,False
2022-05-29,0.0,13400.0,82.5,6310.0,False,False,False,False
2022-05-30,0.0,11900.0,62.5,6187.5,False,False,False,False
2022-05-31,106275.45625971725,10200.0,52.5,6547.5,False,False,False,True
2022-06-01,0.0,9500.0,47.5,6907.5,False,False,False,False
2022-06-02,22647.85953943395,11700.0,65.0,7187.5,False,False,False,True
2022-06-03,0.0,16200.0,82.5,6290.0,False,False,False,False
2022-06-04,0.0,16000.0,87.5,7347.5,False,False,False,False
2022-06-05,0.0,12400.0,77.5,7467.5,False,False,False,False
2022-06-06,0.0,10200.0,70.0,7550.0,False,False,False,False
2022-06-07,0.0,9010.0,52.5,7350.0,False,False,False,False
2022-06-08,0.0,9050.0,62.5,6465.0,False,False,False,False
2022-06-09,0.0,10400.0,72.5,6607.5,False,False,False,False
2022-06-10,0.0,15800.0,87.5,6280.0,False,False,False,False
2022-06-11,0.0,16100.0,92.5,6077.5,False,False,False,False
2022-06-12,0.0,13000.0,82.5,6210.0,False,False,False,False
2022-06-13,437016.05894474196,11200.0,70.0,5882.5,False,False,False,True
2022-06-14,0.0,10100.0,52.5,5892.5,False,False,False,False
2022-06-15,0.0,9580.0,52.5,5750.0,False,False,False,False
2022-06-16,0.0,9930.0,67.5,5690.0,False,False,False,False
2022-06-17,441149.23812784755,10800.0,77.5,5292.5,False,False,False,True
2022-06-18,0.0,13800.0,87.5,5345.0,False,False,False,False
2022-06-19,0.0,10900.0,72.5,5262.5,False,False,False,False
2022-06-20,0.0,9040.0,72.5,5407.5,False,False,False,False
2022-06-21,0.0,7850.0,62.5,5322.5,False,False,False,False
2022-06-22,0.0,7380.0,62.5,5005.0,False,False,False,False
2022-06-23,0.0,7370.0,62.5,5077.5,False,False,False,False
2022-06-24,0.0,9720.0,67.5,4907.5,False,False,False,False
2022-06-25,99505.24832958431,17500.0,87.5,4910.0,False,False,False,True
2022-06-26,0.0,13500.0,82.5,4690.0,False,False,False,False
2022-06-27,182227.90944365764,10900.0,72.5,4682.5,False,False,False,True
2022-06-28,0.0,9450.0,57.5,4862.5,False,False,False,False
2022-06-29,0.0,8270.0,57.5,4702.5,False,False,False,False
2022-06-30,0.0,7510.0,57.5,4892.5,False,False,False,False
2022-07-01,1379285.891826234,6880.0,52.5,4967.5,False,False,True,True
2022-07-02,1697961.3571282835,6540.0,52.5,5017.5,False,False,True,True
2022-07-03,0.0,6240.0,52.5,4840.0,False,False,False,False
2022-07-04,0.0,6030.0,52.5,4777.5,False,False,False,False
2022-07-05,22647.85953943395,5830.0,47.5,4725.0,False,False,False,True
2022-07-06,859791.2539540208,5660.0,42.5,4557.5,False,False,False,True
2022-07-07,0.0,5520.0,42.5,4660.0,False,False,False,False
2022-07-08,549563.4737549926,5290.0,32.5,4815.0,False,False,False,True
2022-07-09,0.0,5150.0,32.5,4832.5,False,False,False,False
2022-07-10,0.0,4960.0,32.5,4832.5,False,False,False,False
2022-07-11,0.0,4840.0,22.5,5005.0,False,False,False,False
2022-07-12,967406.3477712958,4590.0,22.5,4762.5,False,False,False,True
2022-07-13,0.0,4350.0,17.5,4707.5,False,False,False,False
2022-07-14,0.0,4410.0,17.5,4580.0,False,False,False,False
2022-07-15,0.0,4500.0,22.5,4635.0,False,False,False,False
2022-07-16,0.0,4400.0,17.5,4657.5,False,False,False,False
2022-07-17,356478.6451425994,4470.0,22.5,4500.0,False,False,False,True
2022-07-18,2434710.2217008895,4380.0,22.5,4710.0,False,False,True,True
2022-07-19,180998.76335646465,5150.0,27.5,4955.0,False,False,False,True
2022-07-20,1123890.029864666,5060.0,37.5,4502.5,False,False,True,True
2022-07-21,2159137.473954887,4670.0,32.5,4465.0,False,False,True,True
2022-07-22,334576.00058959634,4410.0,32.5,4282.5,False,False,False,True
2022-07-23,245594.3184593907,4560.0,32.5,4240.0,False,False,False,True
2022-07-24,877333.8789809609,4460.0,32.5,4320.0,False,False,False,True
2022-07-25,3084036.4975661784,4330.0,27.5,4307.5,False,False,True,True
2022-07-26,137089.1220230306,4510.0,12.5,5090.0,False,False,False,True
2022-07-27,0.0,4400.0,12.5,4667.5,False,False,False,False
2022-07-28,2025187.0376029636,4190.0,17.5,4550.0,False,False,True,True
2022-07-29,468707.3507683008,4400.0,22.5,5232.5,False,False,False,True
2022-07-30,0.0,3970.0,17.5,4860.0,False,False,False,False
2022-07-31,0.0,3680.0,12.5,5200.0,False,False,False,False
2022-08-01,0.0,3880.0,12.5,5075.0,False,False,False,False
2022-08-02,753086.9410531125,3780.0,12.5,5037.5,False,False,False,True
2022-08-03,0.0,3510.0,12.5,4967.5,False,False,False,False
2022-08-04,1643227.359025912,3290.0,7.5,4842.5,False,False,True,True
2022-08-05,960149.2331362555,3240.0,12.5,4585.0,False,False,False,True
2022-08-06,1948125.331624506,3700.0,12.5,4565.0,False,False,True,True
2022-08-07,2809105.6608002675,3510.0,12.5,4652.5,False,False,True,True
2022-08-11,128684.82551511396,3400.0,7.5,4310.0,False,False,False,True
2022-08-12,0.0,3200.0,7.5,4350.0,False,False,False,False
2022-08-13,0.0,2910.0,2.5,4470.0,False,False,False,False
2022-08-14,0.0,2770.0,2.5,4710.0,False,False,False,False
2022-08-15,0.0,2860.0,2.5,4495.0,False,False,False,False
2022-08-16,0.0,2820.0,2.5,4447.5,False,False,False,False
2022-08-17,0.0,2620.0,2.5,4370.0,False,False,False,False
2022-08-18,0.0,2570.0,2.5,4280.0,False,False,False,False
2022-08-19,0.0,2820.0,2.5,4175.0,False,False,False,False
2022-08-20,0.0,3090.0,2.5,4057.5,False,False,False,False
2022-08-21,51746.147288746084,3200.0,12.5,3770.0,False,False,False,True
2022-08-22,339887.2434251431,3580.0,12.5,4075.0,False,False,False,True
2022-08-23,0.0,5330.0,32.5,5295.0,False,False,False,False
2022-08-24,0.0,4230.0,22.5,4560.0,False,False,False,False
2022-08-25,0.0,3350.0,12.5,4760.0,False,False,False,False
2022-08-26,507378.8358955848,2920.0,2.5,4290.0,False,False,False,True
2022-08-27,0.0,2830.0,2.5,4240.0,False,False,False,False
2022-08-28,586912.2162890458,2840.0,2.5,4102.5,False,False,False,True
2022-08-29,861269.1395917551,3010.0,7.5,4010.0,False,False,False,True
2022-08-30,1538829.0400582312,2950.0,7.5,3930.0,False,False,True,True
2022-08-31,0.0,2840.0,2.5,3592.5,False,False,False,False
2022-09-01,0.0,3100.0,2.5,3610.0,False,False,False,False
2022-09-02,0.0,3310.0,12.5,3595.0,False,False,False,False
2022-09-03,0.0,3320.0,17.5,3425.0,False,False,False,False
2022-09-04,107102.02159150773,2980.0,12.5,3487.5,False,False,False,True
2022-09-05,23980.565433840966,3310.0,22.5,3325.0,False,False,False,True
2022-09-06,0.0,3870.0,37.5,3600.0,False,False,False,False
2022-09-07,0.0,5700.0,42.5,3780.0,False,False,False,False
2022-09-08,0.0,17200.0,87.5,3645.0,False,False,False,False
2022-09-09,0.0,16600.0,87.5,3482.5,False,False,False,False
2022-09-10,0.0,10600.0,77.5,3707.5,False,False,False,False
2022-09-11,0.0,8160.0,77.5,3937.5,False,False,False,False
2022-09-12,655785.653991565,6970.0,72.5,3855.0,False,False,False,True
2022-09-13,90045.53189905151,7520.0,72.5,3815.0,False,False,False,True
2022-09-14,0.0,7470.0,67.5,3730.0,False,False,False,False
2022-09-15,0.0,6750.0,67.5,3675.0,False,False,False,False
2022-09-16,0.0,7060.0,72.5,3587.5,False,False,False,False
2022-09-17,0.0,6100.0,67.5,3417.5,False,False,False,False
2022-09-18,0.0,5350.0,67.5,3412.5,False,False,False,False
2022-09-19,0.0,4650.0,62.5,3385.0,False,False,False,False
2022-09-20,0.0,4360.0,57.5,3455.0,False,False,False,False
2022-09-21,0.0,4040.0,62.5,3275.0,False,False,False,False
2022-09-22,0.0,3970.0,57.5,3117.5,False,False,False,False
2022-09-23,0.0,4010.0,57.5,3080.0,False,False,False,False
2022-09-24,0.0,3980.0,57.5,3237.5,False,False,False,False
2022-09-25,0.0,5460.0,67.5,3227.5,False,False,False,False
2022-09-26,0.0,5340.0,67.5,3232.5,False,False,False,False
2022-09-27,0.0,4490.0,62.5,3180.0,False,False,False,False
2022-09-28,0.0,4220.0,52.5,3177.5,False,False,False,False
2022-09-29,0.0,4310.0,52.5,3370.0,False,False,False,False
2022-09-30,0.0,4110.0,42.5,3282.5,False,False,False,False
2022-10-01,0.0,4220.0,37.5,3480.0,False,False,False,False
2022-10-02,0.0,4900.0,42.5,3792.5,False,False,False,False
2022-10-03,0.0,4590.0,42.5,3572.5,False,False,False,False
2022-10-04,0.0,5120.0,47.5,3470.0,False,False,False,False
2022-10-05,0.0,9410.0,62.5,3437.5,False,False,False,False
2022-10-06,0.0,13500.0,72.5,3377.5,False,False,False,False
2022-10-07,0.0,13600.0,77.5,3432.5,False,False,False,False
2022-10-08,0.0,12100.0,72.5,3482.5,False,False,False,False
2022-10-09,0.0,9300.0,62.5,3612.5,False,False,False,False
2022-10-10,0.0,7950.0,62.5,3435.0,False,False,False,False
2022-10-11,0.0,6740.0,62.5,3685.0,False,False,False,False
2022-10-12,0.0,5480.0,47.5,4375.0,False,False,False,False
2022-10-13,0.0,4910.0,37.5,4630.0,False,False,False,False
2022-10-14,0.0,10800.0,77.5,4327.5,False,False,False,False
2022-10-15,0.0,14400.0,82.5,3867.5,False,False,False,False
2022-10-16,0.0,11500.0,82.5,3707.5,False,False,False,False
2022-10-17,0.0,9800.0,72.5,3925.0,False,False,False,False
2022-10-18,0.0,8380.0,57.5,3765.0,False,False,False,False
2022-10-19,0.0,7500.0,52.5,3467.5,False,False,False,False
2022-10-20,0.0,6680.0,52.5,3507.5,False,False,False,False
2022-10-21,0.0,6220.0,52.5,3510.0,False,False,False,False
2022-10-22,0.0,5810.0,47.5,3447.5,False,False,False,False
2022-10-23,0.0,5350.0,47.5,3417.5,False,False,False,False
2022-10-24,0.0,5030.0,42.5,3382.5,False,False,False,False
2022-10-25,0.0,4920.0,42.5,3492.5,False,False,False,False
2022-10-26,0.0,5450.0,37.5,3835.0,False,False,False,False
2022-10-27,0.0,5660.0,37.5,3727.5,False,False,False,False
2022-10-28,0.0,6110.0,37.5,3730.0,False,False,False,False
2022-10-29,0.0,5770.0,32.5,4787.5,False,False,False,False
2022-10-30,0.0,5360.0,22.5,6080.0,False,False,False,False
2022-10-31,0.0,5120.0,22.5,7032.5,False,False,False,False
2022-11-01,0.0,4850.0,22.5,6987.5,False,False,False,False
2022-11-02,0.0,5140.0,22.5,6587.5,False,False,False,False
2022-11-03,0.0,4990.0,22.5,6175.0,False,False,False,False
2022-11-04,0.0,4900.0,22.5,6265.0,False,False,False,False
2022-11-05,0.0,4780.0,22.5,6527.5,False,False,False,False
2022-11-06,0.0,4600.0,22.5,5897.5,False,False,False,False
2022-11-07,0.0,4430.0,22.5,5607.5,False,False,False,False
2022-11-08,0.0,4230.0,22.5,5340.0,False,False,False,False
2022-11-09,0.0,4190.0,22.5,4902.5,False,False,False,False
2022-11-10,0.0,4130.0,22.5,4610.0,False,False,False,False
2022-11-11,0.0,4070.0,22.5,4685.0,False,False,False,False
2022-11-12,0.0,4890.0,22.5,5047.5,False,False,False,False
2022-11-13,0.0,9060.0,62.5,5910.0,False,False,False,False
2022-11-14,0.0,13000.0,82.5,5520.0,False,False,False,False
2022-11-15,0.0,12500.0,82.5,5292.5,False,False,False,False
2022-11-16,0.0,14700.0,77.5,5147.5,False,False,False,False
2022-11-17,0.0,14200.0,77.5,5112.5,False,False,False,False
2022-11-18,0.0,13300.0,67.5,4810.0,False,False,False,False
2022-11-19,0.0,12600.0,62.5,4640.0,False,False,False,False
2022-11-20,0.0,10700.0,57.5,4827.5,False,False,False,False
2022-11-21,0.0,9550.0,47.5,4907.5,False,False,False,False
2022-11-22,0.0,8980.0,42.5,6187.5,False,False,False,False
2022-11-23,0.0,8770.0,47.5,5982.5,False,False,False,False
2022-11-24,0.0,8270.0,47.5,6475.0,False,False,False,False
2022-11-25,0.0,7890.0,42.5,6232.5,False,False,False,False
2022-11-26,0.0,7370.0,32.5,6075.0,False,False,False,False
2022-11-27,0.0,7230.0,27.5,7007.5,False,False,False,False
2022-11-28,0.0,7220.0,32.5,6730.0,False,False,False,False
2022-11-29,0.0,8210.0,37.5,7507.5,False,False,False,False
2022-11-30,0.0,12600.0,62.5,7547.5,False,False,False,False
2022-12-01,0.0,13100.0,57.5,7890.0,False,False,False,False
2022-12-02,0.0,12800.0,57.5,7425.0,False,False,False,False
2022-12-03,0.0,13300.0,52.5,8350.0,False,False,False,False
2022-12-04,0.0,13000.0,47.5,9547.5,False,False,False,False
2022-12-05,0.0,11700.0,42.5,7960.0,False,False,False,False
2022-12-06,0.0,11500.0,52.5,7590.0,False,False,False,False
2022-12-07,0.0,17800.0,77.5,8722.5,False,False,False,False
2022-12-08,0.0,21100.0,87.5,8342.5,False,False,False,False
2022-12-09,0.0,22500.0,87.5,8262.5,False,False,False,False
2022-12-10,0.0,17800.0,87.5,8470.0,False,False,False,False
2022-12-11,0.0,14800.0,72.5,8760.0,False,False,False,False
2022-12-12,0.0,13200.0,57.5,8790.0,False,False,False,False
2022-12-13,0.0,12300.0,47.5,9287.5,False,False,False,False
2022-12-14,0.0,11900.0,52.5,8782.5,False,False,False,False
2022-12-15,0.0,10900.0,47.5,8697.5,False,False,False,False
2022-12-16,0.0,15400.0,52.5,8442.5,False,False,False,False
2022-12-17,0.0,16500.0,57.5,8325.0,False,False,False,False
2022-12-18,0.0,15900.0,57.5,8437.5,False,False,False,False
2022-12-19,0.0,14300.0,57.5,8495.0,False,False,False,False
2022-12-20,0.0,12800.0,50.0,8612.5,False,False,False,False
2022-12-21,0.0,11800.0,42.5,8930.0,False,False,False,False
2022-12-22,0.0,11300.0,47.5,8547.5,False,False,False,False
2022-12-23,0.0,17800.0,72.5,8960.0,False,False,False,False
2022-12-24,0.0,29800.0,82.5,8720.0,False,False,False,False
2022-12-25,0.0,33900.0,82.5,10475.0,False,False,False,False
2022-12-26,0.0,25600.0,77.5,9782.5,False,False,False,False
2022-12-27,0.0,20700.0,62.5,9292.5,False,False,False,False
2022-12-28,0.0,18900.0,52.5,9297.5,False,False,False,False
2022-12-29,0.0,17200.0,47.5,9432.5,False,False,False,False
2022-12-30,0.0,15400.0,42.5,10662.5,False,False,False,False
2022-12-31,0.0,14100.0,40.0,12075.0,False,False,False,False
2023-01-01,0.0,13800.0,32.5,12052.5,False,False,False,False
2023-01-02,0.0,14700.0,37.5,13050.0,False,False,False,False
2023-01-03,0.0,17300.0,57.5,11525.0,False,False,False,False
2023-01-04,0.0,20800.0,82.5,10142.5,False,False,False,False
2023-01-05,0.0,22600.0,87.5,10012.5,False,False,False,False
2023-01-06,0.0,22600.0,82.5,11325.0,False,False,False,False
2023-01-07,0.0,20600.0,82.5,10232.5,False,False,False,False
2023-01-08,0.0,17400.0,62.5,9422.5,False,False,False,False
2023-01-09,0.0,15700.0,57.5,9242.5,False,False,False,False
2023-01-10,0.0,14700.0,57.5,8892.5,False,False,False,False
2023-01-11,0.0,13800.0,52.5,8567.5,False,False,False,False
2023-01-12,0.0,12900.0,47.5,9035.0,False,False,False,False
2023-01-13,0.0,12600.0,42.5,10100.0,False,False,False,False
2023-01-14,0.0,14900.0,47.5,10625.0,False,False,False,False
2023-01-15,0.0,16300.0,55.0,12275.0,False,False,False,False
2023-01-16,0.0,14600.0,47.5,10775.0,False,False,False,False
2023-01-17,0.0,13200.0,47.5,10250.0,False,False,False,False
2023-01-18,0.0,12700.0,42.5,11152.5,False,False,False,False
2023-01-19,0.0,12800.0,47.5,10550.0,False,False,False,False
2023-01-20,0.0,18000.0,72.5,10300.0,False,False,False,False
2023-01-21,0.0,20500.0,82.5,10180.0,False,False,False,False
2023-01-22,0.0,19400.0,87.5,9977.5,False,False,False,False
2023-01-23,0.0,20600.0,92.5,9687.5,False,False,False,False
2023-01-24,0.0,21600.0,82.5,8832.5,False,False,False,False
2023-01-25,0.0,20300.0,82.5,8475.0,False,False,False,False
2023-01-26,0.0,31800.0,87.5,8752.5,False,False,False,False
2023-01-27,0.0,27400.0,82.5,8135.0,False,False,False,False
2023-01-28,0.0,23800.0,77.5,8730.0,False,False,False,False
2023-01-29,0.0,20400.0,72.5,9185.0,False,False,False,False
2023-01-30,0.0,18500.0,72.5,9912.5,False,False,False,False
2023-01-31,0.0,17100.0,67.5,9357.5,False,False,False,False
2023-02-01,0.0,16100.0,67.5,8800.0,False,False,False,False
2023-02-03,0.0,14200.0,62.5,8960.0,False,False,False,False
2023-02-04,0.0,12700.0,52.5,8760.0,False,False,False,False
2023-02-05,0.0,11100.0,42.5,8517.5,False,False,False,False
2023-02-06,0.0,10700.0,42.5,7940.0,False,False,False,False
2023-02-07,0.0,11500.0,47.5,8040.0,False,False,False,False
2023-02-08,0.0,11500.0,47.5,7705.0,False,False,False,False
2023-02-09,0.0,11100.0,50.0,8352.5,False,False,False,False
2023-02-10,0.0,10800.0,42.5,7647.5,False,False,False,False
2023-02-11,0.0,10400.0,37.5,7627.5,False,False,False,False
2023-02-12,0.0,10200.0,42.5,7782.5,False,False,False,False
2023-02-13,0.0,9580.0,37.5,7920.0,False,False,False,False
2023-02-14,0.0,9200.0,42.5,7677.5,False,False,False,False
2023-02-15,0.0,8990.0,47.5,7522.5,False,False,False,False
2023-02-16,0.0,8660.0,32.5,8052.5,False,False,False,False
2023-02-17,0.0,8720.0,27.5,8600.0,False,False,False,False
2023-02-18,0.0,8900.0,27.5,8872.5,False,False,False,False
2023-02-19,0.0,8690.0,32.5,8567.5,False,False,False,False
2023-02-20,0.0,8260.0,27.5,8257.5,False,False,False,False
2023-02-21,0.0,8160.0,17.5,8320.0,False,False,False,False
2023-02-22,0.0,8570.0,27.5,8490.0,False,False,False,False
2023-02-23,0.0,9060.0,37.5,8287.5,False,False,False,False
2023-02-24,0.0,9030.0,32.5,8322.5,False,False,False,False
2023-02-25,0.0,9190.0,27.5,9002.5,False,False,False,False
2023-02-26,0.0,9540.0,27.5,9245.0,False,False,False,False
2023-02-27,0.0,9130.0,32.5,9000.0,False,False,False,False
2023-02-28,0.0,9110.0,32.5,8612.5,False,False,False,False
2023-03-01,0.0,9550.0,27.5,9360.0,False,False,False,False
2023-03-02,0.0,9260.0,22.5,11090.0,False,False,False,False
2023-03-03,0.0,9150.0,17.5,10502.5,False,False,False,False
2023-03-04,0.0,16200.0,62.5,9940.0,False,False,False,False
2023-03-05,0.0,20000.0,77.5,9700.0,False,False,False,False
2023-03-06,0.0,16300.0,77.5,9580.0,False,False,False,False
2023-03-07,0.0,15200.0,77.5,9607.5,False,False,False,False
2023-03-08,0.0,15000.0,77.5,9840.0,False,False,False,False
2023-03-09,0.0,14300.0,65.0,9200.0,False,False,False,False
2023-03-10,0.0,13200.0,47.5,9815.0,False,False,False,False
2023-03-11,0.0,13300.0,52.5,10425.0,False,False,False,False
2023-03-12,0.0,13500.0,47.5,11025.0,False,False,False,False
2023-03-13,0.0,13100.0,37.5,11375.0,False,False,False,False
2023-03-14,0.0,13200.0,37.5,11325.0,False,False,False,False
2023-03-15,0.0,13800.0,37.5,11125.0,False,False,False,False
2023-03-16,0.0,13400.0,32.5,10950.0,False,False,False,False
2023-03-17,0.0,12500.0,32.5,10575.0,False,False,False,False
2023-03-18,0.0,12600.0,32.5,11375.0,False,False,False,False
2023-03-19,0.0,13900.0,45.0,11125.0,False,False,False,False
2023-03-20,0.0,14600.0,42.5,10775.0,False,False,False,False
2023-03-21,0.0,13600.0,32.5,11375.0,False,False,False,False
2023-03-22,0.0,12400.0,27.5,12125.0,False,False,False,False
2023-03-23,0.0,11800.0,27.5,11750.0,False,False,False,False
2023-03-24,0.0,12700.0,32.5,12175.0,False,False,False,False
2023-03-25,0.0,15700.0,52.5,11800.0,False,False,False,False
2023-03-26,0.0,18000.0,62.5,10925.0,False,False,False,False
2023-03-27,0.0,17200.0,62.5,11250.0,False,False,False,False
2023-03-28,0.0,16900.0,52.5,10700.0,False,False,False,False
2023-03-29,0.0,17300.0,57.5,10625.0,False,False,False,False
2023-03-30,0.0,16700.0,52.5,12725.0,False,False,False,False
2023-03-31,0.0,15600.0,47.5,12650.0,False,False,False,False
2023-04-01,0.0,14900.0,32.5,12900.0,False,False,False,False
2023-04-02,0.0,14600.0,32.5,12575.0,False,False,False,False
2023-04-03,0.0,16100.0,37.5,12475.0,False,False,False,False
2023-04-04,0.0,16100.0,32.5,14775.0,False,False,False,False
2023-04-05,0.0,14600.0,32.5,13575.0,False,False,False,False
2023-04-06,0.0,13400.0,27.5,13050.0,False,False,False,False
2023-04-07,0.0,12700.0,27.5,12400.0,False,False,False,False
2023-04-08,0.0,12500.0,27.5,12425.0,False,False,False,False
2023-04-09,0.0,12100.0,32.5,11950.0,False,False,False,False
2023-04-10,0.0,11100.0,17.5,11525.0,False,False,False,False
2023-04-11,0.0,10100.0,17.5,11950.0,False,False,False,False
2023-04-12,0.0,9290.0,12.5,12075.0,False,False,False,False
2023-04-13,0.0,8880.0,12.5,13125.0,False,False,False,False
2023-04-14,0.0,8470.0,12.5,12375.0,False,False,False,False
2023-04-15,0.0,8780.0,12.5,11575.0,False,False,False,False
2023-04-16,0.0,11800.0,22.5,11875.0,False,False,False,False
2023-04-17,0.0,10400.0,22.5,10700.0,False,False,False,False
2023-04-18,0.0,9080.0,17.5,10002.5,False,False,False,False
2023-04-19,0.0,8310.0,17.5,9877.5,False,False,False,False
2023-04-20,0.0,7790.0,17.5,10500.0,False,False,False,False
2023-04-21,0.0,7270.0,17.5,9672.5,False,False,False,False
2023-04-22,0.0,6890.0,17.5,9805.0,False,False,False,False
2023-04-23,0.0,7690.0,7.5,10850.0,False,False,False,False
2023-04-24,0.0,10600.0,22.5,10900.0,False,False,False,False
2023-04-25,0.0,13400.0,32.5,11875.0,False,False,False,False
2023-04-26,0.0,11900.0,27.5,11875.0,False,False,False,False
2023-04-27,0.0,10500.0,22.5,10650.0,False,False,False,False
2023-04-28,0.0,9860.0,32.5,9785.0,False,False,False,False
2023-04-29,0.0,14400.0,50.0,9945.0,False,False,False,False
2023-04-30,0.0,16900.0,62.5,9787.5,False,False,False,False
2023-05-01,0.0,41000.0,87.5,9422.5,False,False,False,False
2023-05-02,0.0,64200.0,97.5,9722.5,False,False,False,False
2023-05-03,0.0,53400.0,97.5,9352.5,False,False,False,False
2023-05-04,0.0,41600.0,97.5,9652.5,False,False,False,False
2023-05-05,0.0,33700.0,97.5,9705.0,False,False,False,False
2023-05-06,0.0,28800.0,87.5,9940.0,False,False,False,False
2023-05-07,0.0,24400.0,82.5,11175.0,False,False,False,False
2023-05-08,0.0,21400.0,77.5,10262.5,False,False,False,False
2023-05-09,0.0,19100.0,72.5,9575.0,False,False,False,False
2023-05-10,0.0,16800.0,72.5,10375.0,False,False,False,False
2023-05-11,0.0,14800.0,62.5,10667.5,False,False,False,False
2023-05-12,0.0,13900.0,67.5,10057.5,False,False,False,False
2023-05-13,0.0,13000.0,62.5,10275.0,False,False,False,False
2023-05-14,0.0,11800.0,47.5,9897.5,False,False,False,False
2023-05-15,0.0,9990.0,32.5,9632.5,False,False,False,False
2023-05-16,0.0,8740.0,17.5,8867.5,False,False,False,False
2023-05-17,0.0,8370.0,17.5,8507.5,False,False,False,False
2023-05-18,0.0,7850.0,12.5,8247.5,False,False,False,False
2023-05-19,0.0,7360.0,12.5,8890.0,False,False,False,False
2023-05-20,0.0,6870.0,12.5,8042.5,False,False,False,False
2023-05-21,0.0,6800.0,12.5,7547.5,False,False,False,False
2023-05-22,0.0,6610.0,17.5,7412.5,False,False,False,False
2023-05-23,0.0,6050.0,7.5,6805.0,False,False,False,False
2023-05-24,0.0,5750.0,7.5,6385.0,False,False,False,False
2023-05-25,0.0,5560.0,7.5,6102.5,False,False,False,False
2023-05-26,0.0,5280.0,7.5,5960.0,False,False,False,False
2023-05-27,0.0,5060.0,7.5,5857.5,False,False,False,False
2023-05-28,0.0,4890.0,7.5,6227.5,False,False,False,False
2023-05-29,0.0,4880.0,7.5,6310.0,False,False,False,False
2023-05-30,0.0,4680.0,7.5,6187.5,False,False,False,False
2023-05-31,0.0,4370.0,2.5,6547.5,False,False,False,False
2023-06-01,0.0,4240.0,2.5,6907.5,False,False,False,False
2023-06-02,0.0,4000.0,2.5,7187.5,False,False,False,False
2023-06-03,0.0,3870.0,2.5,6290.0,False,False,False,False
2023-06-04,0.0,4010.0,2.5,7347.5,False,False,False,False
2023-06-05,0.0,3940.0,2.5,7467.5,False,False,False,False
2023-06-06,0.0,3750.0,2.5,7550.0,False,False,False,False
2023-06-07,0.0,3600.0,2.5,7350.0,False,False,False,False
2023-06-08,0.0,3480.0,2.5,6465.0,False,False,False,False
2023-06-09,0.0,3430.0,2.5,6607.5,False,False,False,False
2023-06-10,0.0,3380.0,2.5,6280.0,False,False,False,False
2023-06-11,0.0,3330.0,2.5,6077.5,False,False,False,False
2023-06-12,0.0,3640.0,2.5,6210.0,False,False,False,False
2023-06-13,0.0,4370.0,2.5,5882.5,False,False,False,False
2023-06-14,0.0,5930.0,27.5,5892.5,False,False,False,False
2023-06-16,0.0,5140.0,12.5,5690.0,False,False,False,False
2023-06-17,0.0,4770.0,12.5,5292.5,False,False,False,False
2023-06-18,0.0,4540.0,12.5,5345.0,False,False,False,False
2023-06-19,0.0,4330.0,7.5,5262.5,False,False,False,False
2023-06-20,0.0,3900.0,2.5,5407.5,False,False,False,False
2023-06-21,0.0,3730.0,2.5,5322.5,False,False,False,False
2023-06-22,0.0,3640.0,2.5,5005.0,False,False,False,False
2023-06-23,0.0,3530.0,2.5,5077.5,False,False,False,False
2023-06-24,145271.70364139145,3690.0,2.5,4907.5,False,False,False,True
2023-06-25,22647.85953943395,4710.0,17.5,4910.0,False,False,False,True
2023-06-26,629113.8067162636,5340.0,47.5,4690.0,False,False,False,True
2023-06-27,0.0,16400.0,82.5,4682.5,False,False,False,False
2023-06-28,0.0,17000.0,82.5,4862.5,False,False,False,False
2023-06-29,0.0,14500.0,72.5,4702.5,False,False,False,False
2023-06-30,0.0,11100.0,72.5,4892.5,False,False,False,False
2023-07-01,0.0,8880.0,67.5,4967.5,False,False,False,False
2023-07-02,1455308.5442014204,7360.0,62.5,5017.5,False,False,True,True
2023-07-03,1069821.0872724946,7040.0,62.5,4840.0,False,False,False,True
2023-07-04,1089715.8787400313,7480.0,62.5,4777.5,False,False,False,True
2023-07-05,1397536.7542464912,8760.0,67.5,4725.0,False,False,True,True
2023-07-06,1369923.4186206409,9400.0,67.5,4557.5,False,False,True,True
2023-07-07,1286563.07826053,8320.0,62.5,4660.0,False,False,True,True
2023-07-08,1403962.1680286292,7300.0,57.5,4815.0,False,False,True,True
2023-07-09,883269.5998260869,7940.0,47.5,4832.5,False,False,False,True
2023-07-10,0.0,27800.0,97.5,4832.5,False,False,False,False
2023-07-11,0.0,24400.0,97.5,5005.0,False,False,False,False
2023-07-12,0.0,18000.0,92.5,4762.5,False,False,False,False
2023-07-13,1322815.9549876323,13700.0,85.0,4707.5,False,False,True,True
2023-07-14,1970149.1604029527,11000.0,82.5,4580.0,False,False,True,True
2023-07-15,1116539.8039020696,22200.0,97.5,4635.0,False,False,False,True
2023-07-16,2315140.1697830865,34700.0,97.5,4657.5,False,False,True,True
2023-07-17,209149.06529670645,34300.0,97.5,4500.0,False,False,False,True
2023-07-18,889511.6541544544,27400.0,97.5,4710.0,False,False,False,True
2023-07-19,65551.21065219151,23100.0,92.5,4955.0,False,False,False,True
2023-07-20,67424.88329671725,18500.0,92.5,4502.5,False,False,False,True
2023-07-21,46628.424973274916,15900.0,92.5,4465.0,False,False,False,True
2023-07-22,0.0,14400.0,92.5,4282.5,False,False,False,False
2023-07-23,0.0,12600.0,87.5,4240.0,False,False,False,False
2023-07-24,0.0,11000.0,82.5,4320.0,False,False,False,False
2023-07-25,415982.9158493814,9850.0,72.5,4307.5,False,False,False,True
2023-07-26,0.0,10500.0,72.5,5090.0,False,False,False,False
2023-07-27,2439787.6574303363,10700.0,82.5,4667.5,False,False,True,True
2023-07-28,1978064.6122498058,10100.0,77.5,4550.0,False,False,True,True
2023-07-29,1253606.7991359406,9640.0,82.5,5232.5,False,False,True,True
2023-07-30,0.0,9950.0,92.5,4860.0,False,False,False,False
2023-07-31,0.0,9120.0,87.5,5200.0,False,False,False,False
2023-08-01,0.0,9080.0,87.5,5075.0,False,False,False,False
2023-08-02,0.0,8060.0,82.5,5037.5,False,False,False,False
2023-08-03,0.0,7180.0,77.5,4967.5,False,False,False,False
2023-08-04,0.0,6620.0,72.5,4842.5,False,False,False,False
2023-08-05,0.0,6260.0,67.5,4585.0,False,False,False,False
2023-08-06,0.0,6170.0,72.5,4565.0,False,False,False,False
2023-08-07,876481.7458192271,7040.0,72.5,4652.5,False,False,False,True
2023-08-08,0.0,9720.0,72.5,4337.5,False,False,False,False
2023-08-09,0.0,12300.0,82.5,4117.5,False,False,False,False
2023-08-10,25019.24631425452,14200.0,82.5,4135.0,False,False,False,True
2023-08-11,0.0,11600.0,77.5,4310.0,False,False,False,False
2023-08-12,803284.0142068963,9980.0,72.5,4350.0,False,False,False,True
2023-08-13,64079.44854683536,9290.0,72.5,4470.0,False,False,False,True
2023-08-14,112954.99441142894,8710.0,62.5,4710.0,False,False,False,True
2023-08-15,1312830.638824691,10800.0,82.5,4495.0,False,False,True,True
2023-08-16,159092.43265267176,14600.0,82.5,4447.5,False,False,False,True
2023-08-17,251793.65765186877,20000.0,87.5,4370.0,False,False,False,True
2023-08-18,327577.89710219565,15200.0,87.5,4280.0,False,False,False,True
2023-08-19,0.0,17400.0,92.5,4175.0,False,False,False,False
2023-08-20,0.0,23100.0,92.5,4057.5,False,False,False,False
2023-08-21,853820.5148258609,16300.0,92.5,3770.0,False,False,False,True
2023-08-22,0.0,12900.0,82.5,4075.0,False,False,False,False
2023-08-23,0.0,11100.0,77.5,5295.0,False,False,False,False
2023-08-24,0.0,9740.0,77.5,4560.0,False,False,False,False
2023-08-25,567486.3463637041,9400.0,77.5,4760.0,False,False,False,True
2023-08-26,322512.94993438094,12900.0,82.5,4290.0,False,False,False,True
2023-08-27,0.0,14600.0,92.5,4240.0,False,False,False,False
2023-08-28,0.0,12200.0,82.5,4102.5,False,False,False,False
2023-08-29,0.0,10400.0,77.5,4010.0,False,False,False,False
2023-08-30,0.0,9350.0,72.5,3930.0,False,False,False,False
2023-08-31,0.0,9720.0,72.5,3592.5,False,False,False,False
2023-09-01,0.0,13900.0,82.5,3610.0,False,False,False,False
2023-09-02,0.0,11300.0,82.5,3595.0,False,False,False,False
2023-09-03,100053.70351286206,9680.0,75.0,3425.0,False,False,False,True
2023-09-04,1577135.8415263356,8280.0,62.5,3487.5,False,False,True,True
2023-09-05,1812541.4893630373,7480.0,62.5,3325.0,False,False,True,True
2023-09-06,1626950.6041508806,7250.0,57.5,3600.0,False,False,True,True
2023-09-07,1370387.429427388,7050.0,62.5,3780.0,False,False,True,True
2023-09-08,791308.7891374985,8060.0,67.5,3645.0,False,False,False,True
2023-09-09,558787.048643516,9230.0,77.5,3482.5,False,False,False,True
2023-09-10,0.0,11300.0,82.5,3707.5,False,False,False,False
2023-09-11,182839.22808561567,12900.0,82.5,3937.5,False,False,False,True
2023-09-12,0.0,12000.0,82.5,3855.0,False,False,False,False
2023-09-13,0.0,11800.0,82.5,3815.0,False,False,False,False
2023-09-14,0.0,11000.0,82.5,3730.0,False,False,False,False
2023-09-15,0.0,10000.0,77.5,3675.0,False,False,False,False
2023-09-16,0.0,9410.0,77.5,3587.5,False,False,False,False
2023-09-17,0.0,8150.0,77.5,3417.5,False,False,False,False
2023-09-18,0.0,7740.0,77.5,3412.5,False,False,False,False
2023-09-19,0.0,7860.0,72.5,3385.0,False,False,False,False
2023-09-20,0.0,8100.0,72.5,3455.0,False,False,False,False
2023-09-21,0.0,7770.0,72.5,3275.0,False,False,False,False
2023-09-22,0.0,7100.0,72.5,3117.5,False,False,False,False
2023-09-23,0.0,7560.0,72.5,3080.0,False,False,False,False
2023-09-24,0.0,10900.0,82.5,3237.5,False,False,False,False
2023-09-25,0.0,14700.0,82.5,3227.5,False,False,False,False
2023-09-26,0.0,38400.0,97.5,3232.5,False,False,False,False
2023-09-28,0.0,21700.0,87.5,3177.5,False,False,False,False
2023-09-29,0.0,21300.0,87.5,3370.0,False,False,False,False
2023-09-30,0.0,17200.0,82.5,3282.5,False,False,False,False
2023-10-01,0.0,16200.0,82.5,3480.0,False,False,False,False
2023-10-02,0.0,13700.0,77.5,3792.5,False,False,False,False
2023-10-03,0.0,12200.0,72.5,3572.5,False,False,False,False
2023-10-04,0.0,10800.0,70.0,3470.0,False,False,False,False
2023-10-05,0.0,9890.0,67.5,3437.5,False,False,False,False
2023-10-06,0.0,9110.0,62.5,3377.5,False,False,False,False
2023-10-07,0.0,10500.0,67.5,3432.5,False,False,False,False
2023-10-08,0.0,10700.0,62.5,3482.5,False,False,False,False
2023-10-09,0.0,14600.0,72.5,3612.5,False,False,False,False
2023-10-10,0.0,13500.0,72.5,3435.0,False,False,False,False
2023-10-11,0.0,11600.0,72.5,3685.0,False,False,False,False
2023-10-12,0.0,10500.0,72.5,4375.0,False,False,False,False
2023-10-13,0.0,9620.0,67.5,4630.0,False,False,False,False
2023-10-14,0.0,8950.0,57.5,4327.5,False,False,False,False
2023-10-15,0.0,9680.0,72.5,3867.5,False,False,False,False
2023-10-16,0.0,10700.0,72.5,3707.5,False,False,False,False
2023-10-17,0.0,10400.0,77.5,3925.0,False,False,False,False
2023-10-18,0.0,10200.0,67.5,3765.0,False,False,False,False
2023-10-19,0.0,9730.0,62.5,3467.5,False,False,False,False
2023-10-20,0.0,8990.0,62.5,3507.5,False,False,False,False
2023-10-21,0.0,8350.0,67.5,3510.0,False,False,False,False
2023-10-22,0.0,8310.0,67.5,3447.5,False,False,False,False
2023-10-23,0.0,7650.0,67.5,3417.5,False,False,False,False
2023-10-24,0.0,7560.0,67.5,3382.5,False,False,False,False
2023-10-25,0.0,7280.0,62.5,3492.5,False,False,False,False
2023-10-26,0.0,7190.0,62.5,3835.0,False,False,False,False
2023-10-27,0.0,6610.0,50.0,3727.5,False,False,False,False
2023-10-28,0.0,6360.0,42.5,3730.0,False,False,False,False
2023-10-29,0.0,6230.0,37.5,4787.5,False,False,False,False
2023-10-30,0.0,6320.0,27.5,6080.0,False,False,False,False
2023-10-31,0.0,7670.0,27.5,7032.5,False,False,False,False
2023-11-01,0.0,11800.0,32.5,6987.5,False,False,False,False
2023-11-02,0.0,11300.0,37.5,6587.5,False,False,False,False
2023-11-03,0.0,9770.0,37.5,6175.0,False,False,False,False
2023-11-04,0.0,9070.0,37.5,6265.0,False,False,False,False
2023-11-05,0.0,8390.0,37.5,6527.5,False,False,False,False
2023-11-06,0.0,7780.0,42.5,5897.5,False,False,False,False
2023-11-07,0.0,7260.0,42.5,5607.5,False,False,False,False
2023-11-08,0.0,7250.0,42.5,5340.0,False,False,False,False
2023-11-09,0.0,7070.0,42.5,4902.5,False,False,False,False
2023-11-10,0.0,6780.0,42.5,4610.0,False,False,False,False
2023-11-11,0.0,6560.0,42.5,4685.0,False,False,False,False
2023-11-12,0.0,6480.0,42.5,5047.5,False,False,False,False
2023-11-13,0.0,6240.0,32.5,5910.0,False,False,False,False
2023-11-14,0.0,5730.0,27.5,5520.0,False,False,False,False
2023-11-15,0.0,5530.0,27.5,5292.5,False,False,False,False
2023-11-16,0.0,5410.0,27.5,5147.5,False,False,False,False
2023-11-17,0.0,5380.0,27.5,5112.5,False,False,False,False
2023-11-18,0.0,5030.0,27.5,4810.0,False,False,False,False
2023-11-19,0.0,4700.0,27.5,4640.0,False,False,False,False
2023-11-20,0.0,4610.0,22.5,4827.5,False,False,False,False
2023-11-21,0.0,4630.0,22.5,4907.5,False,False,False,False
2023-11-22,0.0,9610.0,52.5,6187.5,False,False,False,False
2023-11-23,0.0,13200.0,67.5,5982.5,False,False,False,False
2023-11-24,0.0,12500.0,67.5,6475.0,False,False,False,False
2023-11-25,0.0,10900.0,67.5,6232.5,False,False,False,False
2023-11-26,0.0,9720.0,52.5,6075.0,False,False,False,False
2023-11-27,0.0,15200.0,77.5,7007.5,False,False,False,False
2023-11-28,0.0,18400.0,77.5,6730.0,False,False,False,False
2023-11-29,0.0,20100.0,77.5,7507.5,False,False,False,False
2023-11-30,0.0,16500.0,72.5,7547.5,False,False,False,False
2023-12-01,0.0,14300.0,67.5,7890.0,False,False,False,False
2023-12-02,0.0,13000.0,62.5,7425.0,False,False,False,False
2023-12-03,0.0,13000.0,45.0,8350.0,False,False,False,False
2023-12-04,0.0,14500.0,57.5,9547.5,False,False,False,False
2023-12-05,0.0,15900.0,62.5,7960.0,False,False,False,False
2023-12-06,0.0,16200.0,62.5,7590.0,False,False,False,False
2023-12-07,0.0,14600.0,57.5,8722.5,False,False,False,False
2023-12-08,0.0,13800.0,62.5,8342.5,False,False,False,False
2023-12-09,0.0,13000.0,57.5,8262.5,False,False,False,False
2023-12-10,0.0,12500.0,52.5,8470.0,False,False,False,False
2023-12-11,0.0,31200.0,92.5,8760.0,False,False,False,False
2023-12-12,0.0,36900.0,92.5,8790.0,False,False,False,False
2023-12-13,0.0,31700.0,87.5,9287.5,False,False,False,False
2023-12-14,0.0,24900.0,90.0,8782.5,False,False,False,False
2023-12-15,0.0,20700.0,77.5,8697.5,False,False,False,False
2023-12-16,0.0,18300.0,72.5,8442.5,False,False,False,False
2023-12-17,0.0,17000.0,62.5,8325.0,False,False,False,False
2023-12-18,0.0,58600.0,97.5,8437.5,False,False,False,False
2023-12-19,0.0,107000.0,97.5,8495.0,False,False,False,False
2023-12-20,0.0,81500.0,97.5,8612.5,False,False,False,False
2023-12-21,0.0,55500.0,97.5,8930.0,False,False,False,False
2023-12-22,0.0,44800.0,87.5,8547.5,False,False,False,False
2023-12-23,0.0,35700.0,87.5,8960.0,False,False,False,False
2023-12-24,0.0,29200.0,77.5,8720.0,False,False,False,False
2023-12-25,0.0,25600.0,67.5,10475.0,False,False,False,False
2023-12-26,0.0,23000.0,67.5,9782.5,False,False,False,False
2023-12-27,0.0,21500.0,67.5,9292.5,False,False,False,False
2023-12-28,0.0,50500.0,97.5,9297.5,False,False,False,False
2023-12-29,0.0,48800.0,97.5,9432.5,False,False,False,False
2023-12-30,0.0,38400.0,97.5,10662.5,False,False,False,False
2023-12-31,0.0,32600.0,97.5,12075.0,False,False,False,False
2024-01-01,0.0,28300.0,92.5,12052.5,False,False,False,False
2024-01-02,0.0,24700.0,87.5,13050.0,False,False,False,False
2024-01-03,0.0,22500.0,82.5,11525.0,False,False,False,False
2024-01-04,0.0,20400.0,77.5,10142.5,False,False,False,False
2024-01-05,0.0,18600.0,72.5,10012.5,False,False,False,False
2024-01-06,0.0,17400.0,72.5,11325.0,False,False,False,False
2024-01-07,0.0,17600.0,67.5,10232.5,False,False,False,False
2024-01-08,0.0,17300.0,57.5,9422.5,False,False,False,False
2024-01-09,0.0,20100.0,77.5,9242.5,False,False,False,False
2024-01-10,0.0,81100.0,97.5,8892.5,False,False,False,False
2024-01-11,0.0,82000.0,97.5,8567.5,False,False,False,False
2024-01-12,0.0,61800.0,97.5,9035.0,False,False,False,False
2024-01-13,0.0,59400.0,97.5,10100.0,False,False,False,False
2024-01-14,0.0,68500.0,97.5,10625.0,False,False,False,False
2024-01-15,0.0,59200.0,92.5,12275.0,False,False,False,False
2024-01-16,0.0,45700.0,87.5,10775.0,False,False,False,False
2024-01-17,0.0,37200.0,92.5,10250.0,False,False,False,False
2024-01-18,0.0,30900.0,87.5,11152.5,False,False,False,False
2024-01-19,0.0,26900.0,87.5,10550.0,False,False,False,False
2024-01-20,0.0,23900.0,87.5,10300.0,False,False,False,False
2024-01-21,0.0,21000.0,87.5,10180.0,False,False,False,False
2024-01-22,0.0,19000.0,82.5,9977.5,False,False,False,False
2024-01-23,0.0,18100.0,87.5,9687.5,False,False,False,False
2024-01-24,0.0,17700.0,77.5,8832.5,False,False,False,False
2024-01-25,0.0,18800.0,72.5,8475.0,False,False,False,False
2024-01-26,0.0,26700.0,77.5,8752.5,False,False,False,False
2024-01-27,0.0,36500.0,87.5,8135.0,False,False,False,False
2024-01-28,0.0,41900.0,97.5,8730.0,False,False,False,False
2024-01-29,0.0,45300.0,97.5,9185.0,False,False,False,False
2024-01-30,0.0,42900.0,97.5,9912.5,False,False,False,False
2024-01-31,0.0,35400.0,97.5,9357.5,False,False,False,False
2024-02-01,0.0,29300.0,92.5,8800.0,False,False,False,False
2024-02-02,0.0,27100.0,92.5,8622.5,False,False,False,False
2024-02-03,0.0,24200.0,87.5,8960.0,False,False,False,False
2024-02-04,0.0,21900.0,82.5,8760.0,False,False,False,False
2024-02-05,0.0,20100.0,82.5,8517.5,False,False,False,False
2024-02-06,0.0,18500.0,82.5,7940.0,False,False,False,False
2024-02-07,0.0,17300.0,77.5,8040.0,False,False,False,False
2024-02-08,0.0,16200.0,75.0,7705.0,False,False,False,False
2024-02-09,0.0,15400.0,77.5,8352.5,False,False,False,False
2024-02-10,0.0,14800.0,77.5,7647.5,False,False,False,False
2024-02-11,0.0,14400.0,67.5,7627.5,False,False,False,False
2024-02-12,0.0,14100.0,67.5,7782.5,False,False,False,False
2024-02-13,0.0,14600.0,72.5,7920.0,False,False,False,False
2024-02-14,0.0,14900.0,67.5,7677.5,False,False,False,False
2024-02-15,0.0,14100.0,62.5,7522.5,False,False,False,False
2024-02-16,0.0,12800.0,62.5,8052.5,False,False,False,False
2024-02-17,0.0,12300.0,57.5,8600.0,False,False,False,False
2024-02-18,0.0,11800.0,57.5,8872.5,False,False,False,False
2024-02-19,0.0,11200.0,47.5,8567.5,False,False,False,False
2024-02-20,0.0,10700.0,47.5,8257.5,False,False,False,False
2024-02-21,0.0,10400.0,47.5,8320.0,False,False,False,False
2024-02-22,0.0,10200.0,52.5,8490.0,False,False,False,False
2024-02-23,0.0,10700.0,52.5,8287.5,False,False,False,False
2024-02-24,0.0,11800.0,62.5,8322.5,False,False,False,False
2024-02-25,0.0,11400.0,52.5,9002.5,False,False,False,False
2024-02-26,0.0,10900.0,52.5,9245.0,False,False,False,False
2024-02-27,0.0,10500.0,42.5,9000.0,False,False,False,False
2024-02-28,0.0,11700.0,47.5,8612.5,False,False,False,False
2024-02-29,0.0,17600.0,65.55555555555556,8790.0,False,False,False,False
2024-03-01,0.0,20200.0,77.5,9360.0,False,False,False,False
2024-03-02,0.0,22500.0,72.5,11090.0,False,False,False,False
2024-03-03,0.0,25800.0,82.5,10502.5,False,False,False,False
2024-03-04,0.0,26600.0,92.5,9940.0,False,False,False,False
2024-03-05,0.0,25200.0,87.5,9700.0,False,False,False,False
2024-03-06,0.0,26700.0,87.5,9580.0,False,False,False,False
2024-03-07,0.0,34300.0,87.5,9607.5,False,False,False,False
2024-03-08,0.0,38200.0,87.5,9840.0,False,False,False,False
2024-03-09,0.0,34900.0,87.5,9200.0,False,False,False,False
2024-03-10,0.0,52800.0,92.5,9815.0,False,False,False,False
2024-03-11,0.0,65900.0,87.5,10425.0,False,False,False,False
2024-03-12,0.0,52400.0,87.5,11025.0,False,False,False,False
2024-03-13,0.0,41700.0,87.5,11375.0,False,False,False,False
2024-03-14,0.0,34900.0,77.5,11325.0,False,False,False,False
2024-03-15,0.0,30100.0,82.5,11125.0,False,False,False,False
2024-03-16,0.0,26700.0,77.5,10950.0,False,False,False,False
2024-03-17,0.0,23600.0,77.5,10575.0,False,False,False,False
2024-03-18,0.0,20900.0,77.5,11375.0,False,False,False,False
2024-03-19,0.0,19200.0,72.5,11125.0,False,False,False,False
2024-03-20,0.0,17500.0,60.0,10775.0,False,False,False,False
2024-03-21,0.0,16100.0,67.5,11375.0,False,False,False,False
2024-03-22,0.0,15000.0,57.5,12125.0,False,False,False,False
2024-03-23,0.0,27600.0,77.5,11750.0,False,False,False,False
2024-03-24,0.0,38400.0,92.5,12175.0,False,False,False,False
2024-03-25,0.0,40200.0,92.5,11800.0,False,False,False,False
2024-03-26,0.0,30800.0,87.5,10925.0,False,False,False,False
2024-03-27,0.0,26000.0,82.5,11250.0,False,False,False,False
2024-03-28,0.0,25500.0,87.5,10700.0,False,False,False,False
2024-03-29,0.0,24000.0,72.5,10625.0,False,False,False,False
2024-03-30,0.0,22000.0,65.0,12725.0,False,False,False,False
2024-03-31,0.0,19900.0,67.5,12650.0,False,False,False,False
2024-04-01,0.0,18600.0,57.5,12900.0,False,False,False,False
2024-04-02,0.0,21000.0,57.5,12575.0,False,False,False,False
2024-04-03,0.0,40700.0,82.5,12475.0,False,False,False,False
2024-04-04,0.0,66100.0,92.5,14775.0,False,False,False,False
2024-04-05,0.0,62200.0,92.5,13575.0,False,False,False,False
2024-04-06,0.0,49600.0,92.5,13050.0,False,False,False,False
2024-04-07,0.0,36900.0,87.5,12400.0,False,False,False,False
2024-04-08,0.0,31600.0,82.5,12425.0,False,False,False,False
2024-04-09,0.0,29300.0,82.5,11950.0,False,False,False,False
2024-04-10,0.0,26500.0,77.5,11525.0,False,False,False,False
2024-04-11,0.0,23900.0,77.5,11950.0,False,False,False,False
2024-04-12,0.0,27000.0,77.5,12075.0,False,False,False,False
2024-04-13,0.0,34200.0,92.5,13125.0,False,False,False,False
2024-04-14,0.0,39500.0,97.5,12375.0,False,False,False,False
2024-04-15,0.0,36600.0,92.5,11575.0,False,False,False,False
2024-04-16,0.0,32600.0,82.5,11875.0,False,False,False,False
2024-04-17,0.0,28600.0,72.5,10700.0,False,False,False,False
2024-04-18,0.0,24900.0,72.5,10002.5,False,False,False,False
2024-04-19,0.0,22000.0,67.5,9877.5,False,False,False,False
2024-04-20,0.0,21300.0,67.5,10500.0,False,False,False,False
2024-04-21,0.0,19000.0,67.5,9672.5,False,False,False,False
2024-04-22,0.0,18100.0,62.5,9805.0,False,False,False,False
2024-04-23,0.0,16700.0,57.5,10850.0,False,False,False,False
2024-04-24,0.0,15500.0,42.5,10900.0,False,False,False,False
2024-04-25,0.0,14400.0,37.5,11875.0,False,False,False,False
2024-04-26,0.0,13600.0,37.5,11875.0,False,False,False,False
2024-04-27,0.0,12300.0,37.5,10650.0,False,False,False,False
2024-04-28,0.0,10900.0,37.5,9785.0,False,False,False,False
2024-04-29,0.0,10200.0,27.5,9945.0,False,False,False,False
2024-04-30,0.0,10100.0,27.5,9787.5,False,False,False,False
2024-05-01,0.0,11000.0,37.5,9422.5,False,False,False,False
2024-05-02,0.0,11100.0,42.5,9722.5,False,False,False,False
2024-05-03,0.0,11200.0,37.5,9352.5,False,False,False,False
2024-05-04,0.0,9710.0,27.5,9652.5,False,False,False,False
2024-05-05,0.0,9180.0,17.5,9705.0,False,False,False,False
2024-05-06,0.0,9760.0,22.5,9940.0,False,False,False,False
2024-05-07,0.0,11600.0,32.5,11175.0,False,False,False,False
2024-05-08,0.0,12500.0,42.5,10262.5,False,False,False,False
2024-05-09,0.0,11400.0,42.5,9575.0,False,False,False,False
2024-05-10,0.0,11200.0,32.5,10375.0,False,False,False,False
2024-05-11,0.0,12500.0,47.5,10667.5,False,False,False,False
2024-05-12,0.0,12700.0,47.5,10057.5,False,False,False,False
2024-05-13,0.0,12600.0,47.5,10275.0,False,False,False,False
2024-05-14,0.0,12900.0,67.5,9897.5,False,False,False,False
2024-05-15,0.0,12700.0,72.5,9632.5,False,False,False,False
2024-05-16,0.0,12600.0,57.5,8867.5,False,False,False,False
2024-05-17,0.0,14000.0,57.5,8507.5,False,False,False,False
2024-05-18,0.0,12800.0,42.5,8247.5,False,False,False,False
2024-05-19,0.0,11500.0,42.5,8890.0,False,False,False,False
2024-05-20,0.0,10300.0,42.5,8042.5,False,False,False,False
2024-05-21,0.0,9650.0,42.5,7547.5,False,False,False,False
2024-05-22,0.0,9240.0,47.5,7412.5,False,False,False,False
2024-05-23,0.0,8890.0,47.5,6805.0,False,False,False,False
2024-05-24,0.0,10200.0,52.5,6385.0,False,False,False,False
2024-05-25,0.0,10200.0,52.5,6102.5,False,False,False,False
2024-05-26,0.0,9170.0,42.5,5960.0,False,False,False,False
2024-05-27,0.0,8380.0,42.5,5857.5,False,False,False,False
2024-05-28,0.0,10100.0,65.0,6227.5,False,False,False,False
2024-05-29,0.0,13000.0,75.0,6310.0,False,False,False,False
2024-05-30,0.0,14500.0,82.5,6187.5,False,False,False,False
2024-05-31,0.0,12600.0,67.5,6547.5,False,False,False,False
2024-06-01,0.0,11100.0,67.5,6907.5,False,False,False,False
2024-06-02,0.0,9580.0,42.5,7187.5,False,False,False,False
2024-06-03,0.0,8390.0,42.5,6290.0,False,False,False,False
2024-06-04,0.0,7760.0,42.5,7347.5,False,False,False,False
2024-06-05,23980.565433840966,7510.0,27.5,7467.5,False,False,False,True
2024-06-06,514816.06079619075,8630.0,42.5,7550.0,False,False,False,True
2024-06-07,0.0,7780.0,37.5,7350.0,False,False,False,False
2024-06-08,0.0,7120.0,32.5,6465.0,False,False,False,False
2024-06-09,0.0,7050.0,37.5,6607.5,False,False,False,False
2024-06-10,0.0,6390.0,27.5,6280.0,False,False,False,False
2024-06-11,0.0,5930.0,17.5,6077.5,False,False,False,False
2024-06-12,0.0,5910.0,17.5,6210.0,False,False,False,False
2024-06-13,0.0,5650.0,22.5,5882.5,False,False,False,False
2024-06-14,211797.4730679585,5330.0,12.5,5892.5,False,False,False,True
2024-06-15,0.0,5270.0,12.5,5750.0,False,False,False,False
2024-06-16,0.0,5340.0,17.5,5690.0,False,False,False,False
2024-06-17,174526.90488822496,5270.0,22.5,5292.5,False,False,False,True
2024-06-18,942882.1375565692,4790.0,17.5,5345.0,False,False,False,True
2024-06-19,640446.4983285086,4580.0,17.5,5262.5,False,False,False,True
2024-06-20,523538.30336002074,4570.0,12.5,5407.5,False,False,False,True
2024-06-21,1055324.2184254015,4630.0,17.5,5322.5,False,False,False,True
2024-06-22,1774908.15965307,4660.0,17.5,5005.0,False,False,True,True
2024-06-23,1673455.9513027738,5530.0,32.5,5077.5,False,False,True,True
2024-06-24,49346.59280341698,5010.0,32.5,4907.5,False,False,False,True
2024-06-25,0.0,5240.0,32.5,4910.0,False,False,False,False
2024-06-26,927837.6136368965,4740.0,27.5,4690.0,False,False,False,True
2024-06-27,0.0,4720.0,27.5,4682.5,False,False,False,False
2024-06-28,0.0,4920.0,27.5,4862.5,False,False,False,False
2024-06-29,936042.1254758036,4780.0,27.5,4702.5,False,False,False,True
2024-06-30,2228185.912470798,5070.0,32.5,4892.5,False,False,True,True
2024-07-01,0.0,4970.0,27.5,4967.5,False,False,False,False
2024-07-02,0.0,5110.0,27.5,5017.5,False,False,False,False
2024-07-03,0.0,5350.0,32.5,4840.0,False,False,False,False
2024-07-04,1509629.298403451,4920.0,27.5,4777.5,False,False,True,True
2024-07-05,3058930.3915790287,5160.0,32.5,4725.0,False,False,True,True
2024-07-06,3222112.5841024537,4730.0,32.5,4557.5,False,False,True,True
2024-07-07,1759400.5742601515,5150.0,32.5,4660.0,False,False,True,True
2024-07-08,2122223.4526115665,5780.0,42.5,4815.0,False,False,True,True
2024-07-09,3046794.8100627763,5360.0,37.5,4832.5,False,False,True,True
2024-07-10,3026751.165109105,4910.0,27.5,4832.5,False,False,True,True
2024-07-11,444418.6260916675,5140.0,32.5,5005.0,False,False,False,True
2024-07-12,1028877.8442798259,5210.0,37.5,4762.5,False,False,False,True
2024-07-13,1876081.603243601,4730.0,32.5,4707.5,False,False,True,True
2024-07-14,1878666.761670949,5320.0,42.5,4580.0,False,False,True,True
2024-07-15,2367271.112591718,4730.0,32.5,4635.0,False,False,True,True
2024-07-16,2143010.7911981503,4370.0,12.5,4657.5,False,False,True,True
2024-07-17,1771293.1822071094,4510.0,27.5,4500.0,False,False,True,True
2024-07-18,0.0,5790.0,42.5,4710.0,False,False,False,False
2024-07-19,0.0,6460.0,57.5,4955.0,False,False,False,False
2024-07-20,0.0,5530.0,52.5,4502.5,False,False,False,False
2024-07-21,197603.1374493668,4960.0,42.5,4465.0,False,False,False,True
2024-07-22,476729.630984591,4680.0,37.5,4282.5,False,False,False,True
2024-07-23,292120.16416516365,4600.0,37.5,4240.0,False,False,False,True
2024-07-24,1180471.9531963419,4370.0,27.5,4320.0,False,False,True,True
2024-07-25,184424.16611337912,4220.0,17.5,4307.5,False,False,False,True
2024-07-26,0.0,6260.0,37.5,5090.0,False,False,False,False
2024-07-27,0.0,7150.0,52.5,4667.5,False,False,False,False
2024-07-28,0.0,6710.0,42.5,4550.0,False,False,False,False
2024-07-29,302375.2431346864,5510.0,27.5,5232.5,False,False,False,True
2024-07-30,1085774.3123161579,4960.0,27.5,4860.0,False,False,False,True
2024-07-31,2008372.2203611261,4250.0,17.5,5200.0,False,False,True,True
2024-08-01,1838737.1980647254,4400.0,22.5,5075.0,False,False,True,True
2024-08-02,2899203.8717573183,4490.0,22.5,5037.5,False,False,True,True
2024-08-03,2191777.4070537467,4750.0,17.5,4967.5,False,False,True,True
2024-08-04,1106570.621663401,6110.0,52.5,4842.5,False,False,False,True
2024-08-05,982063.8329267104,7480.0,77.5,4585.0,False,False,False,True
2024-08-06,1880533.2786233355,6820.0,77.5,4565.0,False,False,True,True
2024-08-07,36764.53601007592,9930.0,82.5,4652.5,False,False,False,True
2024-08-08,0.0,10400.0,77.5,4337.5,False,False,False,False
2024-08-09,2818378.5330183217,11600.0,72.5,4117.5,False,False,True,True
2024-08-10,331255.60524968413,23700.0,97.5,4135.0,False,False,False,True
2024-08-11,0.0,48400.0,97.5,4310.0,False,False,False,False
2024-08-12,0.0,26200.0,92.5,4350.0,False,False,False,False
2024-08-13,0.0,16900.0,87.5,4470.0,False,False,False,False
2024-08-14,0.0,12800.0,77.5,4710.0,False,False,False,False
2024-08-15,0.0,10400.0,72.5,4495.0,False,False,False,False
2024-08-16,0.0,9170.0,72.5,4447.5,False,False,False,False
2024-08-17,0.0,8160.0,77.5,4370.0,False,False,False,False
2024-08-18,882632.7333413877,7620.0,77.5,4280.0,False,False,False,True
2024-08-19,54301.51376836767,15200.0,82.5,4175.0,False,False,False,True
2024-08-20,0.0,14900.0,82.5,4057.5,False,False,False,False
2024-08-21,0.0,13300.0,82.5,3770.0,False,False,False,False
2024-08-22,0.0,10100.0,72.5,4075.0,False,False,False,False
2024-08-23,0.0,8440.0,62.5,5295.0,False,False,False,False
2024-08-24,0.0,7430.0,67.5,4560.0,False,False,False,False
2024-08-25,0.0,7150.0,62.5,4760.0,False,False,False,False
2024-08-26,67424.88329671725,6580.0,62.5,4290.0,False,False,False,True
2024-08-27,0.0,5980.0,57.5,4240.0,False,False,False,False
2024-08-28,1257198.2314348924,5490.0,52.5,4102.5,False,False,True,True
2024-08-29,0.0,5460.0,57.5,4010.0,False,False,False,False
2024-08-30,0.0,5500.0,57.5,3930.0,False,False,False,False
2024-08-31,0.0,5440.0,57.5,3592.5,False,False,False,False
2024-09-01,506560.94192339433,6360.0,62.5,3610.0,False,False,False,True
2024-09-02,0.0,6310.0,62.5,3595.0,False,False,False,False
2024-09-03,0.0,5770.0,62.5,3425.0,False,False,False,False
2024-09-04,0.0,5050.0,52.5,3487.5,False,False,False,False
2024-09-05,0.0,4630.0,47.5,3325.0,False,False,False,False
2024-09-06,0.0,4480.0,47.5,3600.0,False,False,False,False
2024-09-07,0.0,4760.0,37.5,3780.0,False,False,False,False
2024-09-08,0.0,4970.0,37.5,3645.0,False,False,False,False
2024-09-09,0.0,5390.0,47.5,3482.5,False,False,False,False
2024-09-10,0.0,4930.0,47.5,3707.5,False,False,False,False
2024-09-11,0.0,4880.0,42.5,3937.5,False,False,False,False
2024-09-12,0.0,4720.0,37.5,3855.0,False,False,False,False
2024-09-13,0.0,4520.0,37.5,3815.0,False,False,False,False
2024-09-14,0.0,4400.0,37.5,3730.0,False,False,False,False
2024-09-15,0.0,4410.0,37.5,3675.0,False,False,False,False
2024-09-16,0.0,4420.0,47.5,3587.5,False,False,False,False
2024-09-17,0.0,4400.0,47.5,3417.5,False,False,False,False
2024-09-18,0.0,4230.0,47.5,3412.5,False,False,False,False
2024-09-19,0.0,4130.0,47.5,3385.0,False,False,False,False
2024-09-20,0.0,4070.0,52.5,3455.0,False,False,False,False
2024-09-21,0.0,3970.0,52.5,3275.0,False,False,False,False
2024-09-22,0.0,3930.0,52.5,3117.5,False,False,False,False
2024-09-23,0.0,3910.0,52.5,3080.0,False,False,False,False
2024-09-24,0.0,3720.0,52.5,3237.5,False,False,False,False
2024-09-25,0.0,3690.0,52.5,3227.5,False,False,False,False
2024-09-26,210296.83107426297,3930.0,57.5,3232.5,False,False,False,True
2024-09-27,0.0,4080.0,52.5,3180.0,False,False,False,False
2024-09-28,0.0,4350.0,57.5,3177.5,False,False,False,False
2024-10-05,0.0,3730.0,35.0,3437.5,False,False,False,False
2024-10-06,0.0,3560.0,32.5,3377.5,False,False,False,False
2024-10-07,0.0,3600.0,42.5,3432.5,False,False,False,False
2024-10-08,0.0,3400.0,22.5,3482.5,False,False,False,False
2024-10-09,0.0,3320.0,22.5,3612.5,False,False,False,False
2024-10-10,0.0,3270.0,22.5,3435.0,False,False,False,False
2024-10-11,0.0,3230.0,17.5,3685.0,False,False,False,False
2024-10-12,0.0,4380.0,27.5,4375.0,False,False,False,False
2024-10-13,0.0,5350.0,52.5,4630.0,False,False,False,False
2024-10-14,0.0,4360.0,32.5,4327.5,False,False,False,False
2024-10-15,0.0,3830.0,22.5,3867.5,False,False,False,False
2024-10-16,0.0,3800.0,32.5,3707.5,False,False,False,False
2024-10-17,0.0,4030.0,27.5,3925.0,False,False,False,False
2024-10-18,0.0,3860.0,32.5,3765.0,False,False,False,False
2024-10-19,0.0,3610.0,32.5,3467.5,False,False,False,False
2024-10-20,0.0,3470.0,12.5,3507.5,False,False,False,False
2024-10-21,0.0,3420.0,12.5,3510.0,False,False,False,False
2024-10-22,0.0,3310.0,12.5,3447.5,False,False,False,False
2024-10-23,0.0,3260.0,17.5,3417.5,False,False,False,False
2024-10-24,0.0,3140.0,12.5,3382.5,False,False,False,False
2024-10-25,0.0,3120.0,17.5,3492.5,False,False,False,False
2024-10-26,0.0,3090.0,12.5,3835.0,False,False,False,False
2024-10-27,0.0,3040.0,7.5,3727.5,False,False,False,False
2024-10-28,0.0,3030.0,7.5,3730.0,False,False,False,False
2024-10-29,0.0,2980.0,2.5,4787.5,False,False,False,False
2024-10-30,0.0,2930.0,2.5,6080.0,False,False,False,False
2024-10-31,0.0,2970.0,2.5,7032.5,False,False,False,False
2024-11-01,0.0,3000.0,2.5,6987.5,False,False,False,False
2024-11-02,0.0,2920.0,2.5,6587.5,False,False,False,False
2024-11-03,0.0,2880.0,2.5,6175.0,False,False,False,False
2024-11-04,0.0,2860.0,2.5,6265.0,False,False,False,False
2024-11-05,0.0,2840.0,2.5,6527.5,False,False,False,False
2024-11-06,0.0,2900.0,7.5,5897.5,False,False,False,False
2024-11-07,0.0,2930.0,7.5,5607.5,False,False,False,False
2024-11-08,0.0,3050.0,7.5,5340.0,False,False,False,False
2024-11-09,0.0,3100.0,17.5,4902.5,False,False,False,False
2024-11-10,0.0,3130.0,7.5,4610.0,False,False,False,False
2024-11-11,0.0,3060.0,2.5,4685.0,False,False,False,False
2024-11-12,0.0,3050.0,2.5,5047.5,False,False,False,False
2024-11-13,0.0,2860.0,2.5,5910.0,False,False,False,False
2024-11-14,0.0,2800.0,2.5,5520.0,False,False,False,False
2024-11-15,0.0,2910.0,2.5,5292.5,False,False,False,False
2024-11-16,0.0,3020.0,5.0,5147.5,False,False,False,False
2024-11-17,0.0,3040.0,2.5,5112.5,False,False,False,False
2024-11-18,0.0,3160.0,7.5,4810.0,False,False,False,False
2024-11-19,0.0,3120.0,7.5,4640.0,False,False,False,False
2024-11-20,0.0,3150.0,7.5,4827.5,False,False,False,False
2024-11-21,0.0,3420.0,12.5,4907.5,False,False,False,False
2024-11-22,0.0,3970.0,17.5,6187.5,False,False,False,False
2024-11-23,0.0,3960.0,17.5,5982.5,False,False,False,False
2024-11-24,0.0,4400.0,17.5,6475.0,False,False,False,False
2024-11-25,0.0,4510.0,17.5,6232.5,False,False,False,False
2024-11-26,0.0,4370.0,12.5,6075.0,False,False,False,False
2024-11-27,0.0,4420.0,7.5,7007.5,False,False,False,False
2024-11-28,0.0,4800.0,12.5,6730.0,False,False,False,False
2024-11-29,0.0,7730.0,27.5,7507.5,False,False,False,False
2024-11-30,0.0,8010.0,37.5,7547.5,False,False,False,False
2024-12-02,0.0,6870.0,22.5,7425.0,False,False,False,False
2024-12-04,0.0,5020.0,7.5,9547.5,False,False,False,False
2024-12-05,0.0,4450.0,7.5,7960.0,False,True,False,False
2024-12-06,0.0,4090.0,7.5,7590.0,False,True,False,False
2024-12-07,0.0,3880.0,7.5,8722.5,False,True,False,False
2024-12-08,0.0,3720.0,2.5,8342.5,False,True,False,False
2024-12-09,0.0,3570.0,2.5,8262.5,False,True,False,False
2024-12-10,0.0,3650.0,2.5,8470.0,False,True,False,False
2024-12-11,0.0,3920.0,2.5,8760.0,False,True,False,False
2024-12-12,0.0,12000.0,50.0,8790.0,False,True,False,False
2024-12-13,0.0,40700.0,92.5,9287.5,False,True,False,False
2024-12-14,0.0,24900.0,90.0,8782.5,False,True,False,False
2024-12-15,0.0,15800.0,62.5,8697.5,False,True,False,False
2024-12-16,0.0,12500.0,47.5,8442.5,False,True,False,False
2024-12-17,0.0,11500.0,47.5,8325.0,False,True,False,False
2024-12-19,0.0,11900.0,47.5,8495.0,False,True,False,False
2024-12-20,0.0,12800.0,50.0,8612.5,False,True,False,False
2024-12-21,0.0,12400.0,52.5,8930.0,False,True,False,False
2024-12-22,0.0,10600.0,42.5,8547.5,False,True,False,False
2024-12-23,0.0,9340.0,32.5,8960.0,False,True,False,False
2024-12-24,0.0,7770.0,17.5,8720.0,False,True,False,False
2024-12-25,0.0,7000.0,12.5,10475.0,False,True,False,False
2024-12-26,0.0,6830.0,7.5,9782.5,False,True,False,False
2024-12-27,0.0,6460.0,12.5,9292.5,False,True,False,False
2024-12-28,0.0,6700.0,12.5,9297.5,False,True,False,False
2024-12-29,0.0,7570.0,12.5,9432.5,False,True,False,False
2024-12-30,0.0,9590.0,17.5,10662.5,False,True,False,False
