date,makeup_gpd,rank_desc,pct_exceeded,plotted,share_zero_days_all_valid,element,label
2011-07-22,4400000.0,1.0,0.013879250520471894,True,0.8659078289838978,daily_makeup,
2006-08-02,3939833.8374010148,2.0,0.027758501040943788,True,0.8659078289838978,daily_makeup,
2013-07-19,3926761.8857117435,3.0,0.041637751561415685,True,0.8659078289838978,daily_makeup,
2016-08-13,3823436.9365056735,4.0,0.055517002081887576,True,0.8659078289838978,daily_makeup,
2019-07-20,3646276.686423012,5.0,0.06939625260235947,True,0.8659078289838978,daily_makeup,
2006-08-01,3635338.985787187,6.0,0.08327550312283137,True,0.8659078289838978,daily_makeup,
2011-07-21,3581672.33423432,7.0,0.09715475364330327,True,0.8659078289838978,daily_makeup,
2019-07-21,3495199.7593908976,8.0,0.11103400416377515,True,0.8659078289838978,daily_makeup,
2010-07-24,3472936.013662937,9.0,0.12491325468424705,True,0.8659078289838978,daily_makeup,
2011-07-23,3457920.1625509514,10.0,0.13879250520471895,True,0.8659078289838978,daily_makeup,
2016-08-11,3359375.5656605945,11.0,0.15267175572519084,True,0.8659078289838978,daily_makeup,
2006-08-03,3320043.3858778086,12.0,0.16655100624566274,True,0.8659078289838978,daily_makeup,
2007-08-08,3238468.7790104095,13.0,0.18043025676613464,True,0.8659078289838978,daily_makeup,
2024-07-06,3222112.5841024537,14.0,0.19430950728660654,True,0.8659078289838978,daily_makeup,
2018-08-29,3201661.0916726296,15.0,0.2081887578070784,True,0.8659078289838978,daily_makeup,
2005-07-18,3182312.2525053006,16.0,0.2220680083275503,True,0.8659078289838978,daily_makeup,
2016-08-14,3152546.6768670613,17.0,0.2359472588480222,True,0.8659078289838978,daily_makeup,
2018-08-28,3118740.8260589037,18.0,0.2498265093684941,True,0.8659078289838978,daily_makeup,
2022-07-25,3084036.4975661784,19.0,0.263705759888966,True,0.8659078289838978,daily_makeup,
2024-07-05,3058930.3915790287,20.0,0.2775850104094379,True,0.8659078289838978,daily_makeup,
2005-07-19,3047410.3307700786,21.0,0.2914642609299098,True,0.8659078289838978,daily_makeup,
2024-07-09,3046794.8100627763,22.0,0.3053435114503817,True,0.8659078289838978,daily_makeup,
2018-09-03,3032990.368787951,23.0,0.3192227619708536,True,0.8659078289838978,daily_makeup,
2024-07-10,3026751.165109105,24.0,0.3331020124913255,True,0.8659078289838978,daily_makeup,
2018-07-03,2989874.597154191,25.0,0.3469812630117974,True,0.8659078289838978,daily_makeup,
2018-07-05,2959989.433830342,26.0,0.3608605135322693,True,0.8659078289838978,daily_makeup,
2011-07-24,2907899.5447564805,27.0,0.3747397640527412,True,0.8659078289838978,daily_makeup,
2024-08-02,2899203.8717573183,28.0,0.3886190145732131,True,0.8659078289838978,daily_makeup,
2013-07-18,2898246.4892683565,29.0,0.4024982650936849,True,0.8659078289838978,daily_makeup,
2016-08-12,2873662.2831927435,30.0,0.4163775156141568,True,0.8659078289838978,daily_makeup,
2016-08-16,2854387.441200275,31.0,0.4302567661346287,True,0.8659078289838978,daily_makeup,
2021-08-27,2850665.381327497,32.0,0.4441360166551006,True,0.8659078289838978,daily_makeup,
2024-08-09,2818378.5330183217,33.0,0.4580152671755725,True,0.8659078289838978,daily_makeup,
2018-09-06,2809921.7527779317,34.0,0.4718945176960444,True,0.8659078289838978,daily_makeup,
2022-08-07,2809105.6608002675,35.0,0.4857737682165163,True,0.8659078289838978,daily_makeup,
2021-06-30,2784560.4773406773,36.0,0.4996530187369882,True,0.8659078289838978,daily_makeup,
2020-08-02,2783261.882858627,37.0,0.5135322692574601,True,0.8659078289838978,daily_makeup,
2011-08-07,2778778.479518095,38.0,0.527411519777932,True,0.8659078289838978,daily_makeup,
2020-08-11,2769736.9906457467,39.0,0.5412907702984039,True,0.8659078289838978,daily_makeup,
2010-06-28,2763694.8437948194,40.0,0.5551700208188758,True,0.8659078289838978,daily_makeup,
2015-07-19,2756422.9271193803,41.0,0.5690492713393477,True,0.8659078289838978,daily_makeup,
2018-07-23,2671817.5997657063,42.0,0.5829285218598196,True,0.8659078289838978,daily_makeup,
2016-07-14,2664335.7026648954,43.0,0.5968077723802915,True,0.8659078289838978,daily_makeup,
2008-06-08,2648722.449796126,44.0,0.6106870229007634,True,0.8659078289838978,daily_makeup,
2008-06-09,2596899.716594239,45.0,0.6245662734212353,True,0.8659078289838978,daily_makeup,
2013-07-06,2556603.4724390935,46.0,0.6384455239417072,True,0.8659078289838978,daily_makeup,
2021-07-16,2554553.5041863383,47.0,0.6523247744621791,True,0.8659078289838978,daily_makeup,
2005-07-27,2547670.790183398,48.0,0.666204024982651,True,0.8659078289838978,daily_makeup,
2019-07-19,2535983.8973729727,49.0,0.6800832755031229,True,0.8659078289838978,daily_makeup,
2018-07-24,2531674.855098156,50.0,0.6939625260235948,True,0.8659078289838978,daily_makeup,
2007-08-07,2530631.990918086,51.0,0.7078417765440667,True,0.8659078289838978,daily_makeup,
2013-07-15,2527628.3618404567,52.0,0.7217210270645386,True,0.8659078289838978,daily_makeup,
2015-07-20,2521545.8314168714,53.0,0.7356002775850105,True,0.8659078289838978,daily_makeup,
2019-07-18,2505424.4118363145,54.0,0.7494795281054824,True,0.8659078289838978,daily_makeup,
2005-07-17,2490925.09054504,55.0,0.7633587786259542,True,0.8659078289838978,daily_makeup,
2018-09-05,2488253.1125028315,56.0,0.7772380291464261,True,0.8659078289838978,daily_makeup,
2018-07-02,2483075.354959206,57.0,0.7911172796668979,True,0.8659078289838978,daily_makeup,
2019-07-17,2466272.4516440267,58.0,0.8049965301873698,True,0.8659078289838978,daily_makeup,
2017-07-20,2451958.4047814542,59.0,0.8188757807078417,True,0.8659078289838978,daily_makeup,
2023-07-27,2439787.6574303363,60.0,0.8327550312283136,True,0.8659078289838978,daily_makeup,
2018-08-01,2438150.4159249994,61.0,0.8466342817487855,True,0.8659078289838978,daily_makeup,
2022-07-18,2434710.2217008895,62.0,0.8605135322692574,True,0.8659078289838978,daily_makeup,
2020-07-20,2416208.8932938557,63.0,0.8743927827897293,True,0.8659078289838978,daily_makeup,
2009-08-20,2402363.346097568,64.0,0.8882720333102012,True,0.8659078289838978,daily_makeup,
2005-08-30,2393961.40721643,65.0,0.9021512838306731,True,0.8659078289838978,daily_makeup,
2018-08-07,2385157.454204857,66.0,0.916030534351145,True,0.8659078289838978,daily_makeup,
2018-07-04,2369949.9262619405,67.0,0.9299097848716169,True,0.8659078289838978,daily_makeup,
2017-07-13,2369578.287842345,68.0,0.9437890353920888,True,0.8659078289838978,daily_makeup,
2024-07-15,2367271.112591718,69.0,0.9576682859125607,True,0.8659078289838978,daily_makeup,
2006-07-12,2365456.4538105982,70.0,0.9715475364330326,True,0.8659078289838978,daily_makeup,
2017-08-22,2346929.8823608425,71.0,0.9854267869535045,True,0.8659078289838978,daily_makeup,
2005-08-31,2333898.488163193,72.0,0.9993060374739764,True,0.8659078289838978,daily_makeup,
2016-09-09,2333791.162055198,73.0,1.0131852879944483,True,0.8659078289838978,daily_makeup,
2018-08-17,2327000.6645086384,74.0,1.0270645385149202,True,0.8659078289838978,daily_makeup,
2009-08-21,2317122.6707806466,75.0,1.040943789035392,True,0.8659078289838978,daily_makeup,
2023-07-16,2315140.1697830865,76.0,1.054823039555864,True,0.8659078289838978,daily_makeup,
2005-07-26,2311864.9158506603,77.0,1.0687022900763359,True,0.8659078289838978,daily_makeup,
2019-07-06,2309246.2742243223,78.0,1.0825815405968078,True,0.8659078289838978,daily_makeup,
2008-07-20,2300373.3360128175,79.0,1.0964607911172797,True,0.8659078289838978,daily_makeup,
2007-08-25,2290601.208057631,80.0,1.1103400416377516,True,0.8659078289838978,daily_makeup,
2010-08-05,2287963.064919847,81.0,1.1242192921582235,True,0.8659078289838978,daily_makeup,
2021-08-19,2274152.4485337576,82.0,1.1380985426786954,True,0.8659078289838978,daily_makeup,
2016-09-10,2260135.0730286734,83.0,1.1519777931991673,True,0.8659078289838978,daily_makeup,
2021-08-12,2245078.890507769,84.0,1.1658570437196392,True,0.8659078289838978,daily_makeup,
2020-08-12,2243328.809613291,85.0,1.179736294240111,True,0.8659078289838978,daily_makeup,
2020-07-28,2239189.2035676413,86.0,1.193615544760583,True,0.8659078289838978,daily_makeup,
2013-07-04,2231268.8401569393,87.0,1.2074947952810549,True,0.8659078289838978,daily_makeup,
2017-06-18,2230181.319524443,88.0,1.2213740458015268,True,0.8659078289838978,daily_makeup,
2024-06-30,2228185.912470798,89.0,1.2352532963219987,True,0.8659078289838978,daily_makeup,
2021-06-29,2223383.818967392,90.0,1.2491325468424705,True,0.8659078289838978,daily_makeup,
2021-07-07,2220300.4616100206,91.0,1.2630117973629424,True,0.8659078289838978,daily_makeup,
2007-07-11,2212696.1836901056,92.0,1.2768910478834143,True,0.8659078289838978,daily_makeup,
2018-09-04,2196464.313740224,93.0,1.2907702984038862,True,0.8659078289838978,daily_makeup,
2024-08-03,2191777.4070537467,94.0,1.3046495489243581,True,0.8659078289838978,daily_makeup,
2009-08-10,2190876.4955590665,95.0,1.31852879944483,True,0.8659078289838978,daily_makeup,
2006-07-18,2184574.7342517264,96.0,1.332408049965302,True,0.8659078289838978,daily_makeup,
2018-08-06,2178924.5350733898,97.0,1.3462873004857738,True,0.8659078289838978,daily_makeup,
2015-08-20,2178727.7179625873,98.0,1.3601665510062457,True,0.8659078289838978,daily_makeup,
2019-08-18,2174483.254158382,99.0,1.3740458015267176,True,0.8659078289838978,daily_makeup,
2019-08-21,2166029.7028137767,100.0,1.3879250520471895,True,0.8659078289838978,daily_makeup,
2011-07-20,2162523.0290617654,101.0,1.4018043025676614,True,0.8659078289838978,daily_makeup,
2015-07-30,2162095.0773404893,102.0,1.4156835530881333,True,0.8659078289838978,daily_makeup,
2016-08-15,2161959.0785605568,103.0,1.4295628036086052,True,0.8659078289838978,daily_makeup,
2022-07-21,2159137.473954887,104.0,1.4434420541290771,True,0.8659078289838978,daily_makeup,
2021-07-17,2151630.320577189,105.0,1.457321304649549,True,0.8659078289838978,daily_makeup,
2021-06-28,2151200.5074811205,106.0,1.471200555170021,True,0.8659078289838978,daily_makeup,
2017-06-23,2149775.501557393,107.0,1.4850798056904928,True,0.8659078289838978,daily_makeup,
2008-06-10,2144590.999442907,108.0,1.4989590562109647,True,0.8659078289838978,daily_makeup,
2005-08-12,2144223.7706280733,109.0,1.5128383067314366,True,0.8659078289838978,daily_makeup,
2024-07-16,2143010.7911981503,110.0,1.5267175572519085,True,0.8659078289838978,daily_makeup,
2005-06-14,2132350.3068333133,111.0,1.5405968077723804,True,0.8659078289838978,daily_makeup,
2024-07-08,2122223.4526115665,112.0,1.5544760582928523,True,0.8659078289838978,daily_makeup,
2010-08-04,2116354.466731074,113.0,1.5683553088133242,True,0.8659078289838978,daily_makeup,
2016-08-10,2113555.973780768,114.0,1.5822345593337959,True,0.8659078289838978,daily_makeup,
2011-07-19,2109299.2062825863,115.0,1.5961138098542678,True,0.8659078289838978,daily_makeup,
2010-07-07,2109197.5732684596,116.0,1.6099930603747397,True,0.8659078289838978,daily_makeup,
2010-07-16,2103596.128833887,117.0,1.6238723108952116,True,0.8659078289838978,daily_makeup,
2021-08-18,2099953.60007727,118.0,1.6377515614156835,True,0.8659078289838978,daily_makeup,
2012-08-05,2098382.791456321,119.0,1.6516308119361554,True,0.8659078289838978,daily_makeup,
2021-08-11,2094302.5113213663,120.0,1.6655100624566272,True,0.8659078289838978,daily_makeup,
2007-06-27,2089738.1796792452,121.0,1.6793893129770991,True,0.8659078289838978,daily_makeup,
2018-07-16,2086888.4022357976,122.0,1.693268563497571,True,0.8659078289838978,daily_makeup,
2013-07-17,2085493.822466203,123.0,1.707147814018043,True,0.8659078289838978,daily_makeup,
2013-07-10,2084769.0139450547,124.0,1.7210270645385148,True,0.8659078289838978,daily_makeup,
2021-08-26,2079261.3277815138,125.0,1.7349063150589867,True,0.8659078289838978,daily_makeup,
2007-07-10,2063256.7872390877,126.0,1.7487855655794586,True,0.8659078289838978,daily_makeup,
2018-08-08,2063043.546470501,127.0,1.7626648160999305,True,0.8659078289838978,daily_makeup,
2013-07-20,2058083.4150957605,128.0,1.7765440666204024,True,0.8659078289838978,daily_makeup,
2005-07-16,2046416.2316856105,129.0,1.7904233171408743,True,0.8659078289838978,daily_makeup,
2013-08-09,2046224.3637897412,130.0,1.8043025676613462,True,0.8659078289838978,daily_makeup,
2021-07-12,2032710.6495429585,131.0,1.8181818181818181,True,0.8659078289838978,daily_makeup,
2022-07-28,2025187.0376029636,132.0,1.83206106870229,True,0.8659078289838978,daily_makeup,
2010-07-23,2019431.1326991273,133.0,1.845940319222762,True,0.8659078289838978,daily_makeup,
2013-07-14,2017049.3981876313,134.0,1.8598195697432338,True,0.8659078289838978,daily_makeup,
2024-07-31,2008372.2203611261,135.0,1.8736988202637057,True,0.8659078289838978,daily_makeup,
2016-07-31,2004681.5658802278,136.0,1.8875780707841776,True,0.8659078289838978,daily_makeup,
2013-07-07,1990709.8298538541,137.0,1.9014573213046495,True,0.8659078289838978,daily_makeup,
2006-07-17,1990034.6027273126,138.0,1.9153365718251214,True,0.8659078289838978,daily_makeup,
2020-07-23,1988967.502633715,139.0,1.9292158223455933,True,0.8659078289838978,daily_makeup,
2013-09-11,1979856.8939801324,140.0,1.9430950728660652,True,0.8659078289838978,daily_makeup,
2007-09-10,1978934.727690211,141.0,1.956974323386537,True,0.8659078289838978,daily_makeup,
2023-07-28,1978064.6122498058,142.0,1.970853573907009,True,0.8659078289838978,daily_makeup,
2023-07-14,1970149.1604029527,143.0,1.984732824427481,True,0.8659078289838978,daily_makeup,
2010-07-06,1964485.0060642732,144.0,1.9986120749479528,True,0.8659078289838978,daily_makeup,
2019-08-17,1960165.6798161773,145.0,2.012491325468425,True,0.8659078289838978,daily_makeup,
2022-08-06,1948125.331624506,146.0,2.0263705759888966,True,0.8659078289838978,daily_makeup,
2017-07-21,1945343.1500242464,147.0,2.0402498265093687,True,0.8659078289838978,daily_makeup,
2018-08-02,1943071.8999361987,148.0,2.0541290770298404,True,0.8659078289838978,daily_makeup,
2020-07-22,1934739.672536686,149.0,2.0680083275503125,True,0.8659078289838978,daily_makeup,
2020-09-10,1932590.5960036842,150.0,2.081887578070784,True,0.8659078289838978,daily_makeup,
2021-07-08,1931233.26239132,151.0,2.0957668285912563,True,0.8659078289838978,daily_makeup,
2015-09-09,1929835.3155856295,152.0,2.109646079111728,True,0.8659078289838978,daily_makeup,
2011-06-09,1926131.2690782775,153.0,2.1235253296321996,True,0.8659078289838978,daily_makeup,
2017-07-19,1925277.756052981,154.0,2.1374045801526718,True,0.8659078289838978,daily_makeup,
2008-06-07,1923160.276796239,155.0,2.1512838306731434,True,0.8659078289838978,daily_makeup,
2021-08-13,1920178.9670311948,156.0,2.1651630811936156,True,0.8659078289838978,daily_makeup,
2013-07-05,1916083.1710672285,157.0,2.1790423317140872,True,0.8659078289838978,daily_makeup,
2020-07-19,1906958.053934334,158.0,2.1929215822345594,True,0.8659078289838978,daily_makeup,
2018-06-18,1900099.5846523554,159.0,2.206800832755031,True,0.8659078289838978,daily_makeup,
2011-07-11,1899833.440463094,160.0,2.220680083275503,True,0.8659078289838978,daily_makeup,
2019-07-05,1895152.4843614942,161.0,2.234559333795975,True,0.8659078289838978,daily_makeup,
2011-06-01,1892643.0907550645,162.0,2.248438584316447,True,0.8659078289838978,daily_makeup,
2018-08-30,1889093.256419023,163.0,2.2623178348369186,True,0.8659078289838978,daily_makeup,
2005-06-13,1884475.8581670197,164.0,2.2761970853573907,True,0.8659078289838978,daily_makeup,
2024-08-06,1880533.2786233355,165.0,2.2900763358778624,True,0.8659078289838978,daily_makeup,
2024-07-14,1878666.761670949,166.0,2.3039555863983345,True,0.8659078289838978,daily_makeup,
2009-08-19,1877282.0914336285,167.0,2.317834836918806,True,0.8659078289838978,daily_makeup,
2024-07-13,1876081.603243601,168.0,2.3317140874392783,True,0.8659078289838978,daily_makeup,
2013-07-16,1875802.1602049228,169.0,2.34559333795975,True,0.8659078289838978,daily_makeup,
2021-08-30,1874303.0064875958,170.0,2.359472588480222,True,0.8659078289838978,daily_makeup,
2011-07-12,1871344.0946380622,171.0,2.373351839000694,True,0.8659078289838978,daily_makeup,
2010-07-29,1867614.4483932676,172.0,2.387231089521166,True,0.8659078289838978,daily_makeup,
2005-07-15,1864086.9941683211,173.0,2.4011103400416376,True,0.8659078289838978,daily_makeup,
2008-09-14,1861123.9762743737,174.0,2.4149895905621097,True,0.8659078289838978,daily_makeup,
2018-08-18,1852472.143734334,175.0,2.4288688410825814,True,0.8659078289838978,daily_makeup,
2018-07-25,1851830.5917205806,176.0,2.4427480916030535,True,0.8659078289838978,daily_makeup,
2017-06-19,1849935.2003493495,177.0,2.456627342123525,True,0.8659078289838978,daily_makeup,
2012-06-20,1844119.5953646933,178.0,2.4705065926439973,True,0.8659078289838978,daily_makeup,
2024-08-01,1838737.1980647254,179.0,2.484385843164469,True,0.8659078289838978,daily_makeup,
2018-07-17,1838298.7278431463,180.0,2.498265093684941,True,0.8659078289838978,daily_makeup,
2006-07-31,1834810.1789341364,181.0,2.5121443442054128,True,0.8659078289838978,daily_makeup,
2012-06-29,1834135.5233323616,182.0,2.526023594725885,True,0.8659078289838978,daily_makeup,
2006-07-30,1829992.0271684914,183.0,2.5399028452463566,True,0.8659078289838978,daily_makeup,
2018-07-01,1828075.2673843354,184.0,2.5537820957668287,True,0.8659078289838978,daily_makeup,
2010-07-21,1819327.8116898793,185.0,2.5676613462873004,True,0.8659078289838978,daily_makeup,
2016-07-22,1819306.8500587074,186.0,2.5815405968077725,True,0.8659078289838978,daily_makeup,
2018-08-03,1816762.0872870875,187.0,2.595419847328244,True,0.8659078289838978,daily_makeup,
2023-09-05,1812541.4893630373,188.0,2.6092990978487163,True,0.8659078289838978,daily_makeup,
2018-08-27,1808401.5162821654,189.0,2.623178348369188,True,0.8659078289838978,daily_makeup,
2014-07-02,1791475.8958533905,190.0,2.63705759888966,True,0.8659078289838978,daily_makeup,
2010-06-27,1781429.2426195885,191.0,2.6509368494101317,True,0.8659078289838978,daily_makeup,
2024-06-22,1774908.15965307,192.0,2.664816099930604,True,0.8659078289838978,daily_makeup,
2010-08-22,1774737.8968267513,193.0,2.6786953504510755,True,0.8659078289838978,daily_makeup,
2024-07-17,1771293.1822071094,194.0,2.6925746009715477,True,0.8659078289838978,daily_makeup,
2009-07-29,1762751.030203044,195.0,2.7064538514920193,True,0.8659078289838978,daily_makeup,
2024-07-07,1759400.5742601515,196.0,2.7203331020124915,True,0.8659078289838978,daily_makeup,
2018-07-06,1758379.991472846,197.0,2.734212352532963,True,0.8659078289838978,daily_makeup,
2005-08-21,1757511.4550703212,198.0,2.7480916030534353,True,0.8659078289838978,daily_makeup,
2017-07-12,1753290.8773244303,199.0,2.761970853573907,True,0.8659078289838978,daily_makeup,
2010-07-13,1752125.4553145212,200.0,2.775850104094379,True,0.8659078289838978,daily_makeup,
2019-07-22,1752055.1383529212,201.0,2.7897293546148507,True,0.8659078289838978,daily_makeup,
2011-08-08,1751966.2091760961,202.0,2.803608605135323,True,0.8659078289838978,daily_makeup,
2021-07-15,1751638.3713042731,203.0,2.8174878556557945,True,0.8659078289838978,daily_makeup,
2020-08-10,1739842.9929287904,204.0,2.8313671061762666,True,0.8659078289838978,daily_makeup,
2015-06-12,1708911.6969977529,205.0,2.8452463566967383,True,0.8659078289838978,daily_makeup,
2021-06-07,1704122.0355454385,206.0,2.8591256072172104,True,0.8659078289838978,daily_makeup,
2021-06-27,1698308.7913364298,207.0,2.873004857737682,True,0.8659078289838978,daily_makeup,
2022-07-02,1697961.3571282835,208.0,2.8868841082581542,True,0.8659078289838978,daily_makeup,
2012-07-18,1692458.2802817933,209.0,2.900763358778626,True,0.8659078289838978,daily_makeup,
2012-06-21,1689010.671128938,210.0,2.914642609299098,True,0.8659078289838978,daily_makeup,
2017-08-18,1688283.3612423432,211.0,2.9285218598195697,True,0.8659078289838978,daily_makeup,
2018-08-05,1686908.9660688536,212.0,2.942401110340042,True,0.8659078289838978,daily_makeup,
2016-07-25,1686638.6327597431,213.0,2.9562803608605135,True,0.8659078289838978,daily_makeup,
2010-08-16,1677136.3043283017,214.0,2.9701596113809856,True,0.8659078289838978,daily_makeup,
2024-06-23,1673455.9513027738,215.0,2.9840388619014573,True,0.8659078289838978,daily_makeup,
2019-08-19,1671261.7986841295,216.0,2.9979181124219294,True,0.8659078289838978,daily_makeup,
2006-07-21,1667589.9493303387,217.0,3.011797362942401,True,0.8659078289838978,daily_makeup,
2012-08-04,1661095.1550985947,218.0,3.025676613462873,True,0.8659078289838978,daily_makeup,
2011-07-18,1658962.6479877355,219.0,3.039555863983345,True,0.8659078289838978,daily_makeup,
2022-08-04,1643227.359025912,220.0,3.053435114503817,True,0.8659078289838978,daily_makeup,
2023-09-06,1626950.6041508806,221.0,3.0673143650242887,True,0.8659078289838978,daily_makeup,
2013-07-03,1626594.7377694168,222.0,3.081193615544761,True,0.8659078289838978,daily_makeup,
2017-10-09,1625179.9600545126,223.0,3.0950728660652325,True,0.8659078289838978,daily_makeup,
2008-09-06,1625014.5747481845,224.0,3.1089521165857046,True,0.8659078289838978,daily_makeup,
2021-08-23,1614149.9689119617,225.0,3.1228313671061763,True,0.8659078289838978,daily_makeup,
2007-08-06,1612545.5617925362,226.0,3.1367106176266484,True,0.8659078289838978,daily_makeup,
2006-07-28,1608434.2892825543,227.0,3.15058986814712,True,0.8659078289838978,daily_makeup,
2005-07-25,1599466.5902736508,228.0,3.1644691186675917,True,0.8659078289838978,daily_makeup,
2006-07-11,1586682.3642118596,229.0,3.178348369188064,True,0.8659078289838978,daily_makeup,
2018-07-27,1585465.095458283,230.0,3.1922276197085355,True,0.8659078289838978,daily_makeup,
2021-06-21,1584233.4233688377,231.0,3.2061068702290076,True,0.8659078289838978,daily_makeup,
2016-09-08,1584219.4491775758,232.0,3.2199861207494793,True,0.8659078289838978,daily_makeup,
2015-08-19,1583135.7327921207,233.0,3.2338653712699514,True,0.8659078289838978,daily_makeup,
2023-09-04,1577135.8415263356,234.0,3.247744621790423,True,0.8659078289838978,daily_makeup,
2016-07-15,1564366.9130785987,235.0,3.2616238723108952,True,0.8659078289838978,daily_makeup,
2013-07-13,1563495.9821784503,236.0,3.275503122831367,True,0.8659078289838978,daily_makeup,
2005-09-15,1562306.3602805198,237.0,3.289382373351839,True,0.8659078289838978,daily_makeup,
2017-07-18,1555557.3285666103,238.0,3.3032616238723107,True,0.8659078289838978,daily_makeup,
2005-08-05,1555526.2836105037,239.0,3.317140874392783,True,0.8659078289838978,daily_makeup,
2020-07-27,1548948.6398924293,240.0,3.3310201249132545,True,0.8659078289838978,daily_makeup,
2016-07-07,1544580.2345854705,241.0,3.3448993754337266,True,0.8659078289838978,daily_makeup,
2010-07-25,1543155.528155031,242.0,3.3587786259541983,True,0.8659078289838978,daily_makeup,
2022-08-30,1538829.0400582312,243.0,3.3726578764746704,True,0.8659078289838978,daily_makeup,
2012-07-07,1534605.2218122294,244.0,3.386537126995142,True,0.8659078289838978,daily_makeup,
2020-07-11,1531560.7804464137,245.0,3.400416377515614,True,0.8659078289838978,daily_makeup,
2012-09-05,1510303.4819454313,246.0,3.414295628036086,True,0.8659078289838978,daily_makeup,
2024-07-04,1509629.298403451,247.0,3.428174878556558,True,0.8659078289838978,daily_makeup,
2018-07-22,1506334.6581160317,248.0,3.4420541290770297,True,0.8659078289838978,daily_makeup,
2006-08-07,1505496.8447181557,249.0,3.455933379597502,True,0.8659078289838978,daily_makeup,
2006-07-29,1504062.493953175,250.0,3.4698126301179735,True,0.8659078289838978,daily_makeup,
2018-09-18,1502180.5054695623,251.0,3.4836918806384456,True,0.8659078289838978,daily_makeup,
2010-08-10,1500778.434544576,252.0,3.4975711311589173,True,0.8659078289838978,daily_makeup,
2015-07-07,1494863.4237707686,253.0,3.5114503816793894,True,0.8659078289838978,daily_makeup,
2014-07-03,1492826.696984951,254.0,3.525329632199861,True,0.8659078289838978,daily_makeup,
2014-09-01,1492523.5625004647,255.0,3.539208882720333,True,0.8659078289838978,daily_makeup,
2019-07-30,1490780.3004808354,256.0,3.553088133240805,True,0.8659078289838978,daily_makeup,
2015-06-23,1485919.066661333,257.0,3.566967383761277,True,0.8659078289838978,daily_makeup,
2017-07-22,1475802.7565412805,258.0,3.5808466342817487,True,0.8659078289838978,daily_makeup,
2016-08-06,1466619.4203898518,259.0,3.5947258848022208,True,0.8659078289838978,daily_makeup,
2020-07-08,1455736.501675518,260.0,3.6086051353226924,True,0.8659078289838978,daily_makeup,
2023-07-02,1455308.5442014204,261.0,3.6224843858431646,True,0.8659078289838978,daily_makeup,
2021-06-09,1454403.118844676,262.0,3.6363636363636362,True,0.8659078289838978,daily_makeup,
2020-07-26,1452577.3103761454,263.0,3.6502428868841084,True,0.8659078289838978,daily_makeup,
2011-08-27,1443693.12877556,264.0,3.66412213740458,True,0.8659078289838978,daily_makeup,
2012-08-10,1443543.9947121786,265.0,3.678001387925052,True,0.8659078289838978,daily_makeup,
2021-07-25,1442427.487419019,266.0,3.691880638445524,True,0.8659078289838978,daily_makeup,
2006-07-27,1440362.2027115214,267.0,3.705759888965996,True,0.8659078289838978,daily_makeup,
2015-07-08,1439289.7479258252,268.0,3.7196391394864676,True,0.8659078289838978,daily_makeup,
2018-09-12,1439027.5560489146,269.0,3.7335183900069397,True,0.8659078289838978,daily_makeup,
2007-06-26,1438278.9169015675,270.0,3.7473976405274114,True,0.8659078289838978,daily_makeup,
2010-07-19,1435616.4723633102,271.0,3.7612768910478835,True,0.8659078289838978,daily_makeup,
2020-06-10,1435597.3126217048,272.0,3.775156141568355,True,0.8659078289838978,daily_makeup,
2012-07-15,1434874.816172155,273.0,3.7890353920888273,True,0.8659078289838978,daily_makeup,
2021-07-14,1426171.2672101199,274.0,3.802914642609299,True,0.8659078289838978,daily_makeup,
2021-08-10,1424488.2061461038,275.0,3.816793893129771,True,0.8659078289838978,daily_makeup,
2017-07-01,1421967.1417979302,276.0,3.830673143650243,True,0.8659078289838978,daily_makeup,
2018-08-09,1417003.3396076327,277.0,3.844552394170715,True,0.8659078289838978,daily_makeup,
2020-07-17,1416039.0493348741,278.0,3.8584316446911866,True,0.8659078289838978,daily_makeup,
2014-09-02,1404892.6894095857,279.0,3.8723108952116587,True,0.8659078289838978,daily_makeup,
2023-07-08,1403962.1680286292,280.0,3.8861901457321304,True,0.8659078289838978,daily_makeup,
2009-08-18,1403820.510893976,281.0,3.9000693962526025,True,0.8659078289838978,daily_makeup,
2012-07-04,1403229.4938070034,282.0,3.913948646773074,True,0.8659078289838978,daily_makeup,
2023-07-05,1397536.7542464912,283.0,3.9278278972935463,True,0.8659078289838978,daily_makeup,
2018-08-04,1387399.0551335623,284.0,3.941707147814018,True,0.8659078289838978,daily_makeup,
2020-07-25,1383451.8563702211,285.0,3.95558639833449,True,0.8659078289838978,daily_makeup,
2022-07-01,1379285.891826234,286.0,3.969465648854962,True,0.8659078289838978,daily_makeup,
2014-09-06,1377424.8294465863,287.0,3.983344899375434,True,0.8659078289838978,daily_makeup,
2012-06-22,1375769.320563847,288.0,3.9972241498959056,True,0.8659078289838978,daily_makeup,
2015-07-29,1375602.9364260465,289.0,4.011103400416378,True,0.8659078289838978,daily_makeup,
2020-08-27,1370584.1607054935,290.0,4.02498265093685,True,0.8659078289838978,daily_makeup,
2023-09-07,1370387.429427388,291.0,4.038861901457321,True,0.8659078289838978,daily_makeup,
2023-07-06,1369923.4186206409,292.0,4.052741151977793,True,0.8659078289838978,daily_makeup,
2021-07-06,1368873.6171379783,293.0,4.066620402498265,True,0.8659078289838978,daily_makeup,
2015-06-15,1363844.0956206718,294.0,4.080499653018737,True,0.8659078289838978,daily_makeup,
2011-06-08,1359832.2143762126,295.0,4.094378903539209,True,0.8659078289838978,daily_makeup,
2018-09-26,1350085.6829880069,296.0,4.108258154059681,True,0.8659078289838978,daily_makeup,
2014-07-23,1349686.756008673,297.0,4.122137404580153,True,0.8659078289838978,daily_makeup,
2008-07-18,1344561.0136476457,298.0,4.136016655100625,True,0.8659078289838978,daily_makeup,
2010-06-24,1343123.5827422158,299.0,4.149895905621096,True,0.8659078289838978,daily_makeup,
2005-06-11,1326492.7038579127,300.0,4.163775156141568,True,0.8659078289838978,daily_makeup,
2007-08-03,1324370.3834105572,301.0,4.1776544066620405,True,0.8659078289838978,daily_makeup,
2023-07-13,1322815.9549876323,302.0,4.191533657182513,True,0.8659078289838978,daily_makeup,
2012-09-04,1321634.8193472214,303.0,4.205412907702984,True,0.8659078289838978,daily_makeup,
2018-08-16,1320832.1937055818,304.0,4.219292158223456,True,0.8659078289838978,daily_makeup,
2007-06-08,1319424.1702283095,305.0,4.233171408743928,True,0.8659078289838978,daily_makeup,
2010-07-08,1315279.1844932449,306.0,4.247050659264399,True,0.8659078289838978,daily_makeup,
2023-08-15,1312830.638824691,307.0,4.260929909784871,True,0.8659078289838978,daily_makeup,
2008-07-09,1308198.5336355679,308.0,4.2748091603053435,True,0.8659078289838978,daily_makeup,
2014-09-05,1305396.7535880439,309.0,4.288688410825816,True,0.8659078289838978,daily_makeup,
2014-07-13,1298641.2782738712,310.0,4.302567661346287,True,0.8659078289838978,daily_makeup,
2018-09-02,1292737.7752904303,311.0,4.316446911866759,True,0.8659078289838978,daily_makeup,
2011-06-22,1290303.9595223886,312.0,4.330326162387231,True,0.8659078289838978,daily_makeup,
2021-08-25,1288909.051994186,313.0,4.344205412907703,True,0.8659078289838978,daily_makeup,
2020-09-02,1287143.6823720096,314.0,4.3580846634281745,True,0.8659078289838978,daily_makeup,
2023-07-07,1286563.07826053,315.0,4.371963913948647,True,0.8659078289838978,daily_makeup,
2006-07-15,1283094.068202291,316.0,4.385843164469119,True,0.8659078289838978,daily_makeup,
2021-08-24,1279125.7749105422,317.0,4.399722414989591,True,0.8659078289838978,daily_makeup,
2012-07-16,1277607.2880610202,318.0,4.413601665510062,True,0.8659078289838978,daily_makeup,
2020-07-09,1272598.1635370473,319.0,4.427480916030534,True,0.8659078289838978,daily_makeup,
2019-08-20,1269683.9855686324,320.0,4.441360166551006,True,0.8659078289838978,daily_makeup,
2012-05-29,1263265.9409497965,321.0,4.455239417071478,True,0.8659078289838978,daily_makeup,
2016-07-28,1260644.1471125367,322.0,4.46911866759195,True,0.8659078289838978,daily_makeup,
2010-07-14,1258023.7091579002,323.0,4.482997918112422,True,0.8659078289838978,daily_makeup,
2024-08-28,1257198.2314348924,324.0,4.496877168632894,True,0.8659078289838978,daily_makeup,
2010-07-28,1255224.455751645,325.0,4.510756419153366,True,0.8659078289838978,daily_makeup,
2023-07-29,1253606.7991359406,326.0,4.524635669673837,True,0.8659078289838978,daily_makeup,
2012-07-27,1246703.254033252,327.0,4.538514920194309,True,0.8659078289838978,daily_makeup,
2010-07-09,1244325.9195118893,328.0,4.5523941707147815,True,0.8659078289838978,daily_makeup,
2021-08-14,1239088.8494801559,329.0,4.566273421235254,True,0.8659078289838978,daily_makeup,
2012-08-03,1234746.6215749977,330.0,4.580152671755725,True,0.8659078289838978,daily_makeup,
2014-07-01,1226190.0158836837,331.0,4.594031922276197,True,0.8659078289838978,daily_makeup,
2019-07-29,1222751.8260277458,332.0,4.607911172796669,True,0.8659078289838978,daily_makeup,
2017-09-27,1222340.391789489,333.0,4.621790423317141,True,0.8659078289838978,daily_makeup,
2019-09-11,1218035.1665809175,334.0,4.635669673837612,True,0.8659078289838978,daily_makeup,
2005-06-28,1206359.7903913078,335.0,4.6495489243580845,True,0.8659078289838978,daily_makeup,
2012-07-23,1204180.928014994,336.0,4.663428174878557,True,0.8659078289838978,daily_makeup,
2021-06-08,1201071.5584473733,337.0,4.677307425399029,True,0.8659078289838978,daily_makeup,
2018-06-01,1200537.660925326,338.0,4.6911866759195,True,0.8659078289838978,daily_makeup,
2016-08-26,1199475.341242546,339.0,4.705065926439972,True,0.8659078289838978,daily_makeup,
2008-06-28,1199377.006308324,340.0,4.718945176960444,True,0.8659078289838978,daily_makeup,
2013-07-22,1195158.412647244,341.0,4.732824427480916,True,0.8659078289838978,daily_makeup,
2015-07-18,1191864.5465284318,342.0,4.746703678001388,True,0.8659078289838978,daily_makeup,
2005-08-04,1186636.6510775906,343.0,4.76058292852186,True,0.8659078289838978,daily_makeup,
2009-08-11,1185852.6632021314,344.0,4.774462179042332,True,0.8659078289838978,daily_makeup,
2024-07-24,1180471.9531963419,345.0,4.788341429562804,True,0.8659078289838978,daily_makeup,
2011-05-26,1179828.0969422741,346.0,4.802220680083275,True,0.8659078289838978,daily_makeup,
2018-08-12,1176445.4605390718,347.0,4.816099930603747,True,0.8659078289838978,daily_makeup,
2020-07-10,1172737.245371217,348.0,4.829979181124219,True,0.8659078289838978,daily_makeup,
2020-07-21,1170285.1112211293,349.0,4.8438584316446915,True,0.8659078289838978,daily_makeup,
2012-07-05,1169825.9386936252,350.0,4.857737682165163,True,0.8659078289838978,daily_makeup,
2006-07-22,1167483.282047971,351.0,4.871616932685635,True,0.8659078289838978,daily_makeup,
2010-09-30,1164269.6726593745,352.0,4.885496183206107,True,0.8659078289838978,daily_makeup,
2019-08-22,1163461.0579310292,353.0,4.899375433726579,True,0.8659078289838978,daily_makeup,
2009-07-28,1154698.220942426,354.0,4.91325468424705,True,0.8659078289838978,daily_makeup,
2009-08-16,1153991.8694947779,355.0,4.9271339347675225,True,0.8659078289838978,daily_makeup,
2016-07-08,1144175.9039644,356.0,4.941013185287995,True,0.8659078289838978,daily_makeup,
2014-07-14,1140625.6078873316,357.0,4.954892435808467,True,0.8659078289838978,daily_makeup,
2011-05-30,1139846.1283475633,358.0,4.968771686328938,True,0.8659078289838978,daily_makeup,
2013-07-23,1130695.156713403,359.0,4.98265093684941,True,0.8659078289838978,daily_makeup,
2012-08-11,1126740.9953732316,360.0,4.996530187369882,True,0.8659078289838978,daily_makeup,
2022-07-20,1123890.029864666,361.0,5.010409437890354,True,0.8659078289838978,daily_makeup,
2006-08-04,1123642.06585879,362.0,5.0242886884108255,True,0.8659078289838978,daily_makeup,
2018-06-19,1122471.7261017484,363.0,5.038167938931298,True,0.8659078289838978,daily_makeup,
2009-08-05,1118657.2820385955,364.0,5.05204718945177,True,0.8659078289838978,daily_makeup,
2017-06-13,1117762.0384613767,365.0,5.065926439972242,True,0.8659078289838978,daily_makeup,
2013-08-31,1117148.977885576,366.0,5.079805690492713,True,0.8659078289838978,daily_makeup,
2023-07-15,1116539.8039020696,367.0,5.093684941013185,True,0.8659078289838978,daily_makeup,
2005-06-10,1113119.311987216,368.0,5.107564191533657,True,0.8659078289838978,daily_makeup,
2024-08-04,1106570.621663401,369.0,5.1214434420541295,True,0.8659078289838978,daily_makeup,
2009-07-31,1104932.3201496522,370.0,5.135322692574601,True,0.8659078289838978,daily_makeup,
2020-08-24,1099354.258867791,371.0,5.149201943095073,True,0.8659078289838978,daily_makeup,
2012-07-17,1092574.7882528855,372.0,5.163081193615545,True,0.8659078289838978,daily_makeup,
2007-06-28,1092527.4166796876,373.0,5.176960444136017,True,0.8659078289838978,daily_makeup,
2018-06-28,1090247.477534054,374.0,5.190839694656488,True,0.8659078289838978,daily_makeup,
2023-07-04,1089715.8787400313,375.0,5.20471894517696,True,0.8659078289838978,daily_makeup,
2024-07-30,1085774.3123161579,376.0,5.2185981956974326,True,0.8659078289838978,daily_makeup,
2014-08-31,1079448.1110041451,377.0,5.232477446217905,True,0.8659078289838978,daily_makeup,
2019-06-20,1075744.9005505678,378.0,5.246356696738376,True,0.8659078289838978,daily_makeup,
2020-07-24,1074088.2526999256,379.0,5.260235947258848,True,0.8659078289838978,daily_makeup,
2023-07-03,1069821.0872724946,380.0,5.27411519777932,True,0.8659078289838978,daily_makeup,
2021-06-26,1068084.171192993,381.0,5.287994448299791,True,0.8659078289838978,daily_makeup,
2020-08-13,1066316.6755011233,382.0,5.3018736988202635,True,0.8659078289838978,daily_makeup,
2017-06-30,1066016.1265020047,383.0,5.315752949340736,True,0.8659078289838978,daily_makeup,
2005-06-09,1064275.923739217,384.0,5.329632199861208,True,0.8659078289838978,daily_makeup,
2005-09-14,1062516.7656598848,385.0,5.343511450381679,True,0.8659078289838978,daily_makeup,
2011-07-25,1055680.3051909984,386.0,5.357390700902151,True,0.8659078289838978,daily_makeup,
2024-06-21,1055324.2184254015,387.0,5.371269951422623,True,0.8659078289838978,daily_makeup,
2010-07-15,1053383.2059196653,388.0,5.385149201943095,True,0.8659078289838978,daily_makeup,
2021-08-21,1052993.372515949,389.0,5.3990284524635666,True,0.8659078289838978,daily_makeup,
2020-08-29,1052750.192354439,390.0,5.412907702984039,True,0.8659078289838978,daily_makeup,
2020-06-23,1051848.368555586,391.0,5.426786953504511,True,0.8659078289838978,daily_makeup,
2016-07-18,1046432.8365734161,392.0,5.440666204024983,True,0.8659078289838978,daily_makeup,
2013-06-27,1046354.004497711,393.0,5.454545454545454,True,0.8659078289838978,daily_makeup,
2012-07-01,1042441.2538317158,394.0,5.468424705065926,True,0.8659078289838978,daily_makeup,
2015-07-14,1037776.1802614334,395.0,5.482303955586398,True,0.8659078289838978,daily_makeup,
2018-06-02,1031830.5369089951,396.0,5.4961832061068705,True,0.8659078289838978,daily_makeup,
2020-07-07,1029329.6381247635,397.0,5.510062456627342,True,0.8659078289838978,daily_makeup,
2005-08-20,1028983.2593771464,398.0,5.523941707147814,True,0.8659078289838978,daily_makeup,
2024-07-12,1028877.8442798259,399.0,5.537820957668286,True,0.8659078289838978,daily_makeup,
2017-07-11,1023890.6390011075,400.0,5.551700208188758,True,0.8659078289838978,daily_makeup,
2010-08-09,1022951.6429804249,401.0,5.565579458709229,True,0.8659078289838978,daily_makeup,
2009-08-23,1021128.0753812811,402.0,5.579458709229701,True,0.8659078289838978,daily_makeup,
2011-06-23,1019233.2436756333,403.0,5.593337959750174,True,0.8659078289838978,daily_makeup,
2006-06-22,1018835.4792998717,404.0,5.607217210270646,True,0.8659078289838978,daily_makeup,
2006-07-26,1018042.2486875767,405.0,5.621096460791117,True,0.8659078289838978,daily_makeup,
2014-06-25,1016532.642727935,406.0,5.634975711311589,True,0.8659078289838978,daily_makeup,
2008-07-22,1015181.3591892871,407.0,5.648854961832061,True,0.8659078289838978,daily_makeup,
2010-09-02,1013510.6750588571,408.0,5.662734212352533,True,0.8659078289838978,daily_makeup,
2006-07-03,1012407.4300731414,409.0,5.6766134628730045,True,0.8659078289838978,daily_makeup,
2013-08-08,1009214.9248161386,410.0,5.690492713393477,True,0.8659078289838978,daily_makeup,
2011-08-09,1009154.1032736592,411.0,5.704371963913949,True,0.8659078289838978,daily_makeup,
2021-07-09,1006230.8352283014,412.0,5.718251214434421,True,0.8659078289838978,daily_makeup,
2017-10-08,1005493.9179582577,413.0,5.732130464954892,True,0.8659078289838978,daily_makeup,
2010-06-23,1003468.5556156184,414.0,5.746009715475364,True,0.8659078289838978,daily_makeup,
2019-09-04,1002764.1909084336,415.0,5.759888965995836,True,0.8659078289838978,daily_makeup,
2010-06-13,1000318.7104337518,416.0,5.7737682165163084,True,0.8659078289838978,daily_makeup,
2013-09-10,992892.884006528,417.0,5.78764746703678,True,0.8659078289838978,daily_makeup,
2022-05-21,992722.176859818,418.0,5.801526717557252,True,0.8659078289838978,daily_makeup,
2013-07-02,989159.103069087,419.0,5.815405968077724,True,0.8659078289838978,daily_makeup,
2005-06-29,988513.6290618319,420.0,5.829285218598196,True,0.8659078289838978,daily_makeup,
2010-07-18,988423.0329040531,421.0,5.843164469118667,True,0.8659078289838978,daily_makeup,
2019-07-03,985870.785574109,422.0,5.857043719639139,True,0.8659078289838978,daily_makeup,
2020-08-09,985565.6613006601,423.0,5.8709229701596115,True,0.8659078289838978,daily_makeup,
2024-08-05,982063.8329267104,424.0,5.884802220680084,True,0.8659078289838978,daily_makeup,
2006-07-04,977073.9508469515,425.0,5.898681471200555,True,0.8659078289838978,daily_makeup,
2009-08-09,968095.9480231525,426.0,5.912560721721027,True,0.8659078289838978,daily_makeup,
2015-08-31,967897.2237456844,427.0,5.926439972241499,True,0.8659078289838978,daily_makeup,
2022-07-12,967406.3477712958,428.0,5.940319222761971,True,0.8659078289838978,daily_makeup,
2012-07-26,965542.1106339816,429.0,5.9541984732824424,True,0.8659078289838978,daily_makeup,
2022-08-05,960149.2331362555,430.0,5.968077723802915,True,0.8659078289838978,daily_makeup,
2016-07-30,959398.0074697691,431.0,5.981956974323387,True,0.8659078289838978,daily_makeup,
2011-05-31,955877.0821409794,432.0,5.995836224843859,True,0.8659078289838978,daily_makeup,
2013-07-09,954857.6023248204,433.0,6.00971547536433,True,0.8659078289838978,daily_makeup,
2016-08-21,945203.3288504432,434.0,6.023594725884802,True,0.8659078289838978,daily_makeup,
2024-06-18,942882.1375565692,435.0,6.037473976405274,True,0.8659078289838978,daily_makeup,
2006-07-16,941170.9896158341,436.0,6.051353226925746,True,0.8659078289838978,daily_makeup,
2013-09-12,939622.8411494951,437.0,6.065232477446218,True,0.8659078289838978,daily_makeup,
2024-06-29,936042.1254758036,438.0,6.07911172796669,True,0.8659078289838978,daily_makeup,
2007-08-24,936020.352947897,439.0,6.092990978487162,True,0.8659078289838978,daily_makeup,
2009-08-17,933509.077261158,440.0,6.106870229007634,True,0.8659078289838978,daily_makeup,
2007-07-28,933500.49178294,441.0,6.120749479528105,True,0.8659078289838978,daily_makeup,
2008-07-30,929247.3209224457,442.0,6.134628730048577,True,0.8659078289838978,daily_makeup,
2014-07-08,927865.783180773,443.0,6.1485079805690495,True,0.8659078289838978,daily_makeup,
2024-06-26,927837.6136368965,444.0,6.162387231089522,True,0.8659078289838978,daily_makeup,
2012-07-24,926191.4091417023,445.0,6.176266481609993,True,0.8659078289838978,daily_makeup,
2005-08-02,921637.7157951572,446.0,6.190145732130465,True,0.8659078289838978,daily_makeup,
2007-09-08,905543.3122936208,447.0,6.204024982650937,True,0.8659078289838978,daily_makeup,
2015-06-11,905053.2682203853,448.0,6.217904233171409,True,0.8659078289838978,daily_makeup,
2011-09-04,896987.2730174314,449.0,6.23178348369188,True,0.8659078289838978,daily_makeup,
2013-07-21,894590.7892763142,450.0,6.2456627342123525,True,0.8659078289838978,daily_makeup,
2007-07-09,892395.2383254159,451.0,6.259541984732825,True,0.8659078289838978,daily_makeup,
2023-07-18,889511.6541544544,452.0,6.273421235253297,True,0.8659078289838978,daily_makeup,
2007-09-09,888178.8726961152,453.0,6.287300485773768,True,0.8659078289838978,daily_makeup,
2019-06-29,887169.2737072872,454.0,6.30117973629424,True,0.8659078289838978,daily_makeup,
2010-06-20,886761.8116603103,455.0,6.315058986814712,True,0.8659078289838978,daily_makeup,
2012-09-07,886383.7433352221,456.0,6.3289382373351835,True,0.8659078289838978,daily_makeup,
2023-07-09,883269.5998260869,457.0,6.342817487855656,True,0.8659078289838978,daily_makeup,
2024-08-18,882632.7333413877,458.0,6.356696738376128,True,0.8659078289838978,daily_makeup,
2020-08-25,879056.8586194967,459.0,6.3705759888966,True,0.8659078289838978,daily_makeup,
2022-07-24,877333.8789809609,460.0,6.384455239417071,True,0.8659078289838978,daily_makeup,
2023-08-07,876481.7458192271,461.0,6.398334489937543,True,0.8659078289838978,daily_makeup,
2006-06-28,874295.3195534863,462.0,6.412213740458015,True,0.8659078289838978,daily_makeup,
2022-08-29,861269.1395917551,463.0,6.426092990978487,True,0.8659078289838978,daily_makeup,
2021-06-20,860485.976285823,464.0,6.439972241498959,True,0.8659078289838978,daily_makeup,
2022-07-06,859791.2539540208,465.0,6.453851492019431,True,0.8659078289838978,daily_makeup,
2023-08-21,853820.5148258609,466.0,6.467730742539903,True,0.8659078289838978,daily_makeup,
2013-09-01,853173.8132818872,467.0,6.481609993060375,True,0.8659078289838978,daily_makeup,
2016-07-23,853109.2952406465,468.0,6.495489243580846,True,0.8659078289838978,daily_makeup,
2012-07-28,850211.4492522546,469.0,6.509368494101318,True,0.8659078289838978,daily_makeup,
2006-07-02,848782.5245991175,470.0,6.5232477446217905,True,0.8659078289838978,daily_makeup,
2016-07-06,846844.8437931165,471.0,6.537126995142263,True,0.8659078289838978,daily_makeup,
2007-08-04,845319.4233584197,472.0,6.551006245662734,True,0.8659078289838978,daily_makeup,
2011-07-07,844837.0076652777,473.0,6.564885496183206,True,0.8659078289838978,daily_makeup,
2017-07-17,844201.7594871677,474.0,6.578764746703678,True,0.8659078289838978,daily_makeup,
2005-08-10,842795.5099528499,475.0,6.59264399722415,True,0.8659078289838978,daily_makeup,
2013-06-25,839737.3843455438,476.0,6.606523247744621,True,0.8659078289838978,daily_makeup,
2008-07-07,837384.149042243,477.0,6.6204024982650935,True,0.8659078289838978,daily_makeup,
2013-06-24,835723.5676522527,478.0,6.634281748785566,True,0.8659078289838978,daily_makeup,
2015-07-21,831338.5830453807,479.0,6.648160999306038,True,0.8659078289838978,daily_makeup,
2005-07-14,827027.4512089334,480.0,6.662040249826509,True,0.8659078289838978,daily_makeup,
2011-06-28,824220.7011694186,481.0,6.675919500346981,True,0.8659078289838978,daily_makeup,
2007-07-18,820864.5157390987,482.0,6.689798750867453,True,0.8659078289838978,daily_makeup,
2018-07-26,820742.0031663749,483.0,6.703678001387925,True,0.8659078289838978,daily_makeup,
2018-09-17,817597.7521349846,484.0,6.717557251908397,True,0.8659078289838978,daily_makeup,
2012-08-09,814823.1731092458,485.0,6.731436502428869,True,0.8659078289838978,daily_makeup,
2005-07-06,811876.7011841605,486.0,6.745315752949341,True,0.8659078289838978,daily_makeup,
2008-06-14,809207.1744954002,487.0,6.759195003469813,True,0.8659078289838978,daily_makeup,
2023-08-12,803284.0142068963,488.0,6.773074253990284,True,0.8659078289838978,daily_makeup,
2009-08-22,800406.9038883001,489.0,6.786953504510756,True,0.8659078289838978,daily_makeup,
2015-06-16,799783.6450819464,490.0,6.800832755031228,True,0.8659078289838978,daily_makeup,
2020-05-29,798233.9528020264,491.0,6.8147120055517005,True,0.8659078289838978,daily_makeup,
2019-07-07,796099.9409817115,492.0,6.828591256072172,True,0.8659078289838978,daily_makeup,
2014-07-27,794320.8937803927,493.0,6.842470506592644,True,0.8659078289838978,daily_makeup,
2011-08-01,792864.4706918306,494.0,6.856349757113116,True,0.8659078289838978,daily_makeup,
2023-09-08,791308.7891374985,495.0,6.870229007633588,True,0.8659078289838978,daily_makeup,
2020-07-30,783938.8838854216,496.0,6.884108258154059,True,0.8659078289838978,daily_makeup,
2011-07-06,780636.5204603531,497.0,6.8979875086745315,True,0.8659078289838978,daily_makeup,
2016-08-25,779241.1554307969,498.0,6.911866759195004,True,0.8659078289838978,daily_makeup,
2006-07-13,777589.1685331145,499.0,6.925746009715476,True,0.8659078289838978,daily_makeup,
2019-08-07,777217.1438538479,500.0,6.939625260235947,True,0.8659078289838978,daily_makeup,
2020-08-22,776282.5118380068,501.0,6.953504510756419,True,0.8659078289838978,daily_makeup,
2018-09-07,773847.6595586848,502.0,6.967383761276891,True,0.8659078289838978,daily_makeup,
2020-08-23,770735.5437254247,503.0,6.981263011797363,True,0.8659078289838978,daily_makeup,
2021-09-15,764536.9191181813,504.0,6.9951422623178345,True,0.8659078289838978,daily_makeup,
2019-07-16,763420.0758443996,505.0,7.009021512838307,True,0.8659078289838978,daily_makeup,
2011-07-08,762290.0322232075,506.0,7.022900763358779,True,0.8659078289838978,daily_makeup,
2011-08-26,760277.0479837204,507.0,7.036780013879251,True,0.8659078289838978,daily_makeup,
2010-06-06,760009.916923194,508.0,7.050659264399722,True,0.8659078289838978,daily_makeup,
2015-09-02,758845.0795040133,509.0,7.064538514920194,True,0.8659078289838978,daily_makeup,
2022-08-02,753086.9410531125,510.0,7.078417765440666,True,0.8659078289838978,daily_makeup,
2021-07-20,746780.2639447496,511.0,7.0922970159611385,True,0.8659078289838978,daily_makeup,
2019-07-04,743416.3562950658,512.0,7.10617626648161,True,0.8659078289838978,daily_makeup,
2016-07-26,743333.428635046,513.0,7.120055517002082,True,0.8659078289838978,daily_makeup,
2020-06-11,742259.0989441444,514.0,7.133934767522554,True,0.8659078289838978,daily_makeup,
2009-07-27,741461.5907544675,515.0,7.147814018043026,True,0.8659078289838978,daily_makeup,
2012-09-08,739623.0796693579,516.0,7.161693268563497,True,0.8659078289838978,daily_makeup,
2021-06-06,737040.3515787256,517.0,7.175572519083969,True,0.8659078289838978,daily_makeup,
2018-08-13,735063.903591913,518.0,7.1894517696044415,True,0.8659078289838978,daily_makeup,
2006-06-01,733430.6843506055,519.0,7.203331020124914,True,0.8659078289838978,daily_makeup,
2021-09-14,730744.5021068978,520.0,7.217210270645385,True,0.8659078289838978,daily_makeup,
2006-08-20,725604.7421373327,521.0,7.231089521165857,True,0.8659078289838978,daily_makeup,
2018-05-26,724292.7936983885,522.0,7.244968771686329,True,0.8659078289838978,daily_makeup,
2017-08-19,706530.3306085856,523.0,7.258848022206801,True,0.8659078289838978,daily_makeup,
2019-10-02,701616.2574206226,524.0,7.2727272727272725,True,0.8659078289838978,daily_makeup,
2017-09-25,698997.660758103,525.0,7.286606523247745,True,0.8659078289838978,daily_makeup,
2021-08-22,698541.0379912921,526.0,7.300485773768217,True,0.8659078289838978,daily_makeup,
2016-07-29,698423.057165205,527.0,7.314365024288689,True,0.8659078289838978,daily_makeup,
2008-07-08,697119.1924121871,528.0,7.32824427480916,True,0.8659078289838978,daily_makeup,
2005-06-30,693551.3100986417,529.0,7.342123525329632,True,0.8659078289838978,daily_makeup,
2009-08-29,689717.6693704956,530.0,7.356002775850104,True,0.8659078289838978,daily_makeup,
2010-05-02,685289.8555487953,531.0,7.3698820263705755,True,0.8659078289838978,daily_makeup,
2006-08-28,681077.3258607844,532.0,7.383761276891048,True,0.8659078289838978,daily_makeup,
2012-08-27,678537.483055109,533.0,7.39764052741152,True,0.8659078289838978,daily_makeup,
2021-07-26,677136.2890329995,534.0,7.411519777931992,True,0.8659078289838978,daily_makeup,
2021-07-01,669156.1790664374,535.0,7.425399028452463,True,0.8659078289838978,daily_makeup,
2010-06-29,661076.9127344292,536.0,7.439278278972935,True,0.8659078289838978,daily_makeup,
2013-07-01,660927.2578779536,537.0,7.453157529493407,True,0.8659078289838978,daily_makeup,
2022-05-22,658804.0233052061,538.0,7.4670367800138795,True,0.8659078289838978,daily_makeup,
2015-09-08,658782.4425748596,539.0,7.480916030534351,True,0.8659078289838978,daily_makeup,
2013-06-30,657762.6404398639,540.0,7.494795281054823,True,0.8659078289838978,daily_makeup,
2022-09-12,655785.653991565,541.0,7.508674531575295,True,0.8659078289838978,daily_makeup,
2005-07-13,655540.8745246042,542.0,7.522553782095767,True,0.8659078289838978,daily_makeup,
2006-06-26,655504.4931666221,543.0,7.536433032616238,True,0.8659078289838978,daily_makeup,
2007-07-27,654388.2041948444,544.0,7.55031228313671,True,0.8659078289838978,daily_makeup,
2018-08-15,652374.9496190373,545.0,7.5641915336571826,True,0.8659078289838978,daily_makeup,
2007-08-16,650073.4195430295,546.0,7.578070784177655,True,0.8659078289838978,daily_makeup,
2013-09-02,647427.4891236476,547.0,7.591950034698126,True,0.8659078289838978,daily_makeup,
2021-08-17,642392.1863262451,548.0,7.605829285218598,True,0.8659078289838978,daily_makeup,
2024-06-19,640446.4983285086,549.0,7.61970853573907,True,0.8659078289838978,daily_makeup,
2005-07-12,637822.5133253989,550.0,7.633587786259542,True,0.8659078289838978,daily_makeup,
2008-06-29,635181.0234950674,551.0,7.6474670367800135,True,0.8659078289838978,daily_makeup,
2015-06-21,634285.1577546431,552.0,7.661346287300486,True,0.8659078289838978,daily_makeup,
2021-08-20,631157.3894616081,553.0,7.675225537820958,True,0.8659078289838978,daily_makeup,
2012-05-28,631083.5462529511,554.0,7.68910478834143,True,0.8659078289838978,daily_makeup,
2012-08-02,630410.2795370955,555.0,7.702984038861901,True,0.8659078289838978,daily_makeup,
2023-06-26,629113.8067162636,556.0,7.716863289382373,True,0.8659078289838978,daily_makeup,
2006-08-06,624990.345202984,557.0,7.730742539902845,True,0.8659078289838978,daily_makeup,
2006-07-19,624032.1687194607,558.0,7.744621790423317,True,0.8659078289838978,daily_makeup,
2011-07-03,621277.1790505091,559.0,7.758501040943789,True,0.8659078289838978,daily_makeup,
2020-07-03,620323.1435122805,560.0,7.772380291464261,True,0.8659078289838978,daily_makeup,
2010-08-11,614300.7091275725,561.0,7.786259541984733,True,0.8659078289838978,daily_makeup,
2016-09-11,609035.8654474865,562.0,7.800138792505205,True,0.8659078289838978,daily_makeup,
2009-08-15,606802.7463610388,563.0,7.814018043025676,True,0.8659078289838978,daily_makeup,
2012-07-08,606183.2492563548,564.0,7.827897293546148,True,0.8659078289838978,daily_makeup,
2005-07-20,605837.4729179831,565.0,7.8417765440666205,True,0.8659078289838978,daily_makeup,
2020-07-06,602503.9602378029,566.0,7.855655794587093,True,0.8659078289838978,daily_makeup,
2007-08-02,600295.2601592689,567.0,7.869535045107564,True,0.8659078289838978,daily_makeup,
2018-10-11,598498.1565349783,568.0,7.883414295628036,True,0.8659078289838978,daily_makeup,
2015-07-06,598370.6659173525,569.0,7.897293546148508,True,0.8659078289838978,daily_makeup,
2018-06-30,593528.3848197096,570.0,7.91117279666898,True,0.8659078289838978,daily_makeup,
2013-07-08,591034.1862160567,571.0,7.925052047189451,True,0.8659078289838978,daily_makeup,
2022-08-28,586912.2162890458,572.0,7.938931297709924,True,0.8659078289838978,daily_makeup,
2017-06-17,586658.5983653544,573.0,7.952810548230396,True,0.8659078289838978,daily_makeup,
2006-06-18,582176.0571301356,574.0,7.966689798750868,True,0.8659078289838978,daily_makeup,
2010-06-05,579871.7220572038,575.0,7.980569049271339,True,0.8659078289838978,daily_makeup,
2005-07-05,578841.7565157522,576.0,7.994448299791811,True,0.8659078289838978,daily_makeup,
2015-08-17,577594.0983521069,577.0,8.008327550312282,True,0.8659078289838978,daily_makeup,
2016-06-28,573921.1052582444,578.0,8.022206800832755,True,0.8659078289838978,daily_makeup,
2019-07-11,572686.6099687277,579.0,8.036086051353227,True,0.8659078289838978,daily_makeup,
2020-06-22,570767.411293483,580.0,8.0499653018737,True,0.8659078289838978,daily_makeup,
2021-08-09,568532.9031790447,581.0,8.06384455239417,True,0.8659078289838978,daily_makeup,
2023-08-25,567486.3463637041,582.0,8.077723802914642,True,0.8659078289838978,daily_makeup,
2021-07-27,562237.2895690807,583.0,8.091603053435115,True,0.8659078289838978,daily_makeup,
2011-05-29,562040.1537225964,584.0,8.105482303955586,True,0.8659078289838978,daily_makeup,
2023-09-09,558787.048643516,585.0,8.119361554476058,True,0.8659078289838978,daily_makeup,
2011-09-05,557444.6013444518,586.0,8.13324080499653,True,0.8659078289838978,daily_makeup,
2005-07-01,551674.7308982813,587.0,8.147120055517002,True,0.8659078289838978,daily_makeup,
2016-05-28,551360.6538865977,588.0,8.160999306037475,True,0.8659078289838978,daily_makeup,
2022-07-08,549563.4737549926,589.0,8.174878556557946,True,0.8659078289838978,daily_makeup,
2019-07-02,546858.3556006802,590.0,8.188757807078417,True,0.8659078289838978,daily_makeup,
2021-08-28,543034.0049655173,591.0,8.20263705759889,True,0.8659078289838978,daily_makeup,
2019-07-31,541077.4345835033,592.0,8.216516308119362,True,0.8659078289838978,daily_makeup,
2021-07-13,536838.0828333752,593.0,8.230395558639833,True,0.8659078289838978,daily_makeup,
2015-07-28,533303.0875371586,594.0,8.244274809160306,True,0.8659078289838978,daily_makeup,
2011-08-21,532546.8719407021,595.0,8.258154059680777,True,0.8659078289838978,daily_makeup,
2019-08-14,529882.9092065544,596.0,8.27203331020125,True,0.8659078289838978,daily_makeup,
2007-08-10,527901.860012283,597.0,8.285912560721721,True,0.8659078289838978,daily_makeup,
2006-06-27,527390.9912715795,598.0,8.299791811242192,True,0.8659078289838978,daily_makeup,
2008-07-31,527289.9023840458,599.0,8.313671061762665,True,0.8659078289838978,daily_makeup,
2024-06-20,523538.30336002074,600.0,8.327550312283137,True,0.8659078289838978,daily_makeup,
2005-08-29,523291.13436271704,601.0,8.341429562803608,True,0.8659078289838978,daily_makeup,
2006-06-24,522961.947611885,602.0,8.355308813324081,True,0.8659078289838978,daily_makeup,
2020-06-28,522113.4065730508,603.0,8.369188063844552,True,0.8659078289838978,daily_makeup,
2009-07-16,520713.30043831223,604.0,8.383067314365025,True,0.8659078289838978,daily_makeup,
2006-06-23,516399.9926208175,605.0,8.396946564885496,True,0.8659078289838978,daily_makeup,
2019-06-25,515147.95992307866,606.0,8.410825815405968,True,0.8659078289838978,daily_makeup,
2024-06-06,514816.06079619075,607.0,8.42470506592644,True,0.8659078289838978,daily_makeup,
2016-06-11,512445.0127018548,608.0,8.438584316446912,True,0.8659078289838978,daily_makeup,
2017-08-04,510186.38825736614,609.0,8.452463566967383,True,0.8659078289838978,daily_makeup,
2019-08-03,509794.43298339687,610.0,8.466342817487856,True,0.8659078289838978,daily_makeup,
2016-08-29,508148.45065237593,611.0,8.480222068008327,True,0.8659078289838978,daily_makeup,
2022-08-26,507378.8358955848,612.0,8.494101318528799,True,0.8659078289838978,daily_makeup,
2024-09-01,506560.94192339433,613.0,8.507980569049272,True,0.8659078289838978,daily_makeup,
2008-07-23,502476.0251718483,614.0,8.521859819569743,True,0.8659078289838978,daily_makeup,
2012-08-06,502172.7400558512,615.0,8.535739070090216,True,0.8659078289838978,daily_makeup,
2010-09-24,500398.7305948386,616.0,8.549618320610687,True,0.8659078289838978,daily_makeup,
2006-05-30,497658.38609012065,617.0,8.563497571131158,True,0.8659078289838978,daily_makeup,
2015-09-30,495974.5016506491,618.0,8.577376821651631,True,0.8659078289838978,daily_makeup,
2007-06-19,494887.0936394965,619.0,8.591256072172103,True,0.8659078289838978,daily_makeup,
2007-09-07,491872.3938949343,620.0,8.605135322692574,True,0.8659078289838978,daily_makeup,
2018-05-29,491506.1612722422,621.0,8.619014573213047,True,0.8659078289838978,daily_makeup,
2021-09-13,489719.45515079796,622.0,8.632893823733518,True,0.8659078289838978,daily_makeup,
2009-08-04,487600.8439359731,623.0,8.646773074253991,True,0.8659078289838978,daily_makeup,
2016-07-05,486963.64036334713,624.0,8.660652324774462,True,0.8659078289838978,daily_makeup,
2005-06-06,483418.1902363909,625.0,8.674531575294933,True,0.8659078289838978,daily_makeup,
2019-07-10,481575.38183348894,626.0,8.688410825815406,True,0.8659078289838978,daily_makeup,
2015-07-27,479799.3250752028,627.0,8.702290076335878,True,0.8659078289838978,daily_makeup,
2018-07-28,479749.61753772997,628.0,8.716169326856349,True,0.8659078289838978,daily_makeup,
2024-07-22,476729.630984591,629.0,8.730048577376822,True,0.8659078289838978,daily_makeup,
2019-08-06,476684.4061880546,630.0,8.743927827897293,True,0.8659078289838978,daily_makeup,
2007-07-19,474472.956755148,631.0,8.757807078417766,True,0.8659078289838978,daily_makeup,
2017-05-18,468847.0993088159,632.0,8.771686328938237,True,0.8659078289838978,daily_makeup,
2022-07-29,468707.3507683008,633.0,8.785565579458709,True,0.8659078289838978,daily_makeup,
2019-09-12,466335.1959855292,634.0,8.799444829979182,True,0.8659078289838978,daily_makeup,
2017-09-24,460238.97430358187,635.0,8.813324080499653,True,0.8659078289838978,daily_makeup,
2006-08-27,456870.87620778265,636.0,8.827203331020124,True,0.8659078289838978,daily_makeup,
2017-08-21,456671.3333542828,637.0,8.841082581540597,True,0.8659078289838978,daily_makeup,
2019-08-16,456055.67254967755,638.0,8.854961832061068,True,0.8659078289838978,daily_makeup,
2020-06-06,450815.9463152202,639.0,8.868841082581541,True,0.8659078289838978,daily_makeup,
2018-05-15,449256.2652323758,640.0,8.882720333102013,True,0.8659078289838978,daily_makeup,
2016-08-20,448681.6381055603,641.0,8.896599583622484,True,0.8659078289838978,daily_makeup,
2017-08-12,445574.6735540312,642.0,8.910478834142957,True,0.8659078289838978,daily_makeup,
2024-07-11,444418.6260916675,643.0,8.924358084663428,True,0.8659078289838978,daily_makeup,
2010-07-20,444343.04760434147,644.0,8.9382373351839,True,0.8659078289838978,daily_makeup,
2013-06-26,444148.11651942844,645.0,8.952116585704372,True,0.8659078289838978,daily_makeup,
2013-07-11,442324.5105374181,646.0,8.965995836224844,True,0.8659078289838978,daily_makeup,
2022-06-17,441149.23812784755,647.0,8.979875086745317,True,0.8659078289838978,daily_makeup,
2018-07-15,440583.23254287057,648.0,8.993754337265788,True,0.8659078289838978,daily_makeup,
2022-06-13,437016.05894474196,649.0,9.007633587786259,True,0.8659078289838978,daily_makeup,
2014-06-17,435402.56323596847,650.0,9.021512838306732,True,0.8659078289838978,daily_makeup,
2015-08-18,431507.63487316563,651.0,9.035392088827203,True,0.8659078289838978,daily_makeup,
2011-08-25,431051.42217917065,652.0,9.049271339347674,True,0.8659078289838978,daily_makeup,
2019-07-28,429932.2780985071,653.0,9.063150589868147,True,0.8659078289838978,daily_makeup,
2010-07-10,429077.6831387918,654.0,9.077029840388619,True,0.8659078289838978,daily_makeup,
2009-08-12,428899.6423489979,655.0,9.090909090909092,True,0.8659078289838978,daily_makeup,
2015-08-16,428608.4600167005,656.0,9.104788341429563,True,0.8659078289838978,daily_makeup,
2012-05-26,425248.3508889696,657.0,9.118667591950034,True,0.8659078289838978,daily_makeup,
2017-07-28,424298.8331280245,658.0,9.132546842470507,True,0.8659078289838978,daily_makeup,
2019-05-19,423453.217833102,659.0,9.146426092990978,True,0.8659078289838978,daily_makeup,
2010-05-31,420324.6480167918,660.0,9.16030534351145,True,0.8659078289838978,daily_makeup,
2005-06-26,417286.6888724719,661.0,9.174184594031923,True,0.8659078289838978,daily_makeup,
2023-07-25,415982.9158493814,662.0,9.188063844552394,True,0.8659078289838978,daily_makeup,
2006-07-20,415759.8838047936,663.0,9.201943095072867,True,0.8659078289838978,daily_makeup,
2018-10-04,415111.1581905894,664.0,9.215822345593338,True,0.8659078289838978,daily_makeup,
2017-05-19,412453.0880379017,665.0,9.22970159611381,True,0.8659078289838978,daily_makeup,
2010-06-03,411558.5734322609,666.0,9.243580846634282,True,0.8659078289838978,daily_makeup,
2018-10-07,410411.3251130914,667.0,9.257460097154754,True,0.8659078289838978,daily_makeup,
2006-07-14,408629.02917171654,668.0,9.271339347675225,True,0.8659078289838978,daily_makeup,
2010-08-03,408285.58768996666,669.0,9.285218598195698,True,0.8659078289838978,daily_makeup,
2010-08-06,405368.43226871395,670.0,9.299097848716169,True,0.8659078289838978,daily_makeup,
2016-08-17,401037.8846745576,671.0,9.312977099236642,True,0.8659078289838978,daily_makeup,
2020-08-03,400038.351591174,672.0,9.326856349757113,True,0.8659078289838978,daily_makeup,
2015-07-09,395706.1976976198,673.0,9.340735600277585,True,0.8659078289838978,daily_makeup,
2019-08-13,395305.8317015319,674.0,9.354614850798058,True,0.8659078289838978,daily_makeup,
2019-07-14,394562.48742220085,675.0,9.368494101318529,True,0.8659078289838978,daily_makeup,
2009-07-30,391277.57914198446,676.0,9.382373351839,True,0.8659078289838978,daily_makeup,
2008-07-21,383576.38759261393,677.0,9.396252602359473,True,0.8659078289838978,daily_makeup,
2010-06-22,380987.4654894426,678.0,9.410131852879944,True,0.8659078289838978,daily_makeup,
2009-07-26,378577.3454591262,679.0,9.424011103400417,True,0.8659078289838978,daily_makeup,
2017-09-05,377624.50139787275,680.0,9.437890353920888,True,0.8659078289838978,daily_makeup,
2015-05-27,377082.6928500279,681.0,9.45176960444136,True,0.8659078289838978,daily_makeup,
2005-08-28,375777.1994321692,682.0,9.465648854961833,True,0.8659078289838978,daily_makeup,
2016-08-19,374690.7224112631,683.0,9.479528105482304,True,0.8659078289838978,daily_makeup,
2020-08-04,372363.24410062784,684.0,9.493407356002775,True,0.8659078289838978,daily_makeup,
2021-05-26,371345.43169874104,685.0,9.507286606523248,True,0.8659078289838978,daily_makeup,
2020-06-05,370752.0468086521,686.0,9.52116585704372,True,0.8659078289838978,daily_makeup,
2020-09-11,362452.6294927769,687.0,9.53504510756419,True,0.8659078289838978,daily_makeup,
2015-09-04,360886.13585618907,688.0,9.548924358084664,True,0.8659078289838978,daily_makeup,
2016-07-17,358459.52663656994,689.0,9.562803608605135,True,0.8659078289838978,daily_makeup,
2017-08-03,358126.5291965929,690.0,9.576682859125608,True,0.8659078289838978,daily_makeup,
2022-07-17,356478.6451425994,691.0,9.59056210964608,True,0.8659078289838978,daily_makeup,
2011-07-31,355932.582997146,692.0,9.60444136016655,True,0.8659078289838978,daily_makeup,
2007-07-29,349718.5448098679,693.0,9.618320610687023,True,0.8659078289838978,daily_makeup,
2007-09-26,349542.84596152493,694.0,9.632199861207495,True,0.8659078289838978,daily_makeup,
2016-05-27,348825.978942411,695.0,9.646079111727966,True,0.8659078289838978,daily_makeup,
2015-09-29,345068.61684180296,696.0,9.659958362248439,True,0.8659078289838978,daily_makeup,
2008-07-19,341271.45390107995,697.0,9.67383761276891,True,0.8659078289838978,daily_makeup,
2022-08-22,339887.2434251431,698.0,9.687716863289383,True,0.8659078289838978,daily_makeup,
2016-09-18,337941.1639990203,699.0,9.701596113809854,True,0.8659078289838978,daily_makeup,
2011-05-27,336914.6455345978,700.0,9.715475364330326,True,0.8659078289838978,daily_makeup,
2019-07-12,336687.19463546865,701.0,9.729354614850799,True,0.8659078289838978,daily_makeup,
2017-08-02,335631.6705283226,702.0,9.74323386537127,True,0.8659078289838978,daily_makeup,
2022-07-22,334576.00058959634,703.0,9.757113115891741,True,0.8659078289838978,daily_makeup,
2018-08-10,333876.4012564878,704.0,9.770992366412214,True,0.8659078289838978,daily_makeup,
2012-05-27,333234.70017762866,705.0,9.784871616932685,True,0.8659078289838978,daily_makeup,
2024-08-10,331255.60524968413,706.0,9.798750867453158,True,0.8659078289838978,daily_makeup,
2013-08-22,330676.43002706056,707.0,9.81263011797363,True,0.8659078289838978,daily_makeup,
2010-07-17,328944.6712394236,708.0,9.8265093684941,True,0.8659078289838978,daily_makeup,
2006-07-25,327646.203217758,709.0,9.840388619014574,True,0.8659078289838978,daily_makeup,
2023-08-18,327577.89710219565,710.0,9.854267869535045,True,0.8659078289838978,daily_makeup,
2023-08-26,322512.94993438094,711.0,9.868147120055516,True,0.8659078289838978,daily_makeup,
2007-09-11,321446.49744166137,712.0,9.88202637057599,True,0.8659078289838978,daily_makeup,
2020-08-28,320003.41548945144,713.0,9.89590562109646,True,0.8659078289838978,daily_makeup,
2013-05-22,315710.4929210284,714.0,9.909784871616933,True,0.8659078289838978,daily_makeup,
2013-06-23,314850.29302273685,715.0,9.923664122137405,True,0.8659078289838978,daily_makeup,
2017-08-15,309298.2044585333,716.0,9.937543372657876,True,0.8659078289838978,daily_makeup,
2011-08-18,308844.62080135423,717.0,9.951422623178349,True,0.8659078289838978,daily_makeup,
2008-07-12,307082.718252158,718.0,9.96530187369882,True,0.8659078289838978,daily_makeup,
2009-07-25,304640.2261079159,719.0,9.979181124219291,True,0.8659078289838978,daily_makeup,
2005-06-08,304158.3373764715,720.0,9.993060374739764,True,0.8659078289838978,daily_makeup,
2024-07-29,302375.2431346864,721.0,10.006939625260236,True,0.8659078289838978,daily_makeup,
2013-06-01,301040.5219347609,722.0,10.020818875780709,True,0.8659078289838978,daily_makeup,
2015-05-28,301009.9414594465,723.0,10.03469812630118,True,0.8659078289838978,daily_makeup,
2021-07-29,299318.1912982615,724.0,10.048577376821651,True,0.8659078289838978,daily_makeup,
2010-06-12,298578.21653523203,725.0,10.062456627342124,True,0.8659078289838978,daily_makeup,
2018-08-11,298281.99415917223,726.0,10.076335877862595,True,0.8659078289838978,daily_makeup,
2024-07-23,292120.16416516365,727.0,10.090215128383067,True,0.8659078289838978,daily_makeup,
2007-07-26,291787.3603231456,728.0,10.10409437890354,True,0.8659078289838978,daily_makeup,
2005-06-25,291386.8472689434,729.0,10.11797362942401,True,0.8659078289838978,daily_makeup,
2018-05-31,290534.28101330664,730.0,10.131852879944484,True,0.8659078289838978,daily_makeup,
2007-07-15,289010.46961402096,731.0,10.145732130464955,True,0.8659078289838978,daily_makeup,
2005-08-01,288344.28601523873,732.0,10.159611380985426,True,0.8659078289838978,daily_makeup,
2016-07-01,287937.2234022344,733.0,10.1734906315059,True,0.8659078289838978,daily_makeup,
2017-07-07,286051.6773901318,734.0,10.18736988202637,True,0.8659078289838978,daily_makeup,
2010-09-28,285965.583848959,735.0,10.201249132546842,True,0.8659078289838978,daily_makeup,
2010-05-26,284848.1953721174,736.0,10.215128383067315,True,0.8659078289838978,daily_makeup,
2021-09-08,281818.200117751,737.0,10.229007633587786,True,0.8659078289838978,daily_makeup,
2008-07-27,279614.5214446167,738.0,10.242886884108259,True,0.8659078289838978,daily_makeup,
2010-09-03,278019.1994657172,739.0,10.25676613462873,True,0.8659078289838978,daily_makeup,
2019-08-08,277478.9130883452,740.0,10.270645385149201,True,0.8659078289838978,daily_makeup,
2011-06-24,277403.79607415263,741.0,10.284524635669674,True,0.8659078289838978,daily_makeup,
2009-06-26,275165.77846495213,742.0,10.298403886190146,True,0.8659078289838978,daily_makeup,
2017-06-12,271915.86213261,743.0,10.312283136710617,True,0.8659078289838978,daily_makeup,
2018-06-24,271341.0481157637,744.0,10.32616238723109,True,0.8659078289838978,daily_makeup,
2016-07-27,271042.66810089565,745.0,10.340041637751561,True,0.8659078289838978,daily_makeup,
2015-07-15,270375.95982790843,746.0,10.353920888272034,True,0.8659078289838978,daily_makeup,
2011-06-10,269770.53220708354,747.0,10.367800138792505,True,0.8659078289838978,daily_makeup,
2015-07-26,268421.919909056,748.0,10.381679389312977,True,0.8659078289838978,daily_makeup,
2013-06-02,264865.40855532704,749.0,10.39555863983345,True,0.8659078289838978,daily_makeup,
2017-06-22,262908.97917220276,750.0,10.40943789035392,True,0.8659078289838978,daily_makeup,
2017-07-15,260757.63396618364,751.0,10.423317140874392,True,0.8659078289838978,daily_makeup,
2013-08-30,260658.775571355,752.0,10.437196391394865,True,0.8659078289838978,daily_makeup,
2007-06-02,260382.00039926925,753.0,10.451075641915336,True,0.8659078289838978,daily_makeup,
2010-09-01,258177.1207096743,754.0,10.46495489243581,True,0.8659078289838978,daily_makeup,
2009-07-17,254815.70130232535,755.0,10.47883414295628,True,0.8659078289838978,daily_makeup,
2013-05-31,254563.80597156764,756.0,10.492713393476752,True,0.8659078289838978,daily_makeup,
2008-09-13,252975.4278509293,757.0,10.506592643997225,True,0.8659078289838978,daily_makeup,
2011-06-29,252566.80810527707,758.0,10.520471894517696,True,0.8659078289838978,daily_makeup,
2023-08-17,251793.65765186877,759.0,10.534351145038167,True,0.8659078289838978,daily_makeup,
2008-09-15,247945.4244155608,760.0,10.54823039555864,True,0.8659078289838978,daily_makeup,
2022-07-23,245594.3184593907,761.0,10.562109646079112,True,0.8659078289838978,daily_makeup,
2009-08-14,245249.35862099266,762.0,10.575988896599583,True,0.8659078289838978,daily_makeup,
2011-08-28,242265.35999865393,763.0,10.589868147120056,True,0.8659078289838978,daily_makeup,
2021-07-18,241944.39004105885,764.0,10.603747397640527,True,0.8659078289838978,daily_makeup,
2018-07-10,241619.5022888966,765.0,10.617626648161,True,0.8659078289838978,daily_makeup,
2007-08-26,241536.29254896287,766.0,10.631505898681471,True,0.8659078289838978,daily_makeup,
2017-07-10,241152.13542802993,767.0,10.645385149201942,True,0.8659078289838978,daily_makeup,
2019-07-23,241123.05622060935,768.0,10.659264399722415,True,0.8659078289838978,daily_makeup,
2013-05-21,239873.63117015595,769.0,10.673143650242887,True,0.8659078289838978,daily_makeup,
2021-06-19,236696.22210110363,770.0,10.687022900763358,True,0.8659078289838978,daily_makeup,
2020-06-27,236388.4342542524,771.0,10.700902151283831,True,0.8659078289838978,daily_makeup,
2012-06-30,232121.86600578105,772.0,10.714781401804302,True,0.8659078289838978,daily_makeup,
2018-09-13,229945.89379343734,773.0,10.728660652324775,True,0.8659078289838978,daily_makeup,
2010-07-05,225335.44991048428,774.0,10.742539902845246,True,0.8659078289838978,daily_makeup,
2013-08-28,222055.1317790121,775.0,10.756419153365718,True,0.8659078289838978,daily_makeup,
2020-07-31,221844.7314687694,776.0,10.77029840388619,True,0.8659078289838978,daily_makeup,
2008-08-02,221316.04608014386,777.0,10.784177654406662,True,0.8659078289838978,daily_makeup,
2007-08-09,220730.89371455897,778.0,10.798056904927133,True,0.8659078289838978,daily_makeup,
2019-09-23,212146.9071887291,779.0,10.811936155447606,True,0.8659078289838978,daily_makeup,
2024-06-14,211797.4730679585,780.0,10.825815405968077,True,0.8659078289838978,daily_makeup,
2012-07-19,210836.73984675074,781.0,10.83969465648855,True,0.8659078289838978,daily_makeup,
2024-09-26,210296.83107426297,782.0,10.853573907009022,True,0.8659078289838978,daily_makeup,
2023-07-17,209149.06529670645,783.0,10.867453157529493,True,0.8659078289838978,daily_makeup,
2011-09-03,209085.5578223848,784.0,10.881332408049966,True,0.8659078289838978,daily_makeup,
2005-08-03,207940.8507595539,785.0,10.895211658570437,True,0.8659078289838978,daily_makeup,
2012-08-28,206706.14449025918,786.0,10.909090909090908,True,0.8659078289838978,daily_makeup,
2017-06-24,206318.45698353893,787.0,10.922970159611381,True,0.8659078289838978,daily_makeup,
2014-06-13,205814.278217459,788.0,10.936849410131853,True,0.8659078289838978,daily_makeup,
2017-08-17,205324.56642284157,789.0,10.950728660652326,True,0.8659078289838978,daily_makeup,
2024-07-21,197603.1374493668,790.0,10.964607911172797,True,0.8659078289838978,daily_makeup,
2016-07-16,197550.0784143934,791.0,10.978487161693268,True,0.8659078289838978,daily_makeup,
2008-07-17,196104.58909927035,792.0,10.992366412213741,True,0.8659078289838978,daily_makeup,
2019-09-28,195795.6202988315,793.0,11.006245662734212,True,0.8659078289838978,daily_makeup,
2013-07-28,193608.76202498373,794.0,11.020124913254683,True,0.8659078289838978,daily_makeup,
2007-07-30,193153.78636696032,795.0,11.034004163775156,True,0.8659078289838978,daily_makeup,
2005-07-21,190244.4890013293,796.0,11.047883414295628,True,0.8659078289838978,daily_makeup,
2007-08-01,190152.51389836468,797.0,11.0617626648161,True,0.8659078289838978,daily_makeup,
2016-08-18,189874.31930767454,798.0,11.075641915336572,True,0.8659078289838978,daily_makeup,
2015-08-30,189138.6423396896,799.0,11.089521165857043,True,0.8659078289838978,daily_makeup,
2011-09-14,186595.91388218058,800.0,11.103400416377516,True,0.8659078289838978,daily_makeup,
2024-07-25,184424.16611337912,801.0,11.117279666897987,True,0.8659078289838978,daily_makeup,
2008-05-27,183771.53966109414,802.0,11.131158917418459,True,0.8659078289838978,daily_makeup,
2020-07-04,183711.2630041512,803.0,11.145038167938932,True,0.8659078289838978,daily_makeup,
2023-09-11,182839.22808561567,804.0,11.158917418459403,True,0.8659078289838978,daily_makeup,
2022-06-27,182227.90944365764,805.0,11.172796668979876,True,0.8659078289838978,daily_makeup,
2010-10-01,181130.45225506788,806.0,11.186675919500347,True,0.8659078289838978,daily_makeup,
2022-07-19,180998.76335646465,807.0,11.200555170020818,True,0.8659078289838978,daily_makeup,
2012-08-01,176965.09198828845,808.0,11.214434420541291,True,0.8659078289838978,daily_makeup,
2021-08-31,176639.5551785207,809.0,11.228313671061763,True,0.8659078289838978,daily_makeup,
2007-10-08,176164.28781315484,810.0,11.242192921582234,True,0.8659078289838978,daily_makeup,
2024-06-17,174526.90488822496,811.0,11.256072172102707,True,0.8659078289838978,daily_makeup,
2020-08-14,174012.28795637743,812.0,11.269951422623178,True,0.8659078289838978,daily_makeup,
2014-07-22,170917.17787420942,813.0,11.283830673143651,True,0.8659078289838978,daily_makeup,
2007-09-27,167643.47116132738,814.0,11.297709923664122,True,0.8659078289838978,daily_makeup,
2017-08-01,165835.70926931157,815.0,11.311589174184594,True,0.8659078289838978,daily_makeup,
2005-06-27,163802.79337750163,816.0,11.325468424705067,True,0.8659078289838978,daily_makeup,
2020-07-18,163286.73026066585,817.0,11.339347675225538,True,0.8659078289838978,daily_makeup,
2011-06-21,162523.79783768533,818.0,11.353226925746009,True,0.8659078289838978,daily_makeup,
2019-06-18,161656.95388797286,819.0,11.367106176266482,True,0.8659078289838978,daily_makeup,
2012-08-08,161019.34044679202,820.0,11.380985426786953,True,0.8659078289838978,daily_makeup,
2017-08-16,160466.8109380105,821.0,11.394864677307426,True,0.8659078289838978,daily_makeup,
2015-08-11,159093.902925266,822.0,11.408743927827897,True,0.8659078289838978,daily_makeup,
2023-08-16,159092.43265267176,823.0,11.422623178348369,True,0.8659078289838978,daily_makeup,
2019-09-02,158547.03117198683,824.0,11.436502428868842,True,0.8659078289838978,daily_makeup,
2010-06-01,158463.38690736052,825.0,11.450381679389313,True,0.8659078289838978,daily_makeup,
2010-07-12,157252.07490857912,826.0,11.464260929909784,True,0.8659078289838978,daily_makeup,
2020-07-02,155809.8830780835,827.0,11.478140180430257,True,0.8659078289838978,daily_makeup,
2011-08-06,155787.4334644575,828.0,11.492019430950728,True,0.8659078289838978,daily_makeup,
2007-06-01,151799.85080160818,829.0,11.505898681471201,True,0.8659078289838978,daily_makeup,
2007-09-22,149628.35624543653,830.0,11.519777931991673,True,0.8659078289838978,daily_makeup,
2017-07-02,148916.85597538983,831.0,11.533657182512144,True,0.8659078289838978,daily_makeup,
2011-09-09,146060.08208258182,832.0,11.547536433032617,True,0.8659078289838978,daily_makeup,
2023-06-24,145271.70364139145,833.0,11.561415683553088,True,0.8659078289838978,daily_makeup,
2011-07-04,145215.5951463632,834.0,11.57529493407356,True,0.8659078289838978,daily_makeup,
2014-09-11,142361.527749044,835.0,11.589174184594032,True,0.8659078289838978,daily_makeup,
2010-06-04,137422.96992603442,836.0,11.603053435114504,True,0.8659078289838978,daily_makeup,
2020-07-05,137389.9747634189,837.0,11.616932685634975,True,0.8659078289838978,daily_makeup,
2022-07-26,137089.1220230306,838.0,11.630811936155448,True,0.8659078289838978,daily_makeup,
2016-07-13,136598.5732483213,839.0,11.644691186675919,True,0.8659078289838978,daily_makeup,
2018-10-10,136598.5732483213,840.0,11.658570437196392,True,0.8659078289838978,daily_makeup,
2005-08-19,134935.12746302743,841.0,11.672449687716863,True,0.8659078289838978,daily_makeup,
2008-08-30,133307.87397584415,842.0,11.686328938237335,True,0.8659078289838978,daily_makeup,
2021-09-22,132395.16966128297,843.0,11.700208188757808,True,0.8659078289838978,daily_makeup,
2016-06-05,130683.86238751588,844.0,11.714087439278279,True,0.8659078289838978,daily_makeup,
2018-08-14,130662.51235304557,845.0,11.72796668979875,True,0.8659078289838978,daily_makeup,
2013-06-28,129232.42263862115,846.0,11.741845940319223,True,0.8659078289838978,daily_makeup,
2018-10-09,128710.05333827269,847.0,11.755725190839694,True,0.8659078289838978,daily_makeup,
2022-08-11,128684.82551511396,848.0,11.769604441360167,True,0.8659078289838978,daily_makeup,
2010-08-12,124404.33174618054,849.0,11.783483691880638,True,0.8659078289838978,daily_makeup,
2020-08-08,122079.51664874086,850.0,11.79736294240111,True,0.8659078289838978,daily_makeup,
2009-07-22,122079.51664874083,851.0,11.811242192921583,True,0.8659078289838978,daily_makeup,
2005-08-07,117173.56665673698,852.0,11.825121443442054,True,0.8659078289838978,daily_makeup,
2021-09-23,117050.56074501859,853.0,11.839000693962525,True,0.8659078289838978,daily_makeup,
2021-09-01,114572.80224071576,854.0,11.852879944482998,True,0.8659078289838978,daily_makeup,
2020-08-01,114117.9411753444,855.0,11.86675919500347,True,0.8659078289838978,daily_makeup,
2023-08-14,112954.99441142894,856.0,11.880638445523942,True,0.8659078289838978,daily_makeup,
2014-08-27,112641.65885914478,857.0,11.894517696044414,True,0.8659078289838978,daily_makeup,
2006-06-19,112388.0439577995,858.0,11.908396946564885,True,0.8659078289838978,daily_makeup,
2018-08-26,112388.0439577995,859.0,11.922276197085358,True,0.8659078289838978,daily_makeup,
2017-08-23,110293.60803022777,860.0,11.93615544760583,True,0.8659078289838978,daily_makeup,
2010-09-22,109956.71613115273,861.0,11.9500346981263,True,0.8659078289838978,daily_makeup,
2007-08-17,107677.97687718476,862.0,11.963913948646773,True,0.8659078289838978,daily_makeup,
2022-09-04,107102.02159150773,863.0,11.977793199167245,True,0.8659078289838978,daily_makeup,
2013-08-10,107018.37069454772,864.0,11.991672449687718,True,0.8659078289838978,daily_makeup,
2022-05-31,106275.45625971725,865.0,12.005551700208189,True,0.8659078289838978,daily_makeup,
2023-09-03,100053.70351286206,866.0,12.01943095072866,True,0.8659078289838978,daily_makeup,
2022-06-25,99505.24832958431,867.0,12.033310201249133,True,0.8659078289838978,daily_makeup,
2016-07-24,98122.51617924757,868.0,12.047189451769604,True,0.8659078289838978,daily_makeup,
2012-08-15,96646.5427406317,869.0,12.061068702290076,True,0.8659078289838978,daily_makeup,
2005-06-07,94400.39688136206,870.0,12.074947952810549,True,0.8659078289838978,daily_makeup,
2010-08-08,93172.62636174377,871.0,12.08882720333102,True,0.8659078289838978,daily_makeup,
2015-09-03,91405.44873055822,872.0,12.102706453851493,True,0.8659078289838978,daily_makeup,
2006-05-29,91349.6235383562,873.0,12.116585704371964,True,0.8659078289838978,daily_makeup,
2022-09-13,90045.53189905151,874.0,12.130464954892435,True,0.8659078289838978,daily_makeup,
2005-06-12,88974.42897758797,875.0,12.144344205412908,True,0.8659078289838978,daily_makeup,
2008-06-27,88258.37349503703,876.0,12.15822345593338,True,0.8659078289838978,daily_makeup,
2010-07-11,88236.35893794458,877.0,12.17210270645385,True,0.8659078289838978,daily_makeup,
2015-09-10,87620.28517140064,878.0,12.185981956974324,True,0.8659078289838978,daily_makeup,
2006-06-29,84381.28275227302,879.0,12.199861207494795,True,0.8659078289838978,daily_makeup,
2009-06-25,79006.36020747648,880.0,12.213740458015268,True,0.8659078289838978,daily_makeup,
2010-06-19,76920.82888206851,881.0,12.22761970853574,True,0.8659078289838978,daily_makeup,
2020-07-29,76765.39360300062,882.0,12.24149895905621,True,0.8659078289838978,daily_makeup,
2014-07-09,76496.9834805448,883.0,12.255378209576683,True,0.8659078289838978,daily_makeup,
2019-08-01,75726.71272258705,884.0,12.269257460097155,True,0.8659078289838978,daily_makeup,
2011-08-19,75524.68289574333,885.0,12.283136710617626,True,0.8659078289838978,daily_makeup,
2012-08-31,74444.23111909097,886.0,12.297015961138099,True,0.8659078289838978,daily_makeup,
2015-06-19,72665.97730679074,887.0,12.31089521165857,True,0.8659078289838978,daily_makeup,
2011-09-27,71615.85096349084,888.0,12.324774462179043,True,0.8659078289838978,daily_makeup,
2006-08-10,71333.27141238374,889.0,12.338653712699514,True,0.8659078289838978,daily_makeup,
2014-06-10,70283.14506908384,890.0,12.352532963219986,True,0.8659078289838978,daily_makeup,
2014-06-18,70283.14506908384,891.0,12.366412213740459,True,0.8659078289838978,daily_makeup,
2006-06-02,67943.57861830185,892.0,12.38029146426093,True,0.8659078289838978,daily_makeup,
2017-07-27,67922.59742701208,893.0,12.394170714781401,True,0.8659078289838978,daily_makeup,
2018-06-29,67424.88329671725,894.0,12.408049965301874,True,0.8659078289838978,daily_makeup,
2023-07-20,67424.88329671725,895.0,12.421929215822345,True,0.8659078289838978,daily_makeup,
2024-08-26,67424.88329671725,896.0,12.435808466342818,True,0.8659078289838978,daily_makeup,
2023-07-19,65551.21065219151,897.0,12.44968771686329,True,0.8659078289838978,daily_makeup,
2011-07-26,65152.974091785785,898.0,12.46356696738376,True,0.8659078289838978,daily_makeup,
2021-09-18,65152.974091785785,899.0,12.477446217904234,True,0.8659078289838978,daily_makeup,
2015-06-13,64079.44854683536,900.0,12.491325468424705,True,0.8659078289838978,daily_makeup,
2023-08-13,64079.44854683536,901.0,12.505204718945176,True,0.8659078289838978,daily_makeup,
2010-09-27,63810.633453897004,902.0,12.51908396946565,True,0.8659078289838978,daily_makeup,
2021-10-04,63810.633453897004,903.0,12.53296321998612,True,0.8659078289838978,daily_makeup,
2013-05-30,62614.807102713734,904.0,12.546842470506594,True,0.8659078289838978,daily_makeup,
2015-05-31,61788.241770923254,905.0,12.560721721027065,True,0.8659078289838978,daily_makeup,
2008-07-06,60400.71731843205,906.0,12.574600971547536,True,0.8659078289838978,daily_makeup,
2008-09-05,54803.633331848585,907.0,12.588480222068009,True,0.8659078289838978,daily_makeup,
2024-08-19,54301.51376836767,908.0,12.60235947258848,True,0.8659078289838978,daily_makeup,
2009-08-02,53509.18534727386,909.0,12.616238723108951,True,0.8659078289838978,daily_makeup,
2016-08-01,53509.18534727386,910.0,12.630117973629424,True,0.8659078289838978,daily_makeup,
2011-08-05,51746.147288746084,911.0,12.643997224149896,True,0.8659078289838978,daily_makeup,
2015-08-24,51746.147288746084,912.0,12.657876474670367,True,0.8659078289838978,daily_makeup,
2022-08-21,51746.147288746084,913.0,12.67175572519084,True,0.8659078289838978,daily_makeup,
2008-09-04,50026.85175643103,914.0,12.685634975711311,True,0.8659078289838978,daily_makeup,
2019-06-28,50026.85175643103,915.0,12.699514226231784,True,0.8659078289838978,daily_makeup,
2011-04-27,49346.59280341698,916.0,12.713393476752255,True,0.8659078289838978,daily_makeup,
2017-10-10,49346.59280341698,917.0,12.727272727272727,True,0.8659078289838978,daily_makeup,
2018-06-14,49346.59280341698,918.0,12.7411519777932,True,0.8659078289838978,daily_makeup,
2020-05-28,49346.59280341698,919.0,12.75503122831367,True,0.8659078289838978,daily_makeup,
2024-06-24,49346.59280341698,920.0,12.768910478834142,True,0.8659078289838978,daily_makeup,
2017-09-16,48655.74779819991,921.0,12.782789729354615,True,0.8659078289838978,daily_makeup,
2006-08-25,47635.28552964988,922.0,12.796668979875086,True,0.8659078289838978,daily_makeup,
2011-09-22,47635.28552964988,923.0,12.81054823039556,True,0.8659078289838978,daily_makeup,
2023-07-21,46628.424973274916,924.0,12.82442748091603,True,0.8659078289838978,daily_makeup,
2009-09-23,45295.7190788679,925.0,12.838306731436502,True,0.8659078289838978,daily_makeup,
2008-07-13,44487.21448879399,926.0,12.852185981956975,True,0.8659078289838978,daily_makeup,
2008-08-06,44487.21448879399,927.0,12.866065232477446,True,0.8659078289838978,daily_makeup,
2013-08-27,44487.21448879399,928.0,12.879944482997917,True,0.8659078289838978,daily_makeup,
2015-08-04,44487.21448879399,929.0,12.89382373351839,True,0.8659078289838978,daily_makeup,
2016-07-12,44487.21448879399,930.0,12.907702984038862,True,0.8659078289838978,daily_makeup,
2016-08-09,44487.21448879399,931.0,12.921582234559335,True,0.8659078289838978,daily_makeup,
2021-08-06,44487.21448879399,932.0,12.935461485079806,True,0.8659078289838978,daily_makeup,
2007-07-08,43749.1444491506,933.0,12.949340735600277,True,0.8659078289838978,daily_makeup,
2014-07-07,43749.1444491506,934.0,12.96321998612075,True,0.8659078289838978,daily_makeup,
2005-06-15,42903.35111275756,935.0,12.977099236641221,True,0.8659078289838978,daily_makeup,
2015-07-31,36764.53601007592,936.0,12.990978487161692,True,0.8659078289838978,daily_makeup,
2017-07-14,36764.53601007592,937.0,13.004857737682165,True,0.8659078289838978,daily_makeup,
2024-08-07,36764.53601007592,938.0,13.018736988202637,True,0.8659078289838978,daily_makeup,
2006-07-10,30320.948334526707,939.0,13.03261623872311,True,0.8659078289838978,daily_makeup,
2007-07-17,30320.948334526707,940.0,13.046495489243581,True,0.8659078289838978,daily_makeup,
2007-10-04,28776.67852060916,941.0,13.060374739764052,True,0.8659078289838978,daily_makeup,
2012-08-17,26470.131724113766,942.0,13.074253990284525,True,0.8659078289838978,daily_makeup,
2010-08-21,25019.24631425452,943.0,13.088133240804996,True,0.8659078289838978,daily_makeup,
2018-05-27,25019.24631425452,944.0,13.102012491325468,True,0.8659078289838978,daily_makeup,
2023-08-10,25019.24631425452,945.0,13.11589174184594,True,0.8659078289838978,daily_makeup,
2008-06-06,23980.565433840966,946.0,13.129770992366412,True,0.8659078289838978,daily_makeup,
2009-08-26,23980.565433840966,947.0,13.143650242886885,True,0.8659078289838978,daily_makeup,
2010-08-17,23980.565433840966,948.0,13.157529493407356,True,0.8659078289838978,daily_makeup,
2017-09-26,23980.565433840966,949.0,13.171408743927827,True,0.8659078289838978,daily_makeup,
2019-06-24,23980.565433840966,950.0,13.1852879944483,True,0.8659078289838978,daily_makeup,
2020-06-21,23980.565433840966,951.0,13.199167244968772,True,0.8659078289838978,daily_makeup,
2020-07-15,23980.565433840966,952.0,13.213046495489243,True,0.8659078289838978,daily_makeup,
2022-09-05,23980.565433840966,953.0,13.226925746009716,True,0.8659078289838978,daily_makeup,
2024-06-05,23980.565433840966,954.0,13.240804996530187,True,0.8659078289838978,daily_makeup,
2005-08-15,22647.85953943395,955.0,13.25468424705066,True,0.8659078289838978,daily_makeup,
2006-08-19,22647.85953943395,956.0,13.268563497571131,True,0.8659078289838978,daily_makeup,
2006-09-24,22647.85953943395,957.0,13.282442748091603,True,0.8659078289838978,daily_makeup,
2007-07-05,22647.85953943395,958.0,13.296321998612076,True,0.8659078289838978,daily_makeup,
2009-08-01,22647.85953943395,959.0,13.310201249132547,True,0.8659078289838978,daily_makeup,
2014-08-01,22647.85953943395,960.0,13.324080499653018,True,0.8659078289838978,daily_makeup,
2018-08-22,22647.85953943395,961.0,13.337959750173491,True,0.8659078289838978,daily_makeup,
2021-07-21,22647.85953943395,962.0,13.351839000693962,True,0.8659078289838978,daily_makeup,
2022-06-02,22647.85953943395,963.0,13.365718251214435,True,0.8659078289838978,daily_makeup,
2022-07-05,22647.85953943395,964.0,13.379597501734906,True,0.8659078289838978,daily_makeup,
2023-06-25,22647.85953943395,965.0,13.393476752255378,True,0.8659078289838978,daily_makeup,
2017-05-17,18039.09732177266,966.0,13.40735600277585,True,0.8659078289838978,daily_makeup,
2005-01-01,0.0,967.0,13.421235253296322,False,0.8659078289838978,daily_makeup,
2005-01-02,0.0,968.0,13.435114503816793,False,0.8659078289838978,daily_makeup,
2005-01-03,0.0,969.0,13.448993754337266,False,0.8659078289838978,daily_makeup,
2005-01-04,0.0,970.0,13.462873004857737,False,0.8659078289838978,daily_makeup,
2005-01-05,0.0,971.0,13.47675225537821,False,0.8659078289838978,daily_makeup,
2005-01-06,0.0,972.0,13.490631505898682,False,0.8659078289838978,daily_makeup,
2005-01-07,0.0,973.0,13.504510756419153,False,0.8659078289838978,daily_makeup,
2005-01-08,0.0,974.0,13.518390006939626,False,0.8659078289838978,daily_makeup,
2005-01-09,0.0,975.0,13.532269257460097,False,0.8659078289838978,daily_makeup,
2005-01-10,0.0,976.0,13.546148507980568,False,0.8659078289838978,daily_makeup,
2005-01-11,0.0,977.0,13.560027758501041,False,0.8659078289838978,daily_makeup,
2005-01-12,0.0,978.0,13.573907009021513,False,0.8659078289838978,daily_makeup,
2005-01-13,0.0,979.0,13.587786259541986,False,0.8659078289838978,daily_makeup,
2005-01-14,0.0,980.0,13.601665510062457,False,0.8659078289838978,daily_makeup,
2005-01-15,0.0,981.0,13.615544760582928,False,0.8659078289838978,daily_makeup,
2005-01-16,0.0,982.0,13.629424011103401,False,0.8659078289838978,daily_makeup,
2005-01-17,0.0,983.0,13.643303261623872,False,0.8659078289838978,daily_makeup,
2005-01-18,0.0,984.0,13.657182512144344,False,0.8659078289838978,daily_makeup,
2005-01-19,0.0,985.0,13.671061762664817,False,0.8659078289838978,daily_makeup,
2005-01-20,0.0,986.0,13.684941013185288,False,0.8659078289838978,daily_makeup,
2005-01-21,0.0,987.0,13.698820263705759,False,0.8659078289838978,daily_makeup,
2005-01-22,0.0,988.0,13.712699514226232,False,0.8659078289838978,daily_makeup,
2005-01-23,0.0,989.0,13.726578764746703,False,0.8659078289838978,daily_makeup,
2005-01-24,0.0,990.0,13.740458015267176,False,0.8659078289838978,daily_makeup,
2005-01-25,0.0,991.0,13.754337265787647,False,0.8659078289838978,daily_makeup,
2005-01-26,0.0,992.0,13.768216516308119,False,0.8659078289838978,daily_makeup,
2005-01-27,0.0,993.0,13.782095766828592,False,0.8659078289838978,daily_makeup,
2005-01-28,0.0,994.0,13.795975017349063,False,0.8659078289838978,daily_makeup,
2005-01-29,0.0,995.0,13.809854267869534,False,0.8659078289838978,daily_makeup,
2005-01-30,0.0,996.0,13.823733518390007,False,0.8659078289838978,daily_makeup,
2005-01-31,0.0,997.0,13.837612768910478,False,0.8659078289838978,daily_makeup,
2005-02-01,0.0,998.0,13.851492019430951,False,0.8659078289838978,daily_makeup,
2005-02-02,0.0,999.0,13.865371269951423,False,0.8659078289838978,daily_makeup,
2005-02-03,0.0,1000.0,13.879250520471894,False,0.8659078289838978,daily_makeup,
2005-02-04,0.0,1001.0,13.893129770992367,False,0.8659078289838978,daily_makeup,
2005-02-05,0.0,1002.0,13.907009021512838,False,0.8659078289838978,daily_makeup,
2005-02-06,0.0,1003.0,13.92088827203331,False,0.8659078289838978,daily_makeup,
2005-02-07,0.0,1004.0,13.934767522553782,False,0.8659078289838978,daily_makeup,
2005-02-08,0.0,1005.0,13.948646773074254,False,0.8659078289838978,daily_makeup,
2005-02-09,0.0,1006.0,13.962526023594727,False,0.8659078289838978,daily_makeup,
2005-02-10,0.0,1007.0,13.976405274115198,False,0.8659078289838978,daily_makeup,
2005-02-11,0.0,1008.0,13.990284524635669,False,0.8659078289838978,daily_makeup,
2005-02-12,0.0,1009.0,14.004163775156142,False,0.8659078289838978,daily_makeup,
2005-02-13,0.0,1010.0,14.018043025676613,False,0.8659078289838978,daily_makeup,
2005-02-14,0.0,1011.0,14.031922276197085,False,0.8659078289838978,daily_makeup,
2005-02-15,0.0,1012.0,14.045801526717558,False,0.8659078289838978,daily_makeup,
2005-02-16,0.0,1013.0,14.059680777238029,False,0.8659078289838978,daily_makeup,
2005-02-17,0.0,1014.0,14.073560027758502,False,0.8659078289838978,daily_makeup,
2005-02-18,0.0,1015.0,14.087439278278973,False,0.8659078289838978,daily_makeup,
2005-02-19,0.0,1016.0,14.101318528799444,False,0.8659078289838978,daily_makeup,
2005-02-20,0.0,1017.0,14.115197779319917,False,0.8659078289838978,daily_makeup,
2005-02-21,0.0,1018.0,14.129077029840388,False,0.8659078289838978,daily_makeup,
2005-02-22,0.0,1019.0,14.14295628036086,False,0.8659078289838978,daily_makeup,
2005-02-23,0.0,1020.0,14.156835530881333,False,0.8659078289838978,daily_makeup,
2005-02-24,0.0,1021.0,14.170714781401804,False,0.8659078289838978,daily_makeup,
2005-02-25,0.0,1022.0,14.184594031922277,False,0.8659078289838978,daily_makeup,
2005-02-26,0.0,1023.0,14.198473282442748,False,0.8659078289838978,daily_makeup,
2005-02-27,0.0,1024.0,14.21235253296322,False,0.8659078289838978,daily_makeup,
2005-02-28,0.0,1025.0,14.226231783483692,False,0.8659078289838978,daily_makeup,
2005-03-01,0.0,1026.0,14.240111034004164,False,0.8659078289838978,daily_makeup,
2005-03-02,0.0,1027.0,14.253990284524635,False,0.8659078289838978,daily_makeup,
2005-03-03,0.0,1028.0,14.267869535045108,False,0.8659078289838978,daily_makeup,
2005-03-04,0.0,1029.0,14.28174878556558,False,0.8659078289838978,daily_makeup,
2005-03-06,0.0,1030.0,14.295628036086052,False,0.8659078289838978,daily_makeup,
2005-03-07,0.0,1031.0,14.309507286606523,False,0.8659078289838978,daily_makeup,
2005-03-08,0.0,1032.0,14.323386537126995,False,0.8659078289838978,daily_makeup,
2005-03-09,0.0,1033.0,14.337265787647468,False,0.8659078289838978,daily_makeup,
2005-03-10,0.0,1034.0,14.351145038167939,False,0.8659078289838978,daily_makeup,
2005-03-11,0.0,1035.0,14.36502428868841,False,0.8659078289838978,daily_makeup,
2005-03-12,0.0,1036.0,14.378903539208883,False,0.8659078289838978,daily_makeup,
2005-03-13,0.0,1037.0,14.392782789729354,False,0.8659078289838978,daily_makeup,
2005-03-14,0.0,1038.0,14.406662040249827,False,0.8659078289838978,daily_makeup,
2005-03-15,0.0,1039.0,14.420541290770299,False,0.8659078289838978,daily_makeup,
2005-03-16,0.0,1040.0,14.43442054129077,False,0.8659078289838978,daily_makeup,
2005-03-17,0.0,1041.0,14.448299791811243,False,0.8659078289838978,daily_makeup,
2005-03-18,0.0,1042.0,14.462179042331714,False,0.8659078289838978,daily_makeup,
2005-03-19,0.0,1043.0,14.476058292852185,False,0.8659078289838978,daily_makeup,
2005-03-20,0.0,1044.0,14.489937543372658,False,0.8659078289838978,daily_makeup,
2005-03-21,0.0,1045.0,14.50381679389313,False,0.8659078289838978,daily_makeup,
2005-03-22,0.0,1046.0,14.517696044413603,False,0.8659078289838978,daily_makeup,
2005-03-23,0.0,1047.0,14.531575294934074,False,0.8659078289838978,daily_makeup,
2005-03-24,0.0,1048.0,14.545454545454545,False,0.8659078289838978,daily_makeup,
2005-03-25,0.0,1049.0,14.559333795975018,False,0.8659078289838978,daily_makeup,
2005-03-26,0.0,1050.0,14.57321304649549,False,0.8659078289838978,daily_makeup,
2005-03-27,0.0,1051.0,14.58709229701596,False,0.8659078289838978,daily_makeup,
2005-03-28,0.0,1052.0,14.600971547536433,False,0.8659078289838978,daily_makeup,
2005-03-29,0.0,1053.0,14.614850798056905,False,0.8659078289838978,daily_makeup,
2005-03-30,0.0,1054.0,14.628730048577378,False,0.8659078289838978,daily_makeup,
2005-03-31,0.0,1055.0,14.642609299097849,False,0.8659078289838978,daily_makeup,
2005-04-01,0.0,1056.0,14.65648854961832,False,0.8659078289838978,daily_makeup,
2005-04-02,0.0,1057.0,14.670367800138793,False,0.8659078289838978,daily_makeup,
2005-04-03,0.0,1058.0,14.684247050659264,False,0.8659078289838978,daily_makeup,
2005-04-04,0.0,1059.0,14.698126301179736,False,0.8659078289838978,daily_makeup,
2005-04-05,0.0,1060.0,14.712005551700209,False,0.8659078289838978,daily_makeup,
2005-04-06,0.0,1061.0,14.72588480222068,False,0.8659078289838978,daily_makeup,
2005-04-07,0.0,1062.0,14.739764052741151,False,0.8659078289838978,daily_makeup,
2005-04-08,0.0,1063.0,14.753643303261624,False,0.8659078289838978,daily_makeup,
2005-04-09,0.0,1064.0,14.767522553782095,False,0.8659078289838978,daily_makeup,
2005-04-10,0.0,1065.0,14.781401804302568,False,0.8659078289838978,daily_makeup,
2005-04-11,0.0,1066.0,14.79528105482304,False,0.8659078289838978,daily_makeup,
2005-04-12,0.0,1067.0,14.80916030534351,False,0.8659078289838978,daily_makeup,
2005-04-13,0.0,1068.0,14.823039555863984,False,0.8659078289838978,daily_makeup,
2005-04-14,0.0,1069.0,14.836918806384455,False,0.8659078289838978,daily_makeup,
2005-04-15,0.0,1070.0,14.850798056904926,False,0.8659078289838978,daily_makeup,
2005-04-16,0.0,1071.0,14.8646773074254,False,0.8659078289838978,daily_makeup,
2005-04-17,0.0,1072.0,14.87855655794587,False,0.8659078289838978,daily_makeup,
2005-04-18,0.0,1073.0,14.892435808466344,False,0.8659078289838978,daily_makeup,
2005-04-19,0.0,1074.0,14.906315058986815,False,0.8659078289838978,daily_makeup,
2005-04-20,0.0,1075.0,14.920194309507286,False,0.8659078289838978,daily_makeup,
2005-04-21,0.0,1076.0,14.934073560027759,False,0.8659078289838978,daily_makeup,
2005-04-22,0.0,1077.0,14.94795281054823,False,0.8659078289838978,daily_makeup,
2005-04-23,0.0,1078.0,14.961832061068701,False,0.8659078289838978,daily_makeup,
2005-04-24,0.0,1079.0,14.975711311589174,False,0.8659078289838978,daily_makeup,
2005-04-25,0.0,1080.0,14.989590562109646,False,0.8659078289838978,daily_makeup,
2005-04-26,0.0,1081.0,15.003469812630119,False,0.8659078289838978,daily_makeup,
2005-04-27,0.0,1082.0,15.01734906315059,False,0.8659078289838978,daily_makeup,
2005-04-28,0.0,1083.0,15.031228313671061,False,0.8659078289838978,daily_makeup,
2005-04-29,0.0,1084.0,15.045107564191534,False,0.8659078289838978,daily_makeup,
2005-04-30,0.0,1085.0,15.058986814712005,False,0.8659078289838978,daily_makeup,
2005-05-01,0.0,1086.0,15.072866065232477,False,0.8659078289838978,daily_makeup,
2005-05-02,0.0,1087.0,15.08674531575295,False,0.8659078289838978,daily_makeup,
2005-05-03,0.0,1088.0,15.10062456627342,False,0.8659078289838978,daily_makeup,
2005-05-04,0.0,1089.0,15.114503816793894,False,0.8659078289838978,daily_makeup,
2005-05-05,0.0,1090.0,15.128383067314365,False,0.8659078289838978,daily_makeup,
2005-05-06,0.0,1091.0,15.142262317834836,False,0.8659078289838978,daily_makeup,
2005-05-07,0.0,1092.0,15.15614156835531,False,0.8659078289838978,daily_makeup,
2005-05-08,0.0,1093.0,15.17002081887578,False,0.8659078289838978,daily_makeup,
2005-05-09,0.0,1094.0,15.183900069396252,False,0.8659078289838978,daily_makeup,
2005-05-10,0.0,1095.0,15.197779319916725,False,0.8659078289838978,daily_makeup,
2005-05-11,0.0,1096.0,15.211658570437196,False,0.8659078289838978,daily_makeup,
2005-05-12,0.0,1097.0,15.225537820957669,False,0.8659078289838978,daily_makeup,
2005-05-13,0.0,1098.0,15.23941707147814,False,0.8659078289838978,daily_makeup,
2005-05-14,0.0,1099.0,15.253296321998612,False,0.8659078289838978,daily_makeup,
2005-05-15,0.0,1100.0,15.267175572519085,False,0.8659078289838978,daily_makeup,
2005-05-16,0.0,1101.0,15.281054823039556,False,0.8659078289838978,daily_makeup,
2005-05-17,0.0,1102.0,15.294934073560027,False,0.8659078289838978,daily_makeup,
2005-05-18,0.0,1103.0,15.3088133240805,False,0.8659078289838978,daily_makeup,
2005-05-19,0.0,1104.0,15.322692574600971,False,0.8659078289838978,daily_makeup,
2005-05-20,0.0,1105.0,15.336571825121444,False,0.8659078289838978,daily_makeup,
2005-05-21,0.0,1106.0,15.350451075641915,False,0.8659078289838978,daily_makeup,
2005-05-22,0.0,1107.0,15.364330326162387,False,0.8659078289838978,daily_makeup,
2005-05-23,0.0,1108.0,15.37820957668286,False,0.8659078289838978,daily_makeup,
2005-05-24,0.0,1109.0,15.392088827203331,False,0.8659078289838978,daily_makeup,
2005-05-25,0.0,1110.0,15.405968077723802,False,0.8659078289838978,daily_makeup,
2005-05-26,0.0,1111.0,15.419847328244275,False,0.8659078289838978,daily_makeup,
2005-05-27,0.0,1112.0,15.433726578764746,False,0.8659078289838978,daily_makeup,
2005-05-28,0.0,1113.0,15.44760582928522,False,0.8659078289838978,daily_makeup,
2005-05-29,0.0,1114.0,15.46148507980569,False,0.8659078289838978,daily_makeup,
2005-06-01,0.0,1115.0,15.475364330326162,False,0.8659078289838978,daily_makeup,
2005-06-02,0.0,1116.0,15.489243580846635,False,0.8659078289838978,daily_makeup,
2005-06-03,0.0,1117.0,15.503122831367106,False,0.8659078289838978,daily_makeup,
2005-06-04,0.0,1118.0,15.517002081887577,False,0.8659078289838978,daily_makeup,
2005-06-05,0.0,1119.0,15.53088133240805,False,0.8659078289838978,daily_makeup,
2005-06-16,0.0,1120.0,15.544760582928522,False,0.8659078289838978,daily_makeup,
2005-06-17,0.0,1121.0,15.558639833448995,False,0.8659078289838978,daily_makeup,
2005-06-18,0.0,1122.0,15.572519083969466,False,0.8659078289838978,daily_makeup,
2005-06-19,0.0,1123.0,15.586398334489937,False,0.8659078289838978,daily_makeup,
2005-06-20,0.0,1124.0,15.60027758501041,False,0.8659078289838978,daily_makeup,
2005-06-21,0.0,1125.0,15.614156835530881,False,0.8659078289838978,daily_makeup,
2005-06-22,0.0,1126.0,15.628036086051353,False,0.8659078289838978,daily_makeup,
2005-06-23,0.0,1127.0,15.641915336571826,False,0.8659078289838978,daily_makeup,
2005-06-24,0.0,1128.0,15.655794587092297,False,0.8659078289838978,daily_makeup,
2005-07-02,0.0,1129.0,15.66967383761277,False,0.8659078289838978,daily_makeup,
2005-07-03,0.0,1130.0,15.683553088133241,False,0.8659078289838978,daily_makeup,
2005-07-04,0.0,1131.0,15.697432338653712,False,0.8659078289838978,daily_makeup,
2005-07-07,0.0,1132.0,15.711311589174185,False,0.8659078289838978,daily_makeup,
2005-07-08,0.0,1133.0,15.725190839694656,False,0.8659078289838978,daily_makeup,
2005-07-09,0.0,1134.0,15.739070090215128,False,0.8659078289838978,daily_makeup,
2005-07-10,0.0,1135.0,15.7529493407356,False,0.8659078289838978,daily_makeup,
2005-07-11,0.0,1136.0,15.766828591256072,False,0.8659078289838978,daily_makeup,
2005-07-24,0.0,1137.0,15.780707841776545,False,0.8659078289838978,daily_makeup,
2005-07-28,0.0,1138.0,15.794587092297016,False,0.8659078289838978,daily_makeup,
2005-07-29,0.0,1139.0,15.808466342817487,False,0.8659078289838978,daily_makeup,
2005-07-30,0.0,1140.0,15.82234559333796,False,0.8659078289838978,daily_makeup,
2005-07-31,0.0,1141.0,15.836224843858432,False,0.8659078289838978,daily_makeup,
2005-08-06,0.0,1142.0,15.850104094378903,False,0.8659078289838978,daily_makeup,
2005-08-08,0.0,1143.0,15.863983344899376,False,0.8659078289838978,daily_makeup,
2005-08-09,0.0,1144.0,15.877862595419847,False,0.8659078289838978,daily_makeup,
2005-08-16,0.0,1145.0,15.891741845940318,False,0.8659078289838978,daily_makeup,
2005-08-22,0.0,1146.0,15.905621096460791,False,0.8659078289838978,daily_makeup,
2005-08-23,0.0,1147.0,15.919500346981263,False,0.8659078289838978,daily_makeup,
2005-08-24,0.0,1148.0,15.933379597501736,False,0.8659078289838978,daily_makeup,
2005-08-25,0.0,1149.0,15.947258848022207,False,0.8659078289838978,daily_makeup,
2005-08-26,0.0,1150.0,15.961138098542678,False,0.8659078289838978,daily_makeup,
2005-08-27,0.0,1151.0,15.975017349063151,False,0.8659078289838978,daily_makeup,
2005-09-01,0.0,1152.0,15.988896599583622,False,0.8659078289838978,daily_makeup,
2005-09-02,0.0,1153.0,16.002775850104094,False,0.8659078289838978,daily_makeup,
2005-09-03,0.0,1154.0,16.016655100624565,False,0.8659078289838978,daily_makeup,
2005-09-04,0.0,1155.0,16.03053435114504,False,0.8659078289838978,daily_makeup,
2005-09-05,0.0,1156.0,16.04441360166551,False,0.8659078289838978,daily_makeup,
2005-09-06,0.0,1157.0,16.058292852185982,False,0.8659078289838978,daily_makeup,
2005-09-07,0.0,1158.0,16.072172102706453,False,0.8659078289838978,daily_makeup,
2005-09-08,0.0,1159.0,16.086051353226924,False,0.8659078289838978,daily_makeup,
2005-09-09,0.0,1160.0,16.0999306037474,False,0.8659078289838978,daily_makeup,
2005-09-10,0.0,1161.0,16.11380985426787,False,0.8659078289838978,daily_makeup,
2005-09-11,0.0,1162.0,16.12768910478834,False,0.8659078289838978,daily_makeup,
2005-09-12,0.0,1163.0,16.141568355308813,False,0.8659078289838978,daily_makeup,
2005-09-13,0.0,1164.0,16.155447605829284,False,0.8659078289838978,daily_makeup,
2005-09-22,0.0,1165.0,16.169326856349755,False,0.8659078289838978,daily_makeup,
2005-09-23,0.0,1166.0,16.18320610687023,False,0.8659078289838978,daily_makeup,
2005-09-24,0.0,1167.0,16.1970853573907,False,0.8659078289838978,daily_makeup,
2005-09-25,0.0,1168.0,16.210964607911173,False,0.8659078289838978,daily_makeup,
2005-09-26,0.0,1169.0,16.224843858431644,False,0.8659078289838978,daily_makeup,
2005-09-27,0.0,1170.0,16.238723108952115,False,0.8659078289838978,daily_makeup,
2005-10-28,0.0,1171.0,16.25260235947259,False,0.8659078289838978,daily_makeup,
2005-10-29,0.0,1172.0,16.26648160999306,False,0.8659078289838978,daily_makeup,
2005-10-30,0.0,1173.0,16.280360860513532,False,0.8659078289838978,daily_makeup,
2005-10-31,0.0,1174.0,16.294240111034004,False,0.8659078289838978,daily_makeup,
2005-11-01,0.0,1175.0,16.308119361554475,False,0.8659078289838978,daily_makeup,
2005-11-02,0.0,1176.0,16.32199861207495,False,0.8659078289838978,daily_makeup,
2005-11-03,0.0,1177.0,16.33587786259542,False,0.8659078289838978,daily_makeup,
2005-11-04,0.0,1178.0,16.349757113115892,False,0.8659078289838978,daily_makeup,
2005-11-05,0.0,1179.0,16.363636363636363,False,0.8659078289838978,daily_makeup,
2005-11-06,0.0,1180.0,16.377515614156835,False,0.8659078289838978,daily_makeup,
2005-11-07,0.0,1181.0,16.391394864677306,False,0.8659078289838978,daily_makeup,
2005-11-08,0.0,1182.0,16.40527411519778,False,0.8659078289838978,daily_makeup,
2005-11-09,0.0,1183.0,16.419153365718252,False,0.8659078289838978,daily_makeup,
2005-11-10,0.0,1184.0,16.433032616238723,False,0.8659078289838978,daily_makeup,
2005-11-11,0.0,1185.0,16.446911866759194,False,0.8659078289838978,daily_makeup,
2005-11-12,0.0,1186.0,16.460791117279665,False,0.8659078289838978,daily_makeup,
2005-11-13,0.0,1187.0,16.47467036780014,False,0.8659078289838978,daily_makeup,
2005-11-14,0.0,1188.0,16.48854961832061,False,0.8659078289838978,daily_makeup,
2005-11-15,0.0,1189.0,16.502428868841083,False,0.8659078289838978,daily_makeup,
2005-11-16,0.0,1190.0,16.516308119361554,False,0.8659078289838978,daily_makeup,
2005-11-17,0.0,1191.0,16.530187369882025,False,0.8659078289838978,daily_makeup,
2005-11-18,0.0,1192.0,16.5440666204025,False,0.8659078289838978,daily_makeup,
2005-11-19,0.0,1193.0,16.55794587092297,False,0.8659078289838978,daily_makeup,
2005-11-20,0.0,1194.0,16.571825121443442,False,0.8659078289838978,daily_makeup,
2005-11-21,0.0,1195.0,16.585704371963914,False,0.8659078289838978,daily_makeup,
2005-11-22,0.0,1196.0,16.599583622484385,False,0.8659078289838978,daily_makeup,
2005-11-23,0.0,1197.0,16.613462873004856,False,0.8659078289838978,daily_makeup,
2005-11-25,0.0,1198.0,16.62734212352533,False,0.8659078289838978,daily_makeup,
2005-11-26,0.0,1199.0,16.641221374045802,False,0.8659078289838978,daily_makeup,
2005-11-27,0.0,1200.0,16.655100624566273,False,0.8659078289838978,daily_makeup,
2005-11-28,0.0,1201.0,16.668979875086745,False,0.8659078289838978,daily_makeup,
2005-11-29,0.0,1202.0,16.682859125607216,False,0.8659078289838978,daily_makeup,
2005-11-30,0.0,1203.0,16.69673837612769,False,0.8659078289838978,daily_makeup,
2005-12-01,0.0,1204.0,16.710617626648162,False,0.8659078289838978,daily_makeup,
2005-12-02,0.0,1205.0,16.724496877168633,False,0.8659078289838978,daily_makeup,
2005-12-03,0.0,1206.0,16.738376127689104,False,0.8659078289838978,daily_makeup,
2005-12-04,0.0,1207.0,16.752255378209576,False,0.8659078289838978,daily_makeup,
2005-12-05,0.0,1208.0,16.76613462873005,False,0.8659078289838978,daily_makeup,
2005-12-06,0.0,1209.0,16.78001387925052,False,0.8659078289838978,daily_makeup,
2005-12-07,0.0,1210.0,16.793893129770993,False,0.8659078289838978,daily_makeup,
2005-12-08,0.0,1211.0,16.807772380291464,False,0.8659078289838978,daily_makeup,
2005-12-09,0.0,1212.0,16.821651630811935,False,0.8659078289838978,daily_makeup,
2005-12-10,0.0,1213.0,16.835530881332406,False,0.8659078289838978,daily_makeup,
2005-12-11,0.0,1214.0,16.84941013185288,False,0.8659078289838978,daily_makeup,
2005-12-12,0.0,1215.0,16.863289382373353,False,0.8659078289838978,daily_makeup,
2005-12-13,0.0,1216.0,16.877168632893824,False,0.8659078289838978,daily_makeup,
2005-12-14,0.0,1217.0,16.891047883414295,False,0.8659078289838978,daily_makeup,
2005-12-15,0.0,1218.0,16.904927133934766,False,0.8659078289838978,daily_makeup,
2005-12-16,0.0,1219.0,16.91880638445524,False,0.8659078289838978,daily_makeup,
2005-12-17,0.0,1220.0,16.932685634975712,False,0.8659078289838978,daily_makeup,
2005-12-18,0.0,1221.0,16.946564885496183,False,0.8659078289838978,daily_makeup,
2005-12-21,0.0,1222.0,16.960444136016655,False,0.8659078289838978,daily_makeup,
2005-12-22,0.0,1223.0,16.974323386537126,False,0.8659078289838978,daily_makeup,
2005-12-23,0.0,1224.0,16.988202637057597,False,0.8659078289838978,daily_makeup,
2005-12-24,0.0,1225.0,17.002081887578072,False,0.8659078289838978,daily_makeup,
2005-12-25,0.0,1226.0,17.015961138098543,False,0.8659078289838978,daily_makeup,
2005-12-26,0.0,1227.0,17.029840388619014,False,0.8659078289838978,daily_makeup,
2005-12-27,0.0,1228.0,17.043719639139486,False,0.8659078289838978,daily_makeup,
2005-12-28,0.0,1229.0,17.057598889659957,False,0.8659078289838978,daily_makeup,
2005-12-29,0.0,1230.0,17.07147814018043,False,0.8659078289838978,daily_makeup,
2005-12-30,0.0,1231.0,17.085357390700903,False,0.8659078289838978,daily_makeup,
2005-12-31,0.0,1232.0,17.099236641221374,False,0.8659078289838978,daily_makeup,
2006-01-01,0.0,1233.0,17.113115891741845,False,0.8659078289838978,daily_makeup,
2006-01-02,0.0,1234.0,17.126995142262317,False,0.8659078289838978,daily_makeup,
2006-01-03,0.0,1235.0,17.14087439278279,False,0.8659078289838978,daily_makeup,
2006-01-04,0.0,1236.0,17.154753643303263,False,0.8659078289838978,daily_makeup,
2006-01-05,0.0,1237.0,17.168632893823734,False,0.8659078289838978,daily_makeup,
2006-01-06,0.0,1238.0,17.182512144344205,False,0.8659078289838978,daily_makeup,
2006-01-07,0.0,1239.0,17.196391394864676,False,0.8659078289838978,daily_makeup,
2006-01-08,0.0,1240.0,17.210270645385148,False,0.8659078289838978,daily_makeup,
2006-01-09,0.0,1241.0,17.224149895905622,False,0.8659078289838978,daily_makeup,
2006-01-10,0.0,1242.0,17.238029146426094,False,0.8659078289838978,daily_makeup,
2006-01-11,0.0,1243.0,17.251908396946565,False,0.8659078289838978,daily_makeup,
2006-01-12,0.0,1244.0,17.265787647467036,False,0.8659078289838978,daily_makeup,
2006-01-13,0.0,1245.0,17.279666897987507,False,0.8659078289838978,daily_makeup,
2006-01-14,0.0,1246.0,17.293546148507982,False,0.8659078289838978,daily_makeup,
2006-01-15,0.0,1247.0,17.307425399028453,False,0.8659078289838978,daily_makeup,
2006-01-16,0.0,1248.0,17.321304649548924,False,0.8659078289838978,daily_makeup,
2006-01-17,0.0,1249.0,17.335183900069396,False,0.8659078289838978,daily_makeup,
2006-01-18,0.0,1250.0,17.349063150589867,False,0.8659078289838978,daily_makeup,
2006-01-19,0.0,1251.0,17.36294240111034,False,0.8659078289838978,daily_makeup,
2006-01-20,0.0,1252.0,17.376821651630813,False,0.8659078289838978,daily_makeup,
2006-01-21,0.0,1253.0,17.390700902151284,False,0.8659078289838978,daily_makeup,
2006-01-22,0.0,1254.0,17.404580152671755,False,0.8659078289838978,daily_makeup,
2006-01-23,0.0,1255.0,17.418459403192227,False,0.8659078289838978,daily_makeup,
2006-01-24,0.0,1256.0,17.432338653712698,False,0.8659078289838978,daily_makeup,
2006-01-25,0.0,1257.0,17.446217904233173,False,0.8659078289838978,daily_makeup,
2006-01-26,0.0,1258.0,17.460097154753644,False,0.8659078289838978,daily_makeup,
2006-01-27,0.0,1259.0,17.473976405274115,False,0.8659078289838978,daily_makeup,
2006-01-28,0.0,1260.0,17.487855655794586,False,0.8659078289838978,daily_makeup,
2006-01-29,0.0,1261.0,17.501734906315058,False,0.8659078289838978,daily_makeup,
2006-01-30,0.0,1262.0,17.515614156835532,False,0.8659078289838978,daily_makeup,
2006-01-31,0.0,1263.0,17.529493407356004,False,0.8659078289838978,daily_makeup,
2006-02-01,0.0,1264.0,17.543372657876475,False,0.8659078289838978,daily_makeup,
2006-02-02,0.0,1265.0,17.557251908396946,False,0.8659078289838978,daily_makeup,
2006-02-03,0.0,1266.0,17.571131158917417,False,0.8659078289838978,daily_makeup,
2006-02-04,0.0,1267.0,17.585010409437892,False,0.8659078289838978,daily_makeup,
2006-02-05,0.0,1268.0,17.598889659958363,False,0.8659078289838978,daily_makeup,
2006-02-06,0.0,1269.0,17.612768910478835,False,0.8659078289838978,daily_makeup,
2006-02-07,0.0,1270.0,17.626648160999306,False,0.8659078289838978,daily_makeup,
2006-02-08,0.0,1271.0,17.640527411519777,False,0.8659078289838978,daily_makeup,
2006-02-09,0.0,1272.0,17.654406662040248,False,0.8659078289838978,daily_makeup,
2006-02-10,0.0,1273.0,17.668285912560723,False,0.8659078289838978,daily_makeup,
2006-02-11,0.0,1274.0,17.682165163081194,False,0.8659078289838978,daily_makeup,
2006-02-12,0.0,1275.0,17.696044413601665,False,0.8659078289838978,daily_makeup,
2006-02-13,0.0,1276.0,17.709923664122137,False,0.8659078289838978,daily_makeup,
2006-02-14,0.0,1277.0,17.723802914642608,False,0.8659078289838978,daily_makeup,
2006-02-15,0.0,1278.0,17.737682165163083,False,0.8659078289838978,daily_makeup,
2006-02-16,0.0,1279.0,17.751561415683554,False,0.8659078289838978,daily_makeup,
2006-02-17,0.0,1280.0,17.765440666204025,False,0.8659078289838978,daily_makeup,
2006-02-18,0.0,1281.0,17.779319916724496,False,0.8659078289838978,daily_makeup,
2006-02-19,0.0,1282.0,17.793199167244968,False,0.8659078289838978,daily_makeup,
2006-02-20,0.0,1283.0,17.807078417765442,False,0.8659078289838978,daily_makeup,
2006-02-21,0.0,1284.0,17.820957668285914,False,0.8659078289838978,daily_makeup,
2006-02-22,0.0,1285.0,17.834836918806385,False,0.8659078289838978,daily_makeup,
2006-02-24,0.0,1286.0,17.848716169326856,False,0.8659078289838978,daily_makeup,
2006-02-25,0.0,1287.0,17.862595419847327,False,0.8659078289838978,daily_makeup,
2006-02-26,0.0,1288.0,17.8764746703678,False,0.8659078289838978,daily_makeup,
2006-02-27,0.0,1289.0,17.890353920888273,False,0.8659078289838978,daily_makeup,
2006-02-28,0.0,1290.0,17.904233171408745,False,0.8659078289838978,daily_makeup,
2006-03-01,0.0,1291.0,17.918112421929216,False,0.8659078289838978,daily_makeup,
2006-03-02,0.0,1292.0,17.931991672449687,False,0.8659078289838978,daily_makeup,
2006-03-03,0.0,1293.0,17.94587092297016,False,0.8659078289838978,daily_makeup,
2006-03-04,0.0,1294.0,17.959750173490633,False,0.8659078289838978,daily_makeup,
2006-03-05,0.0,1295.0,17.973629424011104,False,0.8659078289838978,daily_makeup,
2006-03-06,0.0,1296.0,17.987508674531576,False,0.8659078289838978,daily_makeup,
2006-03-07,0.0,1297.0,18.001387925052047,False,0.8659078289838978,daily_makeup,
2006-03-08,0.0,1298.0,18.015267175572518,False,0.8659078289838978,daily_makeup,
2006-03-09,0.0,1299.0,18.02914642609299,False,0.8659078289838978,daily_makeup,
2006-03-10,0.0,1300.0,18.043025676613464,False,0.8659078289838978,daily_makeup,
2006-03-11,0.0,1301.0,18.056904927133935,False,0.8659078289838978,daily_makeup,
2006-03-12,0.0,1302.0,18.070784177654406,False,0.8659078289838978,daily_makeup,
2006-03-13,0.0,1303.0,18.084663428174878,False,0.8659078289838978,daily_makeup,
2006-03-14,0.0,1304.0,18.09854267869535,False,0.8659078289838978,daily_makeup,
2006-03-15,0.0,1305.0,18.112421929215824,False,0.8659078289838978,daily_makeup,
2006-03-16,0.0,1306.0,18.126301179736295,False,0.8659078289838978,daily_makeup,
2006-03-17,0.0,1307.0,18.140180430256766,False,0.8659078289838978,daily_makeup,
2006-03-18,0.0,1308.0,18.154059680777237,False,0.8659078289838978,daily_makeup,
2006-03-19,0.0,1309.0,18.16793893129771,False,0.8659078289838978,daily_makeup,
2006-03-20,0.0,1310.0,18.181818181818183,False,0.8659078289838978,daily_makeup,
2006-03-21,0.0,1311.0,18.195697432338655,False,0.8659078289838978,daily_makeup,
2006-03-22,0.0,1312.0,18.209576682859126,False,0.8659078289838978,daily_makeup,
2006-03-23,0.0,1313.0,18.223455933379597,False,0.8659078289838978,daily_makeup,
2006-03-24,0.0,1314.0,18.23733518390007,False,0.8659078289838978,daily_makeup,
2006-03-25,0.0,1315.0,18.25121443442054,False,0.8659078289838978,daily_makeup,
2006-03-26,0.0,1316.0,18.265093684941014,False,0.8659078289838978,daily_makeup,
2006-03-27,0.0,1317.0,18.278972935461486,False,0.8659078289838978,daily_makeup,
2006-03-28,0.0,1318.0,18.292852185981957,False,0.8659078289838978,daily_makeup,
2006-03-29,0.0,1319.0,18.306731436502428,False,0.8659078289838978,daily_makeup,
2006-03-30,0.0,1320.0,18.3206106870229,False,0.8659078289838978,daily_makeup,
2006-03-31,0.0,1321.0,18.334489937543374,False,0.8659078289838978,daily_makeup,
2006-04-01,0.0,1322.0,18.348369188063845,False,0.8659078289838978,daily_makeup,
2006-04-02,0.0,1323.0,18.362248438584317,False,0.8659078289838978,daily_makeup,
2006-04-03,0.0,1324.0,18.376127689104788,False,0.8659078289838978,daily_makeup,
2006-04-04,0.0,1325.0,18.39000693962526,False,0.8659078289838978,daily_makeup,
2006-04-05,0.0,1326.0,18.403886190145734,False,0.8659078289838978,daily_makeup,
2006-04-06,0.0,1327.0,18.417765440666205,False,0.8659078289838978,daily_makeup,
2006-04-07,0.0,1328.0,18.431644691186676,False,0.8659078289838978,daily_makeup,
2006-04-08,0.0,1329.0,18.445523941707147,False,0.8659078289838978,daily_makeup,
2006-04-09,0.0,1330.0,18.45940319222762,False,0.8659078289838978,daily_makeup,
2006-04-10,0.0,1331.0,18.47328244274809,False,0.8659078289838978,daily_makeup,
2006-04-11,0.0,1332.0,18.487161693268565,False,0.8659078289838978,daily_makeup,
2006-04-12,0.0,1333.0,18.501040943789036,False,0.8659078289838978,daily_makeup,
2006-04-13,0.0,1334.0,18.514920194309507,False,0.8659078289838978,daily_makeup,
2006-04-14,0.0,1335.0,18.52879944482998,False,0.8659078289838978,daily_makeup,
2006-04-15,0.0,1336.0,18.54267869535045,False,0.8659078289838978,daily_makeup,
2006-04-16,0.0,1337.0,18.556557945870924,False,0.8659078289838978,daily_makeup,
2006-04-17,0.0,1338.0,18.570437196391396,False,0.8659078289838978,daily_makeup,
2006-04-18,0.0,1339.0,18.584316446911867,False,0.8659078289838978,daily_makeup,
2006-04-19,0.0,1340.0,18.598195697432338,False,0.8659078289838978,daily_makeup,
2006-04-20,0.0,1341.0,18.61207494795281,False,0.8659078289838978,daily_makeup,
2006-04-21,0.0,1342.0,18.625954198473284,False,0.8659078289838978,daily_makeup,
2006-04-22,0.0,1343.0,18.639833448993755,False,0.8659078289838978,daily_makeup,
2006-04-23,0.0,1344.0,18.653712699514227,False,0.8659078289838978,daily_makeup,
2006-04-24,0.0,1345.0,18.667591950034698,False,0.8659078289838978,daily_makeup,
2006-04-25,0.0,1346.0,18.68147120055517,False,0.8659078289838978,daily_makeup,
2006-04-26,0.0,1347.0,18.69535045107564,False,0.8659078289838978,daily_makeup,
2006-04-27,0.0,1348.0,18.709229701596115,False,0.8659078289838978,daily_makeup,
2006-04-28,0.0,1349.0,18.723108952116586,False,0.8659078289838978,daily_makeup,
2006-04-29,0.0,1350.0,18.736988202637058,False,0.8659078289838978,daily_makeup,
2006-04-30,0.0,1351.0,18.75086745315753,False,0.8659078289838978,daily_makeup,
2006-05-01,0.0,1352.0,18.764746703678,False,0.8659078289838978,daily_makeup,
2006-05-02,0.0,1353.0,18.778625954198475,False,0.8659078289838978,daily_makeup,
2006-05-03,0.0,1354.0,18.792505204718946,False,0.8659078289838978,daily_makeup,
2006-05-04,0.0,1355.0,18.806384455239417,False,0.8659078289838978,daily_makeup,
2006-05-05,0.0,1356.0,18.82026370575989,False,0.8659078289838978,daily_makeup,
2006-05-06,0.0,1357.0,18.83414295628036,False,0.8659078289838978,daily_makeup,
2006-05-07,0.0,1358.0,18.848022206800835,False,0.8659078289838978,daily_makeup,
2006-05-08,0.0,1359.0,18.861901457321306,False,0.8659078289838978,daily_makeup,
2006-05-09,0.0,1360.0,18.875780707841777,False,0.8659078289838978,daily_makeup,
2006-05-10,0.0,1361.0,18.889659958362248,False,0.8659078289838978,daily_makeup,
2006-05-11,0.0,1362.0,18.90353920888272,False,0.8659078289838978,daily_makeup,
2006-05-12,0.0,1363.0,18.91741845940319,False,0.8659078289838978,daily_makeup,
2006-05-13,0.0,1364.0,18.931297709923665,False,0.8659078289838978,daily_makeup,
2006-05-14,0.0,1365.0,18.945176960444137,False,0.8659078289838978,daily_makeup,
2006-05-15,0.0,1366.0,18.959056210964608,False,0.8659078289838978,daily_makeup,
2006-05-16,0.0,1367.0,18.97293546148508,False,0.8659078289838978,daily_makeup,
2006-05-17,0.0,1368.0,18.98681471200555,False,0.8659078289838978,daily_makeup,
2006-05-18,0.0,1369.0,19.000693962526025,False,0.8659078289838978,daily_makeup,
2006-05-19,0.0,1370.0,19.014573213046496,False,0.8659078289838978,daily_makeup,
2006-05-20,0.0,1371.0,19.028452463566968,False,0.8659078289838978,daily_makeup,
2006-05-21,0.0,1372.0,19.04233171408744,False,0.8659078289838978,daily_makeup,
2006-05-22,0.0,1373.0,19.05621096460791,False,0.8659078289838978,daily_makeup,
2006-05-23,0.0,1374.0,19.07009021512838,False,0.8659078289838978,daily_makeup,
2006-05-24,0.0,1375.0,19.083969465648856,False,0.8659078289838978,daily_makeup,
2006-05-25,0.0,1376.0,19.097848716169327,False,0.8659078289838978,daily_makeup,
2006-05-26,0.0,1377.0,19.1117279666898,False,0.8659078289838978,daily_makeup,
2006-05-27,0.0,1378.0,19.12560721721027,False,0.8659078289838978,daily_makeup,
2006-05-28,0.0,1379.0,19.13948646773074,False,0.8659078289838978,daily_makeup,
2006-05-31,0.0,1380.0,19.153365718251216,False,0.8659078289838978,daily_makeup,
2006-06-03,0.0,1381.0,19.167244968771687,False,0.8659078289838978,daily_makeup,
2006-06-04,0.0,1382.0,19.18112421929216,False,0.8659078289838978,daily_makeup,
2006-06-05,0.0,1383.0,19.19500346981263,False,0.8659078289838978,daily_makeup,
2006-06-06,0.0,1384.0,19.2088827203331,False,0.8659078289838978,daily_makeup,
2006-06-07,0.0,1385.0,19.222761970853576,False,0.8659078289838978,daily_makeup,
2006-06-08,0.0,1386.0,19.236641221374047,False,0.8659078289838978,daily_makeup,
2006-06-09,0.0,1387.0,19.250520471894518,False,0.8659078289838978,daily_makeup,
2006-06-10,0.0,1388.0,19.26439972241499,False,0.8659078289838978,daily_makeup,
2006-06-11,0.0,1389.0,19.27827897293546,False,0.8659078289838978,daily_makeup,
2006-06-12,0.0,1390.0,19.29215822345593,False,0.8659078289838978,daily_makeup,
2006-06-13,0.0,1391.0,19.306037473976406,False,0.8659078289838978,daily_makeup,
2006-06-14,0.0,1392.0,19.319916724496878,False,0.8659078289838978,daily_makeup,
2006-06-15,0.0,1393.0,19.33379597501735,False,0.8659078289838978,daily_makeup,
2006-06-16,0.0,1394.0,19.34767522553782,False,0.8659078289838978,daily_makeup,
2006-06-17,0.0,1395.0,19.36155447605829,False,0.8659078289838978,daily_makeup,
2006-06-20,0.0,1396.0,19.375433726578766,False,0.8659078289838978,daily_makeup,
2006-06-21,0.0,1397.0,19.389312977099237,False,0.8659078289838978,daily_makeup,
2006-06-25,0.0,1398.0,19.40319222761971,False,0.8659078289838978,daily_makeup,
2006-06-30,0.0,1399.0,19.41707147814018,False,0.8659078289838978,daily_makeup,
2006-07-01,0.0,1400.0,19.43095072866065,False,0.8659078289838978,daily_makeup,
2006-07-05,0.0,1401.0,19.444829979181126,False,0.8659078289838978,daily_makeup,
2006-07-06,0.0,1402.0,19.458709229701597,False,0.8659078289838978,daily_makeup,
2006-07-07,0.0,1403.0,19.47258848022207,False,0.8659078289838978,daily_makeup,
2006-07-08,0.0,1404.0,19.48646773074254,False,0.8659078289838978,daily_makeup,
2006-07-09,0.0,1405.0,19.50034698126301,False,0.8659078289838978,daily_makeup,
2006-07-23,0.0,1406.0,19.514226231783482,False,0.8659078289838978,daily_makeup,
2006-07-24,0.0,1407.0,19.528105482303957,False,0.8659078289838978,daily_makeup,
2006-08-05,0.0,1408.0,19.541984732824428,False,0.8659078289838978,daily_makeup,
2006-08-08,0.0,1409.0,19.5558639833449,False,0.8659078289838978,daily_makeup,
2006-08-09,0.0,1410.0,19.56974323386537,False,0.8659078289838978,daily_makeup,
2006-08-11,0.0,1411.0,19.58362248438584,False,0.8659078289838978,daily_makeup,
2006-08-12,0.0,1412.0,19.597501734906317,False,0.8659078289838978,daily_makeup,
2006-08-13,0.0,1413.0,19.611380985426788,False,0.8659078289838978,daily_makeup,
2006-08-14,0.0,1414.0,19.62526023594726,False,0.8659078289838978,daily_makeup,
2006-08-15,0.0,1415.0,19.63913948646773,False,0.8659078289838978,daily_makeup,
2006-08-16,0.0,1416.0,19.6530187369882,False,0.8659078289838978,daily_makeup,
2006-08-17,0.0,1417.0,19.666897987508676,False,0.8659078289838978,daily_makeup,
2006-08-18,0.0,1418.0,19.680777238029147,False,0.8659078289838978,daily_makeup,
2006-08-21,0.0,1419.0,19.69465648854962,False,0.8659078289838978,daily_makeup,
2006-08-22,0.0,1420.0,19.70853573907009,False,0.8659078289838978,daily_makeup,
2006-08-23,0.0,1421.0,19.72241498959056,False,0.8659078289838978,daily_makeup,
2006-08-24,0.0,1422.0,19.736294240111032,False,0.8659078289838978,daily_makeup,
2006-08-26,0.0,1423.0,19.750173490631507,False,0.8659078289838978,daily_makeup,
2006-08-29,0.0,1424.0,19.76405274115198,False,0.8659078289838978,daily_makeup,
2006-08-30,0.0,1425.0,19.77793199167245,False,0.8659078289838978,daily_makeup,
2006-08-31,0.0,1426.0,19.79181124219292,False,0.8659078289838978,daily_makeup,
2006-09-01,0.0,1427.0,19.805690492713392,False,0.8659078289838978,daily_makeup,
2006-09-02,0.0,1428.0,19.819569743233867,False,0.8659078289838978,daily_makeup,
2006-09-03,0.0,1429.0,19.833448993754338,False,0.8659078289838978,daily_makeup,
2006-09-04,0.0,1430.0,19.84732824427481,False,0.8659078289838978,daily_makeup,
2006-09-05,0.0,1431.0,19.86120749479528,False,0.8659078289838978,daily_makeup,
2006-09-06,0.0,1432.0,19.875086745315752,False,0.8659078289838978,daily_makeup,
2006-09-07,0.0,1433.0,19.888965995836227,False,0.8659078289838978,daily_makeup,
2006-09-08,0.0,1434.0,19.902845246356698,False,0.8659078289838978,daily_makeup,
2006-09-09,0.0,1435.0,19.91672449687717,False,0.8659078289838978,daily_makeup,
2006-09-10,0.0,1436.0,19.93060374739764,False,0.8659078289838978,daily_makeup,
2006-09-11,0.0,1437.0,19.94448299791811,False,0.8659078289838978,daily_makeup,
2006-09-12,0.0,1438.0,19.958362248438583,False,0.8659078289838978,daily_makeup,
2006-09-13,0.0,1439.0,19.972241498959058,False,0.8659078289838978,daily_makeup,
2006-09-14,0.0,1440.0,19.98612074947953,False,0.8659078289838978,daily_makeup,
2006-09-15,0.0,1441.0,20.0,False,0.8659078289838978,daily_makeup,
2006-09-16,0.0,1442.0,20.01387925052047,False,0.8659078289838978,daily_makeup,
2006-09-17,0.0,1443.0,20.027758501040942,False,0.8659078289838978,daily_makeup,
2006-09-18,0.0,1444.0,20.041637751561417,False,0.8659078289838978,daily_makeup,
2006-09-19,0.0,1445.0,20.05551700208189,False,0.8659078289838978,daily_makeup,
2006-09-20,0.0,1446.0,20.06939625260236,False,0.8659078289838978,daily_makeup,
2006-09-21,0.0,1447.0,20.08327550312283,False,0.8659078289838978,daily_makeup,
2006-09-22,0.0,1448.0,20.097154753643302,False,0.8659078289838978,daily_makeup,
2006-09-23,0.0,1449.0,20.111034004163773,False,0.8659078289838978,daily_makeup,
2006-09-25,0.0,1450.0,20.124913254684248,False,0.8659078289838978,daily_makeup,
2006-09-26,0.0,1451.0,20.13879250520472,False,0.8659078289838978,daily_makeup,
2006-09-27,0.0,1452.0,20.15267175572519,False,0.8659078289838978,daily_makeup,
2006-09-28,0.0,1453.0,20.166551006245662,False,0.8659078289838978,daily_makeup,
2006-09-29,0.0,1454.0,20.180430256766133,False,0.8659078289838978,daily_makeup,
2006-09-30,0.0,1455.0,20.194309507286608,False,0.8659078289838978,daily_makeup,
2006-10-01,0.0,1456.0,20.20818875780708,False,0.8659078289838978,daily_makeup,
2006-10-02,0.0,1457.0,20.22206800832755,False,0.8659078289838978,daily_makeup,
2006-10-03,0.0,1458.0,20.23594725884802,False,0.8659078289838978,daily_makeup,
2006-10-04,0.0,1459.0,20.249826509368493,False,0.8659078289838978,daily_makeup,
2006-10-05,0.0,1460.0,20.263705759888968,False,0.8659078289838978,daily_makeup,
2006-10-06,0.0,1461.0,20.27758501040944,False,0.8659078289838978,daily_makeup,
2006-10-07,0.0,1462.0,20.29146426092991,False,0.8659078289838978,daily_makeup,
2006-10-08,0.0,1463.0,20.30534351145038,False,0.8659078289838978,daily_makeup,
2006-10-09,0.0,1464.0,20.319222761970853,False,0.8659078289838978,daily_makeup,
2006-10-10,0.0,1465.0,20.333102012491324,False,0.8659078289838978,daily_makeup,
2006-10-11,0.0,1466.0,20.3469812630118,False,0.8659078289838978,daily_makeup,
2006-10-12,0.0,1467.0,20.36086051353227,False,0.8659078289838978,daily_makeup,
2006-10-13,0.0,1468.0,20.37473976405274,False,0.8659078289838978,daily_makeup,
2006-10-14,0.0,1469.0,20.388619014573212,False,0.8659078289838978,daily_makeup,
2006-10-15,0.0,1470.0,20.402498265093683,False,0.8659078289838978,daily_makeup,
2006-10-16,0.0,1471.0,20.41637751561416,False,0.8659078289838978,daily_makeup,
2006-10-17,0.0,1472.0,20.43025676613463,False,0.8659078289838978,daily_makeup,
2006-10-18,0.0,1473.0,20.4441360166551,False,0.8659078289838978,daily_makeup,
2006-10-19,0.0,1474.0,20.458015267175572,False,0.8659078289838978,daily_makeup,
2006-10-20,0.0,1475.0,20.471894517696043,False,0.8659078289838978,daily_makeup,
2006-10-21,0.0,1476.0,20.485773768216518,False,0.8659078289838978,daily_makeup,
2006-10-22,0.0,1477.0,20.49965301873699,False,0.8659078289838978,daily_makeup,
2006-10-23,0.0,1478.0,20.51353226925746,False,0.8659078289838978,daily_makeup,
2006-10-24,0.0,1479.0,20.52741151977793,False,0.8659078289838978,daily_makeup,
2006-10-25,0.0,1480.0,20.541290770298403,False,0.8659078289838978,daily_makeup,
2006-10-26,0.0,1481.0,20.555170020818874,False,0.8659078289838978,daily_makeup,
2006-10-27,0.0,1482.0,20.56904927133935,False,0.8659078289838978,daily_makeup,
2006-10-28,0.0,1483.0,20.58292852185982,False,0.8659078289838978,daily_makeup,
2006-10-29,0.0,1484.0,20.59680777238029,False,0.8659078289838978,daily_makeup,
2006-10-30,0.0,1485.0,20.610687022900763,False,0.8659078289838978,daily_makeup,
2006-10-31,0.0,1486.0,20.624566273421234,False,0.8659078289838978,daily_makeup,
2006-11-01,0.0,1487.0,20.63844552394171,False,0.8659078289838978,daily_makeup,
2006-11-02,0.0,1488.0,20.65232477446218,False,0.8659078289838978,daily_makeup,
2006-11-03,0.0,1489.0,20.66620402498265,False,0.8659078289838978,daily_makeup,
2006-11-04,0.0,1490.0,20.680083275503122,False,0.8659078289838978,daily_makeup,
2006-11-05,0.0,1491.0,20.693962526023594,False,0.8659078289838978,daily_makeup,
2006-11-06,0.0,1492.0,20.70784177654407,False,0.8659078289838978,daily_makeup,
2006-11-07,0.0,1493.0,20.72172102706454,False,0.8659078289838978,daily_makeup,
2006-11-08,0.0,1494.0,20.73560027758501,False,0.8659078289838978,daily_makeup,
2006-11-09,0.0,1495.0,20.749479528105482,False,0.8659078289838978,daily_makeup,
2006-11-10,0.0,1496.0,20.763358778625953,False,0.8659078289838978,daily_makeup,
2006-11-11,0.0,1497.0,20.777238029146424,False,0.8659078289838978,daily_makeup,
2006-11-12,0.0,1498.0,20.7911172796669,False,0.8659078289838978,daily_makeup,
2006-11-13,0.0,1499.0,20.80499653018737,False,0.8659078289838978,daily_makeup,
2006-11-14,0.0,1500.0,20.81887578070784,False,0.8659078289838978,daily_makeup,
2006-11-15,0.0,1501.0,20.832755031228313,False,0.8659078289838978,daily_makeup,
2006-11-16,0.0,1502.0,20.846634281748784,False,0.8659078289838978,daily_makeup,
2006-11-17,0.0,1503.0,20.86051353226926,False,0.8659078289838978,daily_makeup,
2006-11-18,0.0,1504.0,20.87439278278973,False,0.8659078289838978,daily_makeup,
2006-11-19,0.0,1505.0,20.8882720333102,False,0.8659078289838978,daily_makeup,
2006-11-20,0.0,1506.0,20.902151283830673,False,0.8659078289838978,daily_makeup,
2006-11-21,0.0,1507.0,20.916030534351144,False,0.8659078289838978,daily_makeup,
2006-11-22,0.0,1508.0,20.92990978487162,False,0.8659078289838978,daily_makeup,
2006-11-23,0.0,1509.0,20.94378903539209,False,0.8659078289838978,daily_makeup,
2006-11-24,0.0,1510.0,20.95766828591256,False,0.8659078289838978,daily_makeup,
2006-11-25,0.0,1511.0,20.971547536433032,False,0.8659078289838978,daily_makeup,
2006-11-26,0.0,1512.0,20.985426786953504,False,0.8659078289838978,daily_makeup,
2006-11-27,0.0,1513.0,20.999306037473975,False,0.8659078289838978,daily_makeup,
2006-11-28,0.0,1514.0,21.01318528799445,False,0.8659078289838978,daily_makeup,
2006-11-29,0.0,1515.0,21.02706453851492,False,0.8659078289838978,daily_makeup,
2006-11-30,0.0,1516.0,21.040943789035392,False,0.8659078289838978,daily_makeup,
2006-12-01,0.0,1517.0,21.054823039555863,False,0.8659078289838978,daily_makeup,
2006-12-02,0.0,1518.0,21.068702290076335,False,0.8659078289838978,daily_makeup,
2006-12-03,0.0,1519.0,21.08258154059681,False,0.8659078289838978,daily_makeup,
2006-12-04,0.0,1520.0,21.09646079111728,False,0.8659078289838978,daily_makeup,
2006-12-05,0.0,1521.0,21.110340041637752,False,0.8659078289838978,daily_makeup,
2006-12-06,0.0,1522.0,21.124219292158223,False,0.8659078289838978,daily_makeup,
2006-12-07,0.0,1523.0,21.138098542678694,False,0.8659078289838978,daily_makeup,
2006-12-08,0.0,1524.0,21.151977793199165,False,0.8659078289838978,daily_makeup,
2006-12-09,0.0,1525.0,21.16585704371964,False,0.8659078289838978,daily_makeup,
2006-12-10,0.0,1526.0,21.17973629424011,False,0.8659078289838978,daily_makeup,
2006-12-11,0.0,1527.0,21.193615544760583,False,0.8659078289838978,daily_makeup,
2006-12-12,0.0,1528.0,21.207494795281054,False,0.8659078289838978,daily_makeup,
2006-12-13,0.0,1529.0,21.221374045801525,False,0.8659078289838978,daily_makeup,
2006-12-14,0.0,1530.0,21.235253296322,False,0.8659078289838978,daily_makeup,
2006-12-15,0.0,1531.0,21.24913254684247,False,0.8659078289838978,daily_makeup,
2006-12-16,0.0,1532.0,21.263011797362942,False,0.8659078289838978,daily_makeup,
2006-12-17,0.0,1533.0,21.276891047883414,False,0.8659078289838978,daily_makeup,
2006-12-18,0.0,1534.0,21.290770298403885,False,0.8659078289838978,daily_makeup,
2006-12-19,0.0,1535.0,21.30464954892436,False,0.8659078289838978,daily_makeup,
2006-12-20,0.0,1536.0,21.31852879944483,False,0.8659078289838978,daily_makeup,
2006-12-21,0.0,1537.0,21.332408049965302,False,0.8659078289838978,daily_makeup,
2006-12-22,0.0,1538.0,21.346287300485773,False,0.8659078289838978,daily_makeup,
2006-12-23,0.0,1539.0,21.360166551006245,False,0.8659078289838978,daily_makeup,
2006-12-24,0.0,1540.0,21.374045801526716,False,0.8659078289838978,daily_makeup,
2006-12-25,0.0,1541.0,21.38792505204719,False,0.8659078289838978,daily_makeup,
2006-12-26,0.0,1542.0,21.401804302567662,False,0.8659078289838978,daily_makeup,
2006-12-27,0.0,1543.0,21.415683553088133,False,0.8659078289838978,daily_makeup,
2006-12-28,0.0,1544.0,21.429562803608604,False,0.8659078289838978,daily_makeup,
2006-12-29,0.0,1545.0,21.443442054129076,False,0.8659078289838978,daily_makeup,
2006-12-30,0.0,1546.0,21.45732130464955,False,0.8659078289838978,daily_makeup,
2006-12-31,0.0,1547.0,21.47120055517002,False,0.8659078289838978,daily_makeup,
2007-01-01,0.0,1548.0,21.485079805690493,False,0.8659078289838978,daily_makeup,
2007-01-02,0.0,1549.0,21.498959056210964,False,0.8659078289838978,daily_makeup,
2007-01-03,0.0,1550.0,21.512838306731435,False,0.8659078289838978,daily_makeup,
2007-01-04,0.0,1551.0,21.52671755725191,False,0.8659078289838978,daily_makeup,
2007-01-05,0.0,1552.0,21.54059680777238,False,0.8659078289838978,daily_makeup,
2007-01-06,0.0,1553.0,21.554476058292853,False,0.8659078289838978,daily_makeup,
2007-01-07,0.0,1554.0,21.568355308813324,False,0.8659078289838978,daily_makeup,
2007-01-08,0.0,1555.0,21.582234559333795,False,0.8659078289838978,daily_makeup,
2007-01-09,0.0,1556.0,21.596113809854266,False,0.8659078289838978,daily_makeup,
2007-01-10,0.0,1557.0,21.60999306037474,False,0.8659078289838978,daily_makeup,
2007-01-11,0.0,1558.0,21.623872310895212,False,0.8659078289838978,daily_makeup,
2007-01-12,0.0,1559.0,21.637751561415683,False,0.8659078289838978,daily_makeup,
2007-01-13,0.0,1560.0,21.651630811936155,False,0.8659078289838978,daily_makeup,
2007-01-14,0.0,1561.0,21.665510062456626,False,0.8659078289838978,daily_makeup,
2007-01-15,0.0,1562.0,21.6793893129771,False,0.8659078289838978,daily_makeup,
2007-01-16,0.0,1563.0,21.693268563497572,False,0.8659078289838978,daily_makeup,
2007-01-17,0.0,1564.0,21.707147814018043,False,0.8659078289838978,daily_makeup,
2007-01-18,0.0,1565.0,21.721027064538514,False,0.8659078289838978,daily_makeup,
2007-01-19,0.0,1566.0,21.734906315058986,False,0.8659078289838978,daily_makeup,
2007-01-20,0.0,1567.0,21.74878556557946,False,0.8659078289838978,daily_makeup,
2007-01-21,0.0,1568.0,21.76266481609993,False,0.8659078289838978,daily_makeup,
2007-01-22,0.0,1569.0,21.776544066620403,False,0.8659078289838978,daily_makeup,
2007-01-23,0.0,1570.0,21.790423317140874,False,0.8659078289838978,daily_makeup,
2007-01-24,0.0,1571.0,21.804302567661345,False,0.8659078289838978,daily_makeup,
2007-01-25,0.0,1572.0,21.818181818181817,False,0.8659078289838978,daily_makeup,
2007-01-26,0.0,1573.0,21.83206106870229,False,0.8659078289838978,daily_makeup,
2007-01-27,0.0,1574.0,21.845940319222763,False,0.8659078289838978,daily_makeup,
2007-01-28,0.0,1575.0,21.859819569743234,False,0.8659078289838978,daily_makeup,
2007-01-29,0.0,1576.0,21.873698820263705,False,0.8659078289838978,daily_makeup,
2007-01-30,0.0,1577.0,21.887578070784176,False,0.8659078289838978,daily_makeup,
2007-01-31,0.0,1578.0,21.90145732130465,False,0.8659078289838978,daily_makeup,
2007-02-01,0.0,1579.0,21.915336571825122,False,0.8659078289838978,daily_makeup,
2007-02-02,0.0,1580.0,21.929215822345594,False,0.8659078289838978,daily_makeup,
2007-02-03,0.0,1581.0,21.943095072866065,False,0.8659078289838978,daily_makeup,
2007-02-04,0.0,1582.0,21.956974323386536,False,0.8659078289838978,daily_makeup,
2007-02-05,0.0,1583.0,21.97085357390701,False,0.8659078289838978,daily_makeup,
2007-02-06,0.0,1584.0,21.984732824427482,False,0.8659078289838978,daily_makeup,
2007-02-07,0.0,1585.0,21.998612074947953,False,0.8659078289838978,daily_makeup,
2007-02-08,0.0,1586.0,22.012491325468424,False,0.8659078289838978,daily_makeup,
2007-02-09,0.0,1587.0,22.026370575988896,False,0.8659078289838978,daily_makeup,
2007-02-10,0.0,1588.0,22.040249826509367,False,0.8659078289838978,daily_makeup,
2007-02-11,0.0,1589.0,22.05412907702984,False,0.8659078289838978,daily_makeup,
2007-02-12,0.0,1590.0,22.068008327550313,False,0.8659078289838978,daily_makeup,
2007-02-13,0.0,1591.0,22.081887578070784,False,0.8659078289838978,daily_makeup,
2007-02-14,0.0,1592.0,22.095766828591255,False,0.8659078289838978,daily_makeup,
2007-02-15,0.0,1593.0,22.109646079111727,False,0.8659078289838978,daily_makeup,
2007-02-16,0.0,1594.0,22.1235253296322,False,0.8659078289838978,daily_makeup,
2007-02-17,0.0,1595.0,22.137404580152673,False,0.8659078289838978,daily_makeup,
2007-02-18,0.0,1596.0,22.151283830673144,False,0.8659078289838978,daily_makeup,
2007-02-19,0.0,1597.0,22.165163081193615,False,0.8659078289838978,daily_makeup,
2007-02-20,0.0,1598.0,22.179042331714086,False,0.8659078289838978,daily_makeup,
2007-02-21,0.0,1599.0,22.192921582234558,False,0.8659078289838978,daily_makeup,
2007-02-22,0.0,1600.0,22.206800832755032,False,0.8659078289838978,daily_makeup,
2007-02-23,0.0,1601.0,22.220680083275504,False,0.8659078289838978,daily_makeup,
2007-02-24,0.0,1602.0,22.234559333795975,False,0.8659078289838978,daily_makeup,
2007-02-25,0.0,1603.0,22.248438584316446,False,0.8659078289838978,daily_makeup,
2007-02-26,0.0,1604.0,22.262317834836917,False,0.8659078289838978,daily_makeup,
2007-02-27,0.0,1605.0,22.276197085357392,False,0.8659078289838978,daily_makeup,
2007-02-28,0.0,1606.0,22.290076335877863,False,0.8659078289838978,daily_makeup,
2007-03-01,0.0,1607.0,22.303955586398335,False,0.8659078289838978,daily_makeup,
2007-03-02,0.0,1608.0,22.317834836918806,False,0.8659078289838978,daily_makeup,
2007-03-03,0.0,1609.0,22.331714087439277,False,0.8659078289838978,daily_makeup,
2007-03-04,0.0,1610.0,22.345593337959752,False,0.8659078289838978,daily_makeup,
2007-03-05,0.0,1611.0,22.359472588480223,False,0.8659078289838978,daily_makeup,
2007-03-06,0.0,1612.0,22.373351839000694,False,0.8659078289838978,daily_makeup,
2007-03-07,0.0,1613.0,22.387231089521165,False,0.8659078289838978,daily_makeup,
2007-03-08,0.0,1614.0,22.401110340041637,False,0.8659078289838978,daily_makeup,
2007-03-09,0.0,1615.0,22.414989590562108,False,0.8659078289838978,daily_makeup,
2007-03-10,0.0,1616.0,22.428868841082583,False,0.8659078289838978,daily_makeup,
2007-03-11,0.0,1617.0,22.442748091603054,False,0.8659078289838978,daily_makeup,
2007-03-12,0.0,1618.0,22.456627342123525,False,0.8659078289838978,daily_makeup,
2007-03-13,0.0,1619.0,22.470506592643996,False,0.8659078289838978,daily_makeup,
2007-03-14,0.0,1620.0,22.484385843164468,False,0.8659078289838978,daily_makeup,
2007-03-15,0.0,1621.0,22.498265093684942,False,0.8659078289838978,daily_makeup,
2007-03-16,0.0,1622.0,22.512144344205414,False,0.8659078289838978,daily_makeup,
2007-03-17,0.0,1623.0,22.526023594725885,False,0.8659078289838978,daily_makeup,
2007-03-18,0.0,1624.0,22.539902845246356,False,0.8659078289838978,daily_makeup,
2007-03-19,0.0,1625.0,22.553782095766827,False,0.8659078289838978,daily_makeup,
2007-03-20,0.0,1626.0,22.567661346287302,False,0.8659078289838978,daily_makeup,
2007-03-21,0.0,1627.0,22.581540596807773,False,0.8659078289838978,daily_makeup,
2007-03-22,0.0,1628.0,22.595419847328245,False,0.8659078289838978,daily_makeup,
2007-03-23,0.0,1629.0,22.609299097848716,False,0.8659078289838978,daily_makeup,
2007-03-24,0.0,1630.0,22.623178348369187,False,0.8659078289838978,daily_makeup,
2007-03-25,0.0,1631.0,22.63705759888966,False,0.8659078289838978,daily_makeup,
2007-03-26,0.0,1632.0,22.650936849410133,False,0.8659078289838978,daily_makeup,
2007-03-27,0.0,1633.0,22.664816099930604,False,0.8659078289838978,daily_makeup,
2007-03-28,0.0,1634.0,22.678695350451076,False,0.8659078289838978,daily_makeup,
2007-03-29,0.0,1635.0,22.692574600971547,False,0.8659078289838978,daily_makeup,
2007-03-30,0.0,1636.0,22.706453851492018,False,0.8659078289838978,daily_makeup,
2007-03-31,0.0,1637.0,22.720333102012493,False,0.8659078289838978,daily_makeup,
2007-04-01,0.0,1638.0,22.734212352532964,False,0.8659078289838978,daily_makeup,
2007-04-02,0.0,1639.0,22.748091603053435,False,0.8659078289838978,daily_makeup,
2007-04-03,0.0,1640.0,22.761970853573906,False,0.8659078289838978,daily_makeup,
2007-04-04,0.0,1641.0,22.775850104094378,False,0.8659078289838978,daily_makeup,
2007-04-05,0.0,1642.0,22.789729354614852,False,0.8659078289838978,daily_makeup,
2007-04-06,0.0,1643.0,22.803608605135324,False,0.8659078289838978,daily_makeup,
2007-04-07,0.0,1644.0,22.817487855655795,False,0.8659078289838978,daily_makeup,
2007-04-08,0.0,1645.0,22.831367106176266,False,0.8659078289838978,daily_makeup,
2007-04-09,0.0,1646.0,22.845246356696737,False,0.8659078289838978,daily_makeup,
2007-04-10,0.0,1647.0,22.85912560721721,False,0.8659078289838978,daily_makeup,
2007-04-11,0.0,1648.0,22.873004857737683,False,0.8659078289838978,daily_makeup,
2007-04-12,0.0,1649.0,22.886884108258155,False,0.8659078289838978,daily_makeup,
2007-04-13,0.0,1650.0,22.900763358778626,False,0.8659078289838978,daily_makeup,
2007-04-14,0.0,1651.0,22.914642609299097,False,0.8659078289838978,daily_makeup,
2007-04-15,0.0,1652.0,22.92852185981957,False,0.8659078289838978,daily_makeup,
2007-04-16,0.0,1653.0,22.942401110340043,False,0.8659078289838978,daily_makeup,
2007-04-17,0.0,1654.0,22.956280360860514,False,0.8659078289838978,daily_makeup,
2007-04-18,0.0,1655.0,22.970159611380986,False,0.8659078289838978,daily_makeup,
2007-04-19,0.0,1656.0,22.984038861901457,False,0.8659078289838978,daily_makeup,
2007-04-20,0.0,1657.0,22.997918112421928,False,0.8659078289838978,daily_makeup,
2007-04-21,0.0,1658.0,23.011797362942403,False,0.8659078289838978,daily_makeup,
2007-04-22,0.0,1659.0,23.025676613462874,False,0.8659078289838978,daily_makeup,
2007-04-23,0.0,1660.0,23.039555863983345,False,0.8659078289838978,daily_makeup,
2007-04-24,0.0,1661.0,23.053435114503817,False,0.8659078289838978,daily_makeup,
2007-04-25,0.0,1662.0,23.067314365024288,False,0.8659078289838978,daily_makeup,
2007-04-26,0.0,1663.0,23.08119361554476,False,0.8659078289838978,daily_makeup,
2007-04-27,0.0,1664.0,23.095072866065234,False,0.8659078289838978,daily_makeup,
2007-04-28,0.0,1665.0,23.108952116585705,False,0.8659078289838978,daily_makeup,
2007-04-29,0.0,1666.0,23.122831367106176,False,0.8659078289838978,daily_makeup,
2007-04-30,0.0,1667.0,23.136710617626647,False,0.8659078289838978,daily_makeup,
2007-05-01,0.0,1668.0,23.15058986814712,False,0.8659078289838978,daily_makeup,
2007-05-02,0.0,1669.0,23.164469118667594,False,0.8659078289838978,daily_makeup,
2007-05-03,0.0,1670.0,23.178348369188065,False,0.8659078289838978,daily_makeup,
2007-05-04,0.0,1671.0,23.192227619708536,False,0.8659078289838978,daily_makeup,
2007-05-05,0.0,1672.0,23.206106870229007,False,0.8659078289838978,daily_makeup,
2007-05-06,0.0,1673.0,23.21998612074948,False,0.8659078289838978,daily_makeup,
2007-05-07,0.0,1674.0,23.23386537126995,False,0.8659078289838978,daily_makeup,
2007-05-08,0.0,1675.0,23.247744621790424,False,0.8659078289838978,daily_makeup,
2007-05-09,0.0,1676.0,23.261623872310896,False,0.8659078289838978,daily_makeup,
2007-05-10,0.0,1677.0,23.275503122831367,False,0.8659078289838978,daily_makeup,
2007-05-11,0.0,1678.0,23.289382373351838,False,0.8659078289838978,daily_makeup,
2007-05-12,0.0,1679.0,23.30326162387231,False,0.8659078289838978,daily_makeup,
2007-05-13,0.0,1680.0,23.317140874392784,False,0.8659078289838978,daily_makeup,
2007-05-14,0.0,1681.0,23.331020124913255,False,0.8659078289838978,daily_makeup,
2007-05-15,0.0,1682.0,23.344899375433727,False,0.8659078289838978,daily_makeup,
2007-05-16,0.0,1683.0,23.358778625954198,False,0.8659078289838978,daily_makeup,
2007-05-17,0.0,1684.0,23.37265787647467,False,0.8659078289838978,daily_makeup,
2007-05-18,0.0,1685.0,23.386537126995144,False,0.8659078289838978,daily_makeup,
2007-05-19,0.0,1686.0,23.400416377515615,False,0.8659078289838978,daily_makeup,
2007-05-20,0.0,1687.0,23.414295628036086,False,0.8659078289838978,daily_makeup,
2007-05-21,0.0,1688.0,23.428174878556558,False,0.8659078289838978,daily_makeup,
2007-05-22,0.0,1689.0,23.44205412907703,False,0.8659078289838978,daily_makeup,
2007-05-23,0.0,1690.0,23.4559333795975,False,0.8659078289838978,daily_makeup,
2007-05-24,0.0,1691.0,23.469812630117975,False,0.8659078289838978,daily_makeup,
2007-05-25,0.0,1692.0,23.483691880638446,False,0.8659078289838978,daily_makeup,
2007-05-26,0.0,1693.0,23.497571131158917,False,0.8659078289838978,daily_makeup,
2007-05-27,0.0,1694.0,23.51145038167939,False,0.8659078289838978,daily_makeup,
2007-05-28,0.0,1695.0,23.52532963219986,False,0.8659078289838978,daily_makeup,
2007-05-29,0.0,1696.0,23.539208882720335,False,0.8659078289838978,daily_makeup,
2007-05-30,0.0,1697.0,23.553088133240806,False,0.8659078289838978,daily_makeup,
2007-05-31,0.0,1698.0,23.566967383761277,False,0.8659078289838978,daily_makeup,
2007-06-03,0.0,1699.0,23.580846634281748,False,0.8659078289838978,daily_makeup,
2007-06-04,0.0,1700.0,23.59472588480222,False,0.8659078289838978,daily_makeup,
2007-06-05,0.0,1701.0,23.608605135322694,False,0.8659078289838978,daily_makeup,
2007-06-06,0.0,1702.0,23.622484385843165,False,0.8659078289838978,daily_makeup,
2007-06-07,0.0,1703.0,23.636363636363637,False,0.8659078289838978,daily_makeup,
2007-06-09,0.0,1704.0,23.650242886884108,False,0.8659078289838978,daily_makeup,
2007-06-10,0.0,1705.0,23.66412213740458,False,0.8659078289838978,daily_makeup,
2007-06-11,0.0,1706.0,23.67800138792505,False,0.8659078289838978,daily_makeup,
2007-06-12,0.0,1707.0,23.691880638445525,False,0.8659078289838978,daily_makeup,
2007-06-13,0.0,1708.0,23.705759888965996,False,0.8659078289838978,daily_makeup,
2007-06-14,0.0,1709.0,23.719639139486468,False,0.8659078289838978,daily_makeup,
2007-06-15,0.0,1710.0,23.73351839000694,False,0.8659078289838978,daily_makeup,
2007-06-16,0.0,1711.0,23.74739764052741,False,0.8659078289838978,daily_makeup,
2007-06-17,0.0,1712.0,23.761276891047885,False,0.8659078289838978,daily_makeup,
2007-06-18,0.0,1713.0,23.775156141568356,False,0.8659078289838978,daily_makeup,
2007-06-20,0.0,1714.0,23.789035392088827,False,0.8659078289838978,daily_makeup,
2007-06-21,0.0,1715.0,23.8029146426093,False,0.8659078289838978,daily_makeup,
2007-06-22,0.0,1716.0,23.81679389312977,False,0.8659078289838978,daily_makeup,
2007-06-23,0.0,1717.0,23.830673143650245,False,0.8659078289838978,daily_makeup,
2007-06-24,0.0,1718.0,23.844552394170716,False,0.8659078289838978,daily_makeup,
2007-06-25,0.0,1719.0,23.858431644691187,False,0.8659078289838978,daily_makeup,
2007-06-29,0.0,1720.0,23.87231089521166,False,0.8659078289838978,daily_makeup,
2007-06-30,0.0,1721.0,23.88619014573213,False,0.8659078289838978,daily_makeup,
2007-07-01,0.0,1722.0,23.9000693962526,False,0.8659078289838978,daily_makeup,
2007-07-02,0.0,1723.0,23.913948646773076,False,0.8659078289838978,daily_makeup,
2007-07-03,0.0,1724.0,23.927827897293547,False,0.8659078289838978,daily_makeup,
2007-07-04,0.0,1725.0,23.941707147814018,False,0.8659078289838978,daily_makeup,
2007-07-06,0.0,1726.0,23.95558639833449,False,0.8659078289838978,daily_makeup,
2007-07-07,0.0,1727.0,23.96946564885496,False,0.8659078289838978,daily_makeup,
2007-07-12,0.0,1728.0,23.983344899375435,False,0.8659078289838978,daily_makeup,
2007-07-13,0.0,1729.0,23.997224149895906,False,0.8659078289838978,daily_makeup,
2007-07-14,0.0,1730.0,24.011103400416378,False,0.8659078289838978,daily_makeup,
2007-07-16,0.0,1731.0,24.02498265093685,False,0.8659078289838978,daily_makeup,
2007-07-20,0.0,1732.0,24.03886190145732,False,0.8659078289838978,daily_makeup,
2007-07-21,0.0,1733.0,24.052741151977795,False,0.8659078289838978,daily_makeup,
2007-07-22,0.0,1734.0,24.066620402498266,False,0.8659078289838978,daily_makeup,
2007-07-23,0.0,1735.0,24.080499653018737,False,0.8659078289838978,daily_makeup,
2007-07-24,0.0,1736.0,24.09437890353921,False,0.8659078289838978,daily_makeup,
2007-07-25,0.0,1737.0,24.10825815405968,False,0.8659078289838978,daily_makeup,
2007-07-31,0.0,1738.0,24.12213740458015,False,0.8659078289838978,daily_makeup,
2007-08-05,0.0,1739.0,24.136016655100626,False,0.8659078289838978,daily_makeup,
2007-08-11,0.0,1740.0,24.149895905621097,False,0.8659078289838978,daily_makeup,
2007-08-12,0.0,1741.0,24.16377515614157,False,0.8659078289838978,daily_makeup,
2007-08-13,0.0,1742.0,24.17765440666204,False,0.8659078289838978,daily_makeup,
2007-08-14,0.0,1743.0,24.19153365718251,False,0.8659078289838978,daily_makeup,
2007-08-15,0.0,1744.0,24.205412907702986,False,0.8659078289838978,daily_makeup,
2007-08-18,0.0,1745.0,24.219292158223457,False,0.8659078289838978,daily_makeup,
2007-08-19,0.0,1746.0,24.233171408743928,False,0.8659078289838978,daily_makeup,
2007-08-20,0.0,1747.0,24.2470506592644,False,0.8659078289838978,daily_makeup,
2007-08-21,0.0,1748.0,24.26092990978487,False,0.8659078289838978,daily_makeup,
2007-08-22,0.0,1749.0,24.27480916030534,False,0.8659078289838978,daily_makeup,
2007-08-23,0.0,1750.0,24.288688410825817,False,0.8659078289838978,daily_makeup,
2007-08-27,0.0,1751.0,24.302567661346288,False,0.8659078289838978,daily_makeup,
2007-08-28,0.0,1752.0,24.31644691186676,False,0.8659078289838978,daily_makeup,
2007-08-29,0.0,1753.0,24.33032616238723,False,0.8659078289838978,daily_makeup,
2007-08-30,0.0,1754.0,24.3442054129077,False,0.8659078289838978,daily_makeup,
2007-08-31,0.0,1755.0,24.358084663428176,False,0.8659078289838978,daily_makeup,
2007-09-01,0.0,1756.0,24.371963913948647,False,0.8659078289838978,daily_makeup,
2007-09-02,0.0,1757.0,24.38584316446912,False,0.8659078289838978,daily_makeup,
2007-09-03,0.0,1758.0,24.39972241498959,False,0.8659078289838978,daily_makeup,
2007-09-04,0.0,1759.0,24.41360166551006,False,0.8659078289838978,daily_makeup,
2007-09-05,0.0,1760.0,24.427480916030536,False,0.8659078289838978,daily_makeup,
2007-09-06,0.0,1761.0,24.441360166551007,False,0.8659078289838978,daily_makeup,
2007-09-12,0.0,1762.0,24.45523941707148,False,0.8659078289838978,daily_makeup,
2007-09-13,0.0,1763.0,24.46911866759195,False,0.8659078289838978,daily_makeup,
2007-09-14,0.0,1764.0,24.48299791811242,False,0.8659078289838978,daily_makeup,
2007-09-15,0.0,1765.0,24.496877168632892,False,0.8659078289838978,daily_makeup,
2007-09-16,0.0,1766.0,24.510756419153367,False,0.8659078289838978,daily_makeup,
2007-09-17,0.0,1767.0,24.524635669673838,False,0.8659078289838978,daily_makeup,
2007-09-18,0.0,1768.0,24.53851492019431,False,0.8659078289838978,daily_makeup,
2007-09-19,0.0,1769.0,24.55239417071478,False,0.8659078289838978,daily_makeup,
2007-09-20,0.0,1770.0,24.566273421235252,False,0.8659078289838978,daily_makeup,
2007-09-21,0.0,1771.0,24.580152671755727,False,0.8659078289838978,daily_makeup,
2007-09-23,0.0,1772.0,24.594031922276198,False,0.8659078289838978,daily_makeup,
2007-09-24,0.0,1773.0,24.60791117279667,False,0.8659078289838978,daily_makeup,
2007-09-25,0.0,1774.0,24.62179042331714,False,0.8659078289838978,daily_makeup,
2007-09-28,0.0,1775.0,24.63566967383761,False,0.8659078289838978,daily_makeup,
2007-09-29,0.0,1776.0,24.649548924358086,False,0.8659078289838978,daily_makeup,
2007-09-30,0.0,1777.0,24.663428174878558,False,0.8659078289838978,daily_makeup,
2007-10-01,0.0,1778.0,24.67730742539903,False,0.8659078289838978,daily_makeup,
2007-10-02,0.0,1779.0,24.6911866759195,False,0.8659078289838978,daily_makeup,
2007-10-03,0.0,1780.0,24.70506592643997,False,0.8659078289838978,daily_makeup,
2007-10-05,0.0,1781.0,24.718945176960442,False,0.8659078289838978,daily_makeup,
2007-10-06,0.0,1782.0,24.732824427480917,False,0.8659078289838978,daily_makeup,
2007-10-07,0.0,1783.0,24.74670367800139,False,0.8659078289838978,daily_makeup,
2007-10-09,0.0,1784.0,24.76058292852186,False,0.8659078289838978,daily_makeup,
2007-10-10,0.0,1785.0,24.77446217904233,False,0.8659078289838978,daily_makeup,
2007-10-11,0.0,1786.0,24.788341429562802,False,0.8659078289838978,daily_makeup,
2007-10-12,0.0,1787.0,24.802220680083277,False,0.8659078289838978,daily_makeup,
2007-10-13,0.0,1788.0,24.816099930603748,False,0.8659078289838978,daily_makeup,
2007-10-14,0.0,1789.0,24.82997918112422,False,0.8659078289838978,daily_makeup,
2007-10-15,0.0,1790.0,24.84385843164469,False,0.8659078289838978,daily_makeup,
2007-10-16,0.0,1791.0,24.857737682165162,False,0.8659078289838978,daily_makeup,
2007-10-17,0.0,1792.0,24.871616932685637,False,0.8659078289838978,daily_makeup,
2007-10-18,0.0,1793.0,24.885496183206108,False,0.8659078289838978,daily_makeup,
2007-10-19,0.0,1794.0,24.89937543372658,False,0.8659078289838978,daily_makeup,
2007-10-20,0.0,1795.0,24.91325468424705,False,0.8659078289838978,daily_makeup,
2007-10-21,0.0,1796.0,24.92713393476752,False,0.8659078289838978,daily_makeup,
2007-10-22,0.0,1797.0,24.941013185287993,False,0.8659078289838978,daily_makeup,
2007-10-23,0.0,1798.0,24.954892435808468,False,0.8659078289838978,daily_makeup,
2007-10-24,0.0,1799.0,24.96877168632894,False,0.8659078289838978,daily_makeup,
2007-10-25,0.0,1800.0,24.98265093684941,False,0.8659078289838978,daily_makeup,
2007-10-26,0.0,1801.0,24.99653018736988,False,0.8659078289838978,daily_makeup,
2007-10-27,0.0,1802.0,25.010409437890353,False,0.8659078289838978,daily_makeup,
2007-10-28,0.0,1803.0,25.024288688410827,False,0.8659078289838978,daily_makeup,
2007-10-29,0.0,1804.0,25.0381679389313,False,0.8659078289838978,daily_makeup,
2007-10-30,0.0,1805.0,25.05204718945177,False,0.8659078289838978,daily_makeup,
2007-10-31,0.0,1806.0,25.06592643997224,False,0.8659078289838978,daily_makeup,
2007-11-01,0.0,1807.0,25.079805690492712,False,0.8659078289838978,daily_makeup,
2007-11-02,0.0,1808.0,25.093684941013187,False,0.8659078289838978,daily_makeup,
2007-11-03,0.0,1809.0,25.10756419153366,False,0.8659078289838978,daily_makeup,
2007-11-04,0.0,1810.0,25.12144344205413,False,0.8659078289838978,daily_makeup,
2007-11-05,0.0,1811.0,25.1353226925746,False,0.8659078289838978,daily_makeup,
2007-11-06,0.0,1812.0,25.149201943095072,False,0.8659078289838978,daily_makeup,
2007-11-07,0.0,1813.0,25.163081193615543,False,0.8659078289838978,daily_makeup,
2007-11-08,0.0,1814.0,25.176960444136018,False,0.8659078289838978,daily_makeup,
2007-11-09,0.0,1815.0,25.19083969465649,False,0.8659078289838978,daily_makeup,
2007-11-10,0.0,1816.0,25.20471894517696,False,0.8659078289838978,daily_makeup,
2007-11-11,0.0,1817.0,25.21859819569743,False,0.8659078289838978,daily_makeup,
2007-11-12,0.0,1818.0,25.232477446217903,False,0.8659078289838978,daily_makeup,
2007-11-13,0.0,1819.0,25.246356696738378,False,0.8659078289838978,daily_makeup,
2007-11-14,0.0,1820.0,25.26023594725885,False,0.8659078289838978,daily_makeup,
2007-11-15,0.0,1821.0,25.27411519777932,False,0.8659078289838978,daily_makeup,
2007-11-16,0.0,1822.0,25.28799444829979,False,0.8659078289838978,daily_makeup,
2007-11-17,0.0,1823.0,25.301873698820263,False,0.8659078289838978,daily_makeup,
2007-11-18,0.0,1824.0,25.315752949340734,False,0.8659078289838978,daily_makeup,
2007-11-19,0.0,1825.0,25.32963219986121,False,0.8659078289838978,daily_makeup,
2007-11-20,0.0,1826.0,25.34351145038168,False,0.8659078289838978,daily_makeup,
2007-11-21,0.0,1827.0,25.35739070090215,False,0.8659078289838978,daily_makeup,
2007-11-22,0.0,1828.0,25.371269951422622,False,0.8659078289838978,daily_makeup,
2007-11-23,0.0,1829.0,25.385149201943094,False,0.8659078289838978,daily_makeup,
2007-11-27,0.0,1830.0,25.39902845246357,False,0.8659078289838978,daily_makeup,
2007-12-01,0.0,1831.0,25.41290770298404,False,0.8659078289838978,daily_makeup,
2007-12-02,0.0,1832.0,25.42678695350451,False,0.8659078289838978,daily_makeup,
2007-12-03,0.0,1833.0,25.440666204024982,False,0.8659078289838978,daily_makeup,
2007-12-04,0.0,1834.0,25.454545454545453,False,0.8659078289838978,daily_makeup,
2007-12-05,0.0,1835.0,25.468424705065928,False,0.8659078289838978,daily_makeup,
2007-12-06,0.0,1836.0,25.4823039555864,False,0.8659078289838978,daily_makeup,
2007-12-07,0.0,1837.0,25.49618320610687,False,0.8659078289838978,daily_makeup,
2007-12-08,0.0,1838.0,25.51006245662734,False,0.8659078289838978,daily_makeup,
2007-12-09,0.0,1839.0,25.523941707147813,False,0.8659078289838978,daily_makeup,
2007-12-10,0.0,1840.0,25.537820957668284,False,0.8659078289838978,daily_makeup,
2007-12-11,0.0,1841.0,25.55170020818876,False,0.8659078289838978,daily_makeup,
2007-12-12,0.0,1842.0,25.56557945870923,False,0.8659078289838978,daily_makeup,
2007-12-13,0.0,1843.0,25.5794587092297,False,0.8659078289838978,daily_makeup,
2007-12-14,0.0,1844.0,25.593337959750173,False,0.8659078289838978,daily_makeup,
2007-12-15,0.0,1845.0,25.607217210270644,False,0.8659078289838978,daily_makeup,
2007-12-16,0.0,1846.0,25.62109646079112,False,0.8659078289838978,daily_makeup,
2007-12-17,0.0,1847.0,25.63497571131159,False,0.8659078289838978,daily_makeup,
2007-12-18,0.0,1848.0,25.64885496183206,False,0.8659078289838978,daily_makeup,
2007-12-19,0.0,1849.0,25.662734212352532,False,0.8659078289838978,daily_makeup,
2007-12-20,0.0,1850.0,25.676613462873004,False,0.8659078289838978,daily_makeup,
2007-12-21,0.0,1851.0,25.69049271339348,False,0.8659078289838978,daily_makeup,
2007-12-22,0.0,1852.0,25.70437196391395,False,0.8659078289838978,daily_makeup,
2007-12-23,0.0,1853.0,25.71825121443442,False,0.8659078289838978,daily_makeup,
2007-12-24,0.0,1854.0,25.732130464954892,False,0.8659078289838978,daily_makeup,
2007-12-25,0.0,1855.0,25.746009715475363,False,0.8659078289838978,daily_makeup,
2007-12-26,0.0,1856.0,25.759888965995835,False,0.8659078289838978,daily_makeup,
2007-12-27,0.0,1857.0,25.77376821651631,False,0.8659078289838978,daily_makeup,
2007-12-28,0.0,1858.0,25.78764746703678,False,0.8659078289838978,daily_makeup,
2007-12-29,0.0,1859.0,25.801526717557252,False,0.8659078289838978,daily_makeup,
2007-12-30,0.0,1860.0,25.815405968077723,False,0.8659078289838978,daily_makeup,
2007-12-31,0.0,1861.0,25.829285218598194,False,0.8659078289838978,daily_makeup,
2008-01-01,0.0,1862.0,25.84316446911867,False,0.8659078289838978,daily_makeup,
2008-01-02,0.0,1863.0,25.85704371963914,False,0.8659078289838978,daily_makeup,
2008-01-03,0.0,1864.0,25.87092297015961,False,0.8659078289838978,daily_makeup,
2008-01-04,0.0,1865.0,25.884802220680083,False,0.8659078289838978,daily_makeup,
2008-01-05,0.0,1866.0,25.898681471200554,False,0.8659078289838978,daily_makeup,
2008-01-06,0.0,1867.0,25.91256072172103,False,0.8659078289838978,daily_makeup,
2008-01-07,0.0,1868.0,25.9264399722415,False,0.8659078289838978,daily_makeup,
2008-01-08,0.0,1869.0,25.94031922276197,False,0.8659078289838978,daily_makeup,
2008-01-09,0.0,1870.0,25.954198473282442,False,0.8659078289838978,daily_makeup,
2008-01-10,0.0,1871.0,25.968077723802914,False,0.8659078289838978,daily_makeup,
2008-01-11,0.0,1872.0,25.981956974323385,False,0.8659078289838978,daily_makeup,
2008-01-12,0.0,1873.0,25.99583622484386,False,0.8659078289838978,daily_makeup,
2008-01-13,0.0,1874.0,26.00971547536433,False,0.8659078289838978,daily_makeup,
2008-01-14,0.0,1875.0,26.023594725884802,False,0.8659078289838978,daily_makeup,
2008-01-15,0.0,1876.0,26.037473976405273,False,0.8659078289838978,daily_makeup,
2008-01-16,0.0,1877.0,26.051353226925745,False,0.8659078289838978,daily_makeup,
2008-01-17,0.0,1878.0,26.06523247744622,False,0.8659078289838978,daily_makeup,
2008-01-18,0.0,1879.0,26.07911172796669,False,0.8659078289838978,daily_makeup,
2008-01-19,0.0,1880.0,26.092990978487162,False,0.8659078289838978,daily_makeup,
2008-01-20,0.0,1881.0,26.106870229007633,False,0.8659078289838978,daily_makeup,
2008-01-21,0.0,1882.0,26.120749479528104,False,0.8659078289838978,daily_makeup,
2008-01-22,0.0,1883.0,26.13462873004858,False,0.8659078289838978,daily_makeup,
2008-01-23,0.0,1884.0,26.14850798056905,False,0.8659078289838978,daily_makeup,
2008-01-24,0.0,1885.0,26.16238723108952,False,0.8659078289838978,daily_makeup,
2008-01-25,0.0,1886.0,26.176266481609993,False,0.8659078289838978,daily_makeup,
2008-01-26,0.0,1887.0,26.190145732130464,False,0.8659078289838978,daily_makeup,
2008-01-27,0.0,1888.0,26.204024982650935,False,0.8659078289838978,daily_makeup,
2008-01-28,0.0,1889.0,26.21790423317141,False,0.8659078289838978,daily_makeup,
2008-01-29,0.0,1890.0,26.23178348369188,False,0.8659078289838978,daily_makeup,
2008-01-30,0.0,1891.0,26.245662734212353,False,0.8659078289838978,daily_makeup,
2008-01-31,0.0,1892.0,26.259541984732824,False,0.8659078289838978,daily_makeup,
2008-02-01,0.0,1893.0,26.273421235253295,False,0.8659078289838978,daily_makeup,
2008-02-02,0.0,1894.0,26.28730048577377,False,0.8659078289838978,daily_makeup,
2008-02-03,0.0,1895.0,26.30117973629424,False,0.8659078289838978,daily_makeup,
2008-02-04,0.0,1896.0,26.315058986814712,False,0.8659078289838978,daily_makeup,
2008-02-05,0.0,1897.0,26.328938237335183,False,0.8659078289838978,daily_makeup,
2008-02-06,0.0,1898.0,26.342817487855655,False,0.8659078289838978,daily_makeup,
2008-02-07,0.0,1899.0,26.356696738376126,False,0.8659078289838978,daily_makeup,
2008-02-08,0.0,1900.0,26.3705759888966,False,0.8659078289838978,daily_makeup,
2008-02-09,0.0,1901.0,26.384455239417072,False,0.8659078289838978,daily_makeup,
2008-02-10,0.0,1902.0,26.398334489937543,False,0.8659078289838978,daily_makeup,
2008-02-11,0.0,1903.0,26.412213740458014,False,0.8659078289838978,daily_makeup,
2008-02-12,0.0,1904.0,26.426092990978486,False,0.8659078289838978,daily_makeup,
2008-02-13,0.0,1905.0,26.43997224149896,False,0.8659078289838978,daily_makeup,
2008-02-14,0.0,1906.0,26.45385149201943,False,0.8659078289838978,daily_makeup,
2008-02-15,0.0,1907.0,26.467730742539903,False,0.8659078289838978,daily_makeup,
2008-02-16,0.0,1908.0,26.481609993060374,False,0.8659078289838978,daily_makeup,
2008-02-17,0.0,1909.0,26.495489243580845,False,0.8659078289838978,daily_makeup,
2008-02-18,0.0,1910.0,26.50936849410132,False,0.8659078289838978,daily_makeup,
2008-02-19,0.0,1911.0,26.52324774462179,False,0.8659078289838978,daily_makeup,
2008-02-20,0.0,1912.0,26.537126995142263,False,0.8659078289838978,daily_makeup,
2008-02-21,0.0,1913.0,26.551006245662734,False,0.8659078289838978,daily_makeup,
2008-02-22,0.0,1914.0,26.564885496183205,False,0.8659078289838978,daily_makeup,
2008-02-23,0.0,1915.0,26.578764746703676,False,0.8659078289838978,daily_makeup,
2008-02-24,0.0,1916.0,26.59264399722415,False,0.8659078289838978,daily_makeup,
2008-02-25,0.0,1917.0,26.606523247744622,False,0.8659078289838978,daily_makeup,
2008-02-26,0.0,1918.0,26.620402498265094,False,0.8659078289838978,daily_makeup,
2008-02-27,0.0,1919.0,26.634281748785565,False,0.8659078289838978,daily_makeup,
2008-02-28,0.0,1920.0,26.648160999306036,False,0.8659078289838978,daily_makeup,
2008-02-29,0.0,1921.0,26.66204024982651,False,0.8659078289838978,daily_makeup,
2008-03-01,0.0,1922.0,26.675919500346982,False,0.8659078289838978,daily_makeup,
2008-03-02,0.0,1923.0,26.689798750867453,False,0.8659078289838978,daily_makeup,
2008-03-03,0.0,1924.0,26.703678001387924,False,0.8659078289838978,daily_makeup,
2008-03-04,0.0,1925.0,26.717557251908396,False,0.8659078289838978,daily_makeup,
2008-03-05,0.0,1926.0,26.73143650242887,False,0.8659078289838978,daily_makeup,
2008-03-06,0.0,1927.0,26.74531575294934,False,0.8659078289838978,daily_makeup,
2008-03-07,0.0,1928.0,26.759195003469813,False,0.8659078289838978,daily_makeup,
2008-03-08,0.0,1929.0,26.773074253990284,False,0.8659078289838978,daily_makeup,
2008-03-09,0.0,1930.0,26.786953504510755,False,0.8659078289838978,daily_makeup,
2008-03-10,0.0,1931.0,26.800832755031227,False,0.8659078289838978,daily_makeup,
2008-03-11,0.0,1932.0,26.8147120055517,False,0.8659078289838978,daily_makeup,
2008-03-12,0.0,1933.0,26.828591256072173,False,0.8659078289838978,daily_makeup,
2008-03-13,0.0,1934.0,26.842470506592644,False,0.8659078289838978,daily_makeup,
2008-03-14,0.0,1935.0,26.856349757113115,False,0.8659078289838978,daily_makeup,
2008-03-15,0.0,1936.0,26.870229007633586,False,0.8659078289838978,daily_makeup,
2008-03-16,0.0,1937.0,26.88410825815406,False,0.8659078289838978,daily_makeup,
2008-03-17,0.0,1938.0,26.897987508674532,False,0.8659078289838978,daily_makeup,
2008-03-18,0.0,1939.0,26.911866759195004,False,0.8659078289838978,daily_makeup,
2008-03-19,0.0,1940.0,26.925746009715475,False,0.8659078289838978,daily_makeup,
2008-03-20,0.0,1941.0,26.939625260235946,False,0.8659078289838978,daily_makeup,
2008-03-21,0.0,1942.0,26.95350451075642,False,0.8659078289838978,daily_makeup,
2008-03-22,0.0,1943.0,26.967383761276892,False,0.8659078289838978,daily_makeup,
2008-03-23,0.0,1944.0,26.981263011797363,False,0.8659078289838978,daily_makeup,
2008-03-24,0.0,1945.0,26.995142262317835,False,0.8659078289838978,daily_makeup,
2008-03-25,0.0,1946.0,27.009021512838306,False,0.8659078289838978,daily_makeup,
2008-03-26,0.0,1947.0,27.022900763358777,False,0.8659078289838978,daily_makeup,
2008-03-27,0.0,1948.0,27.036780013879252,False,0.8659078289838978,daily_makeup,
2008-03-28,0.0,1949.0,27.050659264399723,False,0.8659078289838978,daily_makeup,
2008-03-29,0.0,1950.0,27.064538514920194,False,0.8659078289838978,daily_makeup,
2008-03-30,0.0,1951.0,27.078417765440665,False,0.8659078289838978,daily_makeup,
2008-03-31,0.0,1952.0,27.092297015961137,False,0.8659078289838978,daily_makeup,
2008-04-01,0.0,1953.0,27.10617626648161,False,0.8659078289838978,daily_makeup,
2008-04-02,0.0,1954.0,27.120055517002083,False,0.8659078289838978,daily_makeup,
2008-04-03,0.0,1955.0,27.133934767522554,False,0.8659078289838978,daily_makeup,
2008-04-04,0.0,1956.0,27.147814018043025,False,0.8659078289838978,daily_makeup,
2008-04-05,0.0,1957.0,27.161693268563496,False,0.8659078289838978,daily_makeup,
2008-04-06,0.0,1958.0,27.17557251908397,False,0.8659078289838978,daily_makeup,
2008-04-07,0.0,1959.0,27.189451769604442,False,0.8659078289838978,daily_makeup,
2008-04-08,0.0,1960.0,27.203331020124914,False,0.8659078289838978,daily_makeup,
2008-04-09,0.0,1961.0,27.217210270645385,False,0.8659078289838978,daily_makeup,
2008-04-10,0.0,1962.0,27.231089521165856,False,0.8659078289838978,daily_makeup,
2008-04-11,0.0,1963.0,27.244968771686327,False,0.8659078289838978,daily_makeup,
2008-04-12,0.0,1964.0,27.258848022206802,False,0.8659078289838978,daily_makeup,
2008-04-13,0.0,1965.0,27.272727272727273,False,0.8659078289838978,daily_makeup,
2008-04-14,0.0,1966.0,27.286606523247745,False,0.8659078289838978,daily_makeup,
2008-04-15,0.0,1967.0,27.300485773768216,False,0.8659078289838978,daily_makeup,
2008-04-16,0.0,1968.0,27.314365024288687,False,0.8659078289838978,daily_makeup,
2008-04-17,0.0,1969.0,27.328244274809162,False,0.8659078289838978,daily_makeup,
2008-04-18,0.0,1970.0,27.342123525329633,False,0.8659078289838978,daily_makeup,
2008-04-19,0.0,1971.0,27.356002775850104,False,0.8659078289838978,daily_makeup,
2008-04-20,0.0,1972.0,27.369882026370576,False,0.8659078289838978,daily_makeup,
2008-04-21,0.0,1973.0,27.383761276891047,False,0.8659078289838978,daily_makeup,
2008-04-22,0.0,1974.0,27.397640527411518,False,0.8659078289838978,daily_makeup,
2008-04-23,0.0,1975.0,27.411519777931993,False,0.8659078289838978,daily_makeup,
2008-04-24,0.0,1976.0,27.425399028452464,False,0.8659078289838978,daily_makeup,
2008-04-25,0.0,1977.0,27.439278278972935,False,0.8659078289838978,daily_makeup,
2008-04-26,0.0,1978.0,27.453157529493406,False,0.8659078289838978,daily_makeup,
2008-04-27,0.0,1979.0,27.467036780013878,False,0.8659078289838978,daily_makeup,
2008-04-28,0.0,1980.0,27.480916030534353,False,0.8659078289838978,daily_makeup,
2008-04-29,0.0,1981.0,27.494795281054824,False,0.8659078289838978,daily_makeup,
2008-04-30,0.0,1982.0,27.508674531575295,False,0.8659078289838978,daily_makeup,
2008-05-01,0.0,1983.0,27.522553782095766,False,0.8659078289838978,daily_makeup,
2008-05-02,0.0,1984.0,27.536433032616237,False,0.8659078289838978,daily_makeup,
2008-05-03,0.0,1985.0,27.550312283136712,False,0.8659078289838978,daily_makeup,
2008-05-04,0.0,1986.0,27.564191533657183,False,0.8659078289838978,daily_makeup,
2008-05-05,0.0,1987.0,27.578070784177655,False,0.8659078289838978,daily_makeup,
2008-05-06,0.0,1988.0,27.591950034698126,False,0.8659078289838978,daily_makeup,
2008-05-07,0.0,1989.0,27.605829285218597,False,0.8659078289838978,daily_makeup,
2008-05-08,0.0,1990.0,27.61970853573907,False,0.8659078289838978,daily_makeup,
2008-05-09,0.0,1991.0,27.633587786259543,False,0.8659078289838978,daily_makeup,
2008-05-10,0.0,1992.0,27.647467036780014,False,0.8659078289838978,daily_makeup,
2008-05-11,0.0,1993.0,27.661346287300486,False,0.8659078289838978,daily_makeup,
2008-05-12,0.0,1994.0,27.675225537820957,False,0.8659078289838978,daily_makeup,
2008-05-13,0.0,1995.0,27.689104788341428,False,0.8659078289838978,daily_makeup,
2008-05-14,0.0,1996.0,27.702984038861903,False,0.8659078289838978,daily_makeup,
2008-05-15,0.0,1997.0,27.716863289382374,False,0.8659078289838978,daily_makeup,
2008-05-16,0.0,1998.0,27.730742539902845,False,0.8659078289838978,daily_makeup,
2008-05-17,0.0,1999.0,27.744621790423317,False,0.8659078289838978,daily_makeup,
2008-05-18,0.0,2000.0,27.758501040943788,False,0.8659078289838978,daily_makeup,
2008-05-19,0.0,2001.0,27.772380291464263,False,0.8659078289838978,daily_makeup,
2008-05-20,0.0,2002.0,27.786259541984734,False,0.8659078289838978,daily_makeup,
2008-05-21,0.0,2003.0,27.800138792505205,False,0.8659078289838978,daily_makeup,
2008-05-22,0.0,2004.0,27.814018043025676,False,0.8659078289838978,daily_makeup,
2008-05-23,0.0,2005.0,27.827897293546147,False,0.8659078289838978,daily_makeup,
2008-05-24,0.0,2006.0,27.84177654406662,False,0.8659078289838978,daily_makeup,
2008-05-25,0.0,2007.0,27.855655794587094,False,0.8659078289838978,daily_makeup,
2008-05-26,0.0,2008.0,27.869535045107565,False,0.8659078289838978,daily_makeup,
2008-05-28,0.0,2009.0,27.883414295628036,False,0.8659078289838978,daily_makeup,
2008-05-29,0.0,2010.0,27.897293546148507,False,0.8659078289838978,daily_makeup,
2008-05-30,0.0,2011.0,27.91117279666898,False,0.8659078289838978,daily_makeup,
2008-05-31,0.0,2012.0,27.925052047189453,False,0.8659078289838978,daily_makeup,
2008-06-01,0.0,2013.0,27.938931297709924,False,0.8659078289838978,daily_makeup,
2008-06-02,0.0,2014.0,27.952810548230396,False,0.8659078289838978,daily_makeup,
2008-06-03,0.0,2015.0,27.966689798750867,False,0.8659078289838978,daily_makeup,
2008-06-04,0.0,2016.0,27.980569049271338,False,0.8659078289838978,daily_makeup,
2008-06-05,0.0,2017.0,27.994448299791813,False,0.8659078289838978,daily_makeup,
2008-06-11,0.0,2018.0,28.008327550312284,False,0.8659078289838978,daily_makeup,
2008-06-12,0.0,2019.0,28.022206800832755,False,0.8659078289838978,daily_makeup,
2008-06-13,0.0,2020.0,28.036086051353227,False,0.8659078289838978,daily_makeup,
2008-06-15,0.0,2021.0,28.049965301873698,False,0.8659078289838978,daily_makeup,
2008-06-16,0.0,2022.0,28.06384455239417,False,0.8659078289838978,daily_makeup,
2008-06-17,0.0,2023.0,28.077723802914644,False,0.8659078289838978,daily_makeup,
2008-06-18,0.0,2024.0,28.091603053435115,False,0.8659078289838978,daily_makeup,
2008-06-19,0.0,2025.0,28.105482303955586,False,0.8659078289838978,daily_makeup,
2008-06-20,0.0,2026.0,28.119361554476058,False,0.8659078289838978,daily_makeup,
2008-06-21,0.0,2027.0,28.13324080499653,False,0.8659078289838978,daily_makeup,
2008-06-22,0.0,2028.0,28.147120055517004,False,0.8659078289838978,daily_makeup,
2008-06-23,0.0,2029.0,28.160999306037475,False,0.8659078289838978,daily_makeup,
2008-06-24,0.0,2030.0,28.174878556557946,False,0.8659078289838978,daily_makeup,
2008-06-25,0.0,2031.0,28.188757807078417,False,0.8659078289838978,daily_makeup,
2008-06-26,0.0,2032.0,28.20263705759889,False,0.8659078289838978,daily_makeup,
2008-06-30,0.0,2033.0,28.216516308119363,False,0.8659078289838978,daily_makeup,
2008-07-01,0.0,2034.0,28.230395558639835,False,0.8659078289838978,daily_makeup,
2008-07-02,0.0,2035.0,28.244274809160306,False,0.8659078289838978,daily_makeup,
2008-07-03,0.0,2036.0,28.258154059680777,False,0.8659078289838978,daily_makeup,
2008-07-04,0.0,2037.0,28.272033310201248,False,0.8659078289838978,daily_makeup,
2008-07-05,0.0,2038.0,28.28591256072172,False,0.8659078289838978,daily_makeup,
2008-07-10,0.0,2039.0,28.299791811242194,False,0.8659078289838978,daily_makeup,
2008-07-11,0.0,2040.0,28.313671061762665,False,0.8659078289838978,daily_makeup,
2008-07-14,0.0,2041.0,28.327550312283137,False,0.8659078289838978,daily_makeup,
2008-07-15,0.0,2042.0,28.341429562803608,False,0.8659078289838978,daily_makeup,
2008-07-16,0.0,2043.0,28.35530881332408,False,0.8659078289838978,daily_makeup,
2008-07-24,0.0,2044.0,28.369188063844554,False,0.8659078289838978,daily_makeup,
2008-07-25,0.0,2045.0,28.383067314365025,False,0.8659078289838978,daily_makeup,
2008-07-26,0.0,2046.0,28.396946564885496,False,0.8659078289838978,daily_makeup,
2008-07-28,0.0,2047.0,28.410825815405968,False,0.8659078289838978,daily_makeup,
2008-07-29,0.0,2048.0,28.42470506592644,False,0.8659078289838978,daily_makeup,
2008-08-01,0.0,2049.0,28.43858431644691,False,0.8659078289838978,daily_makeup,
2008-08-03,0.0,2050.0,28.452463566967385,False,0.8659078289838978,daily_makeup,
2008-08-04,0.0,2051.0,28.466342817487856,False,0.8659078289838978,daily_makeup,
2008-08-05,0.0,2052.0,28.480222068008327,False,0.8659078289838978,daily_makeup,
2008-08-07,0.0,2053.0,28.4941013185288,False,0.8659078289838978,daily_makeup,
2008-08-08,0.0,2054.0,28.50798056904927,False,0.8659078289838978,daily_makeup,
2008-08-09,0.0,2055.0,28.521859819569745,False,0.8659078289838978,daily_makeup,
2008-08-10,0.0,2056.0,28.535739070090216,False,0.8659078289838978,daily_makeup,
2008-08-11,0.0,2057.0,28.549618320610687,False,0.8659078289838978,daily_makeup,
2008-08-12,0.0,2058.0,28.56349757113116,False,0.8659078289838978,daily_makeup,
2008-08-13,0.0,2059.0,28.57737682165163,False,0.8659078289838978,daily_makeup,
2008-08-14,0.0,2060.0,28.591256072172104,False,0.8659078289838978,daily_makeup,
2008-08-15,0.0,2061.0,28.605135322692576,False,0.8659078289838978,daily_makeup,
2008-08-16,0.0,2062.0,28.619014573213047,False,0.8659078289838978,daily_makeup,
2008-08-17,0.0,2063.0,28.632893823733518,False,0.8659078289838978,daily_makeup,
2008-08-18,0.0,2064.0,28.64677307425399,False,0.8659078289838978,daily_makeup,
2008-08-19,0.0,2065.0,28.66065232477446,False,0.8659078289838978,daily_makeup,
2008-08-20,0.0,2066.0,28.674531575294935,False,0.8659078289838978,daily_makeup,
2008-08-21,0.0,2067.0,28.688410825815406,False,0.8659078289838978,daily_makeup,
2008-08-22,0.0,2068.0,28.702290076335878,False,0.8659078289838978,daily_makeup,
2008-08-23,0.0,2069.0,28.71616932685635,False,0.8659078289838978,daily_makeup,
2008-08-24,0.0,2070.0,28.73004857737682,False,0.8659078289838978,daily_makeup,
2008-08-25,0.0,2071.0,28.743927827897295,False,0.8659078289838978,daily_makeup,
2008-08-26,0.0,2072.0,28.757807078417766,False,0.8659078289838978,daily_makeup,
2008-08-27,0.0,2073.0,28.771686328938237,False,0.8659078289838978,daily_makeup,
2008-08-28,0.0,2074.0,28.78556557945871,False,0.8659078289838978,daily_makeup,
2008-08-29,0.0,2075.0,28.79944482997918,False,0.8659078289838978,daily_makeup,
2008-08-31,0.0,2076.0,28.813324080499655,False,0.8659078289838978,daily_makeup,
2008-09-01,0.0,2077.0,28.827203331020126,False,0.8659078289838978,daily_makeup,
2008-09-02,0.0,2078.0,28.841082581540597,False,0.8659078289838978,daily_makeup,
2008-09-03,0.0,2079.0,28.85496183206107,False,0.8659078289838978,daily_makeup,
2008-09-07,0.0,2080.0,28.86884108258154,False,0.8659078289838978,daily_makeup,
2008-09-08,0.0,2081.0,28.88272033310201,False,0.8659078289838978,daily_makeup,
2008-09-09,0.0,2082.0,28.896599583622486,False,0.8659078289838978,daily_makeup,
2008-09-10,0.0,2083.0,28.910478834142957,False,0.8659078289838978,daily_makeup,
2008-09-11,0.0,2084.0,28.924358084663428,False,0.8659078289838978,daily_makeup,
2008-09-12,0.0,2085.0,28.9382373351839,False,0.8659078289838978,daily_makeup,
2008-09-16,0.0,2086.0,28.95211658570437,False,0.8659078289838978,daily_makeup,
2008-09-17,0.0,2087.0,28.965995836224845,False,0.8659078289838978,daily_makeup,
2008-09-18,0.0,2088.0,28.979875086745317,False,0.8659078289838978,daily_makeup,
2008-09-19,0.0,2089.0,28.993754337265788,False,0.8659078289838978,daily_makeup,
2008-09-20,0.0,2090.0,29.00763358778626,False,0.8659078289838978,daily_makeup,
2008-09-21,0.0,2091.0,29.02151283830673,False,0.8659078289838978,daily_makeup,
2008-09-22,0.0,2092.0,29.035392088827205,False,0.8659078289838978,daily_makeup,
2008-09-23,0.0,2093.0,29.049271339347676,False,0.8659078289838978,daily_makeup,
2008-09-24,0.0,2094.0,29.063150589868147,False,0.8659078289838978,daily_makeup,
2008-09-25,0.0,2095.0,29.07702984038862,False,0.8659078289838978,daily_makeup,
2008-09-26,0.0,2096.0,29.09090909090909,False,0.8659078289838978,daily_makeup,
2008-09-27,0.0,2097.0,29.10478834142956,False,0.8659078289838978,daily_makeup,
2008-09-28,0.0,2098.0,29.118667591950036,False,0.8659078289838978,daily_makeup,
2008-09-29,0.0,2099.0,29.132546842470507,False,0.8659078289838978,daily_makeup,
2008-09-30,0.0,2100.0,29.14642609299098,False,0.8659078289838978,daily_makeup,
2008-10-01,0.0,2101.0,29.16030534351145,False,0.8659078289838978,daily_makeup,
2008-10-02,0.0,2102.0,29.17418459403192,False,0.8659078289838978,daily_makeup,
2008-10-03,0.0,2103.0,29.188063844552396,False,0.8659078289838978,daily_makeup,
2008-10-04,0.0,2104.0,29.201943095072867,False,0.8659078289838978,daily_makeup,
2008-10-05,0.0,2105.0,29.215822345593338,False,0.8659078289838978,daily_makeup,
2008-10-06,0.0,2106.0,29.22970159611381,False,0.8659078289838978,daily_makeup,
2008-10-07,0.0,2107.0,29.24358084663428,False,0.8659078289838978,daily_makeup,
2008-10-08,0.0,2108.0,29.257460097154755,False,0.8659078289838978,daily_makeup,
2008-10-09,0.0,2109.0,29.271339347675227,False,0.8659078289838978,daily_makeup,
2008-10-10,0.0,2110.0,29.285218598195698,False,0.8659078289838978,daily_makeup,
2008-10-11,0.0,2111.0,29.29909784871617,False,0.8659078289838978,daily_makeup,
2008-10-12,0.0,2112.0,29.31297709923664,False,0.8659078289838978,daily_makeup,
2008-10-13,0.0,2113.0,29.32685634975711,False,0.8659078289838978,daily_makeup,
2008-10-14,0.0,2114.0,29.340735600277586,False,0.8659078289838978,daily_makeup,
2008-10-15,0.0,2115.0,29.354614850798058,False,0.8659078289838978,daily_makeup,
2008-10-16,0.0,2116.0,29.36849410131853,False,0.8659078289838978,daily_makeup,
2008-10-17,0.0,2117.0,29.382373351839,False,0.8659078289838978,daily_makeup,
2008-10-18,0.0,2118.0,29.39625260235947,False,0.8659078289838978,daily_makeup,
2008-10-19,0.0,2119.0,29.410131852879946,False,0.8659078289838978,daily_makeup,
2008-10-20,0.0,2120.0,29.424011103400417,False,0.8659078289838978,daily_makeup,
2008-10-21,0.0,2121.0,29.43789035392089,False,0.8659078289838978,daily_makeup,
2008-10-22,0.0,2122.0,29.45176960444136,False,0.8659078289838978,daily_makeup,
2008-10-23,0.0,2123.0,29.46564885496183,False,0.8659078289838978,daily_makeup,
2008-10-24,0.0,2124.0,29.479528105482302,False,0.8659078289838978,daily_makeup,
2008-10-25,0.0,2125.0,29.493407356002777,False,0.8659078289838978,daily_makeup,
2008-10-26,0.0,2126.0,29.507286606523248,False,0.8659078289838978,daily_makeup,
2008-10-27,0.0,2127.0,29.52116585704372,False,0.8659078289838978,daily_makeup,
2008-10-28,0.0,2128.0,29.53504510756419,False,0.8659078289838978,daily_makeup,
2008-10-29,0.0,2129.0,29.548924358084662,False,0.8659078289838978,daily_makeup,
2008-10-30,0.0,2130.0,29.562803608605137,False,0.8659078289838978,daily_makeup,
2008-10-31,0.0,2131.0,29.576682859125608,False,0.8659078289838978,daily_makeup,
2008-11-01,0.0,2132.0,29.59056210964608,False,0.8659078289838978,daily_makeup,
2008-11-02,0.0,2133.0,29.60444136016655,False,0.8659078289838978,daily_makeup,
2008-11-03,0.0,2134.0,29.61832061068702,False,0.8659078289838978,daily_makeup,
2008-11-04,0.0,2135.0,29.632199861207496,False,0.8659078289838978,daily_makeup,
2008-11-05,0.0,2136.0,29.646079111727968,False,0.8659078289838978,daily_makeup,
2008-11-06,0.0,2137.0,29.65995836224844,False,0.8659078289838978,daily_makeup,
2008-11-07,0.0,2138.0,29.67383761276891,False,0.8659078289838978,daily_makeup,
2008-11-08,0.0,2139.0,29.68771686328938,False,0.8659078289838978,daily_makeup,
2008-11-09,0.0,2140.0,29.701596113809853,False,0.8659078289838978,daily_makeup,
2008-11-10,0.0,2141.0,29.715475364330327,False,0.8659078289838978,daily_makeup,
2008-11-11,0.0,2142.0,29.7293546148508,False,0.8659078289838978,daily_makeup,
2008-11-12,0.0,2143.0,29.74323386537127,False,0.8659078289838978,daily_makeup,
2008-11-13,0.0,2144.0,29.75711311589174,False,0.8659078289838978,daily_makeup,
2008-11-14,0.0,2145.0,29.770992366412212,False,0.8659078289838978,daily_makeup,
2008-11-15,0.0,2146.0,29.784871616932687,False,0.8659078289838978,daily_makeup,
2008-11-16,0.0,2147.0,29.79875086745316,False,0.8659078289838978,daily_makeup,
2008-11-17,0.0,2148.0,29.81263011797363,False,0.8659078289838978,daily_makeup,
2008-11-18,0.0,2149.0,29.8265093684941,False,0.8659078289838978,daily_makeup,
2008-11-19,0.0,2150.0,29.840388619014572,False,0.8659078289838978,daily_makeup,
2008-11-20,0.0,2151.0,29.854267869535047,False,0.8659078289838978,daily_makeup,
2008-11-21,0.0,2152.0,29.868147120055518,False,0.8659078289838978,daily_makeup,
2008-11-22,0.0,2153.0,29.88202637057599,False,0.8659078289838978,daily_makeup,
2008-11-23,0.0,2154.0,29.89590562109646,False,0.8659078289838978,daily_makeup,
2008-11-24,0.0,2155.0,29.90978487161693,False,0.8659078289838978,daily_makeup,
2008-11-25,0.0,2156.0,29.923664122137403,False,0.8659078289838978,daily_makeup,
2008-11-26,0.0,2157.0,29.937543372657878,False,0.8659078289838978,daily_makeup,
2008-11-27,0.0,2158.0,29.95142262317835,False,0.8659078289838978,daily_makeup,
2008-11-28,0.0,2159.0,29.96530187369882,False,0.8659078289838978,daily_makeup,
2008-11-29,0.0,2160.0,29.97918112421929,False,0.8659078289838978,daily_makeup,
2008-11-30,0.0,2161.0,29.993060374739763,False,0.8659078289838978,daily_makeup,
2008-12-01,0.0,2162.0,30.006939625260237,False,0.8659078289838978,daily_makeup,
2008-12-02,0.0,2163.0,30.02081887578071,False,0.8659078289838978,daily_makeup,
2008-12-03,0.0,2164.0,30.03469812630118,False,0.8659078289838978,daily_makeup,
2008-12-04,0.0,2165.0,30.04857737682165,False,0.8659078289838978,daily_makeup,
2008-12-05,0.0,2166.0,30.062456627342122,False,0.8659078289838978,daily_makeup,
2008-12-06,0.0,2167.0,30.076335877862597,False,0.8659078289838978,daily_makeup,
2008-12-07,0.0,2168.0,30.09021512838307,False,0.8659078289838978,daily_makeup,
2008-12-08,0.0,2169.0,30.10409437890354,False,0.8659078289838978,daily_makeup,
2008-12-09,0.0,2170.0,30.11797362942401,False,0.8659078289838978,daily_makeup,
2008-12-10,0.0,2171.0,30.131852879944482,False,0.8659078289838978,daily_makeup,
2008-12-11,0.0,2172.0,30.145732130464953,False,0.8659078289838978,daily_makeup,
2008-12-12,0.0,2173.0,30.159611380985428,False,0.8659078289838978,daily_makeup,
2008-12-13,0.0,2174.0,30.1734906315059,False,0.8659078289838978,daily_makeup,
2008-12-14,0.0,2175.0,30.18736988202637,False,0.8659078289838978,daily_makeup,
2008-12-15,0.0,2176.0,30.20124913254684,False,0.8659078289838978,daily_makeup,
2008-12-16,0.0,2177.0,30.215128383067313,False,0.8659078289838978,daily_makeup,
2008-12-17,0.0,2178.0,30.229007633587788,False,0.8659078289838978,daily_makeup,
2008-12-18,0.0,2179.0,30.24288688410826,False,0.8659078289838978,daily_makeup,
2008-12-19,0.0,2180.0,30.25676613462873,False,0.8659078289838978,daily_makeup,
2008-12-20,0.0,2181.0,30.2706453851492,False,0.8659078289838978,daily_makeup,
2008-12-21,0.0,2182.0,30.284524635669673,False,0.8659078289838978,daily_makeup,
2008-12-22,0.0,2183.0,30.298403886190147,False,0.8659078289838978,daily_makeup,
2008-12-23,0.0,2184.0,30.31228313671062,False,0.8659078289838978,daily_makeup,
2008-12-24,0.0,2185.0,30.32616238723109,False,0.8659078289838978,daily_makeup,
2008-12-25,0.0,2186.0,30.34004163775156,False,0.8659078289838978,daily_makeup,
2008-12-26,0.0,2187.0,30.353920888272032,False,0.8659078289838978,daily_makeup,
2008-12-27,0.0,2188.0,30.367800138792504,False,0.8659078289838978,daily_makeup,
2008-12-28,0.0,2189.0,30.38167938931298,False,0.8659078289838978,daily_makeup,
2008-12-29,0.0,2190.0,30.39555863983345,False,0.8659078289838978,daily_makeup,
2008-12-30,0.0,2191.0,30.40943789035392,False,0.8659078289838978,daily_makeup,
2008-12-31,0.0,2192.0,30.423317140874392,False,0.8659078289838978,daily_makeup,
2009-01-01,0.0,2193.0,30.437196391394863,False,0.8659078289838978,daily_makeup,
2009-01-02,0.0,2194.0,30.451075641915338,False,0.8659078289838978,daily_makeup,
2009-01-03,0.0,2195.0,30.46495489243581,False,0.8659078289838978,daily_makeup,
2009-01-04,0.0,2196.0,30.47883414295628,False,0.8659078289838978,daily_makeup,
2009-01-05,0.0,2197.0,30.492713393476752,False,0.8659078289838978,daily_makeup,
2009-01-06,0.0,2198.0,30.506592643997223,False,0.8659078289838978,daily_makeup,
2009-01-07,0.0,2199.0,30.520471894517698,False,0.8659078289838978,daily_makeup,
2009-01-08,0.0,2200.0,30.53435114503817,False,0.8659078289838978,daily_makeup,
2009-01-09,0.0,2201.0,30.54823039555864,False,0.8659078289838978,daily_makeup,
2009-01-10,0.0,2202.0,30.56210964607911,False,0.8659078289838978,daily_makeup,
2009-01-11,0.0,2203.0,30.575988896599583,False,0.8659078289838978,daily_makeup,
2009-01-12,0.0,2204.0,30.589868147120054,False,0.8659078289838978,daily_makeup,
2009-01-13,0.0,2205.0,30.60374739764053,False,0.8659078289838978,daily_makeup,
2009-01-14,0.0,2206.0,30.617626648161,False,0.8659078289838978,daily_makeup,
2009-01-15,0.0,2207.0,30.63150589868147,False,0.8659078289838978,daily_makeup,
2009-01-16,0.0,2208.0,30.645385149201942,False,0.8659078289838978,daily_makeup,
2009-01-17,0.0,2209.0,30.659264399722414,False,0.8659078289838978,daily_makeup,
2009-01-18,0.0,2210.0,30.67314365024289,False,0.8659078289838978,daily_makeup,
2009-01-19,0.0,2211.0,30.68702290076336,False,0.8659078289838978,daily_makeup,
2009-01-20,0.0,2212.0,30.70090215128383,False,0.8659078289838978,daily_makeup,
2009-01-21,0.0,2213.0,30.714781401804302,False,0.8659078289838978,daily_makeup,
2009-01-22,0.0,2214.0,30.728660652324773,False,0.8659078289838978,daily_makeup,
2009-01-23,0.0,2215.0,30.742539902845245,False,0.8659078289838978,daily_makeup,
2009-01-24,0.0,2216.0,30.75641915336572,False,0.8659078289838978,daily_makeup,
2009-01-25,0.0,2217.0,30.77029840388619,False,0.8659078289838978,daily_makeup,
2009-01-26,0.0,2218.0,30.784177654406662,False,0.8659078289838978,daily_makeup,
2009-01-27,0.0,2219.0,30.798056904927133,False,0.8659078289838978,daily_makeup,
2009-01-28,0.0,2220.0,30.811936155447604,False,0.8659078289838978,daily_makeup,
2009-01-29,0.0,2221.0,30.82581540596808,False,0.8659078289838978,daily_makeup,
2009-01-30,0.0,2222.0,30.83969465648855,False,0.8659078289838978,daily_makeup,
2009-01-31,0.0,2223.0,30.85357390700902,False,0.8659078289838978,daily_makeup,
2009-02-01,0.0,2224.0,30.867453157529493,False,0.8659078289838978,daily_makeup,
2009-02-02,0.0,2225.0,30.881332408049964,False,0.8659078289838978,daily_makeup,
2009-02-03,0.0,2226.0,30.89521165857044,False,0.8659078289838978,daily_makeup,
2009-02-04,0.0,2227.0,30.90909090909091,False,0.8659078289838978,daily_makeup,
2009-02-05,0.0,2228.0,30.92297015961138,False,0.8659078289838978,daily_makeup,
2009-02-06,0.0,2229.0,30.936849410131853,False,0.8659078289838978,daily_makeup,
2009-02-07,0.0,2230.0,30.950728660652324,False,0.8659078289838978,daily_makeup,
2009-02-08,0.0,2231.0,30.964607911172795,False,0.8659078289838978,daily_makeup,
2009-02-09,0.0,2232.0,30.97848716169327,False,0.8659078289838978,daily_makeup,
2009-02-10,0.0,2233.0,30.99236641221374,False,0.8659078289838978,daily_makeup,
2009-02-11,0.0,2234.0,31.006245662734212,False,0.8659078289838978,daily_makeup,
2009-02-12,0.0,2235.0,31.020124913254683,False,0.8659078289838978,daily_makeup,
2009-02-13,0.0,2236.0,31.034004163775155,False,0.8659078289838978,daily_makeup,
2009-02-14,0.0,2237.0,31.04788341429563,False,0.8659078289838978,daily_makeup,
2009-02-15,0.0,2238.0,31.0617626648161,False,0.8659078289838978,daily_makeup,
2009-02-16,0.0,2239.0,31.075641915336572,False,0.8659078289838978,daily_makeup,
2009-02-17,0.0,2240.0,31.089521165857043,False,0.8659078289838978,daily_makeup,
2009-02-18,0.0,2241.0,31.103400416377514,False,0.8659078289838978,daily_makeup,
2009-02-19,0.0,2242.0,31.11727966689799,False,0.8659078289838978,daily_makeup,
2009-02-20,0.0,2243.0,31.13115891741846,False,0.8659078289838978,daily_makeup,
2009-02-21,0.0,2244.0,31.14503816793893,False,0.8659078289838978,daily_makeup,
2009-02-22,0.0,2245.0,31.158917418459403,False,0.8659078289838978,daily_makeup,
2009-02-23,0.0,2246.0,31.172796668979874,False,0.8659078289838978,daily_makeup,
2009-02-24,0.0,2247.0,31.186675919500345,False,0.8659078289838978,daily_makeup,
2009-02-25,0.0,2248.0,31.20055517002082,False,0.8659078289838978,daily_makeup,
2009-02-26,0.0,2249.0,31.21443442054129,False,0.8659078289838978,daily_makeup,
2009-02-27,0.0,2250.0,31.228313671061763,False,0.8659078289838978,daily_makeup,
2009-02-28,0.0,2251.0,31.242192921582234,False,0.8659078289838978,daily_makeup,
2009-03-01,0.0,2252.0,31.256072172102705,False,0.8659078289838978,daily_makeup,
2009-03-02,0.0,2253.0,31.26995142262318,False,0.8659078289838978,daily_makeup,
2009-03-03,0.0,2254.0,31.28383067314365,False,0.8659078289838978,daily_makeup,
2009-03-04,0.0,2255.0,31.297709923664122,False,0.8659078289838978,daily_makeup,
2009-03-05,0.0,2256.0,31.311589174184594,False,0.8659078289838978,daily_makeup,
2009-03-06,0.0,2257.0,31.325468424705065,False,0.8659078289838978,daily_makeup,
2009-03-07,0.0,2258.0,31.33934767522554,False,0.8659078289838978,daily_makeup,
2009-03-08,0.0,2259.0,31.35322692574601,False,0.8659078289838978,daily_makeup,
2009-03-09,0.0,2260.0,31.367106176266482,False,0.8659078289838978,daily_makeup,
2009-03-10,0.0,2261.0,31.380985426786953,False,0.8659078289838978,daily_makeup,
2009-03-11,0.0,2262.0,31.394864677307424,False,0.8659078289838978,daily_makeup,
2009-03-12,0.0,2263.0,31.408743927827896,False,0.8659078289838978,daily_makeup,
2009-03-13,0.0,2264.0,31.42262317834837,False,0.8659078289838978,daily_makeup,
2009-03-14,0.0,2265.0,31.43650242886884,False,0.8659078289838978,daily_makeup,
2009-03-15,0.0,2266.0,31.450381679389313,False,0.8659078289838978,daily_makeup,
2009-03-16,0.0,2267.0,31.464260929909784,False,0.8659078289838978,daily_makeup,
2009-03-17,0.0,2268.0,31.478140180430255,False,0.8659078289838978,daily_makeup,
2009-03-18,0.0,2269.0,31.49201943095073,False,0.8659078289838978,daily_makeup,
2009-03-19,0.0,2270.0,31.5058986814712,False,0.8659078289838978,daily_makeup,
2009-03-20,0.0,2271.0,31.519777931991673,False,0.8659078289838978,daily_makeup,
2009-03-21,0.0,2272.0,31.533657182512144,False,0.8659078289838978,daily_makeup,
2009-03-22,0.0,2273.0,31.547536433032615,False,0.8659078289838978,daily_makeup,
2009-03-23,0.0,2274.0,31.56141568355309,False,0.8659078289838978,daily_makeup,
2009-03-24,0.0,2275.0,31.57529493407356,False,0.8659078289838978,daily_makeup,
2009-03-25,0.0,2276.0,31.589174184594032,False,0.8659078289838978,daily_makeup,
2009-03-26,0.0,2277.0,31.603053435114504,False,0.8659078289838978,daily_makeup,
2009-03-27,0.0,2278.0,31.616932685634975,False,0.8659078289838978,daily_makeup,
2009-03-28,0.0,2279.0,31.630811936155446,False,0.8659078289838978,daily_makeup,
2009-03-29,0.0,2280.0,31.64469118667592,False,0.8659078289838978,daily_makeup,
2009-03-30,0.0,2281.0,31.658570437196392,False,0.8659078289838978,daily_makeup,
2009-03-31,0.0,2282.0,31.672449687716863,False,0.8659078289838978,daily_makeup,
2009-04-01,0.0,2283.0,31.686328938237335,False,0.8659078289838978,daily_makeup,
2009-04-02,0.0,2284.0,31.700208188757806,False,0.8659078289838978,daily_makeup,
2009-04-03,0.0,2285.0,31.71408743927828,False,0.8659078289838978,daily_makeup,
2009-04-04,0.0,2286.0,31.727966689798752,False,0.8659078289838978,daily_makeup,
2009-04-05,0.0,2287.0,31.741845940319223,False,0.8659078289838978,daily_makeup,
2009-04-06,0.0,2288.0,31.755725190839694,False,0.8659078289838978,daily_makeup,
2009-04-07,0.0,2289.0,31.769604441360165,False,0.8659078289838978,daily_makeup,
2009-04-08,0.0,2290.0,31.783483691880637,False,0.8659078289838978,daily_makeup,
2009-04-09,0.0,2291.0,31.79736294240111,False,0.8659078289838978,daily_makeup,
2009-04-10,0.0,2292.0,31.811242192921583,False,0.8659078289838978,daily_makeup,
2009-04-11,0.0,2293.0,31.825121443442054,False,0.8659078289838978,daily_makeup,
2009-04-12,0.0,2294.0,31.839000693962525,False,0.8659078289838978,daily_makeup,
2009-04-13,0.0,2295.0,31.852879944482996,False,0.8659078289838978,daily_makeup,
2009-04-14,0.0,2296.0,31.86675919500347,False,0.8659078289838978,daily_makeup,
2009-04-15,0.0,2297.0,31.880638445523942,False,0.8659078289838978,daily_makeup,
2009-04-16,0.0,2298.0,31.894517696044414,False,0.8659078289838978,daily_makeup,
2009-04-17,0.0,2299.0,31.908396946564885,False,0.8659078289838978,daily_makeup,
2009-04-18,0.0,2300.0,31.922276197085356,False,0.8659078289838978,daily_makeup,
2009-04-19,0.0,2301.0,31.93615544760583,False,0.8659078289838978,daily_makeup,
2009-04-20,0.0,2302.0,31.950034698126302,False,0.8659078289838978,daily_makeup,
2009-04-21,0.0,2303.0,31.963913948646773,False,0.8659078289838978,daily_makeup,
2009-04-22,0.0,2304.0,31.977793199167245,False,0.8659078289838978,daily_makeup,
2009-04-23,0.0,2305.0,31.991672449687716,False,0.8659078289838978,daily_makeup,
2009-04-24,0.0,2306.0,32.00555170020819,False,0.8659078289838978,daily_makeup,
2009-04-25,0.0,2307.0,32.01943095072866,False,0.8659078289838978,daily_makeup,
2009-04-26,0.0,2308.0,32.03331020124913,False,0.8659078289838978,daily_makeup,
2009-04-27,0.0,2309.0,32.047189451769604,False,0.8659078289838978,daily_makeup,
2009-04-28,0.0,2310.0,32.06106870229008,False,0.8659078289838978,daily_makeup,
2009-04-29,0.0,2311.0,32.07494795281055,False,0.8659078289838978,daily_makeup,
2009-04-30,0.0,2312.0,32.08882720333102,False,0.8659078289838978,daily_makeup,
2009-05-01,0.0,2313.0,32.10270645385149,False,0.8659078289838978,daily_makeup,
2009-05-02,0.0,2314.0,32.116585704371964,False,0.8659078289838978,daily_makeup,
2009-05-03,0.0,2315.0,32.13046495489244,False,0.8659078289838978,daily_makeup,
2009-05-04,0.0,2316.0,32.14434420541291,False,0.8659078289838978,daily_makeup,
2009-05-05,0.0,2317.0,32.15822345593338,False,0.8659078289838978,daily_makeup,
2009-05-06,0.0,2318.0,32.17210270645385,False,0.8659078289838978,daily_makeup,
2009-05-07,0.0,2319.0,32.185981956974324,False,0.8659078289838978,daily_makeup,
2009-05-08,0.0,2320.0,32.1998612074948,False,0.8659078289838978,daily_makeup,
2009-05-09,0.0,2321.0,32.213740458015266,False,0.8659078289838978,daily_makeup,
2009-05-10,0.0,2322.0,32.22761970853574,False,0.8659078289838978,daily_makeup,
2009-05-11,0.0,2323.0,32.24149895905621,False,0.8659078289838978,daily_makeup,
2009-05-12,0.0,2324.0,32.25537820957668,False,0.8659078289838978,daily_makeup,
2009-05-13,0.0,2325.0,32.26925746009716,False,0.8659078289838978,daily_makeup,
2009-05-14,0.0,2326.0,32.283136710617626,False,0.8659078289838978,daily_makeup,
2009-05-15,0.0,2327.0,32.2970159611381,False,0.8659078289838978,daily_makeup,
2009-05-16,0.0,2328.0,32.31089521165857,False,0.8659078289838978,daily_makeup,
2009-05-17,0.0,2329.0,32.32477446217904,False,0.8659078289838978,daily_makeup,
2009-05-18,0.0,2330.0,32.33865371269951,False,0.8659078289838978,daily_makeup,
2009-05-19,0.0,2331.0,32.352532963219986,False,0.8659078289838978,daily_makeup,
2009-05-20,0.0,2332.0,32.36641221374046,False,0.8659078289838978,daily_makeup,
2009-05-21,0.0,2333.0,32.38029146426093,False,0.8659078289838978,daily_makeup,
2009-05-22,0.0,2334.0,32.3941707147814,False,0.8659078289838978,daily_makeup,
2009-05-23,0.0,2335.0,32.40804996530187,False,0.8659078289838978,daily_makeup,
2009-05-24,0.0,2336.0,32.421929215822345,False,0.8659078289838978,daily_makeup,
2009-05-25,0.0,2337.0,32.43580846634282,False,0.8659078289838978,daily_makeup,
2009-05-26,0.0,2338.0,32.44968771686329,False,0.8659078289838978,daily_makeup,
2009-05-27,0.0,2339.0,32.46356696738376,False,0.8659078289838978,daily_makeup,
2009-05-28,0.0,2340.0,32.47744621790423,False,0.8659078289838978,daily_makeup,
2009-05-29,0.0,2341.0,32.491325468424705,False,0.8659078289838978,daily_makeup,
2009-05-30,0.0,2342.0,32.50520471894518,False,0.8659078289838978,daily_makeup,
2009-05-31,0.0,2343.0,32.51908396946565,False,0.8659078289838978,daily_makeup,
2009-06-01,0.0,2344.0,32.53296321998612,False,0.8659078289838978,daily_makeup,
2009-06-02,0.0,2345.0,32.54684247050659,False,0.8659078289838978,daily_makeup,
2009-06-03,0.0,2346.0,32.560721721027065,False,0.8659078289838978,daily_makeup,
2009-06-04,0.0,2347.0,32.57460097154754,False,0.8659078289838978,daily_makeup,
2009-06-05,0.0,2348.0,32.58848022206801,False,0.8659078289838978,daily_makeup,
2009-06-06,0.0,2349.0,32.60235947258848,False,0.8659078289838978,daily_makeup,
2009-06-07,0.0,2350.0,32.61623872310895,False,0.8659078289838978,daily_makeup,
2009-06-08,0.0,2351.0,32.630117973629424,False,0.8659078289838978,daily_makeup,
2009-06-09,0.0,2352.0,32.6439972241499,False,0.8659078289838978,daily_makeup,
2009-06-10,0.0,2353.0,32.65787647467037,False,0.8659078289838978,daily_makeup,
2009-06-11,0.0,2354.0,32.67175572519084,False,0.8659078289838978,daily_makeup,
2009-06-12,0.0,2355.0,32.68563497571131,False,0.8659078289838978,daily_makeup,
2009-06-13,0.0,2356.0,32.699514226231784,False,0.8659078289838978,daily_makeup,
2009-06-14,0.0,2357.0,32.71339347675225,False,0.8659078289838978,daily_makeup,
2009-06-15,0.0,2358.0,32.72727272727273,False,0.8659078289838978,daily_makeup,
2009-06-16,0.0,2359.0,32.7411519777932,False,0.8659078289838978,daily_makeup,
2009-06-17,0.0,2360.0,32.75503122831367,False,0.8659078289838978,daily_makeup,
2009-06-18,0.0,2361.0,32.768910478834144,False,0.8659078289838978,daily_makeup,
2009-06-19,0.0,2362.0,32.78278972935461,False,0.8659078289838978,daily_makeup,
2009-06-20,0.0,2363.0,32.796668979875086,False,0.8659078289838978,daily_makeup,
2009-06-21,0.0,2364.0,32.81054823039556,False,0.8659078289838978,daily_makeup,
2009-06-22,0.0,2365.0,32.82442748091603,False,0.8659078289838978,daily_makeup,
2009-06-23,0.0,2366.0,32.838306731436504,False,0.8659078289838978,daily_makeup,
2009-06-24,0.0,2367.0,32.85218598195697,False,0.8659078289838978,daily_makeup,
2009-06-27,0.0,2368.0,32.866065232477446,False,0.8659078289838978,daily_makeup,
2009-06-28,0.0,2369.0,32.87994448299792,False,0.8659078289838978,daily_makeup,
2009-06-29,0.0,2370.0,32.89382373351839,False,0.8659078289838978,daily_makeup,
2009-06-30,0.0,2371.0,32.90770298403886,False,0.8659078289838978,daily_makeup,
2009-07-01,0.0,2372.0,32.92158223455933,False,0.8659078289838978,daily_makeup,
2009-07-02,0.0,2373.0,32.935461485079806,False,0.8659078289838978,daily_makeup,
2009-07-03,0.0,2374.0,32.94934073560028,False,0.8659078289838978,daily_makeup,
2009-07-04,0.0,2375.0,32.96321998612075,False,0.8659078289838978,daily_makeup,
2009-07-05,0.0,2376.0,32.97709923664122,False,0.8659078289838978,daily_makeup,
2009-07-06,0.0,2377.0,32.99097848716169,False,0.8659078289838978,daily_makeup,
2009-07-07,0.0,2378.0,33.004857737682165,False,0.8659078289838978,daily_makeup,
2009-07-08,0.0,2379.0,33.01873698820264,False,0.8659078289838978,daily_makeup,
2009-07-09,0.0,2380.0,33.03261623872311,False,0.8659078289838978,daily_makeup,
2009-07-10,0.0,2381.0,33.04649548924358,False,0.8659078289838978,daily_makeup,
2009-07-11,0.0,2382.0,33.06037473976405,False,0.8659078289838978,daily_makeup,
2009-07-12,0.0,2383.0,33.074253990284525,False,0.8659078289838978,daily_makeup,
2009-07-13,0.0,2384.0,33.088133240805,False,0.8659078289838978,daily_makeup,
2009-07-14,0.0,2385.0,33.10201249132547,False,0.8659078289838978,daily_makeup,
2009-07-15,0.0,2386.0,33.11589174184594,False,0.8659078289838978,daily_makeup,
2009-07-18,0.0,2387.0,33.12977099236641,False,0.8659078289838978,daily_makeup,
2009-07-19,0.0,2388.0,33.143650242886885,False,0.8659078289838978,daily_makeup,
2009-07-20,0.0,2389.0,33.15752949340735,False,0.8659078289838978,daily_makeup,
2009-07-21,0.0,2390.0,33.17140874392783,False,0.8659078289838978,daily_makeup,
2009-07-23,0.0,2391.0,33.1852879944483,False,0.8659078289838978,daily_makeup,
2009-07-24,0.0,2392.0,33.19916724496877,False,0.8659078289838978,daily_makeup,
2009-08-03,0.0,2393.0,33.213046495489245,False,0.8659078289838978,daily_makeup,
2009-08-06,0.0,2394.0,33.22692574600971,False,0.8659078289838978,daily_makeup,
2009-08-07,0.0,2395.0,33.24080499653019,False,0.8659078289838978,daily_makeup,
2009-08-08,0.0,2396.0,33.25468424705066,False,0.8659078289838978,daily_makeup,
2009-08-13,0.0,2397.0,33.26856349757113,False,0.8659078289838978,daily_makeup,
2009-08-24,0.0,2398.0,33.282442748091604,False,0.8659078289838978,daily_makeup,
2009-08-25,0.0,2399.0,33.29632199861207,False,0.8659078289838978,daily_makeup,
2009-08-27,0.0,2400.0,33.31020124913255,False,0.8659078289838978,daily_makeup,
2009-08-28,0.0,2401.0,33.32408049965302,False,0.8659078289838978,daily_makeup,
2009-08-30,0.0,2402.0,33.33795975017349,False,0.8659078289838978,daily_makeup,
2009-08-31,0.0,2403.0,33.351839000693964,False,0.8659078289838978,daily_makeup,
2009-09-01,0.0,2404.0,33.36571825121443,False,0.8659078289838978,daily_makeup,
2009-09-02,0.0,2405.0,33.37959750173491,False,0.8659078289838978,daily_makeup,
2009-09-03,0.0,2406.0,33.39347675225538,False,0.8659078289838978,daily_makeup,
2009-09-04,0.0,2407.0,33.40735600277585,False,0.8659078289838978,daily_makeup,
2009-09-05,0.0,2408.0,33.421235253296324,False,0.8659078289838978,daily_makeup,
2009-09-06,0.0,2409.0,33.43511450381679,False,0.8659078289838978,daily_makeup,
2009-09-07,0.0,2410.0,33.448993754337266,False,0.8659078289838978,daily_makeup,
2009-09-08,0.0,2411.0,33.46287300485774,False,0.8659078289838978,daily_makeup,
2009-09-09,0.0,2412.0,33.47675225537821,False,0.8659078289838978,daily_makeup,
2009-09-10,0.0,2413.0,33.49063150589868,False,0.8659078289838978,daily_makeup,
2009-09-11,0.0,2414.0,33.50451075641915,False,0.8659078289838978,daily_makeup,
2009-09-12,0.0,2415.0,33.518390006939626,False,0.8659078289838978,daily_makeup,
2009-09-13,0.0,2416.0,33.5322692574601,False,0.8659078289838978,daily_makeup,
2009-09-14,0.0,2417.0,33.54614850798057,False,0.8659078289838978,daily_makeup,
2009-09-15,0.0,2418.0,33.56002775850104,False,0.8659078289838978,daily_makeup,
2009-09-16,0.0,2419.0,33.57390700902151,False,0.8659078289838978,daily_makeup,
2009-09-17,0.0,2420.0,33.587786259541986,False,0.8659078289838978,daily_makeup,
2009-09-18,0.0,2421.0,33.60166551006245,False,0.8659078289838978,daily_makeup,
2009-09-19,0.0,2422.0,33.61554476058293,False,0.8659078289838978,daily_makeup,
2009-09-20,0.0,2423.0,33.6294240111034,False,0.8659078289838978,daily_makeup,
2009-09-21,0.0,2424.0,33.64330326162387,False,0.8659078289838978,daily_makeup,
2009-09-22,0.0,2425.0,33.657182512144345,False,0.8659078289838978,daily_makeup,
2009-09-24,0.0,2426.0,33.67106176266481,False,0.8659078289838978,daily_makeup,
2009-09-25,0.0,2427.0,33.68494101318529,False,0.8659078289838978,daily_makeup,
2009-09-26,0.0,2428.0,33.69882026370576,False,0.8659078289838978,daily_makeup,
2009-09-27,0.0,2429.0,33.71269951422623,False,0.8659078289838978,daily_makeup,
2009-09-28,0.0,2430.0,33.726578764746705,False,0.8659078289838978,daily_makeup,
2009-09-29,0.0,2431.0,33.74045801526717,False,0.8659078289838978,daily_makeup,
2009-09-30,0.0,2432.0,33.75433726578765,False,0.8659078289838978,daily_makeup,
2009-10-01,0.0,2433.0,33.76821651630812,False,0.8659078289838978,daily_makeup,
2009-10-02,0.0,2434.0,33.78209576682859,False,0.8659078289838978,daily_makeup,
2009-10-03,0.0,2435.0,33.795975017349065,False,0.8659078289838978,daily_makeup,
2009-10-04,0.0,2436.0,33.80985426786953,False,0.8659078289838978,daily_makeup,
2009-10-05,0.0,2437.0,33.82373351839001,False,0.8659078289838978,daily_makeup,
2009-10-06,0.0,2438.0,33.83761276891048,False,0.8659078289838978,daily_makeup,
2009-10-07,0.0,2439.0,33.85149201943095,False,0.8659078289838978,daily_makeup,
2009-10-08,0.0,2440.0,33.865371269951424,False,0.8659078289838978,daily_makeup,
2009-10-09,0.0,2441.0,33.87925052047189,False,0.8659078289838978,daily_makeup,
2009-10-10,0.0,2442.0,33.89312977099237,False,0.8659078289838978,daily_makeup,
2009-10-11,0.0,2443.0,33.90700902151284,False,0.8659078289838978,daily_makeup,
2009-10-12,0.0,2444.0,33.92088827203331,False,0.8659078289838978,daily_makeup,
2009-10-13,0.0,2445.0,33.934767522553784,False,0.8659078289838978,daily_makeup,
2009-10-14,0.0,2446.0,33.94864677307425,False,0.8659078289838978,daily_makeup,
2009-10-15,0.0,2447.0,33.96252602359473,False,0.8659078289838978,daily_makeup,
2009-10-16,0.0,2448.0,33.976405274115194,False,0.8659078289838978,daily_makeup,
2009-10-17,0.0,2449.0,33.99028452463567,False,0.8659078289838978,daily_makeup,
2009-10-18,0.0,2450.0,34.004163775156144,False,0.8659078289838978,daily_makeup,
2009-10-19,0.0,2451.0,34.01804302567661,False,0.8659078289838978,daily_makeup,
2009-10-20,0.0,2452.0,34.031922276197086,False,0.8659078289838978,daily_makeup,
2009-10-21,0.0,2453.0,34.045801526717554,False,0.8659078289838978,daily_makeup,
2009-10-22,0.0,2454.0,34.05968077723803,False,0.8659078289838978,daily_makeup,
2009-10-23,0.0,2455.0,34.073560027758504,False,0.8659078289838978,daily_makeup,
2009-10-24,0.0,2456.0,34.08743927827897,False,0.8659078289838978,daily_makeup,
2009-10-25,0.0,2457.0,34.101318528799446,False,0.8659078289838978,daily_makeup,
2009-10-26,0.0,2458.0,34.115197779319914,False,0.8659078289838978,daily_makeup,
2009-10-27,0.0,2459.0,34.12907702984039,False,0.8659078289838978,daily_makeup,
2009-10-28,0.0,2460.0,34.14295628036086,False,0.8659078289838978,daily_makeup,
2009-10-29,0.0,2461.0,34.15683553088133,False,0.8659078289838978,daily_makeup,
2009-10-30,0.0,2462.0,34.170714781401806,False,0.8659078289838978,daily_makeup,
2009-10-31,0.0,2463.0,34.18459403192227,False,0.8659078289838978,daily_makeup,
2009-11-03,0.0,2464.0,34.19847328244275,False,0.8659078289838978,daily_makeup,
2009-11-04,0.0,2465.0,34.21235253296322,False,0.8659078289838978,daily_makeup,
2009-11-05,0.0,2466.0,34.22623178348369,False,0.8659078289838978,daily_makeup,
2009-11-06,0.0,2467.0,34.240111034004165,False,0.8659078289838978,daily_makeup,
2009-11-07,0.0,2468.0,34.25399028452463,False,0.8659078289838978,daily_makeup,
2009-11-08,0.0,2469.0,34.26786953504511,False,0.8659078289838978,daily_makeup,
2009-11-09,0.0,2470.0,34.28174878556558,False,0.8659078289838978,daily_makeup,
2009-11-10,0.0,2471.0,34.29562803608605,False,0.8659078289838978,daily_makeup,
2009-11-11,0.0,2472.0,34.309507286606525,False,0.8659078289838978,daily_makeup,
2009-11-12,0.0,2473.0,34.32338653712699,False,0.8659078289838978,daily_makeup,
2009-11-13,0.0,2474.0,34.33726578764747,False,0.8659078289838978,daily_makeup,
2009-11-14,0.0,2475.0,34.35114503816794,False,0.8659078289838978,daily_makeup,
2009-11-15,0.0,2476.0,34.36502428868841,False,0.8659078289838978,daily_makeup,
2009-11-16,0.0,2477.0,34.378903539208885,False,0.8659078289838978,daily_makeup,
2009-11-17,0.0,2478.0,34.39278278972935,False,0.8659078289838978,daily_makeup,
2009-11-18,0.0,2479.0,34.40666204024983,False,0.8659078289838978,daily_makeup,
2009-11-19,0.0,2480.0,34.420541290770295,False,0.8659078289838978,daily_makeup,
2009-11-20,0.0,2481.0,34.43442054129077,False,0.8659078289838978,daily_makeup,
2009-11-21,0.0,2482.0,34.448299791811245,False,0.8659078289838978,daily_makeup,
2009-11-22,0.0,2483.0,34.46217904233171,False,0.8659078289838978,daily_makeup,
2009-11-23,0.0,2484.0,34.47605829285219,False,0.8659078289838978,daily_makeup,
2009-11-24,0.0,2485.0,34.489937543372655,False,0.8659078289838978,daily_makeup,
2009-11-25,0.0,2486.0,34.50381679389313,False,0.8659078289838978,daily_makeup,
2009-11-26,0.0,2487.0,34.517696044413604,False,0.8659078289838978,daily_makeup,
2009-11-27,0.0,2488.0,34.53157529493407,False,0.8659078289838978,daily_makeup,
2009-11-28,0.0,2489.0,34.54545454545455,False,0.8659078289838978,daily_makeup,
2009-11-29,0.0,2490.0,34.559333795975014,False,0.8659078289838978,daily_makeup,
2009-11-30,0.0,2491.0,34.57321304649549,False,0.8659078289838978,daily_makeup,
2009-12-01,0.0,2492.0,34.587092297015964,False,0.8659078289838978,daily_makeup,
2009-12-02,0.0,2493.0,34.60097154753643,False,0.8659078289838978,daily_makeup,
2009-12-03,0.0,2494.0,34.61485079805691,False,0.8659078289838978,daily_makeup,
2009-12-04,0.0,2495.0,34.628730048577374,False,0.8659078289838978,daily_makeup,
2009-12-05,0.0,2496.0,34.64260929909785,False,0.8659078289838978,daily_makeup,
2009-12-06,0.0,2497.0,34.656488549618324,False,0.8659078289838978,daily_makeup,
2009-12-07,0.0,2498.0,34.67036780013879,False,0.8659078289838978,daily_makeup,
2009-12-08,0.0,2499.0,34.684247050659266,False,0.8659078289838978,daily_makeup,
2009-12-09,0.0,2500.0,34.698126301179734,False,0.8659078289838978,daily_makeup,
2009-12-10,0.0,2501.0,34.71200555170021,False,0.8659078289838978,daily_makeup,
2009-12-11,0.0,2502.0,34.72588480222068,False,0.8659078289838978,daily_makeup,
2009-12-12,0.0,2503.0,34.73976405274115,False,0.8659078289838978,daily_makeup,
2009-12-13,0.0,2504.0,34.753643303261626,False,0.8659078289838978,daily_makeup,
2009-12-14,0.0,2505.0,34.767522553782094,False,0.8659078289838978,daily_makeup,
2009-12-15,0.0,2506.0,34.78140180430257,False,0.8659078289838978,daily_makeup,
2009-12-16,0.0,2507.0,34.795281054823036,False,0.8659078289838978,daily_makeup,
2009-12-17,0.0,2508.0,34.80916030534351,False,0.8659078289838978,daily_makeup,
2009-12-18,0.0,2509.0,34.823039555863986,False,0.8659078289838978,daily_makeup,
2009-12-19,0.0,2510.0,34.83691880638445,False,0.8659078289838978,daily_makeup,
2009-12-20,0.0,2511.0,34.85079805690493,False,0.8659078289838978,daily_makeup,
2009-12-21,0.0,2512.0,34.864677307425396,False,0.8659078289838978,daily_makeup,
2009-12-22,0.0,2513.0,34.87855655794587,False,0.8659078289838978,daily_makeup,
2009-12-23,0.0,2514.0,34.892435808466345,False,0.8659078289838978,daily_makeup,
2009-12-24,0.0,2515.0,34.90631505898681,False,0.8659078289838978,daily_makeup,
2009-12-25,0.0,2516.0,34.92019430950729,False,0.8659078289838978,daily_makeup,
2009-12-26,0.0,2517.0,34.934073560027755,False,0.8659078289838978,daily_makeup,
2009-12-27,0.0,2518.0,34.94795281054823,False,0.8659078289838978,daily_makeup,
2009-12-28,0.0,2519.0,34.961832061068705,False,0.8659078289838978,daily_makeup,
2009-12-29,0.0,2520.0,34.97571131158917,False,0.8659078289838978,daily_makeup,
2009-12-30,0.0,2521.0,34.98959056210965,False,0.8659078289838978,daily_makeup,
2009-12-31,0.0,2522.0,35.003469812630115,False,0.8659078289838978,daily_makeup,
2010-01-01,0.0,2523.0,35.01734906315059,False,0.8659078289838978,daily_makeup,
2010-01-02,0.0,2524.0,35.031228313671065,False,0.8659078289838978,daily_makeup,
2010-01-03,0.0,2525.0,35.04510756419153,False,0.8659078289838978,daily_makeup,
2010-01-04,0.0,2526.0,35.05898681471201,False,0.8659078289838978,daily_makeup,
2010-01-05,0.0,2527.0,35.072866065232475,False,0.8659078289838978,daily_makeup,
2010-01-06,0.0,2528.0,35.08674531575295,False,0.8659078289838978,daily_makeup,
2010-01-07,0.0,2529.0,35.100624566273424,False,0.8659078289838978,daily_makeup,
2010-01-08,0.0,2530.0,35.11450381679389,False,0.8659078289838978,daily_makeup,
2010-01-09,0.0,2531.0,35.12838306731437,False,0.8659078289838978,daily_makeup,
2010-01-10,0.0,2532.0,35.142262317834835,False,0.8659078289838978,daily_makeup,
2010-01-11,0.0,2533.0,35.15614156835531,False,0.8659078289838978,daily_makeup,
2010-01-12,0.0,2534.0,35.170020818875784,False,0.8659078289838978,daily_makeup,
2010-01-13,0.0,2535.0,35.18390006939625,False,0.8659078289838978,daily_makeup,
2010-01-14,0.0,2536.0,35.19777931991673,False,0.8659078289838978,daily_makeup,
2010-01-15,0.0,2537.0,35.211658570437194,False,0.8659078289838978,daily_makeup,
2010-01-16,0.0,2538.0,35.22553782095767,False,0.8659078289838978,daily_makeup,
2010-01-17,0.0,2539.0,35.23941707147814,False,0.8659078289838978,daily_makeup,
2010-01-18,0.0,2540.0,35.25329632199861,False,0.8659078289838978,daily_makeup,
2010-01-19,0.0,2541.0,35.267175572519086,False,0.8659078289838978,daily_makeup,
2010-01-20,0.0,2542.0,35.281054823039554,False,0.8659078289838978,daily_makeup,
2010-01-21,0.0,2543.0,35.29493407356003,False,0.8659078289838978,daily_makeup,
2010-01-22,0.0,2544.0,35.308813324080496,False,0.8659078289838978,daily_makeup,
2010-01-23,0.0,2545.0,35.32269257460097,False,0.8659078289838978,daily_makeup,
2010-01-24,0.0,2546.0,35.336571825121446,False,0.8659078289838978,daily_makeup,
2010-01-25,0.0,2547.0,35.350451075641914,False,0.8659078289838978,daily_makeup,
2010-01-26,0.0,2548.0,35.36433032616239,False,0.8659078289838978,daily_makeup,
2010-01-27,0.0,2549.0,35.378209576682856,False,0.8659078289838978,daily_makeup,
2010-01-28,0.0,2550.0,35.39208882720333,False,0.8659078289838978,daily_makeup,
2010-01-29,0.0,2551.0,35.405968077723806,False,0.8659078289838978,daily_makeup,
2010-01-30,0.0,2552.0,35.41984732824427,False,0.8659078289838978,daily_makeup,
2010-01-31,0.0,2553.0,35.43372657876475,False,0.8659078289838978,daily_makeup,
2010-02-01,0.0,2554.0,35.447605829285216,False,0.8659078289838978,daily_makeup,
2010-02-02,0.0,2555.0,35.46148507980569,False,0.8659078289838978,daily_makeup,
2010-02-03,0.0,2556.0,35.475364330326165,False,0.8659078289838978,daily_makeup,
2010-02-04,0.0,2557.0,35.48924358084663,False,0.8659078289838978,daily_makeup,
2010-02-05,0.0,2558.0,35.50312283136711,False,0.8659078289838978,daily_makeup,
2010-02-06,0.0,2559.0,35.517002081887576,False,0.8659078289838978,daily_makeup,
2010-02-07,0.0,2560.0,35.53088133240805,False,0.8659078289838978,daily_makeup,
2010-02-08,0.0,2561.0,35.544760582928525,False,0.8659078289838978,daily_makeup,
2010-02-09,0.0,2562.0,35.55863983344899,False,0.8659078289838978,daily_makeup,
2010-02-10,0.0,2563.0,35.57251908396947,False,0.8659078289838978,daily_makeup,
2010-02-11,0.0,2564.0,35.586398334489935,False,0.8659078289838978,daily_makeup,
2010-02-12,0.0,2565.0,35.60027758501041,False,0.8659078289838978,daily_makeup,
2010-02-13,0.0,2566.0,35.614156835530885,False,0.8659078289838978,daily_makeup,
2010-02-14,0.0,2567.0,35.62803608605135,False,0.8659078289838978,daily_makeup,
2010-02-15,0.0,2568.0,35.64191533657183,False,0.8659078289838978,daily_makeup,
2010-02-16,0.0,2569.0,35.655794587092295,False,0.8659078289838978,daily_makeup,
2010-02-17,0.0,2570.0,35.66967383761277,False,0.8659078289838978,daily_makeup,
2010-02-18,0.0,2571.0,35.68355308813324,False,0.8659078289838978,daily_makeup,
2010-02-19,0.0,2572.0,35.69743233865371,False,0.8659078289838978,daily_makeup,
2010-02-20,0.0,2573.0,35.71131158917419,False,0.8659078289838978,daily_makeup,
2010-02-21,0.0,2574.0,35.725190839694655,False,0.8659078289838978,daily_makeup,
2010-02-22,0.0,2575.0,35.73907009021513,False,0.8659078289838978,daily_makeup,
2010-02-23,0.0,2576.0,35.7529493407356,False,0.8659078289838978,daily_makeup,
2010-02-24,0.0,2577.0,35.76682859125607,False,0.8659078289838978,daily_makeup,
2010-02-25,0.0,2578.0,35.78070784177655,False,0.8659078289838978,daily_makeup,
2010-02-26,0.0,2579.0,35.794587092297014,False,0.8659078289838978,daily_makeup,
2010-02-27,0.0,2580.0,35.80846634281749,False,0.8659078289838978,daily_makeup,
2010-02-28,0.0,2581.0,35.82234559333796,False,0.8659078289838978,daily_makeup,
2010-03-01,0.0,2582.0,35.83622484385843,False,0.8659078289838978,daily_makeup,
2010-03-02,0.0,2583.0,35.850104094378906,False,0.8659078289838978,daily_makeup,
2010-03-03,0.0,2584.0,35.863983344899374,False,0.8659078289838978,daily_makeup,
2010-03-04,0.0,2585.0,35.87786259541985,False,0.8659078289838978,daily_makeup,
2010-03-05,0.0,2586.0,35.89174184594032,False,0.8659078289838978,daily_makeup,
2010-03-06,0.0,2587.0,35.90562109646079,False,0.8659078289838978,daily_makeup,
2010-03-07,0.0,2588.0,35.919500346981266,False,0.8659078289838978,daily_makeup,
2010-03-08,0.0,2589.0,35.933379597501734,False,0.8659078289838978,daily_makeup,
2010-03-09,0.0,2590.0,35.94725884802221,False,0.8659078289838978,daily_makeup,
2010-03-10,0.0,2591.0,35.961138098542676,False,0.8659078289838978,daily_makeup,
2010-03-11,0.0,2592.0,35.97501734906315,False,0.8659078289838978,daily_makeup,
2010-03-12,0.0,2593.0,35.988896599583626,False,0.8659078289838978,daily_makeup,
2010-03-15,0.0,2594.0,36.00277585010409,False,0.8659078289838978,daily_makeup,
2010-03-16,0.0,2595.0,36.01665510062457,False,0.8659078289838978,daily_makeup,
2010-03-17,0.0,2596.0,36.030534351145036,False,0.8659078289838978,daily_makeup,
2010-03-18,0.0,2597.0,36.04441360166551,False,0.8659078289838978,daily_makeup,
2010-03-19,0.0,2598.0,36.05829285218598,False,0.8659078289838978,daily_makeup,
2010-03-20,0.0,2599.0,36.07217210270645,False,0.8659078289838978,daily_makeup,
2010-03-21,0.0,2600.0,36.08605135322693,False,0.8659078289838978,daily_makeup,
2010-03-22,0.0,2601.0,36.099930603747396,False,0.8659078289838978,daily_makeup,
2010-03-23,0.0,2602.0,36.11380985426787,False,0.8659078289838978,daily_makeup,
2010-03-24,0.0,2603.0,36.12768910478834,False,0.8659078289838978,daily_makeup,
2010-03-25,0.0,2604.0,36.14156835530881,False,0.8659078289838978,daily_makeup,
2010-03-26,0.0,2605.0,36.15544760582929,False,0.8659078289838978,daily_makeup,
2010-03-27,0.0,2606.0,36.169326856349755,False,0.8659078289838978,daily_makeup,
2010-03-28,0.0,2607.0,36.18320610687023,False,0.8659078289838978,daily_makeup,
2010-03-29,0.0,2608.0,36.1970853573907,False,0.8659078289838978,daily_makeup,
2010-03-30,0.0,2609.0,36.21096460791117,False,0.8659078289838978,daily_makeup,
2010-03-31,0.0,2610.0,36.22484385843165,False,0.8659078289838978,daily_makeup,
2010-04-01,0.0,2611.0,36.238723108952115,False,0.8659078289838978,daily_makeup,
2010-04-02,0.0,2612.0,36.25260235947259,False,0.8659078289838978,daily_makeup,
2010-04-03,0.0,2613.0,36.26648160999306,False,0.8659078289838978,daily_makeup,
2010-04-04,0.0,2614.0,36.28036086051353,False,0.8659078289838978,daily_makeup,
2010-04-05,0.0,2615.0,36.29424011103401,False,0.8659078289838978,daily_makeup,
2010-04-06,0.0,2616.0,36.308119361554475,False,0.8659078289838978,daily_makeup,
2010-04-07,0.0,2617.0,36.32199861207495,False,0.8659078289838978,daily_makeup,
2010-04-08,0.0,2618.0,36.33587786259542,False,0.8659078289838978,daily_makeup,
2010-04-09,0.0,2619.0,36.34975711311589,False,0.8659078289838978,daily_makeup,
2010-04-10,0.0,2620.0,36.36363636363637,False,0.8659078289838978,daily_makeup,
2010-04-11,0.0,2621.0,36.377515614156835,False,0.8659078289838978,daily_makeup,
2010-04-12,0.0,2622.0,36.39139486467731,False,0.8659078289838978,daily_makeup,
2010-04-13,0.0,2623.0,36.40527411519778,False,0.8659078289838978,daily_makeup,
2010-04-14,0.0,2624.0,36.41915336571825,False,0.8659078289838978,daily_makeup,
2010-04-15,0.0,2625.0,36.43303261623873,False,0.8659078289838978,daily_makeup,
2010-04-16,0.0,2626.0,36.446911866759194,False,0.8659078289838978,daily_makeup,
2010-04-17,0.0,2627.0,36.46079111727967,False,0.8659078289838978,daily_makeup,
2010-04-18,0.0,2628.0,36.47467036780014,False,0.8659078289838978,daily_makeup,
2010-04-19,0.0,2629.0,36.48854961832061,False,0.8659078289838978,daily_makeup,
2010-04-20,0.0,2630.0,36.50242886884108,False,0.8659078289838978,daily_makeup,
2010-04-21,0.0,2631.0,36.516308119361554,False,0.8659078289838978,daily_makeup,
2010-04-22,0.0,2632.0,36.53018736988203,False,0.8659078289838978,daily_makeup,
2010-04-23,0.0,2633.0,36.544066620402496,False,0.8659078289838978,daily_makeup,
2010-04-24,0.0,2634.0,36.55794587092297,False,0.8659078289838978,daily_makeup,
2010-04-25,0.0,2635.0,36.57182512144344,False,0.8659078289838978,daily_makeup,
2010-04-26,0.0,2636.0,36.585704371963914,False,0.8659078289838978,daily_makeup,
2010-04-27,0.0,2637.0,36.59958362248439,False,0.8659078289838978,daily_makeup,
2010-04-28,0.0,2638.0,36.613462873004856,False,0.8659078289838978,daily_makeup,
2010-04-29,0.0,2639.0,36.62734212352533,False,0.8659078289838978,daily_makeup,
2010-04-30,0.0,2640.0,36.6412213740458,False,0.8659078289838978,daily_makeup,
2010-05-01,0.0,2641.0,36.65510062456627,False,0.8659078289838978,daily_makeup,
2010-05-03,0.0,2642.0,36.66897987508675,False,0.8659078289838978,daily_makeup,
2010-05-04,0.0,2643.0,36.682859125607216,False,0.8659078289838978,daily_makeup,
2010-05-05,0.0,2644.0,36.69673837612769,False,0.8659078289838978,daily_makeup,
2010-05-06,0.0,2645.0,36.71061762664816,False,0.8659078289838978,daily_makeup,
2010-05-07,0.0,2646.0,36.72449687716863,False,0.8659078289838978,daily_makeup,
2010-05-08,0.0,2647.0,36.73837612768911,False,0.8659078289838978,daily_makeup,
2010-05-09,0.0,2648.0,36.752255378209576,False,0.8659078289838978,daily_makeup,
2010-05-10,0.0,2649.0,36.76613462873005,False,0.8659078289838978,daily_makeup,
2010-05-11,0.0,2650.0,36.78001387925052,False,0.8659078289838978,daily_makeup,
2010-05-12,0.0,2651.0,36.79389312977099,False,0.8659078289838978,daily_makeup,
2010-05-13,0.0,2652.0,36.80777238029147,False,0.8659078289838978,daily_makeup,
2010-05-14,0.0,2653.0,36.821651630811935,False,0.8659078289838978,daily_makeup,
2010-05-15,0.0,2654.0,36.83553088133241,False,0.8659078289838978,daily_makeup,
2010-05-16,0.0,2655.0,36.84941013185288,False,0.8659078289838978,daily_makeup,
2010-05-17,0.0,2656.0,36.86328938237335,False,0.8659078289838978,daily_makeup,
2010-05-18,0.0,2657.0,36.87716863289382,False,0.8659078289838978,daily_makeup,
2010-05-19,0.0,2658.0,36.891047883414295,False,0.8659078289838978,daily_makeup,
2010-05-20,0.0,2659.0,36.90492713393477,False,0.8659078289838978,daily_makeup,
2010-05-21,0.0,2660.0,36.91880638445524,False,0.8659078289838978,daily_makeup,
2010-05-22,0.0,2661.0,36.93268563497571,False,0.8659078289838978,daily_makeup,
2010-05-23,0.0,2662.0,36.94656488549618,False,0.8659078289838978,daily_makeup,
2010-05-24,0.0,2663.0,36.960444136016655,False,0.8659078289838978,daily_makeup,
2010-05-25,0.0,2664.0,36.97432338653713,False,0.8659078289838978,daily_makeup,
2010-05-27,0.0,2665.0,36.9882026370576,False,0.8659078289838978,daily_makeup,
2010-05-28,0.0,2666.0,37.00208188757807,False,0.8659078289838978,daily_makeup,
2010-05-29,0.0,2667.0,37.01596113809854,False,0.8659078289838978,daily_makeup,
2010-05-30,0.0,2668.0,37.029840388619014,False,0.8659078289838978,daily_makeup,
2010-06-02,0.0,2669.0,37.04371963913949,False,0.8659078289838978,daily_makeup,
2010-06-07,0.0,2670.0,37.05759888965996,False,0.8659078289838978,daily_makeup,
2010-06-08,0.0,2671.0,37.07147814018043,False,0.8659078289838978,daily_makeup,
2010-06-09,0.0,2672.0,37.0853573907009,False,0.8659078289838978,daily_makeup,
2010-06-10,0.0,2673.0,37.099236641221374,False,0.8659078289838978,daily_makeup,
2010-06-11,0.0,2674.0,37.11311589174185,False,0.8659078289838978,daily_makeup,
2010-06-14,0.0,2675.0,37.12699514226232,False,0.8659078289838978,daily_makeup,
2010-06-15,0.0,2676.0,37.14087439278279,False,0.8659078289838978,daily_makeup,
2010-06-16,0.0,2677.0,37.15475364330326,False,0.8659078289838978,daily_makeup,
2010-06-17,0.0,2678.0,37.168632893823734,False,0.8659078289838978,daily_makeup,
2010-06-18,0.0,2679.0,37.18251214434421,False,0.8659078289838978,daily_makeup,
2010-06-21,0.0,2680.0,37.196391394864676,False,0.8659078289838978,daily_makeup,
2010-06-25,0.0,2681.0,37.21027064538515,False,0.8659078289838978,daily_makeup,
2010-06-26,0.0,2682.0,37.22414989590562,False,0.8659078289838978,daily_makeup,
2010-06-30,0.0,2683.0,37.23802914642609,False,0.8659078289838978,daily_makeup,
2010-07-01,0.0,2684.0,37.25190839694657,False,0.8659078289838978,daily_makeup,
2010-07-02,0.0,2685.0,37.265787647467036,False,0.8659078289838978,daily_makeup,
2010-07-03,0.0,2686.0,37.27966689798751,False,0.8659078289838978,daily_makeup,
2010-07-04,0.0,2687.0,37.29354614850798,False,0.8659078289838978,daily_makeup,
2010-07-22,0.0,2688.0,37.30742539902845,False,0.8659078289838978,daily_makeup,
2010-07-26,0.0,2689.0,37.32130464954892,False,0.8659078289838978,daily_makeup,
2010-07-27,0.0,2690.0,37.335183900069396,False,0.8659078289838978,daily_makeup,
2010-07-30,0.0,2691.0,37.34906315058987,False,0.8659078289838978,daily_makeup,
2010-07-31,0.0,2692.0,37.36294240111034,False,0.8659078289838978,daily_makeup,
2010-08-01,0.0,2693.0,37.37682165163081,False,0.8659078289838978,daily_makeup,
2010-08-02,0.0,2694.0,37.39070090215128,False,0.8659078289838978,daily_makeup,
2010-08-07,0.0,2695.0,37.404580152671755,False,0.8659078289838978,daily_makeup,
2010-08-13,0.0,2696.0,37.41845940319223,False,0.8659078289838978,daily_makeup,
2010-08-14,0.0,2697.0,37.4323386537127,False,0.8659078289838978,daily_makeup,
2010-08-15,0.0,2698.0,37.44621790423317,False,0.8659078289838978,daily_makeup,
2010-08-18,0.0,2699.0,37.46009715475364,False,0.8659078289838978,daily_makeup,
2010-08-19,0.0,2700.0,37.473976405274115,False,0.8659078289838978,daily_makeup,
2010-08-20,0.0,2701.0,37.48785565579459,False,0.8659078289838978,daily_makeup,
2010-08-23,0.0,2702.0,37.50173490631506,False,0.8659078289838978,daily_makeup,
2010-08-24,0.0,2703.0,37.51561415683553,False,0.8659078289838978,daily_makeup,
2010-08-25,0.0,2704.0,37.529493407356,False,0.8659078289838978,daily_makeup,
2010-08-26,0.0,2705.0,37.543372657876475,False,0.8659078289838978,daily_makeup,
2010-08-27,0.0,2706.0,37.55725190839695,False,0.8659078289838978,daily_makeup,
2010-08-28,0.0,2707.0,37.57113115891742,False,0.8659078289838978,daily_makeup,
2010-08-29,0.0,2708.0,37.58501040943789,False,0.8659078289838978,daily_makeup,
2010-08-30,0.0,2709.0,37.59888965995836,False,0.8659078289838978,daily_makeup,
2010-08-31,0.0,2710.0,37.612768910478835,False,0.8659078289838978,daily_makeup,
2010-09-04,0.0,2711.0,37.62664816099931,False,0.8659078289838978,daily_makeup,
2010-09-05,0.0,2712.0,37.64052741151978,False,0.8659078289838978,daily_makeup,
2010-09-06,0.0,2713.0,37.65440666204025,False,0.8659078289838978,daily_makeup,
2010-09-07,0.0,2714.0,37.66828591256072,False,0.8659078289838978,daily_makeup,
2010-09-08,0.0,2715.0,37.682165163081194,False,0.8659078289838978,daily_makeup,
2010-09-09,0.0,2716.0,37.69604441360167,False,0.8659078289838978,daily_makeup,
2010-09-10,0.0,2717.0,37.70992366412214,False,0.8659078289838978,daily_makeup,
2010-09-11,0.0,2718.0,37.72380291464261,False,0.8659078289838978,daily_makeup,
2010-09-12,0.0,2719.0,37.73768216516308,False,0.8659078289838978,daily_makeup,
2010-09-13,0.0,2720.0,37.751561415683554,False,0.8659078289838978,daily_makeup,
2010-09-14,0.0,2721.0,37.76544066620402,False,0.8659078289838978,daily_makeup,
2010-09-15,0.0,2722.0,37.779319916724496,False,0.8659078289838978,daily_makeup,
2010-09-16,0.0,2723.0,37.79319916724497,False,0.8659078289838978,daily_makeup,
2010-09-17,0.0,2724.0,37.80707841776544,False,0.8659078289838978,daily_makeup,
2010-09-18,0.0,2725.0,37.820957668285914,False,0.8659078289838978,daily_makeup,
2010-09-19,0.0,2726.0,37.83483691880638,False,0.8659078289838978,daily_makeup,
2010-09-20,0.0,2727.0,37.848716169326856,False,0.8659078289838978,daily_makeup,
2010-09-21,0.0,2728.0,37.86259541984733,False,0.8659078289838978,daily_makeup,
2010-09-23,0.0,2729.0,37.8764746703678,False,0.8659078289838978,daily_makeup,
2010-09-25,0.0,2730.0,37.89035392088827,False,0.8659078289838978,daily_makeup,
2010-09-26,0.0,2731.0,37.90423317140874,False,0.8659078289838978,daily_makeup,
2010-09-29,0.0,2732.0,37.918112421929216,False,0.8659078289838978,daily_makeup,
2010-10-02,0.0,2733.0,37.93199167244969,False,0.8659078289838978,daily_makeup,
2010-10-03,0.0,2734.0,37.94587092297016,False,0.8659078289838978,daily_makeup,
2010-10-04,0.0,2735.0,37.95975017349063,False,0.8659078289838978,daily_makeup,
2010-10-05,0.0,2736.0,37.9736294240111,False,0.8659078289838978,daily_makeup,
2010-10-06,0.0,2737.0,37.987508674531576,False,0.8659078289838978,daily_makeup,
2010-10-07,0.0,2738.0,38.00138792505205,False,0.8659078289838978,daily_makeup,
2010-10-08,0.0,2739.0,38.01526717557252,False,0.8659078289838978,daily_makeup,
2010-10-09,0.0,2740.0,38.02914642609299,False,0.8659078289838978,daily_makeup,
2010-10-10,0.0,2741.0,38.04302567661346,False,0.8659078289838978,daily_makeup,
2010-10-11,0.0,2742.0,38.056904927133935,False,0.8659078289838978,daily_makeup,
2010-10-12,0.0,2743.0,38.07078417765441,False,0.8659078289838978,daily_makeup,
2010-10-13,0.0,2744.0,38.08466342817488,False,0.8659078289838978,daily_makeup,
2010-10-14,0.0,2745.0,38.09854267869535,False,0.8659078289838978,daily_makeup,
2010-10-15,0.0,2746.0,38.11242192921582,False,0.8659078289838978,daily_makeup,
2010-10-16,0.0,2747.0,38.126301179736295,False,0.8659078289838978,daily_makeup,
2010-10-17,0.0,2748.0,38.14018043025676,False,0.8659078289838978,daily_makeup,
2010-10-18,0.0,2749.0,38.15405968077724,False,0.8659078289838978,daily_makeup,
2010-10-19,0.0,2750.0,38.16793893129771,False,0.8659078289838978,daily_makeup,
2010-10-20,0.0,2751.0,38.18181818181818,False,0.8659078289838978,daily_makeup,
2010-10-21,0.0,2752.0,38.195697432338655,False,0.8659078289838978,daily_makeup,
2010-10-22,0.0,2753.0,38.20957668285912,False,0.8659078289838978,daily_makeup,
2010-10-23,0.0,2754.0,38.2234559333796,False,0.8659078289838978,daily_makeup,
2010-10-24,0.0,2755.0,38.23733518390007,False,0.8659078289838978,daily_makeup,
2010-10-25,0.0,2756.0,38.25121443442054,False,0.8659078289838978,daily_makeup,
2010-10-26,0.0,2757.0,38.265093684941014,False,0.8659078289838978,daily_makeup,
2010-10-27,0.0,2758.0,38.27897293546148,False,0.8659078289838978,daily_makeup,
2010-10-28,0.0,2759.0,38.29285218598196,False,0.8659078289838978,daily_makeup,
2010-10-29,0.0,2760.0,38.30673143650243,False,0.8659078289838978,daily_makeup,
2010-10-30,0.0,2761.0,38.3206106870229,False,0.8659078289838978,daily_makeup,
2010-10-31,0.0,2762.0,38.334489937543374,False,0.8659078289838978,daily_makeup,
2010-11-01,0.0,2763.0,38.34836918806384,False,0.8659078289838978,daily_makeup,
2010-11-02,0.0,2764.0,38.36224843858432,False,0.8659078289838978,daily_makeup,
2010-11-03,0.0,2765.0,38.37612768910479,False,0.8659078289838978,daily_makeup,
2010-11-04,0.0,2766.0,38.39000693962526,False,0.8659078289838978,daily_makeup,
2010-11-05,0.0,2767.0,38.403886190145734,False,0.8659078289838978,daily_makeup,
2010-11-06,0.0,2768.0,38.4177654406662,False,0.8659078289838978,daily_makeup,
2010-11-07,0.0,2769.0,38.431644691186676,False,0.8659078289838978,daily_makeup,
2010-11-08,0.0,2770.0,38.44552394170715,False,0.8659078289838978,daily_makeup,
2010-11-09,0.0,2771.0,38.45940319222762,False,0.8659078289838978,daily_makeup,
2010-11-10,0.0,2772.0,38.47328244274809,False,0.8659078289838978,daily_makeup,
2010-11-11,0.0,2773.0,38.48716169326856,False,0.8659078289838978,daily_makeup,
2010-11-12,0.0,2774.0,38.501040943789036,False,0.8659078289838978,daily_makeup,
2010-11-13,0.0,2775.0,38.51492019430951,False,0.8659078289838978,daily_makeup,
2010-11-14,0.0,2776.0,38.52879944482998,False,0.8659078289838978,daily_makeup,
2010-11-15,0.0,2777.0,38.54267869535045,False,0.8659078289838978,daily_makeup,
2010-11-16,0.0,2778.0,38.55655794587092,False,0.8659078289838978,daily_makeup,
2010-11-17,0.0,2779.0,38.570437196391396,False,0.8659078289838978,daily_makeup,
2010-11-18,0.0,2780.0,38.58431644691186,False,0.8659078289838978,daily_makeup,
2010-11-19,0.0,2781.0,38.59819569743234,False,0.8659078289838978,daily_makeup,
2010-11-20,0.0,2782.0,38.61207494795281,False,0.8659078289838978,daily_makeup,
2010-11-21,0.0,2783.0,38.62595419847328,False,0.8659078289838978,daily_makeup,
2010-11-22,0.0,2784.0,38.639833448993755,False,0.8659078289838978,daily_makeup,
2010-11-23,0.0,2785.0,38.65371269951422,False,0.8659078289838978,daily_makeup,
2010-11-24,0.0,2786.0,38.6675919500347,False,0.8659078289838978,daily_makeup,
2010-11-25,0.0,2787.0,38.68147120055517,False,0.8659078289838978,daily_makeup,
2010-11-26,0.0,2788.0,38.69535045107564,False,0.8659078289838978,daily_makeup,
2010-11-27,0.0,2789.0,38.709229701596115,False,0.8659078289838978,daily_makeup,
2010-11-28,0.0,2790.0,38.72310895211658,False,0.8659078289838978,daily_makeup,
2010-11-29,0.0,2791.0,38.73698820263706,False,0.8659078289838978,daily_makeup,
2010-11-30,0.0,2792.0,38.75086745315753,False,0.8659078289838978,daily_makeup,
2010-12-01,0.0,2793.0,38.764746703678,False,0.8659078289838978,daily_makeup,
2010-12-02,0.0,2794.0,38.778625954198475,False,0.8659078289838978,daily_makeup,
2010-12-03,0.0,2795.0,38.79250520471894,False,0.8659078289838978,daily_makeup,
2010-12-04,0.0,2796.0,38.80638445523942,False,0.8659078289838978,daily_makeup,
2010-12-05,0.0,2797.0,38.82026370575989,False,0.8659078289838978,daily_makeup,
2010-12-06,0.0,2798.0,38.83414295628036,False,0.8659078289838978,daily_makeup,
2010-12-07,0.0,2799.0,38.848022206800835,False,0.8659078289838978,daily_makeup,
2010-12-08,0.0,2800.0,38.8619014573213,False,0.8659078289838978,daily_makeup,
2010-12-09,0.0,2801.0,38.87578070784178,False,0.8659078289838978,daily_makeup,
2010-12-10,0.0,2802.0,38.88965995836225,False,0.8659078289838978,daily_makeup,
2010-12-11,0.0,2803.0,38.90353920888272,False,0.8659078289838978,daily_makeup,
2010-12-12,0.0,2804.0,38.917418459403194,False,0.8659078289838978,daily_makeup,
2010-12-13,0.0,2805.0,38.93129770992366,False,0.8659078289838978,daily_makeup,
2010-12-14,0.0,2806.0,38.94517696044414,False,0.8659078289838978,daily_makeup,
2010-12-15,0.0,2807.0,38.959056210964604,False,0.8659078289838978,daily_makeup,
2010-12-16,0.0,2808.0,38.97293546148508,False,0.8659078289838978,daily_makeup,
2010-12-17,0.0,2809.0,38.986814712005554,False,0.8659078289838978,daily_makeup,
2010-12-18,0.0,2810.0,39.00069396252602,False,0.8659078289838978,daily_makeup,
2010-12-19,0.0,2811.0,39.014573213046496,False,0.8659078289838978,daily_makeup,
2010-12-20,0.0,2812.0,39.028452463566964,False,0.8659078289838978,daily_makeup,
2010-12-21,0.0,2813.0,39.04233171408744,False,0.8659078289838978,daily_makeup,
2010-12-22,0.0,2814.0,39.056210964607914,False,0.8659078289838978,daily_makeup,
2010-12-23,0.0,2815.0,39.07009021512838,False,0.8659078289838978,daily_makeup,
2010-12-24,0.0,2816.0,39.083969465648856,False,0.8659078289838978,daily_makeup,
2010-12-25,0.0,2817.0,39.097848716169324,False,0.8659078289838978,daily_makeup,
2010-12-26,0.0,2818.0,39.1117279666898,False,0.8659078289838978,daily_makeup,
2010-12-27,0.0,2819.0,39.12560721721027,False,0.8659078289838978,daily_makeup,
2010-12-28,0.0,2820.0,39.13948646773074,False,0.8659078289838978,daily_makeup,
2010-12-29,0.0,2821.0,39.153365718251216,False,0.8659078289838978,daily_makeup,
2010-12-30,0.0,2822.0,39.16724496877168,False,0.8659078289838978,daily_makeup,
2010-12-31,0.0,2823.0,39.18112421929216,False,0.8659078289838978,daily_makeup,
2011-01-01,0.0,2824.0,39.19500346981263,False,0.8659078289838978,daily_makeup,
2011-01-02,0.0,2825.0,39.2088827203331,False,0.8659078289838978,daily_makeup,
2011-01-03,0.0,2826.0,39.222761970853576,False,0.8659078289838978,daily_makeup,
2011-01-04,0.0,2827.0,39.23664122137404,False,0.8659078289838978,daily_makeup,
2011-01-05,0.0,2828.0,39.25052047189452,False,0.8659078289838978,daily_makeup,
2011-01-06,0.0,2829.0,39.26439972241499,False,0.8659078289838978,daily_makeup,
2011-01-07,0.0,2830.0,39.27827897293546,False,0.8659078289838978,daily_makeup,
2011-01-08,0.0,2831.0,39.292158223455935,False,0.8659078289838978,daily_makeup,
2011-01-09,0.0,2832.0,39.3060374739764,False,0.8659078289838978,daily_makeup,
2011-01-10,0.0,2833.0,39.31991672449688,False,0.8659078289838978,daily_makeup,
2011-01-11,0.0,2834.0,39.33379597501735,False,0.8659078289838978,daily_makeup,
2011-01-12,0.0,2835.0,39.34767522553782,False,0.8659078289838978,daily_makeup,
2011-01-13,0.0,2836.0,39.361554476058295,False,0.8659078289838978,daily_makeup,
2011-01-14,0.0,2837.0,39.37543372657876,False,0.8659078289838978,daily_makeup,
2011-01-15,0.0,2838.0,39.38931297709924,False,0.8659078289838978,daily_makeup,
2011-01-16,0.0,2839.0,39.403192227619705,False,0.8659078289838978,daily_makeup,
2011-01-17,0.0,2840.0,39.41707147814018,False,0.8659078289838978,daily_makeup,
2011-01-18,0.0,2841.0,39.430950728660655,False,0.8659078289838978,daily_makeup,
2011-01-19,0.0,2842.0,39.44482997918112,False,0.8659078289838978,daily_makeup,
2011-01-20,0.0,2843.0,39.4587092297016,False,0.8659078289838978,daily_makeup,
2011-01-21,0.0,2844.0,39.472588480222065,False,0.8659078289838978,daily_makeup,
2011-01-22,0.0,2845.0,39.48646773074254,False,0.8659078289838978,daily_makeup,
2011-01-23,0.0,2846.0,39.500346981263014,False,0.8659078289838978,daily_makeup,
2011-01-24,0.0,2847.0,39.51422623178348,False,0.8659078289838978,daily_makeup,
2011-01-25,0.0,2848.0,39.52810548230396,False,0.8659078289838978,daily_makeup,
2011-01-26,0.0,2849.0,39.541984732824424,False,0.8659078289838978,daily_makeup,
2011-01-27,0.0,2850.0,39.5558639833449,False,0.8659078289838978,daily_makeup,
2011-01-28,0.0,2851.0,39.569743233865374,False,0.8659078289838978,daily_makeup,
2011-01-29,0.0,2852.0,39.58362248438584,False,0.8659078289838978,daily_makeup,
2011-01-30,0.0,2853.0,39.59750173490632,False,0.8659078289838978,daily_makeup,
2011-01-31,0.0,2854.0,39.611380985426784,False,0.8659078289838978,daily_makeup,
2011-02-01,0.0,2855.0,39.62526023594726,False,0.8659078289838978,daily_makeup,
2011-02-02,0.0,2856.0,39.639139486467734,False,0.8659078289838978,daily_makeup,
2011-02-03,0.0,2857.0,39.6530187369882,False,0.8659078289838978,daily_makeup,
2011-02-04,0.0,2858.0,39.666897987508676,False,0.8659078289838978,daily_makeup,
2011-02-05,0.0,2859.0,39.680777238029144,False,0.8659078289838978,daily_makeup,
2011-02-06,0.0,2860.0,39.69465648854962,False,0.8659078289838978,daily_makeup,
2011-02-07,0.0,2861.0,39.70853573907009,False,0.8659078289838978,daily_makeup,
2011-02-08,0.0,2862.0,39.72241498959056,False,0.8659078289838978,daily_makeup,
2011-02-09,0.0,2863.0,39.736294240111036,False,0.8659078289838978,daily_makeup,
2011-02-10,0.0,2864.0,39.750173490631504,False,0.8659078289838978,daily_makeup,
2011-02-11,0.0,2865.0,39.76405274115198,False,0.8659078289838978,daily_makeup,
2011-02-12,0.0,2866.0,39.77793199167245,False,0.8659078289838978,daily_makeup,
2011-02-13,0.0,2867.0,39.79181124219292,False,0.8659078289838978,daily_makeup,
2011-02-14,0.0,2868.0,39.805690492713396,False,0.8659078289838978,daily_makeup,
2011-02-15,0.0,2869.0,39.81956974323386,False,0.8659078289838978,daily_makeup,
2011-02-16,0.0,2870.0,39.83344899375434,False,0.8659078289838978,daily_makeup,
2011-02-17,0.0,2871.0,39.847328244274806,False,0.8659078289838978,daily_makeup,
2011-02-18,0.0,2872.0,39.86120749479528,False,0.8659078289838978,daily_makeup,
2011-02-19,0.0,2873.0,39.875086745315755,False,0.8659078289838978,daily_makeup,
2011-02-20,0.0,2874.0,39.88896599583622,False,0.8659078289838978,daily_makeup,
2011-02-21,0.0,2875.0,39.9028452463567,False,0.8659078289838978,daily_makeup,
2011-02-22,0.0,2876.0,39.916724496877166,False,0.8659078289838978,daily_makeup,
2011-02-23,0.0,2877.0,39.93060374739764,False,0.8659078289838978,daily_makeup,
2011-02-24,0.0,2878.0,39.944482997918115,False,0.8659078289838978,daily_makeup,
2011-02-25,0.0,2879.0,39.95836224843858,False,0.8659078289838978,daily_makeup,
2011-02-26,0.0,2880.0,39.97224149895906,False,0.8659078289838978,daily_makeup,
2011-02-27,0.0,2881.0,39.986120749479525,False,0.8659078289838978,daily_makeup,
2011-02-28,0.0,2882.0,40.0,False,0.8659078289838978,daily_makeup,
2011-03-01,0.0,2883.0,40.013879250520475,False,0.8659078289838978,daily_makeup,
2011-03-02,0.0,2884.0,40.02775850104094,False,0.8659078289838978,daily_makeup,
2011-03-03,0.0,2885.0,40.04163775156142,False,0.8659078289838978,daily_makeup,
2011-03-04,0.0,2886.0,40.055517002081885,False,0.8659078289838978,daily_makeup,
2011-03-05,0.0,2887.0,40.06939625260236,False,0.8659078289838978,daily_makeup,
2011-03-06,0.0,2888.0,40.083275503122834,False,0.8659078289838978,daily_makeup,
2011-03-07,0.0,2889.0,40.0971547536433,False,0.8659078289838978,daily_makeup,
2011-03-08,0.0,2890.0,40.11103400416378,False,0.8659078289838978,daily_makeup,
2011-03-09,0.0,2891.0,40.124913254684245,False,0.8659078289838978,daily_makeup,
2011-03-10,0.0,2892.0,40.13879250520472,False,0.8659078289838978,daily_makeup,
2011-03-11,0.0,2893.0,40.152671755725194,False,0.8659078289838978,daily_makeup,
2011-03-12,0.0,2894.0,40.16655100624566,False,0.8659078289838978,daily_makeup,
2011-03-13,0.0,2895.0,40.18043025676614,False,0.8659078289838978,daily_makeup,
2011-03-14,0.0,2896.0,40.194309507286604,False,0.8659078289838978,daily_makeup,
2011-03-15,0.0,2897.0,40.20818875780708,False,0.8659078289838978,daily_makeup,
2011-03-16,0.0,2898.0,40.22206800832755,False,0.8659078289838978,daily_makeup,
2011-03-17,0.0,2899.0,40.23594725884802,False,0.8659078289838978,daily_makeup,
2011-03-18,0.0,2900.0,40.249826509368496,False,0.8659078289838978,daily_makeup,
2011-03-19,0.0,2901.0,40.263705759888964,False,0.8659078289838978,daily_makeup,
2011-03-20,0.0,2902.0,40.27758501040944,False,0.8659078289838978,daily_makeup,
2011-03-21,0.0,2903.0,40.29146426092991,False,0.8659078289838978,daily_makeup,
2011-03-22,0.0,2904.0,40.30534351145038,False,0.8659078289838978,daily_makeup,
2011-03-23,0.0,2905.0,40.319222761970856,False,0.8659078289838978,daily_makeup,
2011-03-24,0.0,2906.0,40.333102012491324,False,0.8659078289838978,daily_makeup,
2011-03-25,0.0,2907.0,40.3469812630118,False,0.8659078289838978,daily_makeup,
2011-03-26,0.0,2908.0,40.360860513532266,False,0.8659078289838978,daily_makeup,
2011-03-27,0.0,2909.0,40.37473976405274,False,0.8659078289838978,daily_makeup,
2011-03-28,0.0,2910.0,40.388619014573216,False,0.8659078289838978,daily_makeup,
2011-03-29,0.0,2911.0,40.40249826509368,False,0.8659078289838978,daily_makeup,
2011-03-30,0.0,2912.0,40.41637751561416,False,0.8659078289838978,daily_makeup,
2011-03-31,0.0,2913.0,40.430256766134626,False,0.8659078289838978,daily_makeup,
2011-04-01,0.0,2914.0,40.4441360166551,False,0.8659078289838978,daily_makeup,
2011-04-02,0.0,2915.0,40.458015267175576,False,0.8659078289838978,daily_makeup,
2011-04-03,0.0,2916.0,40.47189451769604,False,0.8659078289838978,daily_makeup,
2011-04-04,0.0,2917.0,40.48577376821652,False,0.8659078289838978,daily_makeup,
2011-04-05,0.0,2918.0,40.499653018736986,False,0.8659078289838978,daily_makeup,
2011-04-06,0.0,2919.0,40.51353226925746,False,0.8659078289838978,daily_makeup,
2011-04-07,0.0,2920.0,40.527411519777935,False,0.8659078289838978,daily_makeup,
2011-04-08,0.0,2921.0,40.5412907702984,False,0.8659078289838978,daily_makeup,
2011-04-09,0.0,2922.0,40.55517002081888,False,0.8659078289838978,daily_makeup,
2011-04-10,0.0,2923.0,40.569049271339345,False,0.8659078289838978,daily_makeup,
2011-04-11,0.0,2924.0,40.58292852185982,False,0.8659078289838978,daily_makeup,
2011-04-12,0.0,2925.0,40.596807772380295,False,0.8659078289838978,daily_makeup,
2011-04-13,0.0,2926.0,40.61068702290076,False,0.8659078289838978,daily_makeup,
2011-04-14,0.0,2927.0,40.62456627342124,False,0.8659078289838978,daily_makeup,
2011-04-15,0.0,2928.0,40.638445523941705,False,0.8659078289838978,daily_makeup,
2011-04-16,0.0,2929.0,40.65232477446218,False,0.8659078289838978,daily_makeup,
2011-04-17,0.0,2930.0,40.66620402498265,False,0.8659078289838978,daily_makeup,
2011-04-18,0.0,2931.0,40.68008327550312,False,0.8659078289838978,daily_makeup,
2011-04-19,0.0,2932.0,40.6939625260236,False,0.8659078289838978,daily_makeup,
2011-04-20,0.0,2933.0,40.707841776544065,False,0.8659078289838978,daily_makeup,
2011-04-21,0.0,2934.0,40.72172102706454,False,0.8659078289838978,daily_makeup,
2011-04-22,0.0,2935.0,40.73560027758501,False,0.8659078289838978,daily_makeup,
2011-04-23,0.0,2936.0,40.74947952810548,False,0.8659078289838978,daily_makeup,
2011-04-24,0.0,2937.0,40.76335877862596,False,0.8659078289838978,daily_makeup,
2011-04-25,0.0,2938.0,40.777238029146424,False,0.8659078289838978,daily_makeup,
2011-04-26,0.0,2939.0,40.7911172796669,False,0.8659078289838978,daily_makeup,
2011-04-28,0.0,2940.0,40.80499653018737,False,0.8659078289838978,daily_makeup,
2011-04-29,0.0,2941.0,40.81887578070784,False,0.8659078289838978,daily_makeup,
2011-04-30,0.0,2942.0,40.83275503122832,False,0.8659078289838978,daily_makeup,
2011-05-01,0.0,2943.0,40.846634281748784,False,0.8659078289838978,daily_makeup,
2011-05-02,0.0,2944.0,40.86051353226926,False,0.8659078289838978,daily_makeup,
2011-05-03,0.0,2945.0,40.87439278278973,False,0.8659078289838978,daily_makeup,
2011-05-04,0.0,2946.0,40.8882720333102,False,0.8659078289838978,daily_makeup,
2011-05-05,0.0,2947.0,40.902151283830676,False,0.8659078289838978,daily_makeup,
2011-05-06,0.0,2948.0,40.916030534351144,False,0.8659078289838978,daily_makeup,
2011-05-07,0.0,2949.0,40.92990978487162,False,0.8659078289838978,daily_makeup,
2011-05-08,0.0,2950.0,40.943789035392086,False,0.8659078289838978,daily_makeup,
2011-05-09,0.0,2951.0,40.95766828591256,False,0.8659078289838978,daily_makeup,
2011-05-10,0.0,2952.0,40.971547536433036,False,0.8659078289838978,daily_makeup,
2011-05-11,0.0,2953.0,40.985426786953504,False,0.8659078289838978,daily_makeup,
2011-05-12,0.0,2954.0,40.99930603747398,False,0.8659078289838978,daily_makeup,
2011-05-13,0.0,2955.0,41.013185287994446,False,0.8659078289838978,daily_makeup,
2011-05-14,0.0,2956.0,41.02706453851492,False,0.8659078289838978,daily_makeup,
2011-05-15,0.0,2957.0,41.040943789035396,False,0.8659078289838978,daily_makeup,
2011-05-16,0.0,2958.0,41.05482303955586,False,0.8659078289838978,daily_makeup,
2011-05-17,0.0,2959.0,41.06870229007634,False,0.8659078289838978,daily_makeup,
2011-05-18,0.0,2960.0,41.082581540596806,False,0.8659078289838978,daily_makeup,
2011-05-19,0.0,2961.0,41.09646079111728,False,0.8659078289838978,daily_makeup,
2011-05-20,0.0,2962.0,41.11034004163775,False,0.8659078289838978,daily_makeup,
2011-05-21,0.0,2963.0,41.12421929215822,False,0.8659078289838978,daily_makeup,
2011-05-22,0.0,2964.0,41.1380985426787,False,0.8659078289838978,daily_makeup,
2011-05-23,0.0,2965.0,41.151977793199165,False,0.8659078289838978,daily_makeup,
2011-05-24,0.0,2966.0,41.16585704371964,False,0.8659078289838978,daily_makeup,
2011-05-25,0.0,2967.0,41.17973629424011,False,0.8659078289838978,daily_makeup,
2011-05-28,0.0,2968.0,41.19361554476058,False,0.8659078289838978,daily_makeup,
2011-06-02,0.0,2969.0,41.20749479528106,False,0.8659078289838978,daily_makeup,
2011-06-03,0.0,2970.0,41.221374045801525,False,0.8659078289838978,daily_makeup,
2011-06-04,0.0,2971.0,41.235253296322,False,0.8659078289838978,daily_makeup,
2011-06-05,0.0,2972.0,41.24913254684247,False,0.8659078289838978,daily_makeup,
2011-06-06,0.0,2973.0,41.26301179736294,False,0.8659078289838978,daily_makeup,
2011-06-07,0.0,2974.0,41.27689104788342,False,0.8659078289838978,daily_makeup,
2011-06-11,0.0,2975.0,41.290770298403885,False,0.8659078289838978,daily_makeup,
2011-06-12,0.0,2976.0,41.30464954892436,False,0.8659078289838978,daily_makeup,
2011-06-13,0.0,2977.0,41.31852879944483,False,0.8659078289838978,daily_makeup,
2011-06-14,0.0,2978.0,41.3324080499653,False,0.8659078289838978,daily_makeup,
2011-06-15,0.0,2979.0,41.34628730048578,False,0.8659078289838978,daily_makeup,
2011-06-16,0.0,2980.0,41.360166551006245,False,0.8659078289838978,daily_makeup,
2011-06-17,0.0,2981.0,41.37404580152672,False,0.8659078289838978,daily_makeup,
2011-06-18,0.0,2982.0,41.38792505204719,False,0.8659078289838978,daily_makeup,
2011-06-19,0.0,2983.0,41.40180430256766,False,0.8659078289838978,daily_makeup,
2011-06-20,0.0,2984.0,41.41568355308814,False,0.8659078289838978,daily_makeup,
2011-06-25,0.0,2985.0,41.429562803608604,False,0.8659078289838978,daily_makeup,
2011-06-26,0.0,2986.0,41.44344205412908,False,0.8659078289838978,daily_makeup,
2011-06-27,0.0,2987.0,41.45732130464955,False,0.8659078289838978,daily_makeup,
2011-06-30,0.0,2988.0,41.47120055517002,False,0.8659078289838978,daily_makeup,
2011-07-01,0.0,2989.0,41.48507980569049,False,0.8659078289838978,daily_makeup,
2011-07-02,0.0,2990.0,41.498959056210964,False,0.8659078289838978,daily_makeup,
2011-07-05,0.0,2991.0,41.51283830673144,False,0.8659078289838978,daily_makeup,
2011-07-09,0.0,2992.0,41.52671755725191,False,0.8659078289838978,daily_makeup,
2011-07-10,0.0,2993.0,41.54059680777238,False,0.8659078289838978,daily_makeup,
2011-07-13,0.0,2994.0,41.55447605829285,False,0.8659078289838978,daily_makeup,
2011-07-14,0.0,2995.0,41.568355308813324,False,0.8659078289838978,daily_makeup,
2011-07-15,0.0,2996.0,41.5822345593338,False,0.8659078289838978,daily_makeup,
2011-07-16,0.0,2997.0,41.596113809854266,False,0.8659078289838978,daily_makeup,
2011-07-17,0.0,2998.0,41.60999306037474,False,0.8659078289838978,daily_makeup,
2011-07-27,0.0,2999.0,41.62387231089521,False,0.8659078289838978,daily_makeup,
2011-07-28,0.0,3000.0,41.63775156141568,False,0.8659078289838978,daily_makeup,
2011-08-02,0.0,3001.0,41.65163081193616,False,0.8659078289838978,daily_makeup,
2011-08-03,0.0,3002.0,41.665510062456626,False,0.8659078289838978,daily_makeup,
2011-08-04,0.0,3003.0,41.6793893129771,False,0.8659078289838978,daily_makeup,
2011-08-10,0.0,3004.0,41.69326856349757,False,0.8659078289838978,daily_makeup,
2011-08-11,0.0,3005.0,41.70714781401804,False,0.8659078289838978,daily_makeup,
2011-08-12,0.0,3006.0,41.72102706453852,False,0.8659078289838978,daily_makeup,
2011-08-13,0.0,3007.0,41.734906315058986,False,0.8659078289838978,daily_makeup,
2011-08-14,0.0,3008.0,41.74878556557946,False,0.8659078289838978,daily_makeup,
2011-08-15,0.0,3009.0,41.76266481609993,False,0.8659078289838978,daily_makeup,
2011-08-16,0.0,3010.0,41.7765440666204,False,0.8659078289838978,daily_makeup,
2011-08-17,0.0,3011.0,41.79042331714088,False,0.8659078289838978,daily_makeup,
2011-08-20,0.0,3012.0,41.804302567661345,False,0.8659078289838978,daily_makeup,
2011-08-22,0.0,3013.0,41.81818181818182,False,0.8659078289838978,daily_makeup,
2011-08-23,0.0,3014.0,41.83206106870229,False,0.8659078289838978,daily_makeup,
2011-08-24,0.0,3015.0,41.84594031922276,False,0.8659078289838978,daily_makeup,
2011-08-29,0.0,3016.0,41.85981956974324,False,0.8659078289838978,daily_makeup,
2011-08-30,0.0,3017.0,41.873698820263705,False,0.8659078289838978,daily_makeup,
2011-08-31,0.0,3018.0,41.88757807078418,False,0.8659078289838978,daily_makeup,
2011-09-01,0.0,3019.0,41.90145732130465,False,0.8659078289838978,daily_makeup,
2011-09-02,0.0,3020.0,41.91533657182512,False,0.8659078289838978,daily_makeup,
2011-09-06,0.0,3021.0,41.92921582234559,False,0.8659078289838978,daily_makeup,
2011-09-07,0.0,3022.0,41.943095072866065,False,0.8659078289838978,daily_makeup,
2011-09-08,0.0,3023.0,41.95697432338654,False,0.8659078289838978,daily_makeup,
2011-09-10,0.0,3024.0,41.97085357390701,False,0.8659078289838978,daily_makeup,
2011-09-11,0.0,3025.0,41.98473282442748,False,0.8659078289838978,daily_makeup,
2011-09-12,0.0,3026.0,41.99861207494795,False,0.8659078289838978,daily_makeup,
2011-09-13,0.0,3027.0,42.012491325468424,False,0.8659078289838978,daily_makeup,
2011-09-15,0.0,3028.0,42.0263705759889,False,0.8659078289838978,daily_makeup,
2011-09-16,0.0,3029.0,42.04024982650937,False,0.8659078289838978,daily_makeup,
2011-09-17,0.0,3030.0,42.05412907702984,False,0.8659078289838978,daily_makeup,
2011-09-18,0.0,3031.0,42.06800832755031,False,0.8659078289838978,daily_makeup,
2011-09-19,0.0,3032.0,42.081887578070784,False,0.8659078289838978,daily_makeup,
2011-09-20,0.0,3033.0,42.09576682859126,False,0.8659078289838978,daily_makeup,
2011-09-21,0.0,3034.0,42.10964607911173,False,0.8659078289838978,daily_makeup,
2011-09-23,0.0,3035.0,42.1235253296322,False,0.8659078289838978,daily_makeup,
2011-09-24,0.0,3036.0,42.13740458015267,False,0.8659078289838978,daily_makeup,
2011-09-25,0.0,3037.0,42.151283830673144,False,0.8659078289838978,daily_makeup,
2011-09-26,0.0,3038.0,42.16516308119362,False,0.8659078289838978,daily_makeup,
2011-09-28,0.0,3039.0,42.179042331714086,False,0.8659078289838978,daily_makeup,
2011-09-29,0.0,3040.0,42.19292158223456,False,0.8659078289838978,daily_makeup,
2011-09-30,0.0,3041.0,42.20680083275503,False,0.8659078289838978,daily_makeup,
2011-10-01,0.0,3042.0,42.220680083275504,False,0.8659078289838978,daily_makeup,
2011-10-02,0.0,3043.0,42.23455933379598,False,0.8659078289838978,daily_makeup,
2011-10-03,0.0,3044.0,42.248438584316446,False,0.8659078289838978,daily_makeup,
2011-10-04,0.0,3045.0,42.26231783483692,False,0.8659078289838978,daily_makeup,
2011-10-05,0.0,3046.0,42.27619708535739,False,0.8659078289838978,daily_makeup,
2011-10-06,0.0,3047.0,42.29007633587786,False,0.8659078289838978,daily_makeup,
2011-10-07,0.0,3048.0,42.30395558639833,False,0.8659078289838978,daily_makeup,
2011-10-08,0.0,3049.0,42.317834836918806,False,0.8659078289838978,daily_makeup,
2011-10-09,0.0,3050.0,42.33171408743928,False,0.8659078289838978,daily_makeup,
2011-10-10,0.0,3051.0,42.34559333795975,False,0.8659078289838978,daily_makeup,
2011-10-11,0.0,3052.0,42.35947258848022,False,0.8659078289838978,daily_makeup,
2011-10-12,0.0,3053.0,42.37335183900069,False,0.8659078289838978,daily_makeup,
2011-10-13,0.0,3054.0,42.387231089521165,False,0.8659078289838978,daily_makeup,
2011-10-14,0.0,3055.0,42.40111034004164,False,0.8659078289838978,daily_makeup,
2011-10-15,0.0,3056.0,42.41498959056211,False,0.8659078289838978,daily_makeup,
2011-10-16,0.0,3057.0,42.42886884108258,False,0.8659078289838978,daily_makeup,
2011-10-17,0.0,3058.0,42.44274809160305,False,0.8659078289838978,daily_makeup,
2011-10-18,0.0,3059.0,42.456627342123525,False,0.8659078289838978,daily_makeup,
2011-10-19,0.0,3060.0,42.470506592644,False,0.8659078289838978,daily_makeup,
2011-10-20,0.0,3061.0,42.48438584316447,False,0.8659078289838978,daily_makeup,
2011-10-21,0.0,3062.0,42.49826509368494,False,0.8659078289838978,daily_makeup,
2011-10-22,0.0,3063.0,42.51214434420541,False,0.8659078289838978,daily_makeup,
2011-10-23,0.0,3064.0,42.526023594725885,False,0.8659078289838978,daily_makeup,
2011-10-24,0.0,3065.0,42.53990284524636,False,0.8659078289838978,daily_makeup,
2011-10-25,0.0,3066.0,42.55378209576683,False,0.8659078289838978,daily_makeup,
2011-10-26,0.0,3067.0,42.5676613462873,False,0.8659078289838978,daily_makeup,
2011-10-27,0.0,3068.0,42.58154059680777,False,0.8659078289838978,daily_makeup,
2011-10-28,0.0,3069.0,42.595419847328245,False,0.8659078289838978,daily_makeup,
2011-10-29,0.0,3070.0,42.60929909784872,False,0.8659078289838978,daily_makeup,
2011-10-30,0.0,3071.0,42.62317834836919,False,0.8659078289838978,daily_makeup,
2011-10-31,0.0,3072.0,42.63705759888966,False,0.8659078289838978,daily_makeup,
2011-11-01,0.0,3073.0,42.65093684941013,False,0.8659078289838978,daily_makeup,
2011-11-02,0.0,3074.0,42.664816099930604,False,0.8659078289838978,daily_makeup,
2011-11-03,0.0,3075.0,42.67869535045108,False,0.8659078289838978,daily_makeup,
2011-11-04,0.0,3076.0,42.69257460097155,False,0.8659078289838978,daily_makeup,
2011-11-05,0.0,3077.0,42.70645385149202,False,0.8659078289838978,daily_makeup,
2011-11-06,0.0,3078.0,42.72033310201249,False,0.8659078289838978,daily_makeup,
2011-11-07,0.0,3079.0,42.734212352532964,False,0.8659078289838978,daily_makeup,
2011-11-08,0.0,3080.0,42.74809160305343,False,0.8659078289838978,daily_makeup,
2011-11-09,0.0,3081.0,42.76197085357391,False,0.8659078289838978,daily_makeup,
2011-11-10,0.0,3082.0,42.77585010409438,False,0.8659078289838978,daily_makeup,
2011-11-11,0.0,3083.0,42.78972935461485,False,0.8659078289838978,daily_makeup,
2011-11-12,0.0,3084.0,42.803608605135324,False,0.8659078289838978,daily_makeup,
2011-11-13,0.0,3085.0,42.81748785565579,False,0.8659078289838978,daily_makeup,
2011-11-14,0.0,3086.0,42.831367106176266,False,0.8659078289838978,daily_makeup,
2011-11-15,0.0,3087.0,42.84524635669674,False,0.8659078289838978,daily_makeup,
2011-11-16,0.0,3088.0,42.85912560721721,False,0.8659078289838978,daily_makeup,
2011-11-17,0.0,3089.0,42.87300485773768,False,0.8659078289838978,daily_makeup,
2011-11-18,0.0,3090.0,42.88688410825815,False,0.8659078289838978,daily_makeup,
2011-11-19,0.0,3091.0,42.900763358778626,False,0.8659078289838978,daily_makeup,
2011-11-20,0.0,3092.0,42.9146426092991,False,0.8659078289838978,daily_makeup,
2011-11-21,0.0,3093.0,42.92852185981957,False,0.8659078289838978,daily_makeup,
2011-11-22,0.0,3094.0,42.94240111034004,False,0.8659078289838978,daily_makeup,
2011-11-23,0.0,3095.0,42.95628036086051,False,0.8659078289838978,daily_makeup,
2011-11-24,0.0,3096.0,42.970159611380986,False,0.8659078289838978,daily_makeup,
2011-11-25,0.0,3097.0,42.98403886190146,False,0.8659078289838978,daily_makeup,
2011-11-26,0.0,3098.0,42.99791811242193,False,0.8659078289838978,daily_makeup,
2011-11-27,0.0,3099.0,43.0117973629424,False,0.8659078289838978,daily_makeup,
2011-11-28,0.0,3100.0,43.02567661346287,False,0.8659078289838978,daily_makeup,
2011-11-29,0.0,3101.0,43.039555863983345,False,0.8659078289838978,daily_makeup,
2011-11-30,0.0,3102.0,43.05343511450382,False,0.8659078289838978,daily_makeup,
2011-12-01,0.0,3103.0,43.06731436502429,False,0.8659078289838978,daily_makeup,
2011-12-02,0.0,3104.0,43.08119361554476,False,0.8659078289838978,daily_makeup,
2011-12-03,0.0,3105.0,43.09507286606523,False,0.8659078289838978,daily_makeup,
2011-12-04,0.0,3106.0,43.108952116585705,False,0.8659078289838978,daily_makeup,
2011-12-05,0.0,3107.0,43.12283136710618,False,0.8659078289838978,daily_makeup,
2011-12-07,0.0,3108.0,43.13671061762665,False,0.8659078289838978,daily_makeup,
2011-12-08,0.0,3109.0,43.15058986814712,False,0.8659078289838978,daily_makeup,
2011-12-09,0.0,3110.0,43.16446911866759,False,0.8659078289838978,daily_makeup,
2011-12-10,0.0,3111.0,43.178348369188065,False,0.8659078289838978,daily_makeup,
2011-12-11,0.0,3112.0,43.19222761970853,False,0.8659078289838978,daily_makeup,
2011-12-12,0.0,3113.0,43.20610687022901,False,0.8659078289838978,daily_makeup,
2011-12-13,0.0,3114.0,43.21998612074948,False,0.8659078289838978,daily_makeup,
2011-12-14,0.0,3115.0,43.23386537126995,False,0.8659078289838978,daily_makeup,
2011-12-15,0.0,3116.0,43.247744621790424,False,0.8659078289838978,daily_makeup,
2011-12-16,0.0,3117.0,43.26162387231089,False,0.8659078289838978,daily_makeup,
2011-12-17,0.0,3118.0,43.27550312283137,False,0.8659078289838978,daily_makeup,
2011-12-18,0.0,3119.0,43.28938237335184,False,0.8659078289838978,daily_makeup,
2011-12-19,0.0,3120.0,43.30326162387231,False,0.8659078289838978,daily_makeup,
2011-12-20,0.0,3121.0,43.317140874392784,False,0.8659078289838978,daily_makeup,
2011-12-21,0.0,3122.0,43.33102012491325,False,0.8659078289838978,daily_makeup,
2011-12-22,0.0,3123.0,43.34489937543373,False,0.8659078289838978,daily_makeup,
2011-12-23,0.0,3124.0,43.3587786259542,False,0.8659078289838978,daily_makeup,
2011-12-24,0.0,3125.0,43.37265787647467,False,0.8659078289838978,daily_makeup,
2011-12-25,0.0,3126.0,43.386537126995144,False,0.8659078289838978,daily_makeup,
2011-12-26,0.0,3127.0,43.40041637751561,False,0.8659078289838978,daily_makeup,
2011-12-27,0.0,3128.0,43.414295628036086,False,0.8659078289838978,daily_makeup,
2011-12-28,0.0,3129.0,43.42817487855656,False,0.8659078289838978,daily_makeup,
2011-12-29,0.0,3130.0,43.44205412907703,False,0.8659078289838978,daily_makeup,
2011-12-30,0.0,3131.0,43.455933379597504,False,0.8659078289838978,daily_makeup,
2011-12-31,0.0,3132.0,43.46981263011797,False,0.8659078289838978,daily_makeup,
2012-01-01,0.0,3133.0,43.483691880638446,False,0.8659078289838978,daily_makeup,
2012-01-02,0.0,3134.0,43.49757113115892,False,0.8659078289838978,daily_makeup,
2012-01-03,0.0,3135.0,43.51145038167939,False,0.8659078289838978,daily_makeup,
2012-01-04,0.0,3136.0,43.52532963219986,False,0.8659078289838978,daily_makeup,
2012-01-05,0.0,3137.0,43.53920888272033,False,0.8659078289838978,daily_makeup,
2012-01-06,0.0,3138.0,43.553088133240806,False,0.8659078289838978,daily_makeup,
2012-01-07,0.0,3139.0,43.56696738376127,False,0.8659078289838978,daily_makeup,
2012-01-08,0.0,3140.0,43.58084663428175,False,0.8659078289838978,daily_makeup,
2012-01-09,0.0,3141.0,43.59472588480222,False,0.8659078289838978,daily_makeup,
2012-01-10,0.0,3142.0,43.60860513532269,False,0.8659078289838978,daily_makeup,
2012-01-11,0.0,3143.0,43.622484385843165,False,0.8659078289838978,daily_makeup,
2012-01-12,0.0,3144.0,43.63636363636363,False,0.8659078289838978,daily_makeup,
2012-01-13,0.0,3145.0,43.65024288688411,False,0.8659078289838978,daily_makeup,
2012-01-14,0.0,3146.0,43.66412213740458,False,0.8659078289838978,daily_makeup,
2012-01-15,0.0,3147.0,43.67800138792505,False,0.8659078289838978,daily_makeup,
2012-01-16,0.0,3148.0,43.691880638445525,False,0.8659078289838978,daily_makeup,
2012-01-17,0.0,3149.0,43.70575988896599,False,0.8659078289838978,daily_makeup,
2012-01-18,0.0,3150.0,43.71963913948647,False,0.8659078289838978,daily_makeup,
2012-01-19,0.0,3151.0,43.73351839000694,False,0.8659078289838978,daily_makeup,
2012-01-20,0.0,3152.0,43.74739764052741,False,0.8659078289838978,daily_makeup,
2012-01-21,0.0,3153.0,43.761276891047885,False,0.8659078289838978,daily_makeup,
2012-01-22,0.0,3154.0,43.77515614156835,False,0.8659078289838978,daily_makeup,
2012-01-23,0.0,3155.0,43.78903539208883,False,0.8659078289838978,daily_makeup,
2012-01-24,0.0,3156.0,43.8029146426093,False,0.8659078289838978,daily_makeup,
2012-01-25,0.0,3157.0,43.81679389312977,False,0.8659078289838978,daily_makeup,
2012-01-26,0.0,3158.0,43.830673143650245,False,0.8659078289838978,daily_makeup,
2012-01-27,0.0,3159.0,43.84455239417071,False,0.8659078289838978,daily_makeup,
2012-01-28,0.0,3160.0,43.85843164469119,False,0.8659078289838978,daily_makeup,
2012-01-29,0.0,3161.0,43.87231089521166,False,0.8659078289838978,daily_makeup,
2012-01-30,0.0,3162.0,43.88619014573213,False,0.8659078289838978,daily_makeup,
2012-01-31,0.0,3163.0,43.900069396252604,False,0.8659078289838978,daily_makeup,
2012-02-01,0.0,3164.0,43.91394864677307,False,0.8659078289838978,daily_makeup,
2012-02-02,0.0,3165.0,43.92782789729355,False,0.8659078289838978,daily_makeup,
2012-02-03,0.0,3166.0,43.94170714781402,False,0.8659078289838978,daily_makeup,
2012-02-04,0.0,3167.0,43.95558639833449,False,0.8659078289838978,daily_makeup,
2012-02-05,0.0,3168.0,43.969465648854964,False,0.8659078289838978,daily_makeup,
2012-02-06,0.0,3169.0,43.98334489937543,False,0.8659078289838978,daily_makeup,
2012-02-07,0.0,3170.0,43.99722414989591,False,0.8659078289838978,daily_makeup,
2012-02-08,0.0,3171.0,44.011103400416374,False,0.8659078289838978,daily_makeup,
2012-02-09,0.0,3172.0,44.02498265093685,False,0.8659078289838978,daily_makeup,
2012-02-10,0.0,3173.0,44.038861901457324,False,0.8659078289838978,daily_makeup,
2012-02-11,0.0,3174.0,44.05274115197779,False,0.8659078289838978,daily_makeup,
2012-02-12,0.0,3175.0,44.066620402498266,False,0.8659078289838978,daily_makeup,
2012-02-13,0.0,3176.0,44.080499653018734,False,0.8659078289838978,daily_makeup,
2012-02-14,0.0,3177.0,44.09437890353921,False,0.8659078289838978,daily_makeup,
2012-02-15,0.0,3178.0,44.10825815405968,False,0.8659078289838978,daily_makeup,
2012-02-16,0.0,3179.0,44.12213740458015,False,0.8659078289838978,daily_makeup,
2012-02-17,0.0,3180.0,44.136016655100626,False,0.8659078289838978,daily_makeup,
2012-02-18,0.0,3181.0,44.149895905621094,False,0.8659078289838978,daily_makeup,
2012-02-19,0.0,3182.0,44.16377515614157,False,0.8659078289838978,daily_makeup,
2012-02-20,0.0,3183.0,44.17765440666204,False,0.8659078289838978,daily_makeup,
2012-02-21,0.0,3184.0,44.19153365718251,False,0.8659078289838978,daily_makeup,
2012-02-22,0.0,3185.0,44.205412907702986,False,0.8659078289838978,daily_makeup,
2012-02-23,0.0,3186.0,44.21929215822345,False,0.8659078289838978,daily_makeup,
2012-02-24,0.0,3187.0,44.23317140874393,False,0.8659078289838978,daily_makeup,
2012-02-25,0.0,3188.0,44.2470506592644,False,0.8659078289838978,daily_makeup,
2012-02-26,0.0,3189.0,44.26092990978487,False,0.8659078289838978,daily_makeup,
2012-02-27,0.0,3190.0,44.274809160305345,False,0.8659078289838978,daily_makeup,
2012-02-28,0.0,3191.0,44.28868841082581,False,0.8659078289838978,daily_makeup,
2012-02-29,0.0,3192.0,44.30256766134629,False,0.8659078289838978,daily_makeup,
2012-03-01,0.0,3193.0,44.31644691186676,False,0.8659078289838978,daily_makeup,
2012-03-02,0.0,3194.0,44.33032616238723,False,0.8659078289838978,daily_makeup,
2012-03-03,0.0,3195.0,44.344205412907705,False,0.8659078289838978,daily_makeup,
2012-03-04,0.0,3196.0,44.35808466342817,False,0.8659078289838978,daily_makeup,
2012-03-05,0.0,3197.0,44.37196391394865,False,0.8659078289838978,daily_makeup,
2012-03-06,0.0,3198.0,44.385843164469115,False,0.8659078289838978,daily_makeup,
2012-03-07,0.0,3199.0,44.39972241498959,False,0.8659078289838978,daily_makeup,
2012-03-08,0.0,3200.0,44.413601665510065,False,0.8659078289838978,daily_makeup,
2012-03-09,0.0,3201.0,44.42748091603053,False,0.8659078289838978,daily_makeup,
2012-03-10,0.0,3202.0,44.44136016655101,False,0.8659078289838978,daily_makeup,
2012-03-11,0.0,3203.0,44.455239417071475,False,0.8659078289838978,daily_makeup,
2012-03-12,0.0,3204.0,44.46911866759195,False,0.8659078289838978,daily_makeup,
2012-03-13,0.0,3205.0,44.482997918112424,False,0.8659078289838978,daily_makeup,
2012-03-14,0.0,3206.0,44.49687716863289,False,0.8659078289838978,daily_makeup,
2012-03-15,0.0,3207.0,44.51075641915337,False,0.8659078289838978,daily_makeup,
2012-03-16,0.0,3208.0,44.524635669673835,False,0.8659078289838978,daily_makeup,
2012-03-17,0.0,3209.0,44.53851492019431,False,0.8659078289838978,daily_makeup,
2012-03-18,0.0,3210.0,44.552394170714784,False,0.8659078289838978,daily_makeup,
2012-03-19,0.0,3211.0,44.56627342123525,False,0.8659078289838978,daily_makeup,
2012-03-20,0.0,3212.0,44.58015267175573,False,0.8659078289838978,daily_makeup,
2012-03-21,0.0,3213.0,44.594031922276194,False,0.8659078289838978,daily_makeup,
2012-03-22,0.0,3214.0,44.60791117279667,False,0.8659078289838978,daily_makeup,
2012-03-23,0.0,3215.0,44.621790423317144,False,0.8659078289838978,daily_makeup,
2012-03-24,0.0,3216.0,44.63566967383761,False,0.8659078289838978,daily_makeup,
2012-03-25,0.0,3217.0,44.649548924358086,False,0.8659078289838978,daily_makeup,
2012-03-26,0.0,3218.0,44.663428174878554,False,0.8659078289838978,daily_makeup,
2012-03-27,0.0,3219.0,44.67730742539903,False,0.8659078289838978,daily_makeup,
2012-03-28,0.0,3220.0,44.691186675919504,False,0.8659078289838978,daily_makeup,
2012-03-29,0.0,3221.0,44.70506592643997,False,0.8659078289838978,daily_makeup,
2012-03-30,0.0,3222.0,44.718945176960446,False,0.8659078289838978,daily_makeup,
2012-03-31,0.0,3223.0,44.732824427480914,False,0.8659078289838978,daily_makeup,
2012-04-01,0.0,3224.0,44.74670367800139,False,0.8659078289838978,daily_makeup,
2012-04-02,0.0,3225.0,44.76058292852186,False,0.8659078289838978,daily_makeup,
2012-04-03,0.0,3226.0,44.77446217904233,False,0.8659078289838978,daily_makeup,
2012-04-04,0.0,3227.0,44.788341429562806,False,0.8659078289838978,daily_makeup,
2012-04-05,0.0,3228.0,44.80222068008327,False,0.8659078289838978,daily_makeup,
2012-04-06,0.0,3229.0,44.81609993060375,False,0.8659078289838978,daily_makeup,
2012-04-07,0.0,3230.0,44.829979181124216,False,0.8659078289838978,daily_makeup,
2012-04-08,0.0,3231.0,44.84385843164469,False,0.8659078289838978,daily_makeup,
2012-04-09,0.0,3232.0,44.857737682165165,False,0.8659078289838978,daily_makeup,
2012-04-10,0.0,3233.0,44.87161693268563,False,0.8659078289838978,daily_makeup,
2012-04-11,0.0,3234.0,44.88549618320611,False,0.8659078289838978,daily_makeup,
2012-04-12,0.0,3235.0,44.899375433726576,False,0.8659078289838978,daily_makeup,
2012-04-13,0.0,3236.0,44.91325468424705,False,0.8659078289838978,daily_makeup,
2012-04-14,0.0,3237.0,44.927133934767525,False,0.8659078289838978,daily_makeup,
2012-04-15,0.0,3238.0,44.94101318528799,False,0.8659078289838978,daily_makeup,
2012-04-16,0.0,3239.0,44.95489243580847,False,0.8659078289838978,daily_makeup,
2012-04-17,0.0,3240.0,44.968771686328935,False,0.8659078289838978,daily_makeup,
2012-04-18,0.0,3241.0,44.98265093684941,False,0.8659078289838978,daily_makeup,
2012-04-19,0.0,3242.0,44.996530187369885,False,0.8659078289838978,daily_makeup,
2012-04-20,0.0,3243.0,45.01040943789035,False,0.8659078289838978,daily_makeup,
2012-04-21,0.0,3244.0,45.02428868841083,False,0.8659078289838978,daily_makeup,
2012-04-22,0.0,3245.0,45.038167938931295,False,0.8659078289838978,daily_makeup,
2012-04-23,0.0,3246.0,45.05204718945177,False,0.8659078289838978,daily_makeup,
2012-04-24,0.0,3247.0,45.065926439972245,False,0.8659078289838978,daily_makeup,
2012-04-25,0.0,3248.0,45.07980569049271,False,0.8659078289838978,daily_makeup,
2012-04-26,0.0,3249.0,45.09368494101319,False,0.8659078289838978,daily_makeup,
2012-04-27,0.0,3250.0,45.107564191533655,False,0.8659078289838978,daily_makeup,
2012-04-28,0.0,3251.0,45.12144344205413,False,0.8659078289838978,daily_makeup,
2012-04-29,0.0,3252.0,45.135322692574604,False,0.8659078289838978,daily_makeup,
2012-04-30,0.0,3253.0,45.14920194309507,False,0.8659078289838978,daily_makeup,
2012-05-01,0.0,3254.0,45.16308119361555,False,0.8659078289838978,daily_makeup,
2012-05-02,0.0,3255.0,45.176960444136014,False,0.8659078289838978,daily_makeup,
2012-05-03,0.0,3256.0,45.19083969465649,False,0.8659078289838978,daily_makeup,
2012-05-04,0.0,3257.0,45.204718945176964,False,0.8659078289838978,daily_makeup,
2012-05-05,0.0,3258.0,45.21859819569743,False,0.8659078289838978,daily_makeup,
2012-05-06,0.0,3259.0,45.232477446217906,False,0.8659078289838978,daily_makeup,
2012-05-07,0.0,3260.0,45.246356696738374,False,0.8659078289838978,daily_makeup,
2012-05-08,0.0,3261.0,45.26023594725885,False,0.8659078289838978,daily_makeup,
2012-05-09,0.0,3262.0,45.27411519777932,False,0.8659078289838978,daily_makeup,
2012-05-10,0.0,3263.0,45.28799444829979,False,0.8659078289838978,daily_makeup,
2012-05-11,0.0,3264.0,45.301873698820266,False,0.8659078289838978,daily_makeup,
2012-05-12,0.0,3265.0,45.315752949340734,False,0.8659078289838978,daily_makeup,
2012-05-13,0.0,3266.0,45.32963219986121,False,0.8659078289838978,daily_makeup,
2012-05-14,0.0,3267.0,45.343511450381676,False,0.8659078289838978,daily_makeup,
2012-05-15,0.0,3268.0,45.35739070090215,False,0.8659078289838978,daily_makeup,
2012-05-16,0.0,3269.0,45.371269951422626,False,0.8659078289838978,daily_makeup,
2012-05-17,0.0,3270.0,45.38514920194309,False,0.8659078289838978,daily_makeup,
2012-05-18,0.0,3271.0,45.39902845246357,False,0.8659078289838978,daily_makeup,
2012-05-19,0.0,3272.0,45.412907702984036,False,0.8659078289838978,daily_makeup,
2012-05-20,0.0,3273.0,45.42678695350451,False,0.8659078289838978,daily_makeup,
2012-05-21,0.0,3274.0,45.440666204024986,False,0.8659078289838978,daily_makeup,
2012-05-22,0.0,3275.0,45.45454545454545,False,0.8659078289838978,daily_makeup,
2012-05-23,0.0,3276.0,45.46842470506593,False,0.8659078289838978,daily_makeup,
2012-05-24,0.0,3277.0,45.482303955586396,False,0.8659078289838978,daily_makeup,
2012-05-25,0.0,3278.0,45.49618320610687,False,0.8659078289838978,daily_makeup,
2012-05-30,0.0,3279.0,45.510062456627345,False,0.8659078289838978,daily_makeup,
2012-05-31,0.0,3280.0,45.52394170714781,False,0.8659078289838978,daily_makeup,
2012-06-01,0.0,3281.0,45.53782095766829,False,0.8659078289838978,daily_makeup,
2012-06-02,0.0,3282.0,45.551700208188755,False,0.8659078289838978,daily_makeup,
2012-06-03,0.0,3283.0,45.56557945870923,False,0.8659078289838978,daily_makeup,
2012-06-04,0.0,3284.0,45.579458709229705,False,0.8659078289838978,daily_makeup,
2012-06-05,0.0,3285.0,45.59333795975017,False,0.8659078289838978,daily_makeup,
2012-06-06,0.0,3286.0,45.60721721027065,False,0.8659078289838978,daily_makeup,
2012-06-07,0.0,3287.0,45.621096460791115,False,0.8659078289838978,daily_makeup,
2012-06-08,0.0,3288.0,45.63497571131159,False,0.8659078289838978,daily_makeup,
2012-06-09,0.0,3289.0,45.64885496183206,False,0.8659078289838978,daily_makeup,
2012-06-10,0.0,3290.0,45.66273421235253,False,0.8659078289838978,daily_makeup,
2012-06-11,0.0,3291.0,45.67661346287301,False,0.8659078289838978,daily_makeup,
2012-06-12,0.0,3292.0,45.690492713393475,False,0.8659078289838978,daily_makeup,
2012-06-13,0.0,3293.0,45.70437196391395,False,0.8659078289838978,daily_makeup,
2012-06-14,0.0,3294.0,45.71825121443442,False,0.8659078289838978,daily_makeup,
2012-06-15,0.0,3295.0,45.73213046495489,False,0.8659078289838978,daily_makeup,
2012-06-16,0.0,3296.0,45.74600971547537,False,0.8659078289838978,daily_makeup,
2012-06-17,0.0,3297.0,45.759888965995835,False,0.8659078289838978,daily_makeup,
2012-06-18,0.0,3298.0,45.77376821651631,False,0.8659078289838978,daily_makeup,
2012-06-19,0.0,3299.0,45.78764746703678,False,0.8659078289838978,daily_makeup,
2012-06-23,0.0,3300.0,45.80152671755725,False,0.8659078289838978,daily_makeup,
2012-06-24,0.0,3301.0,45.81540596807773,False,0.8659078289838978,daily_makeup,
2012-06-25,0.0,3302.0,45.829285218598194,False,0.8659078289838978,daily_makeup,
2012-06-26,0.0,3303.0,45.84316446911867,False,0.8659078289838978,daily_makeup,
2012-06-27,0.0,3304.0,45.85704371963914,False,0.8659078289838978,daily_makeup,
2012-06-28,0.0,3305.0,45.87092297015961,False,0.8659078289838978,daily_makeup,
2012-07-02,0.0,3306.0,45.884802220680086,False,0.8659078289838978,daily_makeup,
2012-07-03,0.0,3307.0,45.898681471200554,False,0.8659078289838978,daily_makeup,
2012-07-06,0.0,3308.0,45.91256072172103,False,0.8659078289838978,daily_makeup,
2012-07-09,0.0,3309.0,45.926439972241496,False,0.8659078289838978,daily_makeup,
2012-07-10,0.0,3310.0,45.94031922276197,False,0.8659078289838978,daily_makeup,
2012-07-11,0.0,3311.0,45.954198473282446,False,0.8659078289838978,daily_makeup,
2012-07-12,0.0,3312.0,45.968077723802914,False,0.8659078289838978,daily_makeup,
2012-07-13,0.0,3313.0,45.98195697432339,False,0.8659078289838978,daily_makeup,
2012-07-14,0.0,3314.0,45.995836224843856,False,0.8659078289838978,daily_makeup,
2012-07-20,0.0,3315.0,46.00971547536433,False,0.8659078289838978,daily_makeup,
2012-07-21,0.0,3316.0,46.023594725884806,False,0.8659078289838978,daily_makeup,
2012-07-22,0.0,3317.0,46.03747397640527,False,0.8659078289838978,daily_makeup,
2012-07-25,0.0,3318.0,46.05135322692575,False,0.8659078289838978,daily_makeup,
2012-07-29,0.0,3319.0,46.065232477446216,False,0.8659078289838978,daily_makeup,
2012-07-30,0.0,3320.0,46.07911172796669,False,0.8659078289838978,daily_makeup,
2012-07-31,0.0,3321.0,46.09299097848716,False,0.8659078289838978,daily_makeup,
2012-08-07,0.0,3322.0,46.10687022900763,False,0.8659078289838978,daily_makeup,
2012-08-12,0.0,3323.0,46.12074947952811,False,0.8659078289838978,daily_makeup,
2012-08-13,0.0,3324.0,46.134628730048576,False,0.8659078289838978,daily_makeup,
2012-08-14,0.0,3325.0,46.14850798056905,False,0.8659078289838978,daily_makeup,
2012-08-16,0.0,3326.0,46.16238723108952,False,0.8659078289838978,daily_makeup,
2012-08-18,0.0,3327.0,46.17626648160999,False,0.8659078289838978,daily_makeup,
2012-08-19,0.0,3328.0,46.19014573213047,False,0.8659078289838978,daily_makeup,
2012-08-20,0.0,3329.0,46.204024982650935,False,0.8659078289838978,daily_makeup,
2012-08-21,0.0,3330.0,46.21790423317141,False,0.8659078289838978,daily_makeup,
2012-08-22,0.0,3331.0,46.23178348369188,False,0.8659078289838978,daily_makeup,
2012-08-23,0.0,3332.0,46.24566273421235,False,0.8659078289838978,daily_makeup,
2012-08-24,0.0,3333.0,46.25954198473283,False,0.8659078289838978,daily_makeup,
2012-08-25,0.0,3334.0,46.273421235253295,False,0.8659078289838978,daily_makeup,
2012-08-26,0.0,3335.0,46.28730048577377,False,0.8659078289838978,daily_makeup,
2012-08-29,0.0,3336.0,46.30117973629424,False,0.8659078289838978,daily_makeup,
2012-08-30,0.0,3337.0,46.31505898681471,False,0.8659078289838978,daily_makeup,
2012-09-01,0.0,3338.0,46.32893823733519,False,0.8659078289838978,daily_makeup,
2012-09-02,0.0,3339.0,46.342817487855655,False,0.8659078289838978,daily_makeup,
2012-09-03,0.0,3340.0,46.35669673837613,False,0.8659078289838978,daily_makeup,
2012-09-06,0.0,3341.0,46.3705759888966,False,0.8659078289838978,daily_makeup,
2012-09-09,0.0,3342.0,46.38445523941707,False,0.8659078289838978,daily_makeup,
2012-09-10,0.0,3343.0,46.39833448993755,False,0.8659078289838978,daily_makeup,
2012-09-11,0.0,3344.0,46.412213740458014,False,0.8659078289838978,daily_makeup,
2012-09-12,0.0,3345.0,46.42609299097849,False,0.8659078289838978,daily_makeup,
2012-09-13,0.0,3346.0,46.43997224149896,False,0.8659078289838978,daily_makeup,
2012-09-14,0.0,3347.0,46.45385149201943,False,0.8659078289838978,daily_makeup,
2012-09-15,0.0,3348.0,46.4677307425399,False,0.8659078289838978,daily_makeup,
2012-09-16,0.0,3349.0,46.481609993060374,False,0.8659078289838978,daily_makeup,
2012-09-17,0.0,3350.0,46.49548924358085,False,0.8659078289838978,daily_makeup,
2012-09-18,0.0,3351.0,46.50936849410132,False,0.8659078289838978,daily_makeup,
2012-09-19,0.0,3352.0,46.52324774462179,False,0.8659078289838978,daily_makeup,
2012-09-20,0.0,3353.0,46.53712699514226,False,0.8659078289838978,daily_makeup,
2012-09-21,0.0,3354.0,46.551006245662734,False,0.8659078289838978,daily_makeup,
2012-09-22,0.0,3355.0,46.56488549618321,False,0.8659078289838978,daily_makeup,
2012-09-23,0.0,3356.0,46.578764746703676,False,0.8659078289838978,daily_makeup,
2012-09-24,0.0,3357.0,46.59264399722415,False,0.8659078289838978,daily_makeup,
2012-09-25,0.0,3358.0,46.60652324774462,False,0.8659078289838978,daily_makeup,
2012-09-26,0.0,3359.0,46.62040249826509,False,0.8659078289838978,daily_makeup,
2012-09-27,0.0,3360.0,46.63428174878557,False,0.8659078289838978,daily_makeup,
2012-09-28,0.0,3361.0,46.648160999306036,False,0.8659078289838978,daily_makeup,
2012-09-29,0.0,3362.0,46.66204024982651,False,0.8659078289838978,daily_makeup,
2012-09-30,0.0,3363.0,46.67591950034698,False,0.8659078289838978,daily_makeup,
2012-10-01,0.0,3364.0,46.68979875086745,False,0.8659078289838978,daily_makeup,
2012-10-02,0.0,3365.0,46.70367800138793,False,0.8659078289838978,daily_makeup,
2012-10-03,0.0,3366.0,46.717557251908396,False,0.8659078289838978,daily_makeup,
2012-10-04,0.0,3367.0,46.73143650242887,False,0.8659078289838978,daily_makeup,
2012-10-05,0.0,3368.0,46.74531575294934,False,0.8659078289838978,daily_makeup,
2012-10-06,0.0,3369.0,46.75919500346981,False,0.8659078289838978,daily_makeup,
2012-10-07,0.0,3370.0,46.77307425399029,False,0.8659078289838978,daily_makeup,
2012-10-08,0.0,3371.0,46.786953504510755,False,0.8659078289838978,daily_makeup,
2012-10-09,0.0,3372.0,46.80083275503123,False,0.8659078289838978,daily_makeup,
2012-10-10,0.0,3373.0,46.8147120055517,False,0.8659078289838978,daily_makeup,
2012-10-11,0.0,3374.0,46.82859125607217,False,0.8659078289838978,daily_makeup,
2012-10-12,0.0,3375.0,46.84247050659265,False,0.8659078289838978,daily_makeup,
2012-10-13,0.0,3376.0,46.856349757113115,False,0.8659078289838978,daily_makeup,
2012-10-14,0.0,3377.0,46.87022900763359,False,0.8659078289838978,daily_makeup,
2012-10-15,0.0,3378.0,46.88410825815406,False,0.8659078289838978,daily_makeup,
2012-10-16,0.0,3379.0,46.89798750867453,False,0.8659078289838978,daily_makeup,
2012-10-17,0.0,3380.0,46.911866759195,False,0.8659078289838978,daily_makeup,
2012-10-18,0.0,3381.0,46.925746009715475,False,0.8659078289838978,daily_makeup,
2012-10-19,0.0,3382.0,46.93962526023595,False,0.8659078289838978,daily_makeup,
2012-10-20,0.0,3383.0,46.95350451075642,False,0.8659078289838978,daily_makeup,
2012-10-21,0.0,3384.0,46.96738376127689,False,0.8659078289838978,daily_makeup,
2012-10-22,0.0,3385.0,46.98126301179736,False,0.8659078289838978,daily_makeup,
2012-10-23,0.0,3386.0,46.995142262317835,False,0.8659078289838978,daily_makeup,
2012-10-24,0.0,3387.0,47.00902151283831,False,0.8659078289838978,daily_makeup,
2012-10-25,0.0,3388.0,47.02290076335878,False,0.8659078289838978,daily_makeup,
2012-10-26,0.0,3389.0,47.03678001387925,False,0.8659078289838978,daily_makeup,
2012-10-27,0.0,3390.0,47.05065926439972,False,0.8659078289838978,daily_makeup,
2012-10-28,0.0,3391.0,47.064538514920194,False,0.8659078289838978,daily_makeup,
2012-10-29,0.0,3392.0,47.07841776544067,False,0.8659078289838978,daily_makeup,
2012-10-31,0.0,3393.0,47.09229701596114,False,0.8659078289838978,daily_makeup,
2012-11-01,0.0,3394.0,47.10617626648161,False,0.8659078289838978,daily_makeup,
2012-11-02,0.0,3395.0,47.12005551700208,False,0.8659078289838978,daily_makeup,
2012-11-03,0.0,3396.0,47.133934767522554,False,0.8659078289838978,daily_makeup,
2012-11-04,0.0,3397.0,47.14781401804303,False,0.8659078289838978,daily_makeup,
2012-11-05,0.0,3398.0,47.161693268563496,False,0.8659078289838978,daily_makeup,
2012-11-06,0.0,3399.0,47.17557251908397,False,0.8659078289838978,daily_makeup,
2012-11-07,0.0,3400.0,47.18945176960444,False,0.8659078289838978,daily_makeup,
2012-11-08,0.0,3401.0,47.203331020124914,False,0.8659078289838978,daily_makeup,
2012-11-09,0.0,3402.0,47.21721027064539,False,0.8659078289838978,daily_makeup,
2012-11-10,0.0,3403.0,47.231089521165856,False,0.8659078289838978,daily_makeup,
2012-11-11,0.0,3404.0,47.24496877168633,False,0.8659078289838978,daily_makeup,
2012-11-12,0.0,3405.0,47.2588480222068,False,0.8659078289838978,daily_makeup,
2012-11-13,0.0,3406.0,47.27272727272727,False,0.8659078289838978,daily_makeup,
2012-11-14,0.0,3407.0,47.28660652324775,False,0.8659078289838978,daily_makeup,
2012-11-15,0.0,3408.0,47.300485773768216,False,0.8659078289838978,daily_makeup,
2012-11-16,0.0,3409.0,47.31436502428869,False,0.8659078289838978,daily_makeup,
2012-11-17,0.0,3410.0,47.32824427480916,False,0.8659078289838978,daily_makeup,
2012-11-18,0.0,3411.0,47.34212352532963,False,0.8659078289838978,daily_makeup,
2012-11-19,0.0,3412.0,47.3560027758501,False,0.8659078289838978,daily_makeup,
2012-11-20,0.0,3413.0,47.369882026370576,False,0.8659078289838978,daily_makeup,
2012-11-21,0.0,3414.0,47.38376127689105,False,0.8659078289838978,daily_makeup,
2012-11-22,0.0,3415.0,47.39764052741152,False,0.8659078289838978,daily_makeup,
2012-11-23,0.0,3416.0,47.41151977793199,False,0.8659078289838978,daily_makeup,
2012-11-24,0.0,3417.0,47.42539902845246,False,0.8659078289838978,daily_makeup,
2012-11-25,0.0,3418.0,47.439278278972935,False,0.8659078289838978,daily_makeup,
2012-11-27,0.0,3419.0,47.45315752949341,False,0.8659078289838978,daily_makeup,
2012-11-28,0.0,3420.0,47.46703678001388,False,0.8659078289838978,daily_makeup,
2012-11-29,0.0,3421.0,47.48091603053435,False,0.8659078289838978,daily_makeup,
2012-11-30,0.0,3422.0,47.49479528105482,False,0.8659078289838978,daily_makeup,
2012-12-01,0.0,3423.0,47.508674531575295,False,0.8659078289838978,daily_makeup,
2012-12-02,0.0,3424.0,47.52255378209577,False,0.8659078289838978,daily_makeup,
2012-12-03,0.0,3425.0,47.53643303261624,False,0.8659078289838978,daily_makeup,
2012-12-04,0.0,3426.0,47.55031228313671,False,0.8659078289838978,daily_makeup,
2012-12-05,0.0,3427.0,47.56419153365718,False,0.8659078289838978,daily_makeup,
2012-12-06,0.0,3428.0,47.578070784177655,False,0.8659078289838978,daily_makeup,
2012-12-07,0.0,3429.0,47.59195003469813,False,0.8659078289838978,daily_makeup,
2012-12-08,0.0,3430.0,47.6058292852186,False,0.8659078289838978,daily_makeup,
2012-12-09,0.0,3431.0,47.61970853573907,False,0.8659078289838978,daily_makeup,
2012-12-10,0.0,3432.0,47.63358778625954,False,0.8659078289838978,daily_makeup,
2012-12-11,0.0,3433.0,47.647467036780014,False,0.8659078289838978,daily_makeup,
2012-12-12,0.0,3434.0,47.66134628730049,False,0.8659078289838978,daily_makeup,
2012-12-13,0.0,3435.0,47.67522553782096,False,0.8659078289838978,daily_makeup,
2012-12-14,0.0,3436.0,47.68910478834143,False,0.8659078289838978,daily_makeup,
2012-12-15,0.0,3437.0,47.7029840388619,False,0.8659078289838978,daily_makeup,
2012-12-16,0.0,3438.0,47.716863289382374,False,0.8659078289838978,daily_makeup,
2012-12-17,0.0,3439.0,47.73074253990284,False,0.8659078289838978,daily_makeup,
2012-12-18,0.0,3440.0,47.74462179042332,False,0.8659078289838978,daily_makeup,
2012-12-19,0.0,3441.0,47.75850104094379,False,0.8659078289838978,daily_makeup,
2012-12-20,0.0,3442.0,47.77238029146426,False,0.8659078289838978,daily_makeup,
2012-12-21,0.0,3443.0,47.786259541984734,False,0.8659078289838978,daily_makeup,
2012-12-22,0.0,3444.0,47.8001387925052,False,0.8659078289838978,daily_makeup,
2012-12-23,0.0,3445.0,47.814018043025676,False,0.8659078289838978,daily_makeup,
2012-12-24,0.0,3446.0,47.82789729354615,False,0.8659078289838978,daily_makeup,
2012-12-25,0.0,3447.0,47.84177654406662,False,0.8659078289838978,daily_makeup,
2012-12-26,0.0,3448.0,47.85565579458709,False,0.8659078289838978,daily_makeup,
2012-12-27,0.0,3449.0,47.86953504510756,False,0.8659078289838978,daily_makeup,
2012-12-28,0.0,3450.0,47.883414295628036,False,0.8659078289838978,daily_makeup,
2012-12-29,0.0,3451.0,47.89729354614851,False,0.8659078289838978,daily_makeup,
2012-12-30,0.0,3452.0,47.91117279666898,False,0.8659078289838978,daily_makeup,
2012-12-31,0.0,3453.0,47.92505204718945,False,0.8659078289838978,daily_makeup,
2013-01-01,0.0,3454.0,47.93893129770992,False,0.8659078289838978,daily_makeup,
2013-01-02,0.0,3455.0,47.952810548230396,False,0.8659078289838978,daily_makeup,
2013-01-03,0.0,3456.0,47.96668979875087,False,0.8659078289838978,daily_makeup,
2013-01-04,0.0,3457.0,47.98056904927134,False,0.8659078289838978,daily_makeup,
2013-01-05,0.0,3458.0,47.99444829979181,False,0.8659078289838978,daily_makeup,
2013-01-06,0.0,3459.0,48.00832755031228,False,0.8659078289838978,daily_makeup,
2013-01-07,0.0,3460.0,48.022206800832755,False,0.8659078289838978,daily_makeup,
2013-01-08,0.0,3461.0,48.03608605135323,False,0.8659078289838978,daily_makeup,
2013-01-09,0.0,3462.0,48.0499653018737,False,0.8659078289838978,daily_makeup,
2013-01-10,0.0,3463.0,48.06384455239417,False,0.8659078289838978,daily_makeup,
2013-01-11,0.0,3464.0,48.07772380291464,False,0.8659078289838978,daily_makeup,
2013-01-12,0.0,3465.0,48.091603053435115,False,0.8659078289838978,daily_makeup,
2013-01-13,0.0,3466.0,48.10548230395559,False,0.8659078289838978,daily_makeup,
2013-01-14,0.0,3467.0,48.11936155447606,False,0.8659078289838978,daily_makeup,
2013-01-15,0.0,3468.0,48.13324080499653,False,0.8659078289838978,daily_makeup,
2013-01-16,0.0,3469.0,48.147120055517,False,0.8659078289838978,daily_makeup,
2013-01-17,0.0,3470.0,48.160999306037475,False,0.8659078289838978,daily_makeup,
2013-01-18,0.0,3471.0,48.17487855655794,False,0.8659078289838978,daily_makeup,
2013-01-19,0.0,3472.0,48.18875780707842,False,0.8659078289838978,daily_makeup,
2013-01-20,0.0,3473.0,48.20263705759889,False,0.8659078289838978,daily_makeup,
2013-01-21,0.0,3474.0,48.21651630811936,False,0.8659078289838978,daily_makeup,
2013-01-22,0.0,3475.0,48.230395558639835,False,0.8659078289838978,daily_makeup,
2013-01-23,0.0,3476.0,48.2442748091603,False,0.8659078289838978,daily_makeup,
2013-01-24,0.0,3477.0,48.25815405968078,False,0.8659078289838978,daily_makeup,
2013-01-25,0.0,3478.0,48.27203331020125,False,0.8659078289838978,daily_makeup,
2013-01-26,0.0,3479.0,48.28591256072172,False,0.8659078289838978,daily_makeup,
2013-01-27,0.0,3480.0,48.299791811242194,False,0.8659078289838978,daily_makeup,
2013-01-28,0.0,3481.0,48.31367106176266,False,0.8659078289838978,daily_makeup,
2013-01-29,0.0,3482.0,48.32755031228314,False,0.8659078289838978,daily_makeup,
2013-01-30,0.0,3483.0,48.34142956280361,False,0.8659078289838978,daily_makeup,
2013-01-31,0.0,3484.0,48.35530881332408,False,0.8659078289838978,daily_makeup,
2013-02-01,0.0,3485.0,48.369188063844554,False,0.8659078289838978,daily_makeup,
2013-02-02,0.0,3486.0,48.38306731436502,False,0.8659078289838978,daily_makeup,
2013-02-03,0.0,3487.0,48.396946564885496,False,0.8659078289838978,daily_makeup,
2013-02-04,0.0,3488.0,48.41082581540597,False,0.8659078289838978,daily_makeup,
2013-02-05,0.0,3489.0,48.42470506592644,False,0.8659078289838978,daily_makeup,
2013-02-06,0.0,3490.0,48.438584316446914,False,0.8659078289838978,daily_makeup,
2013-02-07,0.0,3491.0,48.45246356696738,False,0.8659078289838978,daily_makeup,
2013-02-08,0.0,3492.0,48.466342817487856,False,0.8659078289838978,daily_makeup,
2013-02-09,0.0,3493.0,48.48022206800833,False,0.8659078289838978,daily_makeup,
2013-02-10,0.0,3494.0,48.4941013185288,False,0.8659078289838978,daily_makeup,
2013-02-11,0.0,3495.0,48.50798056904927,False,0.8659078289838978,daily_makeup,
2013-02-12,0.0,3496.0,48.52185981956974,False,0.8659078289838978,daily_makeup,
2013-02-13,0.0,3497.0,48.535739070090216,False,0.8659078289838978,daily_makeup,
2013-02-14,0.0,3498.0,48.54961832061068,False,0.8659078289838978,daily_makeup,
2013-02-15,0.0,3499.0,48.56349757113116,False,0.8659078289838978,daily_makeup,
2013-02-16,0.0,3500.0,48.57737682165163,False,0.8659078289838978,daily_makeup,
2013-02-17,0.0,3501.0,48.5912560721721,False,0.8659078289838978,daily_makeup,
2013-02-18,0.0,3502.0,48.605135322692576,False,0.8659078289838978,daily_makeup,
2013-02-19,0.0,3503.0,48.61901457321304,False,0.8659078289838978,daily_makeup,
2013-02-20,0.0,3504.0,48.63289382373352,False,0.8659078289838978,daily_makeup,
2013-02-21,0.0,3505.0,48.64677307425399,False,0.8659078289838978,daily_makeup,
2013-02-22,0.0,3506.0,48.66065232477446,False,0.8659078289838978,daily_makeup,
2013-02-23,0.0,3507.0,48.674531575294935,False,0.8659078289838978,daily_makeup,
2013-02-24,0.0,3508.0,48.6884108258154,False,0.8659078289838978,daily_makeup,
2013-02-25,0.0,3509.0,48.70229007633588,False,0.8659078289838978,daily_makeup,
2013-02-26,0.0,3510.0,48.71616932685635,False,0.8659078289838978,daily_makeup,
2013-02-27,0.0,3511.0,48.73004857737682,False,0.8659078289838978,daily_makeup,
2013-02-28,0.0,3512.0,48.743927827897295,False,0.8659078289838978,daily_makeup,
2013-03-01,0.0,3513.0,48.75780707841776,False,0.8659078289838978,daily_makeup,
2013-03-02,0.0,3514.0,48.77168632893824,False,0.8659078289838978,daily_makeup,
2013-03-03,0.0,3515.0,48.78556557945871,False,0.8659078289838978,daily_makeup,
2013-03-04,0.0,3516.0,48.79944482997918,False,0.8659078289838978,daily_makeup,
2013-03-05,0.0,3517.0,48.813324080499655,False,0.8659078289838978,daily_makeup,
2013-03-06,0.0,3518.0,48.82720333102012,False,0.8659078289838978,daily_makeup,
2013-03-07,0.0,3519.0,48.8410825815406,False,0.8659078289838978,daily_makeup,
2013-03-08,0.0,3520.0,48.85496183206107,False,0.8659078289838978,daily_makeup,
2013-03-09,0.0,3521.0,48.86884108258154,False,0.8659078289838978,daily_makeup,
2013-03-10,0.0,3522.0,48.882720333102014,False,0.8659078289838978,daily_makeup,
2013-03-11,0.0,3523.0,48.89659958362248,False,0.8659078289838978,daily_makeup,
2013-03-12,0.0,3524.0,48.91047883414296,False,0.8659078289838978,daily_makeup,
2013-03-13,0.0,3525.0,48.92435808466343,False,0.8659078289838978,daily_makeup,
2013-03-14,0.0,3526.0,48.9382373351839,False,0.8659078289838978,daily_makeup,
2013-03-15,0.0,3527.0,48.952116585704374,False,0.8659078289838978,daily_makeup,
2013-03-16,0.0,3528.0,48.96599583622484,False,0.8659078289838978,daily_makeup,
2013-03-17,0.0,3529.0,48.97987508674532,False,0.8659078289838978,daily_makeup,
2013-03-18,0.0,3530.0,48.993754337265784,False,0.8659078289838978,daily_makeup,
2013-03-19,0.0,3531.0,49.00763358778626,False,0.8659078289838978,daily_makeup,
2013-03-20,0.0,3532.0,49.021512838306734,False,0.8659078289838978,daily_makeup,
2013-03-21,0.0,3533.0,49.0353920888272,False,0.8659078289838978,daily_makeup,
2013-03-22,0.0,3534.0,49.049271339347676,False,0.8659078289838978,daily_makeup,
2013-03-23,0.0,3535.0,49.063150589868144,False,0.8659078289838978,daily_makeup,
2013-03-24,0.0,3536.0,49.07702984038862,False,0.8659078289838978,daily_makeup,
2013-03-25,0.0,3537.0,49.09090909090909,False,0.8659078289838978,daily_makeup,
2013-03-26,0.0,3538.0,49.10478834142956,False,0.8659078289838978,daily_makeup,
2013-03-27,0.0,3539.0,49.118667591950036,False,0.8659078289838978,daily_makeup,
2013-03-28,0.0,3540.0,49.132546842470504,False,0.8659078289838978,daily_makeup,
2013-03-29,0.0,3541.0,49.14642609299098,False,0.8659078289838978,daily_makeup,
2013-03-30,0.0,3542.0,49.16030534351145,False,0.8659078289838978,daily_makeup,
2013-03-31,0.0,3543.0,49.17418459403192,False,0.8659078289838978,daily_makeup,
2013-04-01,0.0,3544.0,49.188063844552396,False,0.8659078289838978,daily_makeup,
2013-04-02,0.0,3545.0,49.20194309507286,False,0.8659078289838978,daily_makeup,
2013-04-03,0.0,3546.0,49.21582234559334,False,0.8659078289838978,daily_makeup,
2013-04-04,0.0,3547.0,49.22970159611381,False,0.8659078289838978,daily_makeup,
2013-04-05,0.0,3548.0,49.24358084663428,False,0.8659078289838978,daily_makeup,
2013-04-06,0.0,3549.0,49.257460097154755,False,0.8659078289838978,daily_makeup,
2013-04-07,0.0,3550.0,49.27133934767522,False,0.8659078289838978,daily_makeup,
2013-04-08,0.0,3551.0,49.2852185981957,False,0.8659078289838978,daily_makeup,
2013-04-09,0.0,3552.0,49.29909784871617,False,0.8659078289838978,daily_makeup,
2013-04-10,0.0,3553.0,49.31297709923664,False,0.8659078289838978,daily_makeup,
2013-04-11,0.0,3554.0,49.326856349757115,False,0.8659078289838978,daily_makeup,
2013-04-12,0.0,3555.0,49.34073560027758,False,0.8659078289838978,daily_makeup,
2013-04-13,0.0,3556.0,49.35461485079806,False,0.8659078289838978,daily_makeup,
2013-04-14,0.0,3557.0,49.36849410131853,False,0.8659078289838978,daily_makeup,
2013-04-15,0.0,3558.0,49.382373351839,False,0.8659078289838978,daily_makeup,
2013-04-16,0.0,3559.0,49.396252602359475,False,0.8659078289838978,daily_makeup,
2013-04-17,0.0,3560.0,49.41013185287994,False,0.8659078289838978,daily_makeup,
2013-04-18,0.0,3561.0,49.42401110340042,False,0.8659078289838978,daily_makeup,
2013-04-19,0.0,3562.0,49.437890353920885,False,0.8659078289838978,daily_makeup,
2013-04-20,0.0,3563.0,49.45176960444136,False,0.8659078289838978,daily_makeup,
2013-04-21,0.0,3564.0,49.465648854961835,False,0.8659078289838978,daily_makeup,
2013-04-22,0.0,3565.0,49.4795281054823,False,0.8659078289838978,daily_makeup,
2013-04-23,0.0,3566.0,49.49340735600278,False,0.8659078289838978,daily_makeup,
2013-04-24,0.0,3567.0,49.507286606523245,False,0.8659078289838978,daily_makeup,
2013-04-25,0.0,3568.0,49.52116585704372,False,0.8659078289838978,daily_makeup,
2013-04-26,0.0,3569.0,49.535045107564194,False,0.8659078289838978,daily_makeup,
2013-04-27,0.0,3570.0,49.54892435808466,False,0.8659078289838978,daily_makeup,
2013-04-28,0.0,3571.0,49.56280360860514,False,0.8659078289838978,daily_makeup,
2013-04-29,0.0,3572.0,49.576682859125604,False,0.8659078289838978,daily_makeup,
2013-04-30,0.0,3573.0,49.59056210964608,False,0.8659078289838978,daily_makeup,
2013-05-01,0.0,3574.0,49.604441360166554,False,0.8659078289838978,daily_makeup,
2013-05-02,0.0,3575.0,49.61832061068702,False,0.8659078289838978,daily_makeup,
2013-05-03,0.0,3576.0,49.632199861207496,False,0.8659078289838978,daily_makeup,
2013-05-04,0.0,3577.0,49.646079111727964,False,0.8659078289838978,daily_makeup,
2013-05-05,0.0,3578.0,49.65995836224844,False,0.8659078289838978,daily_makeup,
2013-05-06,0.0,3579.0,49.673837612768914,False,0.8659078289838978,daily_makeup,
2013-05-07,0.0,3580.0,49.68771686328938,False,0.8659078289838978,daily_makeup,
2013-05-08,0.0,3581.0,49.701596113809856,False,0.8659078289838978,daily_makeup,
2013-05-09,0.0,3582.0,49.715475364330324,False,0.8659078289838978,daily_makeup,
2013-05-10,0.0,3583.0,49.7293546148508,False,0.8659078289838978,daily_makeup,
2013-05-11,0.0,3584.0,49.74323386537127,False,0.8659078289838978,daily_makeup,
2013-05-12,0.0,3585.0,49.75711311589174,False,0.8659078289838978,daily_makeup,
2013-05-13,0.0,3586.0,49.770992366412216,False,0.8659078289838978,daily_makeup,
2013-05-14,0.0,3587.0,49.78487161693268,False,0.8659078289838978,daily_makeup,
2013-05-15,0.0,3588.0,49.79875086745316,False,0.8659078289838978,daily_makeup,
2013-05-16,0.0,3589.0,49.812630117973626,False,0.8659078289838978,daily_makeup,
2013-05-17,0.0,3590.0,49.8265093684941,False,0.8659078289838978,daily_makeup,
2013-05-18,0.0,3591.0,49.840388619014576,False,0.8659078289838978,daily_makeup,
2013-05-19,0.0,3592.0,49.85426786953504,False,0.8659078289838978,daily_makeup,
2013-05-20,0.0,3593.0,49.86814712005552,False,0.8659078289838978,daily_makeup,
2013-05-23,0.0,3594.0,49.882026370575986,False,0.8659078289838978,daily_makeup,
2013-05-24,0.0,3595.0,49.89590562109646,False,0.8659078289838978,daily_makeup,
2013-05-25,0.0,3596.0,49.909784871616935,False,0.8659078289838978,daily_makeup,
2013-05-26,0.0,3597.0,49.9236641221374,False,0.8659078289838978,daily_makeup,
2013-05-27,0.0,3598.0,49.93754337265788,False,0.8659078289838978,daily_makeup,
2013-05-28,0.0,3599.0,49.951422623178345,False,0.8659078289838978,daily_makeup,
2013-05-29,0.0,3600.0,49.96530187369882,False,0.8659078289838978,daily_makeup,
2013-06-03,0.0,3601.0,49.979181124219295,False,0.8659078289838978,daily_makeup,
2013-06-04,0.0,3602.0,49.99306037473976,False,0.8659078289838978,daily_makeup,
2013-06-05,0.0,3603.0,50.00693962526024,False,0.8659078289838978,daily_makeup,
2013-06-06,0.0,3604.0,50.020818875780705,False,0.8659078289838978,daily_makeup,
2013-06-07,0.0,3605.0,50.03469812630118,False,0.8659078289838978,daily_makeup,
2013-06-08,0.0,3606.0,50.048577376821655,False,0.8659078289838978,daily_makeup,
2013-06-09,0.0,3607.0,50.06245662734212,False,0.8659078289838978,daily_makeup,
2013-06-10,0.0,3608.0,50.0763358778626,False,0.8659078289838978,daily_makeup,
2013-06-11,0.0,3609.0,50.090215128383065,False,0.8659078289838978,daily_makeup,
2013-06-12,0.0,3610.0,50.10409437890354,False,0.8659078289838978,daily_makeup,
2013-06-13,0.0,3611.0,50.117973629424014,False,0.8659078289838978,daily_makeup,
2013-06-14,0.0,3612.0,50.13185287994448,False,0.8659078289838978,daily_makeup,
2013-06-17,0.0,3613.0,50.14573213046496,False,0.8659078289838978,daily_makeup,
2013-06-18,0.0,3614.0,50.159611380985424,False,0.8659078289838978,daily_makeup,
2013-06-19,0.0,3615.0,50.1734906315059,False,0.8659078289838978,daily_makeup,
2013-06-20,0.0,3616.0,50.187369882026374,False,0.8659078289838978,daily_makeup,
2013-06-21,0.0,3617.0,50.20124913254684,False,0.8659078289838978,daily_makeup,
2013-06-22,0.0,3618.0,50.21512838306732,False,0.8659078289838978,daily_makeup,
2013-06-29,0.0,3619.0,50.229007633587784,False,0.8659078289838978,daily_makeup,
2013-07-12,0.0,3620.0,50.24288688410826,False,0.8659078289838978,daily_makeup,
2013-07-24,0.0,3621.0,50.25676613462873,False,0.8659078289838978,daily_makeup,
2013-07-25,0.0,3622.0,50.2706453851492,False,0.8659078289838978,daily_makeup,
2013-07-26,0.0,3623.0,50.284524635669676,False,0.8659078289838978,daily_makeup,
2013-07-27,0.0,3624.0,50.298403886190144,False,0.8659078289838978,daily_makeup,
2013-07-29,0.0,3625.0,50.31228313671062,False,0.8659078289838978,daily_makeup,
2013-07-30,0.0,3626.0,50.326162387231086,False,0.8659078289838978,daily_makeup,
2013-07-31,0.0,3627.0,50.34004163775156,False,0.8659078289838978,daily_makeup,
2013-08-01,0.0,3628.0,50.353920888272036,False,0.8659078289838978,daily_makeup,
2013-08-02,0.0,3629.0,50.367800138792504,False,0.8659078289838978,daily_makeup,
2013-08-03,0.0,3630.0,50.38167938931298,False,0.8659078289838978,daily_makeup,
2013-08-04,0.0,3631.0,50.395558639833446,False,0.8659078289838978,daily_makeup,
2013-08-05,0.0,3632.0,50.40943789035392,False,0.8659078289838978,daily_makeup,
2013-08-06,0.0,3633.0,50.423317140874396,False,0.8659078289838978,daily_makeup,
2013-08-07,0.0,3634.0,50.43719639139486,False,0.8659078289838978,daily_makeup,
2013-08-11,0.0,3635.0,50.45107564191534,False,0.8659078289838978,daily_makeup,
2013-08-12,0.0,3636.0,50.464954892435806,False,0.8659078289838978,daily_makeup,
2013-08-13,0.0,3637.0,50.47883414295628,False,0.8659078289838978,daily_makeup,
2013-08-14,0.0,3638.0,50.492713393476755,False,0.8659078289838978,daily_makeup,
2013-08-15,0.0,3639.0,50.50659264399722,False,0.8659078289838978,daily_makeup,
2013-08-16,0.0,3640.0,50.5204718945177,False,0.8659078289838978,daily_makeup,
2013-08-17,0.0,3641.0,50.534351145038165,False,0.8659078289838978,daily_makeup,
2013-08-18,0.0,3642.0,50.54823039555864,False,0.8659078289838978,daily_makeup,
2013-08-19,0.0,3643.0,50.562109646079115,False,0.8659078289838978,daily_makeup,
2013-08-20,0.0,3644.0,50.57598889659958,False,0.8659078289838978,daily_makeup,
2013-08-21,0.0,3645.0,50.58986814712006,False,0.8659078289838978,daily_makeup,
2013-08-23,0.0,3646.0,50.603747397640525,False,0.8659078289838978,daily_makeup,
2013-08-24,0.0,3647.0,50.617626648161,False,0.8659078289838978,daily_makeup,
2013-08-25,0.0,3648.0,50.63150589868147,False,0.8659078289838978,daily_makeup,
2013-08-26,0.0,3649.0,50.64538514920194,False,0.8659078289838978,daily_makeup,
2013-08-29,0.0,3650.0,50.65926439972242,False,0.8659078289838978,daily_makeup,
2013-09-03,0.0,3651.0,50.673143650242885,False,0.8659078289838978,daily_makeup,
2013-09-04,0.0,3652.0,50.68702290076336,False,0.8659078289838978,daily_makeup,
2013-09-05,0.0,3653.0,50.70090215128383,False,0.8659078289838978,daily_makeup,
2013-09-06,0.0,3654.0,50.7147814018043,False,0.8659078289838978,daily_makeup,
2013-09-07,0.0,3655.0,50.72866065232478,False,0.8659078289838978,daily_makeup,
2013-09-08,0.0,3656.0,50.742539902845245,False,0.8659078289838978,daily_makeup,
2013-09-09,0.0,3657.0,50.75641915336572,False,0.8659078289838978,daily_makeup,
2013-09-13,0.0,3658.0,50.77029840388619,False,0.8659078289838978,daily_makeup,
2013-09-14,0.0,3659.0,50.78417765440666,False,0.8659078289838978,daily_makeup,
2013-09-15,0.0,3660.0,50.79805690492714,False,0.8659078289838978,daily_makeup,
2013-09-16,0.0,3661.0,50.811936155447604,False,0.8659078289838978,daily_makeup,
2013-09-17,0.0,3662.0,50.82581540596808,False,0.8659078289838978,daily_makeup,
2013-09-18,0.0,3663.0,50.83969465648855,False,0.8659078289838978,daily_makeup,
2013-09-19,0.0,3664.0,50.85357390700902,False,0.8659078289838978,daily_makeup,
2013-09-20,0.0,3665.0,50.867453157529496,False,0.8659078289838978,daily_makeup,
2013-09-21,0.0,3666.0,50.881332408049964,False,0.8659078289838978,daily_makeup,
2013-09-22,0.0,3667.0,50.89521165857044,False,0.8659078289838978,daily_makeup,
2013-09-23,0.0,3668.0,50.90909090909091,False,0.8659078289838978,daily_makeup,
2013-09-24,0.0,3669.0,50.92297015961138,False,0.8659078289838978,daily_makeup,
2013-09-25,0.0,3670.0,50.936849410131856,False,0.8659078289838978,daily_makeup,
2013-09-26,0.0,3671.0,50.950728660652324,False,0.8659078289838978,daily_makeup,
2013-09-27,0.0,3672.0,50.9646079111728,False,0.8659078289838978,daily_makeup,
2013-09-28,0.0,3673.0,50.978487161693266,False,0.8659078289838978,daily_makeup,
2013-09-29,0.0,3674.0,50.99236641221374,False,0.8659078289838978,daily_makeup,
2013-09-30,0.0,3675.0,51.006245662734216,False,0.8659078289838978,daily_makeup,
2013-10-01,0.0,3676.0,51.02012491325468,False,0.8659078289838978,daily_makeup,
2013-10-02,0.0,3677.0,51.03400416377516,False,0.8659078289838978,daily_makeup,
2013-10-03,0.0,3678.0,51.047883414295626,False,0.8659078289838978,daily_makeup,
2013-10-04,0.0,3679.0,51.0617626648161,False,0.8659078289838978,daily_makeup,
2013-10-05,0.0,3680.0,51.07564191533657,False,0.8659078289838978,daily_makeup,
2013-10-06,0.0,3681.0,51.08952116585704,False,0.8659078289838978,daily_makeup,
2013-10-07,0.0,3682.0,51.10340041637752,False,0.8659078289838978,daily_makeup,
2013-10-08,0.0,3683.0,51.117279666897986,False,0.8659078289838978,daily_makeup,
2013-10-09,0.0,3684.0,51.13115891741846,False,0.8659078289838978,daily_makeup,
2013-10-10,0.0,3685.0,51.14503816793893,False,0.8659078289838978,daily_makeup,
2013-10-11,0.0,3686.0,51.1589174184594,False,0.8659078289838978,daily_makeup,
2013-10-12,0.0,3687.0,51.17279666897988,False,0.8659078289838978,daily_makeup,
2013-10-13,0.0,3688.0,51.186675919500345,False,0.8659078289838978,daily_makeup,
2013-10-14,0.0,3689.0,51.20055517002082,False,0.8659078289838978,daily_makeup,
2013-10-15,0.0,3690.0,51.21443442054129,False,0.8659078289838978,daily_makeup,
2013-10-16,0.0,3691.0,51.22831367106176,False,0.8659078289838978,daily_makeup,
2013-10-17,0.0,3692.0,51.24219292158224,False,0.8659078289838978,daily_makeup,
2013-10-18,0.0,3693.0,51.256072172102705,False,0.8659078289838978,daily_makeup,
2013-10-19,0.0,3694.0,51.26995142262318,False,0.8659078289838978,daily_makeup,
2013-10-20,0.0,3695.0,51.28383067314365,False,0.8659078289838978,daily_makeup,
2013-10-21,0.0,3696.0,51.29770992366412,False,0.8659078289838978,daily_makeup,
2013-10-22,0.0,3697.0,51.3115891741846,False,0.8659078289838978,daily_makeup,
2013-10-23,0.0,3698.0,51.325468424705065,False,0.8659078289838978,daily_makeup,
2013-10-24,0.0,3699.0,51.33934767522554,False,0.8659078289838978,daily_makeup,
2013-10-25,0.0,3700.0,51.35322692574601,False,0.8659078289838978,daily_makeup,
2013-10-26,0.0,3701.0,51.36710617626648,False,0.8659078289838978,daily_makeup,
2013-10-27,0.0,3702.0,51.38098542678696,False,0.8659078289838978,daily_makeup,
2013-10-28,0.0,3703.0,51.394864677307424,False,0.8659078289838978,daily_makeup,
2013-10-29,0.0,3704.0,51.4087439278279,False,0.8659078289838978,daily_makeup,
2013-10-30,0.0,3705.0,51.42262317834837,False,0.8659078289838978,daily_makeup,
2013-10-31,0.0,3706.0,51.43650242886884,False,0.8659078289838978,daily_makeup,
2013-11-01,0.0,3707.0,51.45038167938932,False,0.8659078289838978,daily_makeup,
2013-11-02,0.0,3708.0,51.464260929909784,False,0.8659078289838978,daily_makeup,
2013-11-03,0.0,3709.0,51.47814018043026,False,0.8659078289838978,daily_makeup,
2013-11-04,0.0,3710.0,51.49201943095073,False,0.8659078289838978,daily_makeup,
2013-11-05,0.0,3711.0,51.5058986814712,False,0.8659078289838978,daily_makeup,
2013-11-06,0.0,3712.0,51.51977793199167,False,0.8659078289838978,daily_makeup,
2013-11-07,0.0,3713.0,51.533657182512144,False,0.8659078289838978,daily_makeup,
2013-11-08,0.0,3714.0,51.54753643303262,False,0.8659078289838978,daily_makeup,
2013-11-09,0.0,3715.0,51.561415683553086,False,0.8659078289838978,daily_makeup,
2013-11-10,0.0,3716.0,51.57529493407356,False,0.8659078289838978,daily_makeup,
2013-11-11,0.0,3717.0,51.58917418459403,False,0.8659078289838978,daily_makeup,
2013-11-12,0.0,3718.0,51.603053435114504,False,0.8659078289838978,daily_makeup,
2013-11-13,0.0,3719.0,51.61693268563498,False,0.8659078289838978,daily_makeup,
2013-11-14,0.0,3720.0,51.630811936155446,False,0.8659078289838978,daily_makeup,
2013-11-15,0.0,3721.0,51.64469118667592,False,0.8659078289838978,daily_makeup,
2013-11-16,0.0,3722.0,51.65857043719639,False,0.8659078289838978,daily_makeup,
2013-11-17,0.0,3723.0,51.67244968771686,False,0.8659078289838978,daily_makeup,
2013-11-18,0.0,3724.0,51.68632893823734,False,0.8659078289838978,daily_makeup,
2013-11-19,0.0,3725.0,51.700208188757806,False,0.8659078289838978,daily_makeup,
2013-11-20,0.0,3726.0,51.71408743927828,False,0.8659078289838978,daily_makeup,
2013-11-21,0.0,3727.0,51.72796668979875,False,0.8659078289838978,daily_makeup,
2013-11-22,0.0,3728.0,51.74184594031922,False,0.8659078289838978,daily_makeup,
2013-11-23,0.0,3729.0,51.7557251908397,False,0.8659078289838978,daily_makeup,
2013-11-24,0.0,3730.0,51.769604441360165,False,0.8659078289838978,daily_makeup,
2013-11-25,0.0,3731.0,51.78348369188064,False,0.8659078289838978,daily_makeup,
2013-11-26,0.0,3732.0,51.79736294240111,False,0.8659078289838978,daily_makeup,
2013-11-27,0.0,3733.0,51.81124219292158,False,0.8659078289838978,daily_makeup,
2013-11-28,0.0,3734.0,51.82512144344206,False,0.8659078289838978,daily_makeup,
2013-11-29,0.0,3735.0,51.839000693962525,False,0.8659078289838978,daily_makeup,
2013-11-30,0.0,3736.0,51.852879944483,False,0.8659078289838978,daily_makeup,
2013-12-01,0.0,3737.0,51.86675919500347,False,0.8659078289838978,daily_makeup,
2013-12-02,0.0,3738.0,51.88063844552394,False,0.8659078289838978,daily_makeup,
2013-12-03,0.0,3739.0,51.89451769604441,False,0.8659078289838978,daily_makeup,
2013-12-04,0.0,3740.0,51.908396946564885,False,0.8659078289838978,daily_makeup,
2013-12-05,0.0,3741.0,51.92227619708536,False,0.8659078289838978,daily_makeup,
2013-12-06,0.0,3742.0,51.93615544760583,False,0.8659078289838978,daily_makeup,
2013-12-07,0.0,3743.0,51.9500346981263,False,0.8659078289838978,daily_makeup,
2013-12-08,0.0,3744.0,51.96391394864677,False,0.8659078289838978,daily_makeup,
2013-12-09,0.0,3745.0,51.977793199167245,False,0.8659078289838978,daily_makeup,
2013-12-10,0.0,3746.0,51.99167244968772,False,0.8659078289838978,daily_makeup,
2013-12-11,0.0,3747.0,52.00555170020819,False,0.8659078289838978,daily_makeup,
2013-12-12,0.0,3748.0,52.01943095072866,False,0.8659078289838978,daily_makeup,
2013-12-13,0.0,3749.0,52.03331020124913,False,0.8659078289838978,daily_makeup,
2013-12-14,0.0,3750.0,52.047189451769604,False,0.8659078289838978,daily_makeup,
2013-12-15,0.0,3751.0,52.06106870229008,False,0.8659078289838978,daily_makeup,
2013-12-16,0.0,3752.0,52.07494795281055,False,0.8659078289838978,daily_makeup,
2013-12-17,0.0,3753.0,52.08882720333102,False,0.8659078289838978,daily_makeup,
2013-12-18,0.0,3754.0,52.10270645385149,False,0.8659078289838978,daily_makeup,
2013-12-19,0.0,3755.0,52.116585704371964,False,0.8659078289838978,daily_makeup,
2013-12-20,0.0,3756.0,52.13046495489244,False,0.8659078289838978,daily_makeup,
2013-12-21,0.0,3757.0,52.14434420541291,False,0.8659078289838978,daily_makeup,
2013-12-22,0.0,3758.0,52.15822345593338,False,0.8659078289838978,daily_makeup,
2013-12-23,0.0,3759.0,52.17210270645385,False,0.8659078289838978,daily_makeup,
2013-12-24,0.0,3760.0,52.185981956974324,False,0.8659078289838978,daily_makeup,
2013-12-25,0.0,3761.0,52.1998612074948,False,0.8659078289838978,daily_makeup,
2013-12-26,0.0,3762.0,52.213740458015266,False,0.8659078289838978,daily_makeup,
2013-12-27,0.0,3763.0,52.22761970853574,False,0.8659078289838978,daily_makeup,
2013-12-28,0.0,3764.0,52.24149895905621,False,0.8659078289838978,daily_makeup,
2013-12-29,0.0,3765.0,52.25537820957668,False,0.8659078289838978,daily_makeup,
2013-12-30,0.0,3766.0,52.26925746009716,False,0.8659078289838978,daily_makeup,
2013-12-31,0.0,3767.0,52.283136710617626,False,0.8659078289838978,daily_makeup,
2014-01-01,0.0,3768.0,52.2970159611381,False,0.8659078289838978,daily_makeup,
2014-01-02,0.0,3769.0,52.31089521165857,False,0.8659078289838978,daily_makeup,
2014-01-03,0.0,3770.0,52.32477446217904,False,0.8659078289838978,daily_makeup,
2014-01-04,0.0,3771.0,52.33865371269951,False,0.8659078289838978,daily_makeup,
2014-01-05,0.0,3772.0,52.352532963219986,False,0.8659078289838978,daily_makeup,
2014-01-06,0.0,3773.0,52.36641221374046,False,0.8659078289838978,daily_makeup,
2014-01-08,0.0,3774.0,52.38029146426093,False,0.8659078289838978,daily_makeup,
2014-01-09,0.0,3775.0,52.3941707147814,False,0.8659078289838978,daily_makeup,
2014-01-10,0.0,3776.0,52.40804996530187,False,0.8659078289838978,daily_makeup,
2014-01-11,0.0,3777.0,52.421929215822345,False,0.8659078289838978,daily_makeup,
2014-01-12,0.0,3778.0,52.43580846634282,False,0.8659078289838978,daily_makeup,
2014-01-13,0.0,3779.0,52.44968771686329,False,0.8659078289838978,daily_makeup,
2014-01-14,0.0,3780.0,52.46356696738376,False,0.8659078289838978,daily_makeup,
2014-01-15,0.0,3781.0,52.47744621790423,False,0.8659078289838978,daily_makeup,
2014-01-16,0.0,3782.0,52.491325468424705,False,0.8659078289838978,daily_makeup,
2014-01-17,0.0,3783.0,52.50520471894518,False,0.8659078289838978,daily_makeup,
2014-01-18,0.0,3784.0,52.51908396946565,False,0.8659078289838978,daily_makeup,
2014-01-19,0.0,3785.0,52.53296321998612,False,0.8659078289838978,daily_makeup,
2014-01-20,0.0,3786.0,52.54684247050659,False,0.8659078289838978,daily_makeup,
2014-01-21,0.0,3787.0,52.560721721027065,False,0.8659078289838978,daily_makeup,
2014-01-22,0.0,3788.0,52.57460097154754,False,0.8659078289838978,daily_makeup,
2014-01-23,0.0,3789.0,52.58848022206801,False,0.8659078289838978,daily_makeup,
2014-01-24,0.0,3790.0,52.60235947258848,False,0.8659078289838978,daily_makeup,
2014-01-25,0.0,3791.0,52.61623872310895,False,0.8659078289838978,daily_makeup,
2014-01-26,0.0,3792.0,52.630117973629424,False,0.8659078289838978,daily_makeup,
2014-01-27,0.0,3793.0,52.6439972241499,False,0.8659078289838978,daily_makeup,
2014-01-28,0.0,3794.0,52.65787647467037,False,0.8659078289838978,daily_makeup,
2014-01-29,0.0,3795.0,52.67175572519084,False,0.8659078289838978,daily_makeup,
2014-01-30,0.0,3796.0,52.68563497571131,False,0.8659078289838978,daily_makeup,
2014-01-31,0.0,3797.0,52.699514226231784,False,0.8659078289838978,daily_makeup,
2014-02-01,0.0,3798.0,52.71339347675225,False,0.8659078289838978,daily_makeup,
2014-02-02,0.0,3799.0,52.72727272727273,False,0.8659078289838978,daily_makeup,
2014-02-03,0.0,3800.0,52.7411519777932,False,0.8659078289838978,daily_makeup,
2014-02-04,0.0,3801.0,52.75503122831367,False,0.8659078289838978,daily_makeup,
2014-02-05,0.0,3802.0,52.768910478834144,False,0.8659078289838978,daily_makeup,
2014-02-06,0.0,3803.0,52.78278972935461,False,0.8659078289838978,daily_makeup,
2014-02-07,0.0,3804.0,52.796668979875086,False,0.8659078289838978,daily_makeup,
2014-02-08,0.0,3805.0,52.81054823039556,False,0.8659078289838978,daily_makeup,
2014-02-09,0.0,3806.0,52.82442748091603,False,0.8659078289838978,daily_makeup,
2014-02-10,0.0,3807.0,52.838306731436504,False,0.8659078289838978,daily_makeup,
2014-02-11,0.0,3808.0,52.85218598195697,False,0.8659078289838978,daily_makeup,
2014-02-12,0.0,3809.0,52.866065232477446,False,0.8659078289838978,daily_makeup,
2014-02-13,0.0,3810.0,52.87994448299792,False,0.8659078289838978,daily_makeup,
2014-02-14,0.0,3811.0,52.89382373351839,False,0.8659078289838978,daily_makeup,
2014-02-15,0.0,3812.0,52.90770298403886,False,0.8659078289838978,daily_makeup,
2014-02-16,0.0,3813.0,52.92158223455933,False,0.8659078289838978,daily_makeup,
2014-02-17,0.0,3814.0,52.935461485079806,False,0.8659078289838978,daily_makeup,
2014-02-18,0.0,3815.0,52.94934073560028,False,0.8659078289838978,daily_makeup,
2014-02-19,0.0,3816.0,52.96321998612075,False,0.8659078289838978,daily_makeup,
2014-02-20,0.0,3817.0,52.97709923664122,False,0.8659078289838978,daily_makeup,
2014-02-21,0.0,3818.0,52.99097848716169,False,0.8659078289838978,daily_makeup,
2014-02-22,0.0,3819.0,53.004857737682165,False,0.8659078289838978,daily_makeup,
2014-02-23,0.0,3820.0,53.01873698820264,False,0.8659078289838978,daily_makeup,
2014-02-24,0.0,3821.0,53.03261623872311,False,0.8659078289838978,daily_makeup,
2014-02-25,0.0,3822.0,53.04649548924358,False,0.8659078289838978,daily_makeup,
2014-02-26,0.0,3823.0,53.06037473976405,False,0.8659078289838978,daily_makeup,
2014-02-27,0.0,3824.0,53.074253990284525,False,0.8659078289838978,daily_makeup,
2014-02-28,0.0,3825.0,53.088133240805,False,0.8659078289838978,daily_makeup,
2014-03-01,0.0,3826.0,53.10201249132547,False,0.8659078289838978,daily_makeup,
2014-03-02,0.0,3827.0,53.11589174184594,False,0.8659078289838978,daily_makeup,
2014-03-03,0.0,3828.0,53.12977099236641,False,0.8659078289838978,daily_makeup,
2014-03-04,0.0,3829.0,53.143650242886885,False,0.8659078289838978,daily_makeup,
2014-03-05,0.0,3830.0,53.15752949340735,False,0.8659078289838978,daily_makeup,
2014-03-06,0.0,3831.0,53.17140874392783,False,0.8659078289838978,daily_makeup,
2014-03-07,0.0,3832.0,53.1852879944483,False,0.8659078289838978,daily_makeup,
2014-03-08,0.0,3833.0,53.19916724496877,False,0.8659078289838978,daily_makeup,
2014-03-09,0.0,3834.0,53.213046495489245,False,0.8659078289838978,daily_makeup,
2014-03-10,0.0,3835.0,53.22692574600971,False,0.8659078289838978,daily_makeup,
2014-03-11,0.0,3836.0,53.24080499653019,False,0.8659078289838978,daily_makeup,
2014-03-12,0.0,3837.0,53.25468424705066,False,0.8659078289838978,daily_makeup,
2014-03-13,0.0,3838.0,53.26856349757113,False,0.8659078289838978,daily_makeup,
2014-03-14,0.0,3839.0,53.282442748091604,False,0.8659078289838978,daily_makeup,
2014-03-15,0.0,3840.0,53.29632199861207,False,0.8659078289838978,daily_makeup,
2014-03-16,0.0,3841.0,53.31020124913255,False,0.8659078289838978,daily_makeup,
2014-03-17,0.0,3842.0,53.32408049965302,False,0.8659078289838978,daily_makeup,
2014-03-18,0.0,3843.0,53.33795975017349,False,0.8659078289838978,daily_makeup,
2014-03-19,0.0,3844.0,53.351839000693964,False,0.8659078289838978,daily_makeup,
2014-03-20,0.0,3845.0,53.36571825121443,False,0.8659078289838978,daily_makeup,
2014-03-21,0.0,3846.0,53.37959750173491,False,0.8659078289838978,daily_makeup,
2014-03-22,0.0,3847.0,53.39347675225538,False,0.8659078289838978,daily_makeup,
2014-03-23,0.0,3848.0,53.40735600277585,False,0.8659078289838978,daily_makeup,
2014-03-24,0.0,3849.0,53.421235253296324,False,0.8659078289838978,daily_makeup,
2014-03-25,0.0,3850.0,53.43511450381679,False,0.8659078289838978,daily_makeup,
2014-03-26,0.0,3851.0,53.448993754337266,False,0.8659078289838978,daily_makeup,
2014-03-27,0.0,3852.0,53.46287300485774,False,0.8659078289838978,daily_makeup,
2014-03-28,0.0,3853.0,53.47675225537821,False,0.8659078289838978,daily_makeup,
2014-03-29,0.0,3854.0,53.49063150589868,False,0.8659078289838978,daily_makeup,
2014-03-30,0.0,3855.0,53.50451075641915,False,0.8659078289838978,daily_makeup,
2014-03-31,0.0,3856.0,53.518390006939626,False,0.8659078289838978,daily_makeup,
2014-04-01,0.0,3857.0,53.5322692574601,False,0.8659078289838978,daily_makeup,
2014-04-02,0.0,3858.0,53.54614850798057,False,0.8659078289838978,daily_makeup,
2014-04-03,0.0,3859.0,53.56002775850104,False,0.8659078289838978,daily_makeup,
2014-04-04,0.0,3860.0,53.57390700902151,False,0.8659078289838978,daily_makeup,
2014-04-05,0.0,3861.0,53.587786259541986,False,0.8659078289838978,daily_makeup,
2014-04-06,0.0,3862.0,53.60166551006245,False,0.8659078289838978,daily_makeup,
2014-04-07,0.0,3863.0,53.61554476058293,False,0.8659078289838978,daily_makeup,
2014-04-08,0.0,3864.0,53.6294240111034,False,0.8659078289838978,daily_makeup,
2014-04-09,0.0,3865.0,53.64330326162387,False,0.8659078289838978,daily_makeup,
2014-04-10,0.0,3866.0,53.657182512144345,False,0.8659078289838978,daily_makeup,
2014-04-11,0.0,3867.0,53.67106176266481,False,0.8659078289838978,daily_makeup,
2014-04-12,0.0,3868.0,53.68494101318529,False,0.8659078289838978,daily_makeup,
2014-04-13,0.0,3869.0,53.69882026370576,False,0.8659078289838978,daily_makeup,
2014-04-14,0.0,3870.0,53.71269951422623,False,0.8659078289838978,daily_makeup,
2014-04-15,0.0,3871.0,53.726578764746705,False,0.8659078289838978,daily_makeup,
2014-04-16,0.0,3872.0,53.74045801526717,False,0.8659078289838978,daily_makeup,
2014-04-17,0.0,3873.0,53.75433726578765,False,0.8659078289838978,daily_makeup,
2014-04-18,0.0,3874.0,53.76821651630812,False,0.8659078289838978,daily_makeup,
2014-04-19,0.0,3875.0,53.78209576682859,False,0.8659078289838978,daily_makeup,
2014-04-20,0.0,3876.0,53.795975017349065,False,0.8659078289838978,daily_makeup,
2014-04-21,0.0,3877.0,53.80985426786953,False,0.8659078289838978,daily_makeup,
2014-04-22,0.0,3878.0,53.82373351839001,False,0.8659078289838978,daily_makeup,
2014-04-23,0.0,3879.0,53.83761276891048,False,0.8659078289838978,daily_makeup,
2014-04-24,0.0,3880.0,53.85149201943095,False,0.8659078289838978,daily_makeup,
2014-04-25,0.0,3881.0,53.865371269951424,False,0.8659078289838978,daily_makeup,
2014-04-26,0.0,3882.0,53.87925052047189,False,0.8659078289838978,daily_makeup,
2014-04-27,0.0,3883.0,53.89312977099237,False,0.8659078289838978,daily_makeup,
2014-04-28,0.0,3884.0,53.90700902151284,False,0.8659078289838978,daily_makeup,
2014-04-29,0.0,3885.0,53.92088827203331,False,0.8659078289838978,daily_makeup,
2014-04-30,0.0,3886.0,53.934767522553784,False,0.8659078289838978,daily_makeup,
2014-05-01,0.0,3887.0,53.94864677307425,False,0.8659078289838978,daily_makeup,
2014-05-02,0.0,3888.0,53.96252602359473,False,0.8659078289838978,daily_makeup,
2014-05-03,0.0,3889.0,53.976405274115194,False,0.8659078289838978,daily_makeup,
2014-05-04,0.0,3890.0,53.99028452463567,False,0.8659078289838978,daily_makeup,
2014-05-05,0.0,3891.0,54.004163775156144,False,0.8659078289838978,daily_makeup,
2014-05-06,0.0,3892.0,54.01804302567661,False,0.8659078289838978,daily_makeup,
2014-05-07,0.0,3893.0,54.031922276197086,False,0.8659078289838978,daily_makeup,
2014-05-08,0.0,3894.0,54.045801526717554,False,0.8659078289838978,daily_makeup,
2014-05-09,0.0,3895.0,54.05968077723803,False,0.8659078289838978,daily_makeup,
2014-05-10,0.0,3896.0,54.073560027758504,False,0.8659078289838978,daily_makeup,
2014-05-11,0.0,3897.0,54.08743927827897,False,0.8659078289838978,daily_makeup,
2014-05-12,0.0,3898.0,54.101318528799446,False,0.8659078289838978,daily_makeup,
2014-05-13,0.0,3899.0,54.115197779319914,False,0.8659078289838978,daily_makeup,
2014-05-14,0.0,3900.0,54.12907702984039,False,0.8659078289838978,daily_makeup,
2014-05-15,0.0,3901.0,54.14295628036086,False,0.8659078289838978,daily_makeup,
2014-05-16,0.0,3902.0,54.15683553088133,False,0.8659078289838978,daily_makeup,
2014-05-17,0.0,3903.0,54.170714781401806,False,0.8659078289838978,daily_makeup,
2014-05-18,0.0,3904.0,54.18459403192227,False,0.8659078289838978,daily_makeup,
2014-05-19,0.0,3905.0,54.19847328244275,False,0.8659078289838978,daily_makeup,
2014-05-20,0.0,3906.0,54.21235253296322,False,0.8659078289838978,daily_makeup,
2014-05-21,0.0,3907.0,54.22623178348369,False,0.8659078289838978,daily_makeup,
2014-05-22,0.0,3908.0,54.240111034004165,False,0.8659078289838978,daily_makeup,
2014-05-23,0.0,3909.0,54.25399028452463,False,0.8659078289838978,daily_makeup,
2014-05-24,0.0,3910.0,54.26786953504511,False,0.8659078289838978,daily_makeup,
2014-05-25,0.0,3911.0,54.28174878556558,False,0.8659078289838978,daily_makeup,
2014-05-26,0.0,3912.0,54.29562803608605,False,0.8659078289838978,daily_makeup,
2014-05-27,0.0,3913.0,54.309507286606525,False,0.8659078289838978,daily_makeup,
2014-05-28,0.0,3914.0,54.32338653712699,False,0.8659078289838978,daily_makeup,
2014-05-29,0.0,3915.0,54.33726578764747,False,0.8659078289838978,daily_makeup,
2014-05-30,0.0,3916.0,54.35114503816794,False,0.8659078289838978,daily_makeup,
2014-05-31,0.0,3917.0,54.36502428868841,False,0.8659078289838978,daily_makeup,
2014-06-01,0.0,3918.0,54.378903539208885,False,0.8659078289838978,daily_makeup,
2014-06-02,0.0,3919.0,54.39278278972935,False,0.8659078289838978,daily_makeup,
2014-06-03,0.0,3920.0,54.40666204024983,False,0.8659078289838978,daily_makeup,
2014-06-04,0.0,3921.0,54.420541290770295,False,0.8659078289838978,daily_makeup,
2014-06-05,0.0,3922.0,54.43442054129077,False,0.8659078289838978,daily_makeup,
2014-06-06,0.0,3923.0,54.448299791811245,False,0.8659078289838978,daily_makeup,
2014-06-07,0.0,3924.0,54.46217904233171,False,0.8659078289838978,daily_makeup,
2014-06-08,0.0,3925.0,54.47605829285219,False,0.8659078289838978,daily_makeup,
2014-06-09,0.0,3926.0,54.489937543372655,False,0.8659078289838978,daily_makeup,
2014-06-11,0.0,3927.0,54.50381679389313,False,0.8659078289838978,daily_makeup,
2014-06-12,0.0,3928.0,54.517696044413604,False,0.8659078289838978,daily_makeup,
2014-06-14,0.0,3929.0,54.53157529493407,False,0.8659078289838978,daily_makeup,
2014-06-15,0.0,3930.0,54.54545454545455,False,0.8659078289838978,daily_makeup,
2014-06-16,0.0,3931.0,54.559333795975014,False,0.8659078289838978,daily_makeup,
2014-06-19,0.0,3932.0,54.57321304649549,False,0.8659078289838978,daily_makeup,
2014-06-20,0.0,3933.0,54.587092297015964,False,0.8659078289838978,daily_makeup,
2014-06-21,0.0,3934.0,54.60097154753643,False,0.8659078289838978,daily_makeup,
2014-06-22,0.0,3935.0,54.61485079805691,False,0.8659078289838978,daily_makeup,
2014-06-23,0.0,3936.0,54.628730048577374,False,0.8659078289838978,daily_makeup,
2014-06-24,0.0,3937.0,54.64260929909785,False,0.8659078289838978,daily_makeup,
2014-06-26,0.0,3938.0,54.656488549618324,False,0.8659078289838978,daily_makeup,
2014-06-27,0.0,3939.0,54.67036780013879,False,0.8659078289838978,daily_makeup,
2014-06-28,0.0,3940.0,54.684247050659266,False,0.8659078289838978,daily_makeup,
2014-06-29,0.0,3941.0,54.698126301179734,False,0.8659078289838978,daily_makeup,
2014-06-30,0.0,3942.0,54.71200555170021,False,0.8659078289838978,daily_makeup,
2014-07-04,0.0,3943.0,54.72588480222068,False,0.8659078289838978,daily_makeup,
2014-07-05,0.0,3944.0,54.73976405274115,False,0.8659078289838978,daily_makeup,
2014-07-06,0.0,3945.0,54.753643303261626,False,0.8659078289838978,daily_makeup,
2014-07-10,0.0,3946.0,54.767522553782094,False,0.8659078289838978,daily_makeup,
2014-07-11,0.0,3947.0,54.78140180430257,False,0.8659078289838978,daily_makeup,
2014-07-12,0.0,3948.0,54.795281054823036,False,0.8659078289838978,daily_makeup,
2014-07-17,0.0,3949.0,54.80916030534351,False,0.8659078289838978,daily_makeup,
2014-07-18,0.0,3950.0,54.823039555863986,False,0.8659078289838978,daily_makeup,
2014-07-19,0.0,3951.0,54.83691880638445,False,0.8659078289838978,daily_makeup,
2014-07-20,0.0,3952.0,54.85079805690493,False,0.8659078289838978,daily_makeup,
2014-07-21,0.0,3953.0,54.864677307425396,False,0.8659078289838978,daily_makeup,
2014-07-24,0.0,3954.0,54.87855655794587,False,0.8659078289838978,daily_makeup,
2014-07-25,0.0,3955.0,54.892435808466345,False,0.8659078289838978,daily_makeup,
2014-07-26,0.0,3956.0,54.90631505898681,False,0.8659078289838978,daily_makeup,
2014-07-28,0.0,3957.0,54.92019430950729,False,0.8659078289838978,daily_makeup,
2014-07-29,0.0,3958.0,54.934073560027755,False,0.8659078289838978,daily_makeup,
2014-07-30,0.0,3959.0,54.94795281054823,False,0.8659078289838978,daily_makeup,
2014-07-31,0.0,3960.0,54.961832061068705,False,0.8659078289838978,daily_makeup,
2014-08-02,0.0,3961.0,54.97571131158917,False,0.8659078289838978,daily_makeup,
2014-08-03,0.0,3962.0,54.98959056210965,False,0.8659078289838978,daily_makeup,
2014-08-04,0.0,3963.0,55.003469812630115,False,0.8659078289838978,daily_makeup,
2014-08-05,0.0,3964.0,55.01734906315059,False,0.8659078289838978,daily_makeup,
2014-08-06,0.0,3965.0,55.031228313671065,False,0.8659078289838978,daily_makeup,
2014-08-07,0.0,3966.0,55.04510756419153,False,0.8659078289838978,daily_makeup,
2014-08-08,0.0,3967.0,55.05898681471201,False,0.8659078289838978,daily_makeup,
2014-08-09,0.0,3968.0,55.072866065232475,False,0.8659078289838978,daily_makeup,
2014-08-10,0.0,3969.0,55.08674531575295,False,0.8659078289838978,daily_makeup,
2014-08-11,0.0,3970.0,55.100624566273424,False,0.8659078289838978,daily_makeup,
2014-08-12,0.0,3971.0,55.11450381679389,False,0.8659078289838978,daily_makeup,
2014-08-13,0.0,3972.0,55.12838306731437,False,0.8659078289838978,daily_makeup,
2014-08-14,0.0,3973.0,55.142262317834835,False,0.8659078289838978,daily_makeup,
2014-08-15,0.0,3974.0,55.15614156835531,False,0.8659078289838978,daily_makeup,
2014-08-16,0.0,3975.0,55.170020818875784,False,0.8659078289838978,daily_makeup,
2014-08-17,0.0,3976.0,55.18390006939625,False,0.8659078289838978,daily_makeup,
2014-08-18,0.0,3977.0,55.19777931991673,False,0.8659078289838978,daily_makeup,
2014-08-19,0.0,3978.0,55.211658570437194,False,0.8659078289838978,daily_makeup,
2014-08-20,0.0,3979.0,55.22553782095767,False,0.8659078289838978,daily_makeup,
2014-08-21,0.0,3980.0,55.23941707147814,False,0.8659078289838978,daily_makeup,
2014-08-22,0.0,3981.0,55.25329632199861,False,0.8659078289838978,daily_makeup,
2014-08-23,0.0,3982.0,55.267175572519086,False,0.8659078289838978,daily_makeup,
2014-08-24,0.0,3983.0,55.281054823039554,False,0.8659078289838978,daily_makeup,
2014-08-25,0.0,3984.0,55.29493407356003,False,0.8659078289838978,daily_makeup,
2014-08-26,0.0,3985.0,55.308813324080496,False,0.8659078289838978,daily_makeup,
2014-08-28,0.0,3986.0,55.32269257460097,False,0.8659078289838978,daily_makeup,
2014-08-29,0.0,3987.0,55.336571825121446,False,0.8659078289838978,daily_makeup,
2014-08-30,0.0,3988.0,55.350451075641914,False,0.8659078289838978,daily_makeup,
2014-09-03,0.0,3989.0,55.36433032616239,False,0.8659078289838978,daily_makeup,
2014-09-04,0.0,3990.0,55.378209576682856,False,0.8659078289838978,daily_makeup,
2014-09-07,0.0,3991.0,55.39208882720333,False,0.8659078289838978,daily_makeup,
2014-09-08,0.0,3992.0,55.405968077723806,False,0.8659078289838978,daily_makeup,
2014-09-09,0.0,3993.0,55.41984732824427,False,0.8659078289838978,daily_makeup,
2014-09-10,0.0,3994.0,55.43372657876475,False,0.8659078289838978,daily_makeup,
2014-09-12,0.0,3995.0,55.447605829285216,False,0.8659078289838978,daily_makeup,
2014-09-13,0.0,3996.0,55.46148507980569,False,0.8659078289838978,daily_makeup,
2014-09-14,0.0,3997.0,55.475364330326165,False,0.8659078289838978,daily_makeup,
2014-09-15,0.0,3998.0,55.48924358084663,False,0.8659078289838978,daily_makeup,
2014-09-16,0.0,3999.0,55.50312283136711,False,0.8659078289838978,daily_makeup,
2014-09-17,0.0,4000.0,55.517002081887576,False,0.8659078289838978,daily_makeup,
2014-09-18,0.0,4001.0,55.53088133240805,False,0.8659078289838978,daily_makeup,
2014-09-19,0.0,4002.0,55.544760582928525,False,0.8659078289838978,daily_makeup,
2014-09-20,0.0,4003.0,55.55863983344899,False,0.8659078289838978,daily_makeup,
2014-09-21,0.0,4004.0,55.57251908396947,False,0.8659078289838978,daily_makeup,
2014-09-22,0.0,4005.0,55.586398334489935,False,0.8659078289838978,daily_makeup,
2014-09-23,0.0,4006.0,55.60027758501041,False,0.8659078289838978,daily_makeup,
2014-09-24,0.0,4007.0,55.614156835530885,False,0.8659078289838978,daily_makeup,
2014-09-25,0.0,4008.0,55.62803608605135,False,0.8659078289838978,daily_makeup,
2014-09-26,0.0,4009.0,55.64191533657183,False,0.8659078289838978,daily_makeup,
2014-09-27,0.0,4010.0,55.655794587092295,False,0.8659078289838978,daily_makeup,
2014-09-28,0.0,4011.0,55.66967383761277,False,0.8659078289838978,daily_makeup,
2014-09-29,0.0,4012.0,55.68355308813324,False,0.8659078289838978,daily_makeup,
2014-09-30,0.0,4013.0,55.69743233865371,False,0.8659078289838978,daily_makeup,
2014-10-01,0.0,4014.0,55.71131158917419,False,0.8659078289838978,daily_makeup,
2014-10-02,0.0,4015.0,55.725190839694655,False,0.8659078289838978,daily_makeup,
2014-10-03,0.0,4016.0,55.73907009021513,False,0.8659078289838978,daily_makeup,
2014-10-04,0.0,4017.0,55.7529493407356,False,0.8659078289838978,daily_makeup,
2014-10-05,0.0,4018.0,55.76682859125607,False,0.8659078289838978,daily_makeup,
2014-10-06,0.0,4019.0,55.78070784177655,False,0.8659078289838978,daily_makeup,
2014-10-07,0.0,4020.0,55.794587092297014,False,0.8659078289838978,daily_makeup,
2014-10-08,0.0,4021.0,55.80846634281749,False,0.8659078289838978,daily_makeup,
2014-10-09,0.0,4022.0,55.82234559333796,False,0.8659078289838978,daily_makeup,
2014-10-10,0.0,4023.0,55.83622484385843,False,0.8659078289838978,daily_makeup,
2014-10-11,0.0,4024.0,55.850104094378906,False,0.8659078289838978,daily_makeup,
2014-10-12,0.0,4025.0,55.863983344899374,False,0.8659078289838978,daily_makeup,
2014-10-13,0.0,4026.0,55.87786259541985,False,0.8659078289838978,daily_makeup,
2014-10-14,0.0,4027.0,55.89174184594032,False,0.8659078289838978,daily_makeup,
2014-10-15,0.0,4028.0,55.90562109646079,False,0.8659078289838978,daily_makeup,
2014-10-16,0.0,4029.0,55.919500346981266,False,0.8659078289838978,daily_makeup,
2014-10-17,0.0,4030.0,55.933379597501734,False,0.8659078289838978,daily_makeup,
2014-10-18,0.0,4031.0,55.94725884802221,False,0.8659078289838978,daily_makeup,
2014-10-19,0.0,4032.0,55.961138098542676,False,0.8659078289838978,daily_makeup,
2014-10-20,0.0,4033.0,55.97501734906315,False,0.8659078289838978,daily_makeup,
2014-10-21,0.0,4034.0,55.988896599583626,False,0.8659078289838978,daily_makeup,
2014-10-22,0.0,4035.0,56.00277585010409,False,0.8659078289838978,daily_makeup,
2014-10-23,0.0,4036.0,56.01665510062457,False,0.8659078289838978,daily_makeup,
2014-10-24,0.0,4037.0,56.030534351145036,False,0.8659078289838978,daily_makeup,
2014-10-25,0.0,4038.0,56.04441360166551,False,0.8659078289838978,daily_makeup,
2014-10-26,0.0,4039.0,56.05829285218598,False,0.8659078289838978,daily_makeup,
2014-10-27,0.0,4040.0,56.07217210270645,False,0.8659078289838978,daily_makeup,
2014-10-28,0.0,4041.0,56.08605135322693,False,0.8659078289838978,daily_makeup,
2014-10-29,0.0,4042.0,56.099930603747396,False,0.8659078289838978,daily_makeup,
2014-10-30,0.0,4043.0,56.11380985426787,False,0.8659078289838978,daily_makeup,
2014-10-31,0.0,4044.0,56.12768910478834,False,0.8659078289838978,daily_makeup,
2014-11-01,0.0,4045.0,56.14156835530881,False,0.8659078289838978,daily_makeup,
2014-11-02,0.0,4046.0,56.15544760582929,False,0.8659078289838978,daily_makeup,
2014-11-03,0.0,4047.0,56.169326856349755,False,0.8659078289838978,daily_makeup,
2014-11-04,0.0,4048.0,56.18320610687023,False,0.8659078289838978,daily_makeup,
2014-11-05,0.0,4049.0,56.1970853573907,False,0.8659078289838978,daily_makeup,
2014-11-06,0.0,4050.0,56.21096460791117,False,0.8659078289838978,daily_makeup,
2014-11-07,0.0,4051.0,56.22484385843165,False,0.8659078289838978,daily_makeup,
2014-11-08,0.0,4052.0,56.238723108952115,False,0.8659078289838978,daily_makeup,
2014-11-09,0.0,4053.0,56.25260235947259,False,0.8659078289838978,daily_makeup,
2014-11-10,0.0,4054.0,56.26648160999306,False,0.8659078289838978,daily_makeup,
2014-11-11,0.0,4055.0,56.28036086051353,False,0.8659078289838978,daily_makeup,
2014-11-12,0.0,4056.0,56.29424011103401,False,0.8659078289838978,daily_makeup,
2014-11-13,0.0,4057.0,56.308119361554475,False,0.8659078289838978,daily_makeup,
2014-11-14,0.0,4058.0,56.32199861207495,False,0.8659078289838978,daily_makeup,
2014-11-15,0.0,4059.0,56.33587786259542,False,0.8659078289838978,daily_makeup,
2014-11-16,0.0,4060.0,56.34975711311589,False,0.8659078289838978,daily_makeup,
2014-11-17,0.0,4061.0,56.36363636363637,False,0.8659078289838978,daily_makeup,
2014-11-18,0.0,4062.0,56.377515614156835,False,0.8659078289838978,daily_makeup,
2014-11-19,0.0,4063.0,56.39139486467731,False,0.8659078289838978,daily_makeup,
2014-11-20,0.0,4064.0,56.40527411519778,False,0.8659078289838978,daily_makeup,
2014-11-21,0.0,4065.0,56.41915336571825,False,0.8659078289838978,daily_makeup,
2014-11-22,0.0,4066.0,56.43303261623873,False,0.8659078289838978,daily_makeup,
2014-11-23,0.0,4067.0,56.446911866759194,False,0.8659078289838978,daily_makeup,
2014-11-24,0.0,4068.0,56.46079111727967,False,0.8659078289838978,daily_makeup,
2014-11-25,0.0,4069.0,56.47467036780014,False,0.8659078289838978,daily_makeup,
2014-11-26,0.0,4070.0,56.48854961832061,False,0.8659078289838978,daily_makeup,
2014-11-27,0.0,4071.0,56.50242886884108,False,0.8659078289838978,daily_makeup,
2014-11-28,0.0,4072.0,56.516308119361554,False,0.8659078289838978,daily_makeup,
2014-11-29,0.0,4073.0,56.53018736988203,False,0.8659078289838978,daily_makeup,
2014-11-30,0.0,4074.0,56.544066620402496,False,0.8659078289838978,daily_makeup,
2014-12-01,0.0,4075.0,56.55794587092297,False,0.8659078289838978,daily_makeup,
2014-12-02,0.0,4076.0,56.57182512144344,False,0.8659078289838978,daily_makeup,
2014-12-03,0.0,4077.0,56.585704371963914,False,0.8659078289838978,daily_makeup,
2014-12-04,0.0,4078.0,56.59958362248439,False,0.8659078289838978,daily_makeup,
2014-12-05,0.0,4079.0,56.613462873004856,False,0.8659078289838978,daily_makeup,
2014-12-06,0.0,4080.0,56.62734212352533,False,0.8659078289838978,daily_makeup,
2014-12-07,0.0,4081.0,56.6412213740458,False,0.8659078289838978,daily_makeup,
2014-12-08,0.0,4082.0,56.65510062456627,False,0.8659078289838978,daily_makeup,
2014-12-09,0.0,4083.0,56.66897987508675,False,0.8659078289838978,daily_makeup,
2014-12-10,0.0,4084.0,56.682859125607216,False,0.8659078289838978,daily_makeup,
2014-12-11,0.0,4085.0,56.69673837612769,False,0.8659078289838978,daily_makeup,
2014-12-12,0.0,4086.0,56.71061762664816,False,0.8659078289838978,daily_makeup,
2014-12-13,0.0,4087.0,56.72449687716863,False,0.8659078289838978,daily_makeup,
2014-12-14,0.0,4088.0,56.73837612768911,False,0.8659078289838978,daily_makeup,
2014-12-15,0.0,4089.0,56.752255378209576,False,0.8659078289838978,daily_makeup,
2014-12-16,0.0,4090.0,56.76613462873005,False,0.8659078289838978,daily_makeup,
2014-12-17,0.0,4091.0,56.78001387925052,False,0.8659078289838978,daily_makeup,
2014-12-18,0.0,4092.0,56.79389312977099,False,0.8659078289838978,daily_makeup,
2014-12-19,0.0,4093.0,56.80777238029147,False,0.8659078289838978,daily_makeup,
2014-12-20,0.0,4094.0,56.821651630811935,False,0.8659078289838978,daily_makeup,
2014-12-21,0.0,4095.0,56.83553088133241,False,0.8659078289838978,daily_makeup,
2014-12-22,0.0,4096.0,56.84941013185288,False,0.8659078289838978,daily_makeup,
2014-12-23,0.0,4097.0,56.86328938237335,False,0.8659078289838978,daily_makeup,
2014-12-24,0.0,4098.0,56.87716863289382,False,0.8659078289838978,daily_makeup,
2014-12-25,0.0,4099.0,56.891047883414295,False,0.8659078289838978,daily_makeup,
2014-12-26,0.0,4100.0,56.90492713393477,False,0.8659078289838978,daily_makeup,
2014-12-27,0.0,4101.0,56.91880638445524,False,0.8659078289838978,daily_makeup,
2014-12-28,0.0,4102.0,56.93268563497571,False,0.8659078289838978,daily_makeup,
2014-12-29,0.0,4103.0,56.94656488549618,False,0.8659078289838978,daily_makeup,
2014-12-30,0.0,4104.0,56.960444136016655,False,0.8659078289838978,daily_makeup,
2014-12-31,0.0,4105.0,56.97432338653713,False,0.8659078289838978,daily_makeup,
2015-01-01,0.0,4106.0,56.9882026370576,False,0.8659078289838978,daily_makeup,
2015-01-02,0.0,4107.0,57.00208188757807,False,0.8659078289838978,daily_makeup,
2015-01-03,0.0,4108.0,57.01596113809854,False,0.8659078289838978,daily_makeup,
2015-01-04,0.0,4109.0,57.029840388619014,False,0.8659078289838978,daily_makeup,
2015-01-05,0.0,4110.0,57.04371963913949,False,0.8659078289838978,daily_makeup,
2015-01-06,0.0,4111.0,57.05759888965996,False,0.8659078289838978,daily_makeup,
2015-01-07,0.0,4112.0,57.07147814018043,False,0.8659078289838978,daily_makeup,
2015-01-08,0.0,4113.0,57.0853573907009,False,0.8659078289838978,daily_makeup,
2015-01-09,0.0,4114.0,57.099236641221374,False,0.8659078289838978,daily_makeup,
2015-01-10,0.0,4115.0,57.11311589174185,False,0.8659078289838978,daily_makeup,
2015-01-11,0.0,4116.0,57.12699514226232,False,0.8659078289838978,daily_makeup,
2015-01-12,0.0,4117.0,57.14087439278279,False,0.8659078289838978,daily_makeup,
2015-01-13,0.0,4118.0,57.15475364330326,False,0.8659078289838978,daily_makeup,
2015-01-14,0.0,4119.0,57.168632893823734,False,0.8659078289838978,daily_makeup,
2015-01-15,0.0,4120.0,57.18251214434421,False,0.8659078289838978,daily_makeup,
2015-01-16,0.0,4121.0,57.196391394864676,False,0.8659078289838978,daily_makeup,
2015-01-17,0.0,4122.0,57.21027064538515,False,0.8659078289838978,daily_makeup,
2015-01-18,0.0,4123.0,57.22414989590562,False,0.8659078289838978,daily_makeup,
2015-01-19,0.0,4124.0,57.23802914642609,False,0.8659078289838978,daily_makeup,
2015-01-20,0.0,4125.0,57.25190839694657,False,0.8659078289838978,daily_makeup,
2015-01-21,0.0,4126.0,57.265787647467036,False,0.8659078289838978,daily_makeup,
2015-01-22,0.0,4127.0,57.27966689798751,False,0.8659078289838978,daily_makeup,
2015-01-23,0.0,4128.0,57.29354614850798,False,0.8659078289838978,daily_makeup,
2015-01-24,0.0,4129.0,57.30742539902845,False,0.8659078289838978,daily_makeup,
2015-01-25,0.0,4130.0,57.32130464954892,False,0.8659078289838978,daily_makeup,
2015-01-26,0.0,4131.0,57.335183900069396,False,0.8659078289838978,daily_makeup,
2015-01-27,0.0,4132.0,57.34906315058987,False,0.8659078289838978,daily_makeup,
2015-01-28,0.0,4133.0,57.36294240111034,False,0.8659078289838978,daily_makeup,
2015-01-29,0.0,4134.0,57.37682165163081,False,0.8659078289838978,daily_makeup,
2015-01-30,0.0,4135.0,57.39070090215128,False,0.8659078289838978,daily_makeup,
2015-01-31,0.0,4136.0,57.404580152671755,False,0.8659078289838978,daily_makeup,
2015-02-01,0.0,4137.0,57.41845940319223,False,0.8659078289838978,daily_makeup,
2015-02-02,0.0,4138.0,57.4323386537127,False,0.8659078289838978,daily_makeup,
2015-02-03,0.0,4139.0,57.44621790423317,False,0.8659078289838978,daily_makeup,
2015-02-04,0.0,4140.0,57.46009715475364,False,0.8659078289838978,daily_makeup,
2015-02-05,0.0,4141.0,57.473976405274115,False,0.8659078289838978,daily_makeup,
2015-02-06,0.0,4142.0,57.48785565579459,False,0.8659078289838978,daily_makeup,
2015-02-07,0.0,4143.0,57.50173490631506,False,0.8659078289838978,daily_makeup,
2015-02-08,0.0,4144.0,57.51561415683553,False,0.8659078289838978,daily_makeup,
2015-02-09,0.0,4145.0,57.529493407356,False,0.8659078289838978,daily_makeup,
2015-02-10,0.0,4146.0,57.543372657876475,False,0.8659078289838978,daily_makeup,
2015-02-11,0.0,4147.0,57.55725190839695,False,0.8659078289838978,daily_makeup,
2015-02-12,0.0,4148.0,57.57113115891742,False,0.8659078289838978,daily_makeup,
2015-02-13,0.0,4149.0,57.58501040943789,False,0.8659078289838978,daily_makeup,
2015-02-14,0.0,4150.0,57.59888965995836,False,0.8659078289838978,daily_makeup,
2015-02-15,0.0,4151.0,57.612768910478835,False,0.8659078289838978,daily_makeup,
2015-02-16,0.0,4152.0,57.62664816099931,False,0.8659078289838978,daily_makeup,
2015-02-17,0.0,4153.0,57.64052741151978,False,0.8659078289838978,daily_makeup,
2015-02-18,0.0,4154.0,57.65440666204025,False,0.8659078289838978,daily_makeup,
2015-02-19,0.0,4155.0,57.66828591256072,False,0.8659078289838978,daily_makeup,
2015-02-20,0.0,4156.0,57.682165163081194,False,0.8659078289838978,daily_makeup,
2015-02-21,0.0,4157.0,57.69604441360167,False,0.8659078289838978,daily_makeup,
2015-02-22,0.0,4158.0,57.70992366412214,False,0.8659078289838978,daily_makeup,
2015-02-23,0.0,4159.0,57.72380291464261,False,0.8659078289838978,daily_makeup,
2015-02-24,0.0,4160.0,57.73768216516308,False,0.8659078289838978,daily_makeup,
2015-02-25,0.0,4161.0,57.751561415683554,False,0.8659078289838978,daily_makeup,
2015-02-26,0.0,4162.0,57.76544066620402,False,0.8659078289838978,daily_makeup,
2015-02-27,0.0,4163.0,57.779319916724496,False,0.8659078289838978,daily_makeup,
2015-02-28,0.0,4164.0,57.79319916724497,False,0.8659078289838978,daily_makeup,
2015-03-01,0.0,4165.0,57.80707841776544,False,0.8659078289838978,daily_makeup,
2015-03-02,0.0,4166.0,57.820957668285914,False,0.8659078289838978,daily_makeup,
2015-03-03,0.0,4167.0,57.83483691880638,False,0.8659078289838978,daily_makeup,
2015-03-04,0.0,4168.0,57.848716169326856,False,0.8659078289838978,daily_makeup,
2015-03-05,0.0,4169.0,57.86259541984733,False,0.8659078289838978,daily_makeup,
2015-03-06,0.0,4170.0,57.8764746703678,False,0.8659078289838978,daily_makeup,
2015-03-07,0.0,4171.0,57.89035392088827,False,0.8659078289838978,daily_makeup,
2015-03-08,0.0,4172.0,57.90423317140874,False,0.8659078289838978,daily_makeup,
2015-03-09,0.0,4173.0,57.918112421929216,False,0.8659078289838978,daily_makeup,
2015-03-10,0.0,4174.0,57.93199167244969,False,0.8659078289838978,daily_makeup,
2015-03-11,0.0,4175.0,57.94587092297016,False,0.8659078289838978,daily_makeup,
2015-03-12,0.0,4176.0,57.95975017349063,False,0.8659078289838978,daily_makeup,
2015-03-13,0.0,4177.0,57.9736294240111,False,0.8659078289838978,daily_makeup,
2015-03-14,0.0,4178.0,57.987508674531576,False,0.8659078289838978,daily_makeup,
2015-03-15,0.0,4179.0,58.00138792505205,False,0.8659078289838978,daily_makeup,
2015-03-16,0.0,4180.0,58.01526717557252,False,0.8659078289838978,daily_makeup,
2015-03-17,0.0,4181.0,58.02914642609299,False,0.8659078289838978,daily_makeup,
2015-03-18,0.0,4182.0,58.04302567661346,False,0.8659078289838978,daily_makeup,
2015-03-19,0.0,4183.0,58.056904927133935,False,0.8659078289838978,daily_makeup,
2015-03-20,0.0,4184.0,58.07078417765441,False,0.8659078289838978,daily_makeup,
2015-03-21,0.0,4185.0,58.08466342817488,False,0.8659078289838978,daily_makeup,
2015-03-22,0.0,4186.0,58.09854267869535,False,0.8659078289838978,daily_makeup,
2015-03-23,0.0,4187.0,58.11242192921582,False,0.8659078289838978,daily_makeup,
2015-03-24,0.0,4188.0,58.126301179736295,False,0.8659078289838978,daily_makeup,
2015-03-25,0.0,4189.0,58.14018043025676,False,0.8659078289838978,daily_makeup,
2015-03-26,0.0,4190.0,58.15405968077724,False,0.8659078289838978,daily_makeup,
2015-03-27,0.0,4191.0,58.16793893129771,False,0.8659078289838978,daily_makeup,
2015-03-28,0.0,4192.0,58.18181818181818,False,0.8659078289838978,daily_makeup,
2015-03-29,0.0,4193.0,58.195697432338655,False,0.8659078289838978,daily_makeup,
2015-03-30,0.0,4194.0,58.20957668285912,False,0.8659078289838978,daily_makeup,
2015-03-31,0.0,4195.0,58.2234559333796,False,0.8659078289838978,daily_makeup,
2015-04-01,0.0,4196.0,58.23733518390007,False,0.8659078289838978,daily_makeup,
2015-04-02,0.0,4197.0,58.25121443442054,False,0.8659078289838978,daily_makeup,
2015-04-03,0.0,4198.0,58.265093684941014,False,0.8659078289838978,daily_makeup,
2015-04-04,0.0,4199.0,58.27897293546148,False,0.8659078289838978,daily_makeup,
2015-04-05,0.0,4200.0,58.29285218598196,False,0.8659078289838978,daily_makeup,
2015-04-06,0.0,4201.0,58.30673143650243,False,0.8659078289838978,daily_makeup,
2015-04-07,0.0,4202.0,58.3206106870229,False,0.8659078289838978,daily_makeup,
2015-04-08,0.0,4203.0,58.334489937543374,False,0.8659078289838978,daily_makeup,
2015-04-09,0.0,4204.0,58.34836918806384,False,0.8659078289838978,daily_makeup,
2015-04-10,0.0,4205.0,58.36224843858432,False,0.8659078289838978,daily_makeup,
2015-04-11,0.0,4206.0,58.37612768910479,False,0.8659078289838978,daily_makeup,
2015-04-12,0.0,4207.0,58.39000693962526,False,0.8659078289838978,daily_makeup,
2015-04-13,0.0,4208.0,58.403886190145734,False,0.8659078289838978,daily_makeup,
2015-04-14,0.0,4209.0,58.4177654406662,False,0.8659078289838978,daily_makeup,
2015-04-15,0.0,4210.0,58.431644691186676,False,0.8659078289838978,daily_makeup,
2015-04-16,0.0,4211.0,58.44552394170715,False,0.8659078289838978,daily_makeup,
2015-04-17,0.0,4212.0,58.45940319222762,False,0.8659078289838978,daily_makeup,
2015-04-18,0.0,4213.0,58.47328244274809,False,0.8659078289838978,daily_makeup,
2015-04-19,0.0,4214.0,58.48716169326856,False,0.8659078289838978,daily_makeup,
2015-04-20,0.0,4215.0,58.501040943789036,False,0.8659078289838978,daily_makeup,
2015-04-21,0.0,4216.0,58.51492019430951,False,0.8659078289838978,daily_makeup,
2015-04-22,0.0,4217.0,58.52879944482998,False,0.8659078289838978,daily_makeup,
2015-04-23,0.0,4218.0,58.54267869535045,False,0.8659078289838978,daily_makeup,
2015-04-24,0.0,4219.0,58.55655794587092,False,0.8659078289838978,daily_makeup,
2015-04-25,0.0,4220.0,58.570437196391396,False,0.8659078289838978,daily_makeup,
2015-04-26,0.0,4221.0,58.58431644691186,False,0.8659078289838978,daily_makeup,
2015-04-27,0.0,4222.0,58.59819569743234,False,0.8659078289838978,daily_makeup,
2015-04-28,0.0,4223.0,58.61207494795281,False,0.8659078289838978,daily_makeup,
2015-04-29,0.0,4224.0,58.62595419847328,False,0.8659078289838978,daily_makeup,
2015-04-30,0.0,4225.0,58.639833448993755,False,0.8659078289838978,daily_makeup,
2015-05-01,0.0,4226.0,58.65371269951422,False,0.8659078289838978,daily_makeup,
2015-05-02,0.0,4227.0,58.6675919500347,False,0.8659078289838978,daily_makeup,
2015-05-03,0.0,4228.0,58.68147120055517,False,0.8659078289838978,daily_makeup,
2015-05-04,0.0,4229.0,58.69535045107564,False,0.8659078289838978,daily_makeup,
2015-05-05,0.0,4230.0,58.709229701596115,False,0.8659078289838978,daily_makeup,
2015-05-06,0.0,4231.0,58.72310895211658,False,0.8659078289838978,daily_makeup,
2015-05-07,0.0,4232.0,58.73698820263706,False,0.8659078289838978,daily_makeup,
2015-05-08,0.0,4233.0,58.75086745315753,False,0.8659078289838978,daily_makeup,
2015-05-09,0.0,4234.0,58.764746703678,False,0.8659078289838978,daily_makeup,
2015-05-10,0.0,4235.0,58.778625954198475,False,0.8659078289838978,daily_makeup,
2015-05-11,0.0,4236.0,58.79250520471894,False,0.8659078289838978,daily_makeup,
2015-05-12,0.0,4237.0,58.80638445523942,False,0.8659078289838978,daily_makeup,
2015-05-13,0.0,4238.0,58.82026370575989,False,0.8659078289838978,daily_makeup,
2015-05-14,0.0,4239.0,58.83414295628036,False,0.8659078289838978,daily_makeup,
2015-05-15,0.0,4240.0,58.848022206800835,False,0.8659078289838978,daily_makeup,
2015-05-16,0.0,4241.0,58.8619014573213,False,0.8659078289838978,daily_makeup,
2015-05-17,0.0,4242.0,58.87578070784178,False,0.8659078289838978,daily_makeup,
2015-05-18,0.0,4243.0,58.88965995836225,False,0.8659078289838978,daily_makeup,
2015-05-19,0.0,4244.0,58.90353920888272,False,0.8659078289838978,daily_makeup,
2015-05-20,0.0,4245.0,58.917418459403194,False,0.8659078289838978,daily_makeup,
2015-05-21,0.0,4246.0,58.93129770992366,False,0.8659078289838978,daily_makeup,
2015-05-22,0.0,4247.0,58.94517696044414,False,0.8659078289838978,daily_makeup,
2015-05-23,0.0,4248.0,58.959056210964604,False,0.8659078289838978,daily_makeup,
2015-05-24,0.0,4249.0,58.97293546148508,False,0.8659078289838978,daily_makeup,
2015-05-25,0.0,4250.0,58.986814712005554,False,0.8659078289838978,daily_makeup,
2015-05-26,0.0,4251.0,59.00069396252602,False,0.8659078289838978,daily_makeup,
2015-05-29,0.0,4252.0,59.014573213046496,False,0.8659078289838978,daily_makeup,
2015-05-30,0.0,4253.0,59.028452463566964,False,0.8659078289838978,daily_makeup,
2015-06-01,0.0,4254.0,59.04233171408744,False,0.8659078289838978,daily_makeup,
2015-06-02,0.0,4255.0,59.056210964607914,False,0.8659078289838978,daily_makeup,
2015-06-03,0.0,4256.0,59.07009021512838,False,0.8659078289838978,daily_makeup,
2015-06-04,0.0,4257.0,59.083969465648856,False,0.8659078289838978,daily_makeup,
2015-06-05,0.0,4258.0,59.097848716169324,False,0.8659078289838978,daily_makeup,
2015-06-06,0.0,4259.0,59.1117279666898,False,0.8659078289838978,daily_makeup,
2015-06-07,0.0,4260.0,59.12560721721027,False,0.8659078289838978,daily_makeup,
2015-06-08,0.0,4261.0,59.13948646773074,False,0.8659078289838978,daily_makeup,
2015-06-09,0.0,4262.0,59.153365718251216,False,0.8659078289838978,daily_makeup,
2015-06-10,0.0,4263.0,59.16724496877168,False,0.8659078289838978,daily_makeup,
2015-06-14,0.0,4264.0,59.18112421929216,False,0.8659078289838978,daily_makeup,
2015-06-17,0.0,4265.0,59.19500346981263,False,0.8659078289838978,daily_makeup,
2015-06-18,0.0,4266.0,59.2088827203331,False,0.8659078289838978,daily_makeup,
2015-06-20,0.0,4267.0,59.222761970853576,False,0.8659078289838978,daily_makeup,
2015-06-22,0.0,4268.0,59.23664122137404,False,0.8659078289838978,daily_makeup,
2015-06-24,0.0,4269.0,59.25052047189452,False,0.8659078289838978,daily_makeup,
2015-06-25,0.0,4270.0,59.26439972241499,False,0.8659078289838978,daily_makeup,
2015-06-26,0.0,4271.0,59.27827897293546,False,0.8659078289838978,daily_makeup,
2015-06-27,0.0,4272.0,59.292158223455935,False,0.8659078289838978,daily_makeup,
2015-06-28,0.0,4273.0,59.3060374739764,False,0.8659078289838978,daily_makeup,
2015-06-29,0.0,4274.0,59.31991672449688,False,0.8659078289838978,daily_makeup,
2015-06-30,0.0,4275.0,59.33379597501735,False,0.8659078289838978,daily_makeup,
2015-07-01,0.0,4276.0,59.34767522553782,False,0.8659078289838978,daily_makeup,
2015-07-02,0.0,4277.0,59.361554476058295,False,0.8659078289838978,daily_makeup,
2015-07-03,0.0,4278.0,59.37543372657876,False,0.8659078289838978,daily_makeup,
2015-07-04,0.0,4279.0,59.38931297709924,False,0.8659078289838978,daily_makeup,
2015-07-05,0.0,4280.0,59.403192227619705,False,0.8659078289838978,daily_makeup,
2015-07-10,0.0,4281.0,59.41707147814018,False,0.8659078289838978,daily_makeup,
2015-07-11,0.0,4282.0,59.430950728660655,False,0.8659078289838978,daily_makeup,
2015-07-12,0.0,4283.0,59.44482997918112,False,0.8659078289838978,daily_makeup,
2015-07-13,0.0,4284.0,59.4587092297016,False,0.8659078289838978,daily_makeup,
2015-07-16,0.0,4285.0,59.472588480222065,False,0.8659078289838978,daily_makeup,
2015-07-17,0.0,4286.0,59.48646773074254,False,0.8659078289838978,daily_makeup,
2015-07-22,0.0,4287.0,59.500346981263014,False,0.8659078289838978,daily_makeup,
2015-07-23,0.0,4288.0,59.51422623178348,False,0.8659078289838978,daily_makeup,
2015-07-24,0.0,4289.0,59.52810548230396,False,0.8659078289838978,daily_makeup,
2015-07-25,0.0,4290.0,59.541984732824424,False,0.8659078289838978,daily_makeup,
2015-08-01,0.0,4291.0,59.5558639833449,False,0.8659078289838978,daily_makeup,
2015-08-02,0.0,4292.0,59.569743233865374,False,0.8659078289838978,daily_makeup,
2015-08-03,0.0,4293.0,59.58362248438584,False,0.8659078289838978,daily_makeup,
2015-08-05,0.0,4294.0,59.59750173490632,False,0.8659078289838978,daily_makeup,
2015-08-06,0.0,4295.0,59.611380985426784,False,0.8659078289838978,daily_makeup,
2015-08-07,0.0,4296.0,59.62526023594726,False,0.8659078289838978,daily_makeup,
2015-08-08,0.0,4297.0,59.639139486467734,False,0.8659078289838978,daily_makeup,
2015-08-09,0.0,4298.0,59.6530187369882,False,0.8659078289838978,daily_makeup,
2015-08-10,0.0,4299.0,59.666897987508676,False,0.8659078289838978,daily_makeup,
2015-08-12,0.0,4300.0,59.680777238029144,False,0.8659078289838978,daily_makeup,
2015-08-13,0.0,4301.0,59.69465648854962,False,0.8659078289838978,daily_makeup,
2015-08-14,0.0,4302.0,59.70853573907009,False,0.8659078289838978,daily_makeup,
2015-08-15,0.0,4303.0,59.72241498959056,False,0.8659078289838978,daily_makeup,
2015-08-21,0.0,4304.0,59.736294240111036,False,0.8659078289838978,daily_makeup,
2015-08-22,0.0,4305.0,59.750173490631504,False,0.8659078289838978,daily_makeup,
2015-08-23,0.0,4306.0,59.76405274115198,False,0.8659078289838978,daily_makeup,
2015-08-25,0.0,4307.0,59.77793199167245,False,0.8659078289838978,daily_makeup,
2015-08-26,0.0,4308.0,59.79181124219292,False,0.8659078289838978,daily_makeup,
2015-08-27,0.0,4309.0,59.805690492713396,False,0.8659078289838978,daily_makeup,
2015-08-28,0.0,4310.0,59.81956974323386,False,0.8659078289838978,daily_makeup,
2015-08-29,0.0,4311.0,59.83344899375434,False,0.8659078289838978,daily_makeup,
2015-09-01,0.0,4312.0,59.847328244274806,False,0.8659078289838978,daily_makeup,
2015-09-05,0.0,4313.0,59.86120749479528,False,0.8659078289838978,daily_makeup,
2015-09-06,0.0,4314.0,59.875086745315755,False,0.8659078289838978,daily_makeup,
2015-09-07,0.0,4315.0,59.88896599583622,False,0.8659078289838978,daily_makeup,
2015-09-11,0.0,4316.0,59.9028452463567,False,0.8659078289838978,daily_makeup,
2015-09-12,0.0,4317.0,59.916724496877166,False,0.8659078289838978,daily_makeup,
2015-09-13,0.0,4318.0,59.93060374739764,False,0.8659078289838978,daily_makeup,
2015-09-14,0.0,4319.0,59.944482997918115,False,0.8659078289838978,daily_makeup,
2015-09-15,0.0,4320.0,59.95836224843858,False,0.8659078289838978,daily_makeup,
2015-09-16,0.0,4321.0,59.97224149895906,False,0.8659078289838978,daily_makeup,
2015-09-17,0.0,4322.0,59.986120749479525,False,0.8659078289838978,daily_makeup,
2015-09-18,0.0,4323.0,60.0,False,0.8659078289838978,daily_makeup,
2015-09-19,0.0,4324.0,60.013879250520475,False,0.8659078289838978,daily_makeup,
2015-09-20,0.0,4325.0,60.02775850104094,False,0.8659078289838978,daily_makeup,
2015-09-21,0.0,4326.0,60.04163775156142,False,0.8659078289838978,daily_makeup,
2015-09-22,0.0,4327.0,60.055517002081885,False,0.8659078289838978,daily_makeup,
2015-09-23,0.0,4328.0,60.06939625260236,False,0.8659078289838978,daily_makeup,
2015-09-24,0.0,4329.0,60.083275503122834,False,0.8659078289838978,daily_makeup,
2015-09-25,0.0,4330.0,60.0971547536433,False,0.8659078289838978,daily_makeup,
2015-09-26,0.0,4331.0,60.11103400416378,False,0.8659078289838978,daily_makeup,
2015-09-27,0.0,4332.0,60.124913254684245,False,0.8659078289838978,daily_makeup,
2015-09-28,0.0,4333.0,60.13879250520472,False,0.8659078289838978,daily_makeup,
2015-10-01,0.0,4334.0,60.152671755725194,False,0.8659078289838978,daily_makeup,
2015-10-02,0.0,4335.0,60.16655100624566,False,0.8659078289838978,daily_makeup,
2015-10-03,0.0,4336.0,60.18043025676614,False,0.8659078289838978,daily_makeup,
2015-10-04,0.0,4337.0,60.194309507286604,False,0.8659078289838978,daily_makeup,
2015-10-05,0.0,4338.0,60.20818875780708,False,0.8659078289838978,daily_makeup,
2015-10-06,0.0,4339.0,60.22206800832755,False,0.8659078289838978,daily_makeup,
2015-10-07,0.0,4340.0,60.23594725884802,False,0.8659078289838978,daily_makeup,
2015-10-08,0.0,4341.0,60.249826509368496,False,0.8659078289838978,daily_makeup,
2015-10-09,0.0,4342.0,60.263705759888964,False,0.8659078289838978,daily_makeup,
2015-10-10,0.0,4343.0,60.27758501040944,False,0.8659078289838978,daily_makeup,
2015-10-11,0.0,4344.0,60.29146426092991,False,0.8659078289838978,daily_makeup,
2015-10-12,0.0,4345.0,60.30534351145038,False,0.8659078289838978,daily_makeup,
2015-10-13,0.0,4346.0,60.319222761970856,False,0.8659078289838978,daily_makeup,
2015-10-14,0.0,4347.0,60.333102012491324,False,0.8659078289838978,daily_makeup,
2015-10-15,0.0,4348.0,60.3469812630118,False,0.8659078289838978,daily_makeup,
2015-10-16,0.0,4349.0,60.360860513532266,False,0.8659078289838978,daily_makeup,
2015-10-17,0.0,4350.0,60.37473976405274,False,0.8659078289838978,daily_makeup,
2015-10-18,0.0,4351.0,60.388619014573216,False,0.8659078289838978,daily_makeup,
2015-10-19,0.0,4352.0,60.40249826509368,False,0.8659078289838978,daily_makeup,
2015-10-20,0.0,4353.0,60.41637751561416,False,0.8659078289838978,daily_makeup,
2015-10-21,0.0,4354.0,60.430256766134626,False,0.8659078289838978,daily_makeup,
2015-10-22,0.0,4355.0,60.4441360166551,False,0.8659078289838978,daily_makeup,
2015-10-23,0.0,4356.0,60.458015267175576,False,0.8659078289838978,daily_makeup,
2015-10-24,0.0,4357.0,60.47189451769604,False,0.8659078289838978,daily_makeup,
2015-10-25,0.0,4358.0,60.48577376821652,False,0.8659078289838978,daily_makeup,
2015-10-26,0.0,4359.0,60.499653018736986,False,0.8659078289838978,daily_makeup,
2015-10-27,0.0,4360.0,60.51353226925746,False,0.8659078289838978,daily_makeup,
2015-10-28,0.0,4361.0,60.527411519777935,False,0.8659078289838978,daily_makeup,
2015-10-29,0.0,4362.0,60.5412907702984,False,0.8659078289838978,daily_makeup,
2015-10-30,0.0,4363.0,60.55517002081888,False,0.8659078289838978,daily_makeup,
2015-10-31,0.0,4364.0,60.569049271339345,False,0.8659078289838978,daily_makeup,
2015-11-01,0.0,4365.0,60.58292852185982,False,0.8659078289838978,daily_makeup,
2015-11-02,0.0,4366.0,60.596807772380295,False,0.8659078289838978,daily_makeup,
2015-11-03,0.0,4367.0,60.61068702290076,False,0.8659078289838978,daily_makeup,
2015-11-04,0.0,4368.0,60.62456627342124,False,0.8659078289838978,daily_makeup,
2015-11-05,0.0,4369.0,60.638445523941705,False,0.8659078289838978,daily_makeup,
2015-11-06,0.0,4370.0,60.65232477446218,False,0.8659078289838978,daily_makeup,
2015-11-07,0.0,4371.0,60.66620402498265,False,0.8659078289838978,daily_makeup,
2015-11-08,0.0,4372.0,60.68008327550312,False,0.8659078289838978,daily_makeup,
2015-11-09,0.0,4373.0,60.6939625260236,False,0.8659078289838978,daily_makeup,
2015-11-10,0.0,4374.0,60.707841776544065,False,0.8659078289838978,daily_makeup,
2015-11-11,0.0,4375.0,60.72172102706454,False,0.8659078289838978,daily_makeup,
2015-11-12,0.0,4376.0,60.73560027758501,False,0.8659078289838978,daily_makeup,
2015-11-13,0.0,4377.0,60.74947952810548,False,0.8659078289838978,daily_makeup,
2015-11-14,0.0,4378.0,60.76335877862596,False,0.8659078289838978,daily_makeup,
2015-11-15,0.0,4379.0,60.777238029146424,False,0.8659078289838978,daily_makeup,
2015-11-16,0.0,4380.0,60.7911172796669,False,0.8659078289838978,daily_makeup,
2015-11-17,0.0,4381.0,60.80499653018737,False,0.8659078289838978,daily_makeup,
2015-11-18,0.0,4382.0,60.81887578070784,False,0.8659078289838978,daily_makeup,
2015-11-19,0.0,4383.0,60.83275503122832,False,0.8659078289838978,daily_makeup,
2015-11-20,0.0,4384.0,60.846634281748784,False,0.8659078289838978,daily_makeup,
2015-11-21,0.0,4385.0,60.86051353226926,False,0.8659078289838978,daily_makeup,
2015-11-22,0.0,4386.0,60.87439278278973,False,0.8659078289838978,daily_makeup,
2015-11-23,0.0,4387.0,60.8882720333102,False,0.8659078289838978,daily_makeup,
2015-11-24,0.0,4388.0,60.902151283830676,False,0.8659078289838978,daily_makeup,
2015-11-25,0.0,4389.0,60.916030534351144,False,0.8659078289838978,daily_makeup,
2015-11-26,0.0,4390.0,60.92990978487162,False,0.8659078289838978,daily_makeup,
2015-11-27,0.0,4391.0,60.943789035392086,False,0.8659078289838978,daily_makeup,
2015-11-28,0.0,4392.0,60.95766828591256,False,0.8659078289838978,daily_makeup,
2015-11-29,0.0,4393.0,60.971547536433036,False,0.8659078289838978,daily_makeup,
2015-11-30,0.0,4394.0,60.985426786953504,False,0.8659078289838978,daily_makeup,
2015-12-01,0.0,4395.0,60.99930603747398,False,0.8659078289838978,daily_makeup,
2015-12-02,0.0,4396.0,61.013185287994446,False,0.8659078289838978,daily_makeup,
2015-12-03,0.0,4397.0,61.02706453851492,False,0.8659078289838978,daily_makeup,
2015-12-04,0.0,4398.0,61.040943789035396,False,0.8659078289838978,daily_makeup,
2015-12-05,0.0,4399.0,61.05482303955586,False,0.8659078289838978,daily_makeup,
2015-12-06,0.0,4400.0,61.06870229007634,False,0.8659078289838978,daily_makeup,
2015-12-07,0.0,4401.0,61.082581540596806,False,0.8659078289838978,daily_makeup,
2015-12-08,0.0,4402.0,61.09646079111728,False,0.8659078289838978,daily_makeup,
2015-12-09,0.0,4403.0,61.11034004163775,False,0.8659078289838978,daily_makeup,
2015-12-10,0.0,4404.0,61.12421929215822,False,0.8659078289838978,daily_makeup,
2015-12-11,0.0,4405.0,61.1380985426787,False,0.8659078289838978,daily_makeup,
2015-12-12,0.0,4406.0,61.151977793199165,False,0.8659078289838978,daily_makeup,
2015-12-13,0.0,4407.0,61.16585704371964,False,0.8659078289838978,daily_makeup,
2015-12-14,0.0,4408.0,61.17973629424011,False,0.8659078289838978,daily_makeup,
2015-12-15,0.0,4409.0,61.19361554476058,False,0.8659078289838978,daily_makeup,
2015-12-16,0.0,4410.0,61.20749479528106,False,0.8659078289838978,daily_makeup,
2015-12-17,0.0,4411.0,61.221374045801525,False,0.8659078289838978,daily_makeup,
2015-12-18,0.0,4412.0,61.235253296322,False,0.8659078289838978,daily_makeup,
2015-12-19,0.0,4413.0,61.24913254684247,False,0.8659078289838978,daily_makeup,
2015-12-20,0.0,4414.0,61.26301179736294,False,0.8659078289838978,daily_makeup,
2015-12-21,0.0,4415.0,61.27689104788342,False,0.8659078289838978,daily_makeup,
2015-12-22,0.0,4416.0,61.290770298403885,False,0.8659078289838978,daily_makeup,
2015-12-23,0.0,4417.0,61.30464954892436,False,0.8659078289838978,daily_makeup,
2015-12-24,0.0,4418.0,61.31852879944483,False,0.8659078289838978,daily_makeup,
2015-12-25,0.0,4419.0,61.3324080499653,False,0.8659078289838978,daily_makeup,
2015-12-26,0.0,4420.0,61.34628730048578,False,0.8659078289838978,daily_makeup,
2015-12-27,0.0,4421.0,61.360166551006245,False,0.8659078289838978,daily_makeup,
2015-12-28,0.0,4422.0,61.37404580152672,False,0.8659078289838978,daily_makeup,
2015-12-29,0.0,4423.0,61.38792505204719,False,0.8659078289838978,daily_makeup,
2015-12-30,0.0,4424.0,61.40180430256766,False,0.8659078289838978,daily_makeup,
2015-12-31,0.0,4425.0,61.41568355308814,False,0.8659078289838978,daily_makeup,
2016-01-01,0.0,4426.0,61.429562803608604,False,0.8659078289838978,daily_makeup,
2016-01-02,0.0,4427.0,61.44344205412908,False,0.8659078289838978,daily_makeup,
2016-01-03,0.0,4428.0,61.45732130464955,False,0.8659078289838978,daily_makeup,
2016-01-04,0.0,4429.0,61.47120055517002,False,0.8659078289838978,daily_makeup,
2016-01-05,0.0,4430.0,61.48507980569049,False,0.8659078289838978,daily_makeup,
2016-01-06,0.0,4431.0,61.498959056210964,False,0.8659078289838978,daily_makeup,
2016-01-07,0.0,4432.0,61.51283830673144,False,0.8659078289838978,daily_makeup,
2016-01-08,0.0,4433.0,61.52671755725191,False,0.8659078289838978,daily_makeup,
2016-01-09,0.0,4434.0,61.54059680777238,False,0.8659078289838978,daily_makeup,
2016-01-10,0.0,4435.0,61.55447605829285,False,0.8659078289838978,daily_makeup,
2016-01-11,0.0,4436.0,61.568355308813324,False,0.8659078289838978,daily_makeup,
2016-01-12,0.0,4437.0,61.5822345593338,False,0.8659078289838978,daily_makeup,
2016-01-13,0.0,4438.0,61.596113809854266,False,0.8659078289838978,daily_makeup,
2016-01-14,0.0,4439.0,61.60999306037474,False,0.8659078289838978,daily_makeup,
2016-01-15,0.0,4440.0,61.62387231089521,False,0.8659078289838978,daily_makeup,
2016-01-16,0.0,4441.0,61.63775156141568,False,0.8659078289838978,daily_makeup,
2016-01-17,0.0,4442.0,61.65163081193616,False,0.8659078289838978,daily_makeup,
2016-01-18,0.0,4443.0,61.665510062456626,False,0.8659078289838978,daily_makeup,
2016-01-19,0.0,4444.0,61.6793893129771,False,0.8659078289838978,daily_makeup,
2016-01-20,0.0,4445.0,61.69326856349757,False,0.8659078289838978,daily_makeup,
2016-01-21,0.0,4446.0,61.70714781401804,False,0.8659078289838978,daily_makeup,
2016-01-22,0.0,4447.0,61.72102706453852,False,0.8659078289838978,daily_makeup,
2016-01-23,0.0,4448.0,61.734906315058986,False,0.8659078289838978,daily_makeup,
2016-01-24,0.0,4449.0,61.74878556557946,False,0.8659078289838978,daily_makeup,
2016-01-25,0.0,4450.0,61.76266481609993,False,0.8659078289838978,daily_makeup,
2016-01-26,0.0,4451.0,61.7765440666204,False,0.8659078289838978,daily_makeup,
2016-01-27,0.0,4452.0,61.79042331714088,False,0.8659078289838978,daily_makeup,
2016-01-28,0.0,4453.0,61.804302567661345,False,0.8659078289838978,daily_makeup,
2016-01-29,0.0,4454.0,61.81818181818182,False,0.8659078289838978,daily_makeup,
2016-01-30,0.0,4455.0,61.83206106870229,False,0.8659078289838978,daily_makeup,
2016-01-31,0.0,4456.0,61.84594031922276,False,0.8659078289838978,daily_makeup,
2016-02-01,0.0,4457.0,61.85981956974324,False,0.8659078289838978,daily_makeup,
2016-02-02,0.0,4458.0,61.873698820263705,False,0.8659078289838978,daily_makeup,
2016-02-03,0.0,4459.0,61.88757807078418,False,0.8659078289838978,daily_makeup,
2016-02-04,0.0,4460.0,61.90145732130465,False,0.8659078289838978,daily_makeup,
2016-02-05,0.0,4461.0,61.91533657182512,False,0.8659078289838978,daily_makeup,
2016-02-06,0.0,4462.0,61.92921582234559,False,0.8659078289838978,daily_makeup,
2016-02-07,0.0,4463.0,61.943095072866065,False,0.8659078289838978,daily_makeup,
2016-02-08,0.0,4464.0,61.95697432338654,False,0.8659078289838978,daily_makeup,
2016-02-09,0.0,4465.0,61.97085357390701,False,0.8659078289838978,daily_makeup,
2016-02-10,0.0,4466.0,61.98473282442748,False,0.8659078289838978,daily_makeup,
2016-02-11,0.0,4467.0,61.99861207494795,False,0.8659078289838978,daily_makeup,
2016-02-12,0.0,4468.0,62.012491325468424,False,0.8659078289838978,daily_makeup,
2016-02-13,0.0,4469.0,62.0263705759889,False,0.8659078289838978,daily_makeup,
2016-02-14,0.0,4470.0,62.04024982650937,False,0.8659078289838978,daily_makeup,
2016-02-15,0.0,4471.0,62.05412907702984,False,0.8659078289838978,daily_makeup,
2016-02-16,0.0,4472.0,62.06800832755031,False,0.8659078289838978,daily_makeup,
2016-02-17,0.0,4473.0,62.081887578070784,False,0.8659078289838978,daily_makeup,
2016-02-18,0.0,4474.0,62.09576682859126,False,0.8659078289838978,daily_makeup,
2016-02-19,0.0,4475.0,62.10964607911173,False,0.8659078289838978,daily_makeup,
2016-02-20,0.0,4476.0,62.1235253296322,False,0.8659078289838978,daily_makeup,
2016-02-21,0.0,4477.0,62.13740458015267,False,0.8659078289838978,daily_makeup,
2016-02-22,0.0,4478.0,62.151283830673144,False,0.8659078289838978,daily_makeup,
2016-02-23,0.0,4479.0,62.16516308119362,False,0.8659078289838978,daily_makeup,
2016-02-24,0.0,4480.0,62.179042331714086,False,0.8659078289838978,daily_makeup,
2016-02-25,0.0,4481.0,62.19292158223456,False,0.8659078289838978,daily_makeup,
2016-02-26,0.0,4482.0,62.20680083275503,False,0.8659078289838978,daily_makeup,
2016-02-27,0.0,4483.0,62.220680083275504,False,0.8659078289838978,daily_makeup,
2016-02-28,0.0,4484.0,62.23455933379598,False,0.8659078289838978,daily_makeup,
2016-02-29,0.0,4485.0,62.248438584316446,False,0.8659078289838978,daily_makeup,
2016-03-01,0.0,4486.0,62.26231783483692,False,0.8659078289838978,daily_makeup,
2016-03-02,0.0,4487.0,62.27619708535739,False,0.8659078289838978,daily_makeup,
2016-03-03,0.0,4488.0,62.29007633587786,False,0.8659078289838978,daily_makeup,
2016-03-04,0.0,4489.0,62.30395558639833,False,0.8659078289838978,daily_makeup,
2016-03-05,0.0,4490.0,62.317834836918806,False,0.8659078289838978,daily_makeup,
2016-03-06,0.0,4491.0,62.33171408743928,False,0.8659078289838978,daily_makeup,
2016-03-07,0.0,4492.0,62.34559333795975,False,0.8659078289838978,daily_makeup,
2016-03-08,0.0,4493.0,62.35947258848022,False,0.8659078289838978,daily_makeup,
2016-03-09,0.0,4494.0,62.37335183900069,False,0.8659078289838978,daily_makeup,
2016-03-10,0.0,4495.0,62.387231089521165,False,0.8659078289838978,daily_makeup,
2016-03-11,0.0,4496.0,62.40111034004164,False,0.8659078289838978,daily_makeup,
2016-03-12,0.0,4497.0,62.41498959056211,False,0.8659078289838978,daily_makeup,
2016-03-13,0.0,4498.0,62.42886884108258,False,0.8659078289838978,daily_makeup,
2016-03-14,0.0,4499.0,62.44274809160305,False,0.8659078289838978,daily_makeup,
2016-03-15,0.0,4500.0,62.456627342123525,False,0.8659078289838978,daily_makeup,
2016-03-16,0.0,4501.0,62.470506592644,False,0.8659078289838978,daily_makeup,
2016-03-17,0.0,4502.0,62.48438584316447,False,0.8659078289838978,daily_makeup,
2016-03-18,0.0,4503.0,62.49826509368494,False,0.8659078289838978,daily_makeup,
2016-03-19,0.0,4504.0,62.51214434420541,False,0.8659078289838978,daily_makeup,
2016-03-20,0.0,4505.0,62.526023594725885,False,0.8659078289838978,daily_makeup,
2016-03-21,0.0,4506.0,62.53990284524636,False,0.8659078289838978,daily_makeup,
2016-03-22,0.0,4507.0,62.55378209576683,False,0.8659078289838978,daily_makeup,
2016-03-23,0.0,4508.0,62.5676613462873,False,0.8659078289838978,daily_makeup,
2016-03-24,0.0,4509.0,62.58154059680777,False,0.8659078289838978,daily_makeup,
2016-03-25,0.0,4510.0,62.595419847328245,False,0.8659078289838978,daily_makeup,
2016-03-26,0.0,4511.0,62.60929909784872,False,0.8659078289838978,daily_makeup,
2016-03-27,0.0,4512.0,62.62317834836919,False,0.8659078289838978,daily_makeup,
2016-03-28,0.0,4513.0,62.63705759888966,False,0.8659078289838978,daily_makeup,
2016-03-29,0.0,4514.0,62.65093684941013,False,0.8659078289838978,daily_makeup,
2016-03-30,0.0,4515.0,62.664816099930604,False,0.8659078289838978,daily_makeup,
2016-03-31,0.0,4516.0,62.67869535045108,False,0.8659078289838978,daily_makeup,
2016-04-01,0.0,4517.0,62.69257460097155,False,0.8659078289838978,daily_makeup,
2016-04-02,0.0,4518.0,62.70645385149202,False,0.8659078289838978,daily_makeup,
2016-04-03,0.0,4519.0,62.72033310201249,False,0.8659078289838978,daily_makeup,
2016-04-04,0.0,4520.0,62.734212352532964,False,0.8659078289838978,daily_makeup,
2016-04-05,0.0,4521.0,62.74809160305343,False,0.8659078289838978,daily_makeup,
2016-04-06,0.0,4522.0,62.76197085357391,False,0.8659078289838978,daily_makeup,
2016-04-07,0.0,4523.0,62.77585010409438,False,0.8659078289838978,daily_makeup,
2016-04-08,0.0,4524.0,62.78972935461485,False,0.8659078289838978,daily_makeup,
2016-04-09,0.0,4525.0,62.803608605135324,False,0.8659078289838978,daily_makeup,
2016-04-10,0.0,4526.0,62.81748785565579,False,0.8659078289838978,daily_makeup,
2016-04-11,0.0,4527.0,62.831367106176266,False,0.8659078289838978,daily_makeup,
2016-04-12,0.0,4528.0,62.84524635669674,False,0.8659078289838978,daily_makeup,
2016-04-13,0.0,4529.0,62.85912560721721,False,0.8659078289838978,daily_makeup,
2016-04-14,0.0,4530.0,62.87300485773768,False,0.8659078289838978,daily_makeup,
2016-04-15,0.0,4531.0,62.88688410825815,False,0.8659078289838978,daily_makeup,
2016-04-16,0.0,4532.0,62.900763358778626,False,0.8659078289838978,daily_makeup,
2016-04-17,0.0,4533.0,62.9146426092991,False,0.8659078289838978,daily_makeup,
2016-04-18,0.0,4534.0,62.92852185981957,False,0.8659078289838978,daily_makeup,
2016-04-19,0.0,4535.0,62.94240111034004,False,0.8659078289838978,daily_makeup,
2016-04-20,0.0,4536.0,62.95628036086051,False,0.8659078289838978,daily_makeup,
2016-04-21,0.0,4537.0,62.970159611380986,False,0.8659078289838978,daily_makeup,
2016-04-22,0.0,4538.0,62.98403886190146,False,0.8659078289838978,daily_makeup,
2016-04-23,0.0,4539.0,62.99791811242193,False,0.8659078289838978,daily_makeup,
2016-04-24,0.0,4540.0,63.0117973629424,False,0.8659078289838978,daily_makeup,
2016-04-25,0.0,4541.0,63.02567661346287,False,0.8659078289838978,daily_makeup,
2016-04-26,0.0,4542.0,63.039555863983345,False,0.8659078289838978,daily_makeup,
2016-04-27,0.0,4543.0,63.05343511450382,False,0.8659078289838978,daily_makeup,
2016-04-28,0.0,4544.0,63.06731436502429,False,0.8659078289838978,daily_makeup,
2016-04-29,0.0,4545.0,63.08119361554476,False,0.8659078289838978,daily_makeup,
2016-04-30,0.0,4546.0,63.09507286606523,False,0.8659078289838978,daily_makeup,
2016-05-01,0.0,4547.0,63.108952116585705,False,0.8659078289838978,daily_makeup,
2016-05-02,0.0,4548.0,63.12283136710618,False,0.8659078289838978,daily_makeup,
2016-05-03,0.0,4549.0,63.13671061762665,False,0.8659078289838978,daily_makeup,
2016-05-04,0.0,4550.0,63.15058986814712,False,0.8659078289838978,daily_makeup,
2016-05-05,0.0,4551.0,63.16446911866759,False,0.8659078289838978,daily_makeup,
2016-05-06,0.0,4552.0,63.178348369188065,False,0.8659078289838978,daily_makeup,
2016-05-07,0.0,4553.0,63.19222761970853,False,0.8659078289838978,daily_makeup,
2016-05-08,0.0,4554.0,63.20610687022901,False,0.8659078289838978,daily_makeup,
2016-05-09,0.0,4555.0,63.21998612074948,False,0.8659078289838978,daily_makeup,
2016-05-10,0.0,4556.0,63.23386537126995,False,0.8659078289838978,daily_makeup,
2016-05-11,0.0,4557.0,63.247744621790424,False,0.8659078289838978,daily_makeup,
2016-05-12,0.0,4558.0,63.26162387231089,False,0.8659078289838978,daily_makeup,
2016-05-13,0.0,4559.0,63.27550312283137,False,0.8659078289838978,daily_makeup,
2016-05-14,0.0,4560.0,63.28938237335184,False,0.8659078289838978,daily_makeup,
2016-05-15,0.0,4561.0,63.30326162387231,False,0.8659078289838978,daily_makeup,
2016-05-16,0.0,4562.0,63.317140874392784,False,0.8659078289838978,daily_makeup,
2016-05-17,0.0,4563.0,63.33102012491325,False,0.8659078289838978,daily_makeup,
2016-05-18,0.0,4564.0,63.34489937543373,False,0.8659078289838978,daily_makeup,
2016-05-19,0.0,4565.0,63.3587786259542,False,0.8659078289838978,daily_makeup,
2016-05-20,0.0,4566.0,63.37265787647467,False,0.8659078289838978,daily_makeup,
2016-05-21,0.0,4567.0,63.386537126995144,False,0.8659078289838978,daily_makeup,
2016-05-22,0.0,4568.0,63.40041637751561,False,0.8659078289838978,daily_makeup,
2016-05-23,0.0,4569.0,63.414295628036086,False,0.8659078289838978,daily_makeup,
2016-05-24,0.0,4570.0,63.42817487855656,False,0.8659078289838978,daily_makeup,
2016-05-25,0.0,4571.0,63.44205412907703,False,0.8659078289838978,daily_makeup,
2016-05-26,0.0,4572.0,63.455933379597504,False,0.8659078289838978,daily_makeup,
2016-05-29,0.0,4573.0,63.46981263011797,False,0.8659078289838978,daily_makeup,
2016-05-30,0.0,4574.0,63.483691880638446,False,0.8659078289838978,daily_makeup,
2016-05-31,0.0,4575.0,63.49757113115892,False,0.8659078289838978,daily_makeup,
2016-06-01,0.0,4576.0,63.51145038167939,False,0.8659078289838978,daily_makeup,
2016-06-02,0.0,4577.0,63.52532963219986,False,0.8659078289838978,daily_makeup,
2016-06-03,0.0,4578.0,63.53920888272033,False,0.8659078289838978,daily_makeup,
2016-06-04,0.0,4579.0,63.553088133240806,False,0.8659078289838978,daily_makeup,
2016-06-06,0.0,4580.0,63.56696738376127,False,0.8659078289838978,daily_makeup,
2016-06-07,0.0,4581.0,63.58084663428175,False,0.8659078289838978,daily_makeup,
2016-06-08,0.0,4582.0,63.59472588480222,False,0.8659078289838978,daily_makeup,
2016-06-09,0.0,4583.0,63.60860513532269,False,0.8659078289838978,daily_makeup,
2016-06-10,0.0,4584.0,63.622484385843165,False,0.8659078289838978,daily_makeup,
2016-06-13,0.0,4585.0,63.63636363636363,False,0.8659078289838978,daily_makeup,
2016-06-14,0.0,4586.0,63.65024288688411,False,0.8659078289838978,daily_makeup,
2016-06-15,0.0,4587.0,63.66412213740458,False,0.8659078289838978,daily_makeup,
2016-06-16,0.0,4588.0,63.67800138792505,False,0.8659078289838978,daily_makeup,
2016-06-17,0.0,4589.0,63.691880638445525,False,0.8659078289838978,daily_makeup,
2016-06-18,0.0,4590.0,63.70575988896599,False,0.8659078289838978,daily_makeup,
2016-06-19,0.0,4591.0,63.71963913948647,False,0.8659078289838978,daily_makeup,
2016-06-20,0.0,4592.0,63.73351839000694,False,0.8659078289838978,daily_makeup,
2016-06-21,0.0,4593.0,63.74739764052741,False,0.8659078289838978,daily_makeup,
2016-06-22,0.0,4594.0,63.761276891047885,False,0.8659078289838978,daily_makeup,
2016-06-23,0.0,4595.0,63.77515614156835,False,0.8659078289838978,daily_makeup,
2016-06-24,0.0,4596.0,63.78903539208883,False,0.8659078289838978,daily_makeup,
2016-06-25,0.0,4597.0,63.8029146426093,False,0.8659078289838978,daily_makeup,
2016-06-26,0.0,4598.0,63.81679389312977,False,0.8659078289838978,daily_makeup,
2016-06-27,0.0,4599.0,63.830673143650245,False,0.8659078289838978,daily_makeup,
2016-06-29,0.0,4600.0,63.84455239417071,False,0.8659078289838978,daily_makeup,
2016-06-30,0.0,4601.0,63.85843164469119,False,0.8659078289838978,daily_makeup,
2016-07-02,0.0,4602.0,63.87231089521166,False,0.8659078289838978,daily_makeup,
2016-07-03,0.0,4603.0,63.88619014573213,False,0.8659078289838978,daily_makeup,
2016-07-04,0.0,4604.0,63.900069396252604,False,0.8659078289838978,daily_makeup,
2016-07-09,0.0,4605.0,63.91394864677307,False,0.8659078289838978,daily_makeup,
2016-07-10,0.0,4606.0,63.92782789729355,False,0.8659078289838978,daily_makeup,
2016-07-11,0.0,4607.0,63.94170714781402,False,0.8659078289838978,daily_makeup,
2016-07-19,0.0,4608.0,63.95558639833449,False,0.8659078289838978,daily_makeup,
2016-07-20,0.0,4609.0,63.969465648854964,False,0.8659078289838978,daily_makeup,
2016-07-21,0.0,4610.0,63.98334489937543,False,0.8659078289838978,daily_makeup,
2016-08-02,0.0,4611.0,63.99722414989591,False,0.8659078289838978,daily_makeup,
2016-08-03,0.0,4612.0,64.01110340041637,False,0.8659078289838978,daily_makeup,
2016-08-04,0.0,4613.0,64.02498265093685,False,0.8659078289838978,daily_makeup,
2016-08-05,0.0,4614.0,64.03886190145732,False,0.8659078289838978,daily_makeup,
2016-08-07,0.0,4615.0,64.0527411519778,False,0.8659078289838978,daily_makeup,
2016-08-08,0.0,4616.0,64.06662040249826,False,0.8659078289838978,daily_makeup,
2016-08-22,0.0,4617.0,64.08049965301873,False,0.8659078289838978,daily_makeup,
2016-08-23,0.0,4618.0,64.09437890353921,False,0.8659078289838978,daily_makeup,
2016-08-24,0.0,4619.0,64.10825815405968,False,0.8659078289838978,daily_makeup,
2016-08-27,0.0,4620.0,64.12213740458016,False,0.8659078289838978,daily_makeup,
2016-08-28,0.0,4621.0,64.13601665510062,False,0.8659078289838978,daily_makeup,
2016-08-30,0.0,4622.0,64.1498959056211,False,0.8659078289838978,daily_makeup,
2016-08-31,0.0,4623.0,64.16377515614157,False,0.8659078289838978,daily_makeup,
2016-09-01,0.0,4624.0,64.17765440666204,False,0.8659078289838978,daily_makeup,
2016-09-02,0.0,4625.0,64.19153365718252,False,0.8659078289838978,daily_makeup,
2016-09-03,0.0,4626.0,64.20541290770298,False,0.8659078289838978,daily_makeup,
2016-09-04,0.0,4627.0,64.21929215822345,False,0.8659078289838978,daily_makeup,
2016-09-05,0.0,4628.0,64.23317140874393,False,0.8659078289838978,daily_makeup,
2016-09-06,0.0,4629.0,64.2470506592644,False,0.8659078289838978,daily_makeup,
2016-09-07,0.0,4630.0,64.26092990978488,False,0.8659078289838978,daily_makeup,
2016-09-12,0.0,4631.0,64.27480916030534,False,0.8659078289838978,daily_makeup,
2016-09-13,0.0,4632.0,64.28868841082581,False,0.8659078289838978,daily_makeup,
2016-09-14,0.0,4633.0,64.30256766134629,False,0.8659078289838978,daily_makeup,
2016-09-15,0.0,4634.0,64.31644691186676,False,0.8659078289838978,daily_makeup,
2016-09-16,0.0,4635.0,64.33032616238724,False,0.8659078289838978,daily_makeup,
2016-09-17,0.0,4636.0,64.3442054129077,False,0.8659078289838978,daily_makeup,
2016-09-19,0.0,4637.0,64.35808466342817,False,0.8659078289838978,daily_makeup,
2016-09-20,0.0,4638.0,64.37196391394865,False,0.8659078289838978,daily_makeup,
2016-09-21,0.0,4639.0,64.38584316446912,False,0.8659078289838978,daily_makeup,
2016-09-22,0.0,4640.0,64.3997224149896,False,0.8659078289838978,daily_makeup,
2016-09-23,0.0,4641.0,64.41360166551006,False,0.8659078289838978,daily_makeup,
2016-09-24,0.0,4642.0,64.42748091603053,False,0.8659078289838978,daily_makeup,
2016-09-25,0.0,4643.0,64.44136016655101,False,0.8659078289838978,daily_makeup,
2016-09-26,0.0,4644.0,64.45523941707148,False,0.8659078289838978,daily_makeup,
2016-09-27,0.0,4645.0,64.46911866759196,False,0.8659078289838978,daily_makeup,
2016-09-28,0.0,4646.0,64.48299791811242,False,0.8659078289838978,daily_makeup,
2016-09-29,0.0,4647.0,64.49687716863289,False,0.8659078289838978,daily_makeup,
2016-09-30,0.0,4648.0,64.51075641915337,False,0.8659078289838978,daily_makeup,
2016-10-01,0.0,4649.0,64.52463566967384,False,0.8659078289838978,daily_makeup,
2016-10-02,0.0,4650.0,64.53851492019432,False,0.8659078289838978,daily_makeup,
2016-10-03,0.0,4651.0,64.55239417071478,False,0.8659078289838978,daily_makeup,
2016-10-04,0.0,4652.0,64.56627342123525,False,0.8659078289838978,daily_makeup,
2016-10-05,0.0,4653.0,64.58015267175573,False,0.8659078289838978,daily_makeup,
2016-10-06,0.0,4654.0,64.5940319222762,False,0.8659078289838978,daily_makeup,
2016-10-07,0.0,4655.0,64.60791117279666,False,0.8659078289838978,daily_makeup,
2016-10-08,0.0,4656.0,64.62179042331714,False,0.8659078289838978,daily_makeup,
2016-10-09,0.0,4657.0,64.63566967383761,False,0.8659078289838978,daily_makeup,
2016-10-10,0.0,4658.0,64.64954892435809,False,0.8659078289838978,daily_makeup,
2016-10-11,0.0,4659.0,64.66342817487856,False,0.8659078289838978,daily_makeup,
2016-10-12,0.0,4660.0,64.67730742539902,False,0.8659078289838978,daily_makeup,
2016-10-13,0.0,4661.0,64.6911866759195,False,0.8659078289838978,daily_makeup,
2016-10-14,0.0,4662.0,64.70506592643997,False,0.8659078289838978,daily_makeup,
2016-10-15,0.0,4663.0,64.71894517696045,False,0.8659078289838978,daily_makeup,
2016-10-16,0.0,4664.0,64.73282442748092,False,0.8659078289838978,daily_makeup,
2016-10-17,0.0,4665.0,64.74670367800138,False,0.8659078289838978,daily_makeup,
2016-10-18,0.0,4666.0,64.76058292852186,False,0.8659078289838978,daily_makeup,
2016-10-19,0.0,4667.0,64.77446217904233,False,0.8659078289838978,daily_makeup,
2016-10-20,0.0,4668.0,64.7883414295628,False,0.8659078289838978,daily_makeup,
2016-10-21,0.0,4669.0,64.80222068008328,False,0.8659078289838978,daily_makeup,
2016-10-22,0.0,4670.0,64.81609993060374,False,0.8659078289838978,daily_makeup,
2016-10-23,0.0,4671.0,64.82997918112422,False,0.8659078289838978,daily_makeup,
2016-10-24,0.0,4672.0,64.84385843164469,False,0.8659078289838978,daily_makeup,
2016-10-25,0.0,4673.0,64.85773768216517,False,0.8659078289838978,daily_makeup,
2016-10-26,0.0,4674.0,64.87161693268564,False,0.8659078289838978,daily_makeup,
2016-10-27,0.0,4675.0,64.8854961832061,False,0.8659078289838978,daily_makeup,
2016-10-28,0.0,4676.0,64.89937543372658,False,0.8659078289838978,daily_makeup,
2016-10-29,0.0,4677.0,64.91325468424705,False,0.8659078289838978,daily_makeup,
2016-10-30,0.0,4678.0,64.92713393476753,False,0.8659078289838978,daily_makeup,
2016-10-31,0.0,4679.0,64.941013185288,False,0.8659078289838978,daily_makeup,
2016-11-01,0.0,4680.0,64.95489243580846,False,0.8659078289838978,daily_makeup,
2016-11-02,0.0,4681.0,64.96877168632894,False,0.8659078289838978,daily_makeup,
2016-11-03,0.0,4682.0,64.98265093684941,False,0.8659078289838978,daily_makeup,
2016-11-04,0.0,4683.0,64.99653018736988,False,0.8659078289838978,daily_makeup,
2016-11-05,0.0,4684.0,65.01040943789036,False,0.8659078289838978,daily_makeup,
2016-11-06,0.0,4685.0,65.02428868841082,False,0.8659078289838978,daily_makeup,
2016-11-07,0.0,4686.0,65.0381679389313,False,0.8659078289838978,daily_makeup,
2016-11-08,0.0,4687.0,65.05204718945177,False,0.8659078289838978,daily_makeup,
2016-11-09,0.0,4688.0,65.06592643997224,False,0.8659078289838978,daily_makeup,
2016-11-10,0.0,4689.0,65.07980569049272,False,0.8659078289838978,daily_makeup,
2016-11-11,0.0,4690.0,65.09368494101318,False,0.8659078289838978,daily_makeup,
2016-11-12,0.0,4691.0,65.10756419153365,False,0.8659078289838978,daily_makeup,
2016-11-13,0.0,4692.0,65.12144344205413,False,0.8659078289838978,daily_makeup,
2016-11-14,0.0,4693.0,65.1353226925746,False,0.8659078289838978,daily_makeup,
2016-11-15,0.0,4694.0,65.14920194309508,False,0.8659078289838978,daily_makeup,
2016-11-16,0.0,4695.0,65.16308119361554,False,0.8659078289838978,daily_makeup,
2016-11-17,0.0,4696.0,65.17696044413601,False,0.8659078289838978,daily_makeup,
2016-11-18,0.0,4697.0,65.19083969465649,False,0.8659078289838978,daily_makeup,
2016-11-19,0.0,4698.0,65.20471894517696,False,0.8659078289838978,daily_makeup,
2016-11-20,0.0,4699.0,65.21859819569744,False,0.8659078289838978,daily_makeup,
2016-11-21,0.0,4700.0,65.2324774462179,False,0.8659078289838978,daily_makeup,
2016-11-22,0.0,4701.0,65.24635669673837,False,0.8659078289838978,daily_makeup,
2016-11-23,0.0,4702.0,65.26023594725885,False,0.8659078289838978,daily_makeup,
2016-11-24,0.0,4703.0,65.27411519777932,False,0.8659078289838978,daily_makeup,
2016-11-25,0.0,4704.0,65.2879944482998,False,0.8659078289838978,daily_makeup,
2016-11-26,0.0,4705.0,65.30187369882026,False,0.8659078289838978,daily_makeup,
2016-11-27,0.0,4706.0,65.31575294934073,False,0.8659078289838978,daily_makeup,
2016-11-28,0.0,4707.0,65.32963219986121,False,0.8659078289838978,daily_makeup,
2016-11-29,0.0,4708.0,65.34351145038168,False,0.8659078289838978,daily_makeup,
2016-11-30,0.0,4709.0,65.35739070090216,False,0.8659078289838978,daily_makeup,
2016-12-01,0.0,4710.0,65.37126995142262,False,0.8659078289838978,daily_makeup,
2016-12-02,0.0,4711.0,65.3851492019431,False,0.8659078289838978,daily_makeup,
2016-12-03,0.0,4712.0,65.39902845246357,False,0.8659078289838978,daily_makeup,
2016-12-04,0.0,4713.0,65.41290770298404,False,0.8659078289838978,daily_makeup,
2016-12-05,0.0,4714.0,65.4267869535045,False,0.8659078289838978,daily_makeup,
2016-12-06,0.0,4715.0,65.44066620402498,False,0.8659078289838978,daily_makeup,
2016-12-07,0.0,4716.0,65.45454545454545,False,0.8659078289838978,daily_makeup,
2016-12-08,0.0,4717.0,65.46842470506593,False,0.8659078289838978,daily_makeup,
2016-12-09,0.0,4718.0,65.4823039555864,False,0.8659078289838978,daily_makeup,
2016-12-10,0.0,4719.0,65.49618320610686,False,0.8659078289838978,daily_makeup,
2016-12-11,0.0,4720.0,65.51006245662734,False,0.8659078289838978,daily_makeup,
2016-12-12,0.0,4721.0,65.52394170714781,False,0.8659078289838978,daily_makeup,
2016-12-13,0.0,4722.0,65.53782095766829,False,0.8659078289838978,daily_makeup,
2016-12-14,0.0,4723.0,65.55170020818876,False,0.8659078289838978,daily_makeup,
2016-12-15,0.0,4724.0,65.56557945870922,False,0.8659078289838978,daily_makeup,
2016-12-16,0.0,4725.0,65.5794587092297,False,0.8659078289838978,daily_makeup,
2016-12-17,0.0,4726.0,65.59333795975017,False,0.8659078289838978,daily_makeup,
2016-12-18,0.0,4727.0,65.60721721027065,False,0.8659078289838978,daily_makeup,
2016-12-19,0.0,4728.0,65.62109646079112,False,0.8659078289838978,daily_makeup,
2016-12-20,0.0,4729.0,65.63497571131158,False,0.8659078289838978,daily_makeup,
2016-12-21,0.0,4730.0,65.64885496183206,False,0.8659078289838978,daily_makeup,
2016-12-22,0.0,4731.0,65.66273421235253,False,0.8659078289838978,daily_makeup,
2016-12-23,0.0,4732.0,65.67661346287301,False,0.8659078289838978,daily_makeup,
2016-12-24,0.0,4733.0,65.69049271339348,False,0.8659078289838978,daily_makeup,
2016-12-25,0.0,4734.0,65.70437196391394,False,0.8659078289838978,daily_makeup,
2016-12-26,0.0,4735.0,65.71825121443442,False,0.8659078289838978,daily_makeup,
2016-12-27,0.0,4736.0,65.73213046495489,False,0.8659078289838978,daily_makeup,
2016-12-28,0.0,4737.0,65.74600971547537,False,0.8659078289838978,daily_makeup,
2016-12-29,0.0,4738.0,65.75988896599584,False,0.8659078289838978,daily_makeup,
2016-12-30,0.0,4739.0,65.7737682165163,False,0.8659078289838978,daily_makeup,
2016-12-31,0.0,4740.0,65.78764746703678,False,0.8659078289838978,daily_makeup,
2017-01-01,0.0,4741.0,65.80152671755725,False,0.8659078289838978,daily_makeup,
2017-01-02,0.0,4742.0,65.81540596807773,False,0.8659078289838978,daily_makeup,
2017-01-03,0.0,4743.0,65.8292852185982,False,0.8659078289838978,daily_makeup,
2017-01-04,0.0,4744.0,65.84316446911866,False,0.8659078289838978,daily_makeup,
2017-01-05,0.0,4745.0,65.85704371963914,False,0.8659078289838978,daily_makeup,
2017-01-06,0.0,4746.0,65.87092297015961,False,0.8659078289838978,daily_makeup,
2017-01-07,0.0,4747.0,65.88480222068009,False,0.8659078289838978,daily_makeup,
2017-01-08,0.0,4748.0,65.89868147120056,False,0.8659078289838978,daily_makeup,
2017-01-09,0.0,4749.0,65.91256072172102,False,0.8659078289838978,daily_makeup,
2017-01-10,0.0,4750.0,65.9264399722415,False,0.8659078289838978,daily_makeup,
2017-01-11,0.0,4751.0,65.94031922276197,False,0.8659078289838978,daily_makeup,
2017-01-12,0.0,4752.0,65.95419847328245,False,0.8659078289838978,daily_makeup,
2017-01-13,0.0,4753.0,65.96807772380292,False,0.8659078289838978,daily_makeup,
2017-01-14,0.0,4754.0,65.98195697432338,False,0.8659078289838978,daily_makeup,
2017-01-15,0.0,4755.0,65.99583622484386,False,0.8659078289838978,daily_makeup,
2017-01-16,0.0,4756.0,66.00971547536433,False,0.8659078289838978,daily_makeup,
2017-01-17,0.0,4757.0,66.0235947258848,False,0.8659078289838978,daily_makeup,
2017-01-18,0.0,4758.0,66.03747397640528,False,0.8659078289838978,daily_makeup,
2017-01-19,0.0,4759.0,66.05135322692574,False,0.8659078289838978,daily_makeup,
2017-01-20,0.0,4760.0,66.06523247744622,False,0.8659078289838978,daily_makeup,
2017-01-21,0.0,4761.0,66.07911172796669,False,0.8659078289838978,daily_makeup,
2017-01-22,0.0,4762.0,66.09299097848717,False,0.8659078289838978,daily_makeup,
2017-01-23,0.0,4763.0,66.10687022900764,False,0.8659078289838978,daily_makeup,
2017-01-24,0.0,4764.0,66.1207494795281,False,0.8659078289838978,daily_makeup,
2017-01-25,0.0,4765.0,66.13462873004858,False,0.8659078289838978,daily_makeup,
2017-01-26,0.0,4766.0,66.14850798056905,False,0.8659078289838978,daily_makeup,
2017-01-27,0.0,4767.0,66.16238723108953,False,0.8659078289838978,daily_makeup,
2017-01-28,0.0,4768.0,66.17626648161,False,0.8659078289838978,daily_makeup,
2017-01-29,0.0,4769.0,66.19014573213046,False,0.8659078289838978,daily_makeup,
2017-01-30,0.0,4770.0,66.20402498265094,False,0.8659078289838978,daily_makeup,
2017-01-31,0.0,4771.0,66.21790423317141,False,0.8659078289838978,daily_makeup,
2017-02-01,0.0,4772.0,66.23178348369188,False,0.8659078289838978,daily_makeup,
2017-02-02,0.0,4773.0,66.24566273421236,False,0.8659078289838978,daily_makeup,
2017-02-03,0.0,4774.0,66.25954198473282,False,0.8659078289838978,daily_makeup,
2017-02-04,0.0,4775.0,66.2734212352533,False,0.8659078289838978,daily_makeup,
2017-02-05,0.0,4776.0,66.28730048577377,False,0.8659078289838978,daily_makeup,
2017-02-06,0.0,4777.0,66.30117973629424,False,0.8659078289838978,daily_makeup,
2017-02-07,0.0,4778.0,66.3150589868147,False,0.8659078289838978,daily_makeup,
2017-02-08,0.0,4779.0,66.32893823733518,False,0.8659078289838978,daily_makeup,
2017-02-09,0.0,4780.0,66.34281748785565,False,0.8659078289838978,daily_makeup,
2017-02-10,0.0,4781.0,66.35669673837613,False,0.8659078289838978,daily_makeup,
2017-02-11,0.0,4782.0,66.3705759888966,False,0.8659078289838978,daily_makeup,
2017-02-12,0.0,4783.0,66.38445523941706,False,0.8659078289838978,daily_makeup,
2017-02-13,0.0,4784.0,66.39833448993754,False,0.8659078289838978,daily_makeup,
2017-02-14,0.0,4785.0,66.41221374045801,False,0.8659078289838978,daily_makeup,
2017-02-15,0.0,4786.0,66.42609299097849,False,0.8659078289838978,daily_makeup,
2017-02-16,0.0,4787.0,66.43997224149896,False,0.8659078289838978,daily_makeup,
2017-02-17,0.0,4788.0,66.45385149201942,False,0.8659078289838978,daily_makeup,
2017-02-18,0.0,4789.0,66.4677307425399,False,0.8659078289838978,daily_makeup,
2017-02-19,0.0,4790.0,66.48160999306037,False,0.8659078289838978,daily_makeup,
2017-02-20,0.0,4791.0,66.49548924358085,False,0.8659078289838978,daily_makeup,
2017-02-21,0.0,4792.0,66.50936849410132,False,0.8659078289838978,daily_makeup,
2017-02-22,0.0,4793.0,66.52324774462178,False,0.8659078289838978,daily_makeup,
2017-02-23,0.0,4794.0,66.53712699514226,False,0.8659078289838978,daily_makeup,
2017-02-24,0.0,4795.0,66.55100624566273,False,0.8659078289838978,daily_makeup,
2017-02-25,0.0,4796.0,66.56488549618321,False,0.8659078289838978,daily_makeup,
2017-02-26,0.0,4797.0,66.57876474670368,False,0.8659078289838978,daily_makeup,
2017-02-27,0.0,4798.0,66.59264399722414,False,0.8659078289838978,daily_makeup,
2017-02-28,0.0,4799.0,66.60652324774462,False,0.8659078289838978,daily_makeup,
2017-03-01,0.0,4800.0,66.6204024982651,False,0.8659078289838978,daily_makeup,
2017-03-02,0.0,4801.0,66.63428174878557,False,0.8659078289838978,daily_makeup,
2017-03-03,0.0,4802.0,66.64816099930604,False,0.8659078289838978,daily_makeup,
2017-03-04,0.0,4803.0,66.6620402498265,False,0.8659078289838978,daily_makeup,
2017-03-05,0.0,4804.0,66.67591950034698,False,0.8659078289838978,daily_makeup,
2017-03-06,0.0,4805.0,66.68979875086745,False,0.8659078289838978,daily_makeup,
2017-03-07,0.0,4806.0,66.70367800138793,False,0.8659078289838978,daily_makeup,
2017-03-08,0.0,4807.0,66.7175572519084,False,0.8659078289838978,daily_makeup,
2017-03-09,0.0,4808.0,66.73143650242886,False,0.8659078289838978,daily_makeup,
2017-03-10,0.0,4809.0,66.74531575294934,False,0.8659078289838978,daily_makeup,
2017-03-11,0.0,4810.0,66.75919500346981,False,0.8659078289838978,daily_makeup,
2017-03-12,0.0,4811.0,66.77307425399029,False,0.8659078289838978,daily_makeup,
2017-03-13,0.0,4812.0,66.78695350451076,False,0.8659078289838978,daily_makeup,
2017-03-14,0.0,4813.0,66.80083275503122,False,0.8659078289838978,daily_makeup,
2017-03-15,0.0,4814.0,66.8147120055517,False,0.8659078289838978,daily_makeup,
2017-03-16,0.0,4815.0,66.82859125607217,False,0.8659078289838978,daily_makeup,
2017-03-17,0.0,4816.0,66.84247050659265,False,0.8659078289838978,daily_makeup,
2017-03-18,0.0,4817.0,66.85634975711312,False,0.8659078289838978,daily_makeup,
2017-03-19,0.0,4818.0,66.87022900763358,False,0.8659078289838978,daily_makeup,
2017-03-20,0.0,4819.0,66.88410825815406,False,0.8659078289838978,daily_makeup,
2017-03-21,0.0,4820.0,66.89798750867453,False,0.8659078289838978,daily_makeup,
2017-03-22,0.0,4821.0,66.91186675919501,False,0.8659078289838978,daily_makeup,
2017-03-23,0.0,4822.0,66.92574600971548,False,0.8659078289838978,daily_makeup,
2017-03-24,0.0,4823.0,66.93962526023594,False,0.8659078289838978,daily_makeup,
2017-03-25,0.0,4824.0,66.95350451075642,False,0.8659078289838978,daily_makeup,
2017-03-26,0.0,4825.0,66.96738376127689,False,0.8659078289838978,daily_makeup,
2017-03-27,0.0,4826.0,66.98126301179737,False,0.8659078289838978,daily_makeup,
2017-03-28,0.0,4827.0,66.99514226231784,False,0.8659078289838978,daily_makeup,
2017-03-29,0.0,4828.0,67.0090215128383,False,0.8659078289838978,daily_makeup,
2017-03-30,0.0,4829.0,67.02290076335878,False,0.8659078289838978,daily_makeup,
2017-03-31,0.0,4830.0,67.03678001387925,False,0.8659078289838978,daily_makeup,
2017-04-01,0.0,4831.0,67.05065926439973,False,0.8659078289838978,daily_makeup,
2017-04-02,0.0,4832.0,67.0645385149202,False,0.8659078289838978,daily_makeup,
2017-04-03,0.0,4833.0,67.07841776544066,False,0.8659078289838978,daily_makeup,
2017-04-04,0.0,4834.0,67.09229701596114,False,0.8659078289838978,daily_makeup,
2017-04-05,0.0,4835.0,67.10617626648161,False,0.8659078289838978,daily_makeup,
2017-04-06,0.0,4836.0,67.12005551700209,False,0.8659078289838978,daily_makeup,
2017-04-07,0.0,4837.0,67.13393476752255,False,0.8659078289838978,daily_makeup,
2017-04-08,0.0,4838.0,67.14781401804302,False,0.8659078289838978,daily_makeup,
2017-04-09,0.0,4839.0,67.1616932685635,False,0.8659078289838978,daily_makeup,
2017-04-10,0.0,4840.0,67.17557251908397,False,0.8659078289838978,daily_makeup,
2017-04-11,0.0,4841.0,67.18945176960445,False,0.8659078289838978,daily_makeup,
2017-04-12,0.0,4842.0,67.2033310201249,False,0.8659078289838978,daily_makeup,
2017-04-13,0.0,4843.0,67.21721027064538,False,0.8659078289838978,daily_makeup,
2017-04-14,0.0,4844.0,67.23108952116586,False,0.8659078289838978,daily_makeup,
2017-04-15,0.0,4845.0,67.24496877168633,False,0.8659078289838978,daily_makeup,
2017-04-16,0.0,4846.0,67.2588480222068,False,0.8659078289838978,daily_makeup,
2017-04-17,0.0,4847.0,67.27272727272727,False,0.8659078289838978,daily_makeup,
2017-04-18,0.0,4848.0,67.28660652324774,False,0.8659078289838978,daily_makeup,
2017-04-19,0.0,4849.0,67.30048577376822,False,0.8659078289838978,daily_makeup,
2017-04-20,0.0,4850.0,67.31436502428869,False,0.8659078289838978,daily_makeup,
2017-04-21,0.0,4851.0,67.32824427480917,False,0.8659078289838978,daily_makeup,
2017-04-22,0.0,4852.0,67.34212352532963,False,0.8659078289838978,daily_makeup,
2017-04-23,0.0,4853.0,67.3560027758501,False,0.8659078289838978,daily_makeup,
2017-04-24,0.0,4854.0,67.36988202637058,False,0.8659078289838978,daily_makeup,
2017-04-25,0.0,4855.0,67.38376127689105,False,0.8659078289838978,daily_makeup,
2017-04-26,0.0,4856.0,67.39764052741153,False,0.8659078289838978,daily_makeup,
2017-04-27,0.0,4857.0,67.41151977793199,False,0.8659078289838978,daily_makeup,
2017-04-28,0.0,4858.0,67.42539902845246,False,0.8659078289838978,daily_makeup,
2017-04-29,0.0,4859.0,67.43927827897294,False,0.8659078289838978,daily_makeup,
2017-04-30,0.0,4860.0,67.45315752949341,False,0.8659078289838978,daily_makeup,
2017-05-01,0.0,4861.0,67.46703678001388,False,0.8659078289838978,daily_makeup,
2017-05-02,0.0,4862.0,67.48091603053435,False,0.8659078289838978,daily_makeup,
2017-05-03,0.0,4863.0,67.49479528105482,False,0.8659078289838978,daily_makeup,
2017-05-04,0.0,4864.0,67.5086745315753,False,0.8659078289838978,daily_makeup,
2017-05-05,0.0,4865.0,67.52255378209577,False,0.8659078289838978,daily_makeup,
2017-05-06,0.0,4866.0,67.53643303261624,False,0.8659078289838978,daily_makeup,
2017-05-07,0.0,4867.0,67.5503122831367,False,0.8659078289838978,daily_makeup,
2017-05-08,0.0,4868.0,67.56419153365718,False,0.8659078289838978,daily_makeup,
2017-05-09,0.0,4869.0,67.57807078417765,False,0.8659078289838978,daily_makeup,
2017-05-10,0.0,4870.0,67.59195003469813,False,0.8659078289838978,daily_makeup,
2017-05-11,0.0,4871.0,67.6058292852186,False,0.8659078289838978,daily_makeup,
2017-05-12,0.0,4872.0,67.61970853573906,False,0.8659078289838978,daily_makeup,
2017-05-13,0.0,4873.0,67.63358778625954,False,0.8659078289838978,daily_makeup,
2017-05-14,0.0,4874.0,67.64746703678001,False,0.8659078289838978,daily_makeup,
2017-05-15,0.0,4875.0,67.66134628730049,False,0.8659078289838978,daily_makeup,
2017-05-16,0.0,4876.0,67.67522553782096,False,0.8659078289838978,daily_makeup,
2017-05-20,0.0,4877.0,67.68910478834142,False,0.8659078289838978,daily_makeup,
2017-05-21,0.0,4878.0,67.7029840388619,False,0.8659078289838978,daily_makeup,
2017-05-22,0.0,4879.0,67.71686328938237,False,0.8659078289838978,daily_makeup,
2017-05-23,0.0,4880.0,67.73074253990285,False,0.8659078289838978,daily_makeup,
2017-05-24,0.0,4881.0,67.74462179042332,False,0.8659078289838978,daily_makeup,
2017-05-25,0.0,4882.0,67.75850104094378,False,0.8659078289838978,daily_makeup,
2017-05-26,0.0,4883.0,67.77238029146426,False,0.8659078289838978,daily_makeup,
2017-05-27,0.0,4884.0,67.78625954198473,False,0.8659078289838978,daily_makeup,
2017-05-28,0.0,4885.0,67.80013879250521,False,0.8659078289838978,daily_makeup,
2017-05-29,0.0,4886.0,67.81401804302568,False,0.8659078289838978,daily_makeup,
2017-05-30,0.0,4887.0,67.82789729354614,False,0.8659078289838978,daily_makeup,
2017-05-31,0.0,4888.0,67.84177654406662,False,0.8659078289838978,daily_makeup,
2017-06-01,0.0,4889.0,67.8556557945871,False,0.8659078289838978,daily_makeup,
2017-06-02,0.0,4890.0,67.86953504510757,False,0.8659078289838978,daily_makeup,
2017-06-03,0.0,4891.0,67.88341429562804,False,0.8659078289838978,daily_makeup,
2017-06-04,0.0,4892.0,67.8972935461485,False,0.8659078289838978,daily_makeup,
2017-06-05,0.0,4893.0,67.91117279666898,False,0.8659078289838978,daily_makeup,
2017-06-06,0.0,4894.0,67.92505204718945,False,0.8659078289838978,daily_makeup,
2017-06-07,0.0,4895.0,67.93893129770993,False,0.8659078289838978,daily_makeup,
2017-06-08,0.0,4896.0,67.95281054823039,False,0.8659078289838978,daily_makeup,
2017-06-09,0.0,4897.0,67.96668979875086,False,0.8659078289838978,daily_makeup,
2017-06-10,0.0,4898.0,67.98056904927134,False,0.8659078289838978,daily_makeup,
2017-06-11,0.0,4899.0,67.99444829979181,False,0.8659078289838978,daily_makeup,
2017-06-14,0.0,4900.0,68.00832755031229,False,0.8659078289838978,daily_makeup,
2017-06-15,0.0,4901.0,68.02220680083275,False,0.8659078289838978,daily_makeup,
2017-06-16,0.0,4902.0,68.03608605135322,False,0.8659078289838978,daily_makeup,
2017-06-20,0.0,4903.0,68.0499653018737,False,0.8659078289838978,daily_makeup,
2017-06-21,0.0,4904.0,68.06384455239417,False,0.8659078289838978,daily_makeup,
2017-06-25,0.0,4905.0,68.07772380291465,False,0.8659078289838978,daily_makeup,
2017-06-26,0.0,4906.0,68.09160305343511,False,0.8659078289838978,daily_makeup,
2017-06-27,0.0,4907.0,68.10548230395558,False,0.8659078289838978,daily_makeup,
2017-06-28,0.0,4908.0,68.11936155447606,False,0.8659078289838978,daily_makeup,
2017-06-29,0.0,4909.0,68.13324080499653,False,0.8659078289838978,daily_makeup,
2017-07-03,0.0,4910.0,68.14712005551701,False,0.8659078289838978,daily_makeup,
2017-07-04,0.0,4911.0,68.16099930603747,False,0.8659078289838978,daily_makeup,
2017-07-05,0.0,4912.0,68.17487855655794,False,0.8659078289838978,daily_makeup,
2017-07-06,0.0,4913.0,68.18875780707842,False,0.8659078289838978,daily_makeup,
2017-07-08,0.0,4914.0,68.20263705759889,False,0.8659078289838978,daily_makeup,
2017-07-09,0.0,4915.0,68.21651630811937,False,0.8659078289838978,daily_makeup,
2017-07-16,0.0,4916.0,68.23039555863983,False,0.8659078289838978,daily_makeup,
2017-07-23,0.0,4917.0,68.2442748091603,False,0.8659078289838978,daily_makeup,
2017-07-24,0.0,4918.0,68.25815405968078,False,0.8659078289838978,daily_makeup,
2017-07-25,0.0,4919.0,68.27203331020125,False,0.8659078289838978,daily_makeup,
2017-07-26,0.0,4920.0,68.28591256072173,False,0.8659078289838978,daily_makeup,
2017-07-29,0.0,4921.0,68.29979181124219,False,0.8659078289838978,daily_makeup,
2017-07-30,0.0,4922.0,68.31367106176266,False,0.8659078289838978,daily_makeup,
2017-07-31,0.0,4923.0,68.32755031228314,False,0.8659078289838978,daily_makeup,
2017-08-05,0.0,4924.0,68.34142956280361,False,0.8659078289838978,daily_makeup,
2017-08-06,0.0,4925.0,68.35530881332409,False,0.8659078289838978,daily_makeup,
2017-08-07,0.0,4926.0,68.36918806384455,False,0.8659078289838978,daily_makeup,
2017-08-08,0.0,4927.0,68.38306731436502,False,0.8659078289838978,daily_makeup,
2017-08-09,0.0,4928.0,68.3969465648855,False,0.8659078289838978,daily_makeup,
2017-08-10,0.0,4929.0,68.41082581540597,False,0.8659078289838978,daily_makeup,
2017-08-11,0.0,4930.0,68.42470506592645,False,0.8659078289838978,daily_makeup,
2017-08-13,0.0,4931.0,68.4385843164469,False,0.8659078289838978,daily_makeup,
2017-08-14,0.0,4932.0,68.45246356696738,False,0.8659078289838978,daily_makeup,
2017-08-20,0.0,4933.0,68.46634281748786,False,0.8659078289838978,daily_makeup,
2017-08-24,0.0,4934.0,68.48022206800833,False,0.8659078289838978,daily_makeup,
2017-08-25,0.0,4935.0,68.4941013185288,False,0.8659078289838978,daily_makeup,
2017-08-26,0.0,4936.0,68.50798056904927,False,0.8659078289838978,daily_makeup,
2017-08-27,0.0,4937.0,68.52185981956974,False,0.8659078289838978,daily_makeup,
2017-08-28,0.0,4938.0,68.53573907009022,False,0.8659078289838978,daily_makeup,
2017-08-29,0.0,4939.0,68.54961832061069,False,0.8659078289838978,daily_makeup,
2017-08-30,0.0,4940.0,68.56349757113117,False,0.8659078289838978,daily_makeup,
2017-08-31,0.0,4941.0,68.57737682165163,False,0.8659078289838978,daily_makeup,
2017-09-01,0.0,4942.0,68.5912560721721,False,0.8659078289838978,daily_makeup,
2017-09-02,0.0,4943.0,68.60513532269258,False,0.8659078289838978,daily_makeup,
2017-09-03,0.0,4944.0,68.61901457321305,False,0.8659078289838978,daily_makeup,
2017-09-04,0.0,4945.0,68.63289382373353,False,0.8659078289838978,daily_makeup,
2017-09-06,0.0,4946.0,68.64677307425399,False,0.8659078289838978,daily_makeup,
2017-09-07,0.0,4947.0,68.66065232477446,False,0.8659078289838978,daily_makeup,
2017-09-08,0.0,4948.0,68.67453157529494,False,0.8659078289838978,daily_makeup,
2017-09-09,0.0,4949.0,68.68841082581541,False,0.8659078289838978,daily_makeup,
2017-09-10,0.0,4950.0,68.70229007633588,False,0.8659078289838978,daily_makeup,
2017-09-11,0.0,4951.0,68.71616932685635,False,0.8659078289838978,daily_makeup,
2017-09-12,0.0,4952.0,68.73004857737682,False,0.8659078289838978,daily_makeup,
2017-09-13,0.0,4953.0,68.7439278278973,False,0.8659078289838978,daily_makeup,
2017-09-14,0.0,4954.0,68.75780707841777,False,0.8659078289838978,daily_makeup,
2017-09-15,0.0,4955.0,68.77168632893823,False,0.8659078289838978,daily_makeup,
2017-09-17,0.0,4956.0,68.7855655794587,False,0.8659078289838978,daily_makeup,
2017-09-18,0.0,4957.0,68.79944482997918,False,0.8659078289838978,daily_makeup,
2017-09-19,0.0,4958.0,68.81332408049965,False,0.8659078289838978,daily_makeup,
2017-09-20,0.0,4959.0,68.82720333102013,False,0.8659078289838978,daily_makeup,
2017-09-21,0.0,4960.0,68.84108258154059,False,0.8659078289838978,daily_makeup,
2017-09-22,0.0,4961.0,68.85496183206106,False,0.8659078289838978,daily_makeup,
2017-09-23,0.0,4962.0,68.86884108258154,False,0.8659078289838978,daily_makeup,
2017-09-28,0.0,4963.0,68.88272033310201,False,0.8659078289838978,daily_makeup,
2017-09-29,0.0,4964.0,68.89659958362249,False,0.8659078289838978,daily_makeup,
2017-09-30,0.0,4965.0,68.91047883414295,False,0.8659078289838978,daily_makeup,
2017-10-01,0.0,4966.0,68.92435808466342,False,0.8659078289838978,daily_makeup,
2017-10-02,0.0,4967.0,68.9382373351839,False,0.8659078289838978,daily_makeup,
2017-10-03,0.0,4968.0,68.95211658570437,False,0.8659078289838978,daily_makeup,
2017-10-04,0.0,4969.0,68.96599583622485,False,0.8659078289838978,daily_makeup,
2017-10-05,0.0,4970.0,68.97987508674531,False,0.8659078289838978,daily_makeup,
2017-10-06,0.0,4971.0,68.99375433726578,False,0.8659078289838978,daily_makeup,
2017-10-07,0.0,4972.0,69.00763358778626,False,0.8659078289838978,daily_makeup,
2017-10-11,0.0,4973.0,69.02151283830673,False,0.8659078289838978,daily_makeup,
2017-10-12,0.0,4974.0,69.03539208882721,False,0.8659078289838978,daily_makeup,
2017-10-13,0.0,4975.0,69.04927133934767,False,0.8659078289838978,daily_makeup,
2017-10-14,0.0,4976.0,69.06315058986814,False,0.8659078289838978,daily_makeup,
2017-10-15,0.0,4977.0,69.07702984038862,False,0.8659078289838978,daily_makeup,
2017-10-16,0.0,4978.0,69.0909090909091,False,0.8659078289838978,daily_makeup,
2017-10-17,0.0,4979.0,69.10478834142957,False,0.8659078289838978,daily_makeup,
2017-10-18,0.0,4980.0,69.11866759195003,False,0.8659078289838978,daily_makeup,
2017-10-19,0.0,4981.0,69.1325468424705,False,0.8659078289838978,daily_makeup,
2017-10-20,0.0,4982.0,69.14642609299098,False,0.8659078289838978,daily_makeup,
2017-10-21,0.0,4983.0,69.16030534351145,False,0.8659078289838978,daily_makeup,
2017-10-22,0.0,4984.0,69.17418459403193,False,0.8659078289838978,daily_makeup,
2017-10-23,0.0,4985.0,69.18806384455239,False,0.8659078289838978,daily_makeup,
2017-10-24,0.0,4986.0,69.20194309507286,False,0.8659078289838978,daily_makeup,
2017-10-25,0.0,4987.0,69.21582234559334,False,0.8659078289838978,daily_makeup,
2017-10-26,0.0,4988.0,69.22970159611381,False,0.8659078289838978,daily_makeup,
2017-10-27,0.0,4989.0,69.24358084663429,False,0.8659078289838978,daily_makeup,
2017-10-28,0.0,4990.0,69.25746009715475,False,0.8659078289838978,daily_makeup,
2017-10-29,0.0,4991.0,69.27133934767522,False,0.8659078289838978,daily_makeup,
2017-10-30,0.0,4992.0,69.2852185981957,False,0.8659078289838978,daily_makeup,
2017-10-31,0.0,4993.0,69.29909784871617,False,0.8659078289838978,daily_makeup,
2017-11-01,0.0,4994.0,69.31297709923665,False,0.8659078289838978,daily_makeup,
2017-11-02,0.0,4995.0,69.32685634975711,False,0.8659078289838978,daily_makeup,
2017-11-03,0.0,4996.0,69.34073560027758,False,0.8659078289838978,daily_makeup,
2017-11-04,0.0,4997.0,69.35461485079806,False,0.8659078289838978,daily_makeup,
2017-11-05,0.0,4998.0,69.36849410131853,False,0.8659078289838978,daily_makeup,
2017-11-06,0.0,4999.0,69.38237335183901,False,0.8659078289838978,daily_makeup,
2017-11-07,0.0,5000.0,69.39625260235947,False,0.8659078289838978,daily_makeup,
2017-11-08,0.0,5001.0,69.41013185287994,False,0.8659078289838978,daily_makeup,
2017-11-09,0.0,5002.0,69.42401110340042,False,0.8659078289838978,daily_makeup,
2017-11-10,0.0,5003.0,69.43789035392089,False,0.8659078289838978,daily_makeup,
2017-11-11,0.0,5004.0,69.45176960444137,False,0.8659078289838978,daily_makeup,
2017-11-12,0.0,5005.0,69.46564885496183,False,0.8659078289838978,daily_makeup,
2017-11-13,0.0,5006.0,69.4795281054823,False,0.8659078289838978,daily_makeup,
2017-11-14,0.0,5007.0,69.49340735600278,False,0.8659078289838978,daily_makeup,
2017-11-15,0.0,5008.0,69.50728660652325,False,0.8659078289838978,daily_makeup,
2017-11-16,0.0,5009.0,69.52116585704373,False,0.8659078289838978,daily_makeup,
2017-11-17,0.0,5010.0,69.53504510756419,False,0.8659078289838978,daily_makeup,
2017-11-18,0.0,5011.0,69.54892435808466,False,0.8659078289838978,daily_makeup,
2017-11-19,0.0,5012.0,69.56280360860514,False,0.8659078289838978,daily_makeup,
2017-11-20,0.0,5013.0,69.57668285912561,False,0.8659078289838978,daily_makeup,
2017-11-21,0.0,5014.0,69.59056210964607,False,0.8659078289838978,daily_makeup,
2017-11-22,0.0,5015.0,69.60444136016655,False,0.8659078289838978,daily_makeup,
2017-11-23,0.0,5016.0,69.61832061068702,False,0.8659078289838978,daily_makeup,
2017-11-24,0.0,5017.0,69.6321998612075,False,0.8659078289838978,daily_makeup,
2017-11-25,0.0,5018.0,69.64607911172797,False,0.8659078289838978,daily_makeup,
2017-11-26,0.0,5019.0,69.65995836224843,False,0.8659078289838978,daily_makeup,
2017-11-27,0.0,5020.0,69.6738376127689,False,0.8659078289838978,daily_makeup,
2017-11-28,0.0,5021.0,69.68771686328938,False,0.8659078289838978,daily_makeup,
2017-11-29,0.0,5022.0,69.70159611380986,False,0.8659078289838978,daily_makeup,
2017-11-30,0.0,5023.0,69.71547536433033,False,0.8659078289838978,daily_makeup,
2017-12-01,0.0,5024.0,69.72935461485079,False,0.8659078289838978,daily_makeup,
2017-12-02,0.0,5025.0,69.74323386537127,False,0.8659078289838978,daily_makeup,
2017-12-03,0.0,5026.0,69.75711311589174,False,0.8659078289838978,daily_makeup,
2017-12-04,0.0,5027.0,69.77099236641222,False,0.8659078289838978,daily_makeup,
2017-12-05,0.0,5028.0,69.78487161693269,False,0.8659078289838978,daily_makeup,
2017-12-06,0.0,5029.0,69.79875086745315,False,0.8659078289838978,daily_makeup,
2017-12-07,0.0,5030.0,69.81263011797363,False,0.8659078289838978,daily_makeup,
2017-12-08,0.0,5031.0,69.8265093684941,False,0.8659078289838978,daily_makeup,
2017-12-09,0.0,5032.0,69.84038861901458,False,0.8659078289838978,daily_makeup,
2017-12-10,0.0,5033.0,69.85426786953505,False,0.8659078289838978,daily_makeup,
2017-12-11,0.0,5034.0,69.86814712005551,False,0.8659078289838978,daily_makeup,
2017-12-12,0.0,5035.0,69.88202637057599,False,0.8659078289838978,daily_makeup,
2017-12-13,0.0,5036.0,69.89590562109646,False,0.8659078289838978,daily_makeup,
2017-12-14,0.0,5037.0,69.90978487161694,False,0.8659078289838978,daily_makeup,
2017-12-15,0.0,5038.0,69.92366412213741,False,0.8659078289838978,daily_makeup,
2017-12-16,0.0,5039.0,69.93754337265787,False,0.8659078289838978,daily_makeup,
2017-12-17,0.0,5040.0,69.95142262317835,False,0.8659078289838978,daily_makeup,
2017-12-18,0.0,5041.0,69.96530187369882,False,0.8659078289838978,daily_makeup,
2017-12-19,0.0,5042.0,69.9791811242193,False,0.8659078289838978,daily_makeup,
2017-12-20,0.0,5043.0,69.99306037473977,False,0.8659078289838978,daily_makeup,
2017-12-21,0.0,5044.0,70.00693962526023,False,0.8659078289838978,daily_makeup,
2017-12-22,0.0,5045.0,70.0208188757807,False,0.8659078289838978,daily_makeup,
2017-12-23,0.0,5046.0,70.03469812630118,False,0.8659078289838978,daily_makeup,
2017-12-24,0.0,5047.0,70.04857737682165,False,0.8659078289838978,daily_makeup,
2017-12-25,0.0,5048.0,70.06245662734213,False,0.8659078289838978,daily_makeup,
2017-12-26,0.0,5049.0,70.07633587786259,False,0.8659078289838978,daily_makeup,
2017-12-27,0.0,5050.0,70.09021512838306,False,0.8659078289838978,daily_makeup,
2017-12-28,0.0,5051.0,70.10409437890354,False,0.8659078289838978,daily_makeup,
2017-12-29,0.0,5052.0,70.11797362942401,False,0.8659078289838978,daily_makeup,
2017-12-30,0.0,5053.0,70.13185287994449,False,0.8659078289838978,daily_makeup,
2017-12-31,0.0,5054.0,70.14573213046495,False,0.8659078289838978,daily_makeup,
2018-01-01,0.0,5055.0,70.15961138098542,False,0.8659078289838978,daily_makeup,
2018-01-02,0.0,5056.0,70.1734906315059,False,0.8659078289838978,daily_makeup,
2018-01-03,0.0,5057.0,70.18736988202637,False,0.8659078289838978,daily_makeup,
2018-01-04,0.0,5058.0,70.20124913254685,False,0.8659078289838978,daily_makeup,
2018-01-05,0.0,5059.0,70.21512838306731,False,0.8659078289838978,daily_makeup,
2018-01-06,0.0,5060.0,70.22900763358778,False,0.8659078289838978,daily_makeup,
2018-01-07,0.0,5061.0,70.24288688410826,False,0.8659078289838978,daily_makeup,
2018-01-08,0.0,5062.0,70.25676613462873,False,0.8659078289838978,daily_makeup,
2018-01-09,0.0,5063.0,70.27064538514921,False,0.8659078289838978,daily_makeup,
2018-01-10,0.0,5064.0,70.28452463566967,False,0.8659078289838978,daily_makeup,
2018-01-11,0.0,5065.0,70.29840388619014,False,0.8659078289838978,daily_makeup,
2018-01-12,0.0,5066.0,70.31228313671062,False,0.8659078289838978,daily_makeup,
2018-01-13,0.0,5067.0,70.3261623872311,False,0.8659078289838978,daily_makeup,
2018-01-14,0.0,5068.0,70.34004163775157,False,0.8659078289838978,daily_makeup,
2018-01-15,0.0,5069.0,70.35392088827203,False,0.8659078289838978,daily_makeup,
2018-01-16,0.0,5070.0,70.3678001387925,False,0.8659078289838978,daily_makeup,
2018-01-17,0.0,5071.0,70.38167938931298,False,0.8659078289838978,daily_makeup,
2018-01-18,0.0,5072.0,70.39555863983345,False,0.8659078289838978,daily_makeup,
2018-01-19,0.0,5073.0,70.40943789035393,False,0.8659078289838978,daily_makeup,
2018-01-20,0.0,5074.0,70.42331714087439,False,0.8659078289838978,daily_makeup,
2018-01-21,0.0,5075.0,70.43719639139486,False,0.8659078289838978,daily_makeup,
2018-01-22,0.0,5076.0,70.45107564191534,False,0.8659078289838978,daily_makeup,
2018-01-23,0.0,5077.0,70.46495489243581,False,0.8659078289838978,daily_makeup,
2018-01-24,0.0,5078.0,70.47883414295627,False,0.8659078289838978,daily_makeup,
2018-01-25,0.0,5079.0,70.49271339347675,False,0.8659078289838978,daily_makeup,
2018-01-26,0.0,5080.0,70.50659264399722,False,0.8659078289838978,daily_makeup,
2018-01-27,0.0,5081.0,70.5204718945177,False,0.8659078289838978,daily_makeup,
2018-01-28,0.0,5082.0,70.53435114503817,False,0.8659078289838978,daily_makeup,
2018-01-29,0.0,5083.0,70.54823039555863,False,0.8659078289838978,daily_makeup,
2018-01-30,0.0,5084.0,70.56210964607911,False,0.8659078289838978,daily_makeup,
2018-01-31,0.0,5085.0,70.57598889659958,False,0.8659078289838978,daily_makeup,
2018-02-01,0.0,5086.0,70.58986814712006,False,0.8659078289838978,daily_makeup,
2018-02-02,0.0,5087.0,70.60374739764053,False,0.8659078289838978,daily_makeup,
2018-02-03,0.0,5088.0,70.61762664816099,False,0.8659078289838978,daily_makeup,
2018-02-04,0.0,5089.0,70.63150589868147,False,0.8659078289838978,daily_makeup,
2018-02-05,0.0,5090.0,70.64538514920194,False,0.8659078289838978,daily_makeup,
2018-02-06,0.0,5091.0,70.65926439972242,False,0.8659078289838978,daily_makeup,
2018-02-07,0.0,5092.0,70.67314365024289,False,0.8659078289838978,daily_makeup,
2018-02-08,0.0,5093.0,70.68702290076335,False,0.8659078289838978,daily_makeup,
2018-02-09,0.0,5094.0,70.70090215128383,False,0.8659078289838978,daily_makeup,
2018-02-10,0.0,5095.0,70.7147814018043,False,0.8659078289838978,daily_makeup,
2018-02-11,0.0,5096.0,70.72866065232478,False,0.8659078289838978,daily_makeup,
2018-02-12,0.0,5097.0,70.74253990284525,False,0.8659078289838978,daily_makeup,
2018-02-13,0.0,5098.0,70.75641915336571,False,0.8659078289838978,daily_makeup,
2018-02-14,0.0,5099.0,70.77029840388619,False,0.8659078289838978,daily_makeup,
2018-02-15,0.0,5100.0,70.78417765440666,False,0.8659078289838978,daily_makeup,
2018-02-16,0.0,5101.0,70.79805690492714,False,0.8659078289838978,daily_makeup,
2018-02-17,0.0,5102.0,70.81193615544761,False,0.8659078289838978,daily_makeup,
2018-02-18,0.0,5103.0,70.82581540596807,False,0.8659078289838978,daily_makeup,
2018-02-19,0.0,5104.0,70.83969465648855,False,0.8659078289838978,daily_makeup,
2018-02-20,0.0,5105.0,70.85357390700902,False,0.8659078289838978,daily_makeup,
2018-02-21,0.0,5106.0,70.8674531575295,False,0.8659078289838978,daily_makeup,
2018-02-22,0.0,5107.0,70.88133240804997,False,0.8659078289838978,daily_makeup,
2018-02-23,0.0,5108.0,70.89521165857043,False,0.8659078289838978,daily_makeup,
2018-02-24,0.0,5109.0,70.9090909090909,False,0.8659078289838978,daily_makeup,
2018-02-25,0.0,5110.0,70.92297015961138,False,0.8659078289838978,daily_makeup,
2018-02-26,0.0,5111.0,70.93684941013186,False,0.8659078289838978,daily_makeup,
2018-02-27,0.0,5112.0,70.95072866065233,False,0.8659078289838978,daily_makeup,
2018-02-28,0.0,5113.0,70.96460791117279,False,0.8659078289838978,daily_makeup,
2018-03-01,0.0,5114.0,70.97848716169327,False,0.8659078289838978,daily_makeup,
2018-03-02,0.0,5115.0,70.99236641221374,False,0.8659078289838978,daily_makeup,
2018-03-03,0.0,5116.0,71.00624566273422,False,0.8659078289838978,daily_makeup,
2018-03-04,0.0,5117.0,71.02012491325469,False,0.8659078289838978,daily_makeup,
2018-03-05,0.0,5118.0,71.03400416377515,False,0.8659078289838978,daily_makeup,
2018-03-06,0.0,5119.0,71.04788341429563,False,0.8659078289838978,daily_makeup,
2018-03-07,0.0,5120.0,71.0617626648161,False,0.8659078289838978,daily_makeup,
2018-03-08,0.0,5121.0,71.07564191533658,False,0.8659078289838978,daily_makeup,
2018-03-09,0.0,5122.0,71.08952116585705,False,0.8659078289838978,daily_makeup,
2018-03-10,0.0,5123.0,71.10340041637751,False,0.8659078289838978,daily_makeup,
2018-03-11,0.0,5124.0,71.11727966689799,False,0.8659078289838978,daily_makeup,
2018-03-12,0.0,5125.0,71.13115891741846,False,0.8659078289838978,daily_makeup,
2018-03-13,0.0,5126.0,71.14503816793894,False,0.8659078289838978,daily_makeup,
2018-03-14,0.0,5127.0,71.15891741845941,False,0.8659078289838978,daily_makeup,
2018-03-15,0.0,5128.0,71.17279666897987,False,0.8659078289838978,daily_makeup,
2018-03-16,0.0,5129.0,71.18667591950035,False,0.8659078289838978,daily_makeup,
2018-03-17,0.0,5130.0,71.20055517002082,False,0.8659078289838978,daily_makeup,
2018-03-18,0.0,5131.0,71.2144344205413,False,0.8659078289838978,daily_makeup,
2018-03-19,0.0,5132.0,71.22831367106177,False,0.8659078289838978,daily_makeup,
2018-03-20,0.0,5133.0,71.24219292158223,False,0.8659078289838978,daily_makeup,
2018-03-21,0.0,5134.0,71.2560721721027,False,0.8659078289838978,daily_makeup,
2018-03-22,0.0,5135.0,71.26995142262318,False,0.8659078289838978,daily_makeup,
2018-03-23,0.0,5136.0,71.28383067314365,False,0.8659078289838978,daily_makeup,
2018-03-24,0.0,5137.0,71.29770992366412,False,0.8659078289838978,daily_makeup,
2018-03-25,0.0,5138.0,71.31158917418459,False,0.8659078289838978,daily_makeup,
2018-03-26,0.0,5139.0,71.32546842470506,False,0.8659078289838978,daily_makeup,
2018-03-27,0.0,5140.0,71.33934767522554,False,0.8659078289838978,daily_makeup,
2018-03-28,0.0,5141.0,71.35322692574601,False,0.8659078289838978,daily_makeup,
2018-03-29,0.0,5142.0,71.36710617626647,False,0.8659078289838978,daily_makeup,
2018-03-30,0.0,5143.0,71.38098542678695,False,0.8659078289838978,daily_makeup,
2018-03-31,0.0,5144.0,71.39486467730742,False,0.8659078289838978,daily_makeup,
2018-04-01,0.0,5145.0,71.4087439278279,False,0.8659078289838978,daily_makeup,
2018-04-02,0.0,5146.0,71.42262317834837,False,0.8659078289838978,daily_makeup,
2018-04-03,0.0,5147.0,71.43650242886883,False,0.8659078289838978,daily_makeup,
2018-04-04,0.0,5148.0,71.45038167938931,False,0.8659078289838978,daily_makeup,
2018-04-05,0.0,5149.0,71.46426092990978,False,0.8659078289838978,daily_makeup,
2018-04-06,0.0,5150.0,71.47814018043026,False,0.8659078289838978,daily_makeup,
2018-04-07,0.0,5151.0,71.49201943095073,False,0.8659078289838978,daily_makeup,
2018-04-08,0.0,5152.0,71.5058986814712,False,0.8659078289838978,daily_makeup,
2018-04-09,0.0,5153.0,71.51977793199167,False,0.8659078289838978,daily_makeup,
2018-04-10,0.0,5154.0,71.53365718251214,False,0.8659078289838978,daily_makeup,
2018-04-11,0.0,5155.0,71.54753643303262,False,0.8659078289838978,daily_makeup,
2018-04-12,0.0,5156.0,71.5614156835531,False,0.8659078289838978,daily_makeup,
2018-04-13,0.0,5157.0,71.57529493407355,False,0.8659078289838978,daily_makeup,
2018-04-14,0.0,5158.0,71.58917418459403,False,0.8659078289838978,daily_makeup,
2018-04-15,0.0,5159.0,71.6030534351145,False,0.8659078289838978,daily_makeup,
2018-04-16,0.0,5160.0,71.61693268563498,False,0.8659078289838978,daily_makeup,
2018-04-17,0.0,5161.0,71.63081193615545,False,0.8659078289838978,daily_makeup,
2018-04-18,0.0,5162.0,71.64469118667591,False,0.8659078289838978,daily_makeup,
2018-04-19,0.0,5163.0,71.65857043719639,False,0.8659078289838978,daily_makeup,
2018-04-20,0.0,5164.0,71.67244968771686,False,0.8659078289838978,daily_makeup,
2018-04-21,0.0,5165.0,71.68632893823734,False,0.8659078289838978,daily_makeup,
2018-04-22,0.0,5166.0,71.70020818875781,False,0.8659078289838978,daily_makeup,
2018-04-23,0.0,5167.0,71.71408743927827,False,0.8659078289838978,daily_makeup,
2018-04-24,0.0,5168.0,71.72796668979875,False,0.8659078289838978,daily_makeup,
2018-04-25,0.0,5169.0,71.74184594031922,False,0.8659078289838978,daily_makeup,
2018-04-26,0.0,5170.0,71.7557251908397,False,0.8659078289838978,daily_makeup,
2018-04-27,0.0,5171.0,71.76960444136017,False,0.8659078289838978,daily_makeup,
2018-04-28,0.0,5172.0,71.78348369188063,False,0.8659078289838978,daily_makeup,
2018-04-29,0.0,5173.0,71.79736294240111,False,0.8659078289838978,daily_makeup,
2018-04-30,0.0,5174.0,71.81124219292158,False,0.8659078289838978,daily_makeup,
2018-05-01,0.0,5175.0,71.82512144344206,False,0.8659078289838978,daily_makeup,
2018-05-02,0.0,5176.0,71.83900069396253,False,0.8659078289838978,daily_makeup,
2018-05-03,0.0,5177.0,71.85287994448299,False,0.8659078289838978,daily_makeup,
2018-05-04,0.0,5178.0,71.86675919500347,False,0.8659078289838978,daily_makeup,
2018-05-05,0.0,5179.0,71.88063844552394,False,0.8659078289838978,daily_makeup,
2018-05-06,0.0,5180.0,71.89451769604442,False,0.8659078289838978,daily_makeup,
2018-05-07,0.0,5181.0,71.90839694656489,False,0.8659078289838978,daily_makeup,
2018-05-08,0.0,5182.0,71.92227619708535,False,0.8659078289838978,daily_makeup,
2018-05-09,0.0,5183.0,71.93615544760583,False,0.8659078289838978,daily_makeup,
2018-05-10,0.0,5184.0,71.9500346981263,False,0.8659078289838978,daily_makeup,
2018-05-11,0.0,5185.0,71.96391394864678,False,0.8659078289838978,daily_makeup,
2018-05-12,0.0,5186.0,71.97779319916725,False,0.8659078289838978,daily_makeup,
2018-05-13,0.0,5187.0,71.99167244968771,False,0.8659078289838978,daily_makeup,
2018-05-14,0.0,5188.0,72.00555170020819,False,0.8659078289838978,daily_makeup,
2018-05-16,0.0,5189.0,72.01943095072866,False,0.8659078289838978,daily_makeup,
2018-05-17,0.0,5190.0,72.03331020124914,False,0.8659078289838978,daily_makeup,
2018-05-18,0.0,5191.0,72.04718945176961,False,0.8659078289838978,daily_makeup,
2018-05-19,0.0,5192.0,72.06106870229007,False,0.8659078289838978,daily_makeup,
2018-05-20,0.0,5193.0,72.07494795281055,False,0.8659078289838978,daily_makeup,
2018-05-21,0.0,5194.0,72.08882720333102,False,0.8659078289838978,daily_makeup,
2018-05-22,0.0,5195.0,72.1027064538515,False,0.8659078289838978,daily_makeup,
2018-05-23,0.0,5196.0,72.11658570437196,False,0.8659078289838978,daily_makeup,
2018-05-24,0.0,5197.0,72.13046495489243,False,0.8659078289838978,daily_makeup,
2018-05-25,0.0,5198.0,72.1443442054129,False,0.8659078289838978,daily_makeup,
2018-05-28,0.0,5199.0,72.15822345593338,False,0.8659078289838978,daily_makeup,
2018-05-30,0.0,5200.0,72.17210270645386,False,0.8659078289838978,daily_makeup,
2018-06-03,0.0,5201.0,72.18598195697432,False,0.8659078289838978,daily_makeup,
2018-06-04,0.0,5202.0,72.19986120749479,False,0.8659078289838978,daily_makeup,
2018-06-05,0.0,5203.0,72.21374045801527,False,0.8659078289838978,daily_makeup,
2018-06-06,0.0,5204.0,72.22761970853574,False,0.8659078289838978,daily_makeup,
2018-06-07,0.0,5205.0,72.24149895905622,False,0.8659078289838978,daily_makeup,
2018-06-08,0.0,5206.0,72.25537820957668,False,0.8659078289838978,daily_makeup,
2018-06-09,0.0,5207.0,72.26925746009715,False,0.8659078289838978,daily_makeup,
2018-06-10,0.0,5208.0,72.28313671061763,False,0.8659078289838978,daily_makeup,
2018-06-11,0.0,5209.0,72.2970159611381,False,0.8659078289838978,daily_makeup,
2018-06-12,0.0,5210.0,72.31089521165858,False,0.8659078289838978,daily_makeup,
2018-06-13,0.0,5211.0,72.32477446217904,False,0.8659078289838978,daily_makeup,
2018-06-15,0.0,5212.0,72.33865371269951,False,0.8659078289838978,daily_makeup,
2018-06-16,0.0,5213.0,72.35253296321999,False,0.8659078289838978,daily_makeup,
2018-06-17,0.0,5214.0,72.36641221374046,False,0.8659078289838978,daily_makeup,
2018-06-20,0.0,5215.0,72.38029146426094,False,0.8659078289838978,daily_makeup,
2018-06-21,0.0,5216.0,72.3941707147814,False,0.8659078289838978,daily_makeup,
2018-06-22,0.0,5217.0,72.40804996530187,False,0.8659078289838978,daily_makeup,
2018-06-23,0.0,5218.0,72.42192921582235,False,0.8659078289838978,daily_makeup,
2018-06-25,0.0,5219.0,72.43580846634282,False,0.8659078289838978,daily_makeup,
2018-06-26,0.0,5220.0,72.4496877168633,False,0.8659078289838978,daily_makeup,
2018-06-27,0.0,5221.0,72.46356696738376,False,0.8659078289838978,daily_makeup,
2018-07-07,0.0,5222.0,72.47744621790423,False,0.8659078289838978,daily_makeup,
2018-07-08,0.0,5223.0,72.4913254684247,False,0.8659078289838978,daily_makeup,
2018-07-09,0.0,5224.0,72.50520471894518,False,0.8659078289838978,daily_makeup,
2018-07-11,0.0,5225.0,72.51908396946565,False,0.8659078289838978,daily_makeup,
2018-07-12,0.0,5226.0,72.53296321998612,False,0.8659078289838978,daily_makeup,
2018-07-13,0.0,5227.0,72.54684247050659,False,0.8659078289838978,daily_makeup,
2018-07-14,0.0,5228.0,72.56072172102706,False,0.8659078289838978,daily_makeup,
2018-07-18,0.0,5229.0,72.57460097154754,False,0.8659078289838978,daily_makeup,
2018-07-19,0.0,5230.0,72.58848022206801,False,0.8659078289838978,daily_makeup,
2018-07-20,0.0,5231.0,72.60235947258847,False,0.8659078289838978,daily_makeup,
2018-07-21,0.0,5232.0,72.61623872310895,False,0.8659078289838978,daily_makeup,
2018-07-29,0.0,5233.0,72.63011797362942,False,0.8659078289838978,daily_makeup,
2018-07-30,0.0,5234.0,72.6439972241499,False,0.8659078289838978,daily_makeup,
2018-07-31,0.0,5235.0,72.65787647467037,False,0.8659078289838978,daily_makeup,
2018-08-19,0.0,5236.0,72.67175572519083,False,0.8659078289838978,daily_makeup,
2018-08-20,0.0,5237.0,72.68563497571131,False,0.8659078289838978,daily_makeup,
2018-08-21,0.0,5238.0,72.69951422623178,False,0.8659078289838978,daily_makeup,
2018-08-23,0.0,5239.0,72.71339347675226,False,0.8659078289838978,daily_makeup,
2018-08-24,0.0,5240.0,72.72727272727273,False,0.8659078289838978,daily_makeup,
2018-08-25,0.0,5241.0,72.7411519777932,False,0.8659078289838978,daily_makeup,
2018-08-31,0.0,5242.0,72.75503122831367,False,0.8659078289838978,daily_makeup,
2018-09-01,0.0,5243.0,72.76891047883414,False,0.8659078289838978,daily_makeup,
2018-09-08,0.0,5244.0,72.78278972935462,False,0.8659078289838978,daily_makeup,
2018-09-09,0.0,5245.0,72.7966689798751,False,0.8659078289838978,daily_makeup,
2018-09-10,0.0,5246.0,72.81054823039555,False,0.8659078289838978,daily_makeup,
2018-09-11,0.0,5247.0,72.82442748091603,False,0.8659078289838978,daily_makeup,
2018-09-14,0.0,5248.0,72.8383067314365,False,0.8659078289838978,daily_makeup,
2018-09-15,0.0,5249.0,72.85218598195698,False,0.8659078289838978,daily_makeup,
2018-09-16,0.0,5250.0,72.86606523247745,False,0.8659078289838978,daily_makeup,
2018-09-19,0.0,5251.0,72.87994448299791,False,0.8659078289838978,daily_makeup,
2018-09-20,0.0,5252.0,72.89382373351839,False,0.8659078289838978,daily_makeup,
2018-09-21,0.0,5253.0,72.90770298403886,False,0.8659078289838978,daily_makeup,
2018-09-22,0.0,5254.0,72.92158223455934,False,0.8659078289838978,daily_makeup,
2018-09-23,0.0,5255.0,72.9354614850798,False,0.8659078289838978,daily_makeup,
2018-09-24,0.0,5256.0,72.94934073560027,False,0.8659078289838978,daily_makeup,
2018-09-25,0.0,5257.0,72.96321998612075,False,0.8659078289838978,daily_makeup,
2018-09-27,0.0,5258.0,72.97709923664122,False,0.8659078289838978,daily_makeup,
2018-09-28,0.0,5259.0,72.9909784871617,False,0.8659078289838978,daily_makeup,
2018-09-29,0.0,5260.0,73.00485773768216,False,0.8659078289838978,daily_makeup,
2018-09-30,0.0,5261.0,73.01873698820263,False,0.8659078289838978,daily_makeup,
2018-10-01,0.0,5262.0,73.03261623872311,False,0.8659078289838978,daily_makeup,
2018-10-02,0.0,5263.0,73.04649548924358,False,0.8659078289838978,daily_makeup,
2018-10-03,0.0,5264.0,73.06037473976406,False,0.8659078289838978,daily_makeup,
2018-10-05,0.0,5265.0,73.07425399028452,False,0.8659078289838978,daily_makeup,
2018-10-06,0.0,5266.0,73.08813324080499,False,0.8659078289838978,daily_makeup,
2018-10-08,0.0,5267.0,73.10201249132547,False,0.8659078289838978,daily_makeup,
2018-10-12,0.0,5268.0,73.11589174184594,False,0.8659078289838978,daily_makeup,
2018-10-13,0.0,5269.0,73.12977099236642,False,0.8659078289838978,daily_makeup,
2018-10-14,0.0,5270.0,73.14365024288688,False,0.8659078289838978,daily_makeup,
2018-10-15,0.0,5271.0,73.15752949340735,False,0.8659078289838978,daily_makeup,
2018-10-16,0.0,5272.0,73.17140874392783,False,0.8659078289838978,daily_makeup,
2018-10-17,0.0,5273.0,73.1852879944483,False,0.8659078289838978,daily_makeup,
2018-10-18,0.0,5274.0,73.19916724496878,False,0.8659078289838978,daily_makeup,
2018-10-19,0.0,5275.0,73.21304649548924,False,0.8659078289838978,daily_makeup,
2018-10-20,0.0,5276.0,73.22692574600971,False,0.8659078289838978,daily_makeup,
2018-10-21,0.0,5277.0,73.24080499653019,False,0.8659078289838978,daily_makeup,
2018-10-22,0.0,5278.0,73.25468424705066,False,0.8659078289838978,daily_makeup,
2018-10-23,0.0,5279.0,73.26856349757114,False,0.8659078289838978,daily_makeup,
2018-10-24,0.0,5280.0,73.2824427480916,False,0.8659078289838978,daily_makeup,
2018-10-25,0.0,5281.0,73.29632199861207,False,0.8659078289838978,daily_makeup,
2018-10-26,0.0,5282.0,73.31020124913255,False,0.8659078289838978,daily_makeup,
2018-10-27,0.0,5283.0,73.32408049965302,False,0.8659078289838978,daily_makeup,
2018-10-28,0.0,5284.0,73.3379597501735,False,0.8659078289838978,daily_makeup,
2018-10-29,0.0,5285.0,73.35183900069396,False,0.8659078289838978,daily_makeup,
2018-10-30,0.0,5286.0,73.36571825121443,False,0.8659078289838978,daily_makeup,
2018-10-31,0.0,5287.0,73.3795975017349,False,0.8659078289838978,daily_makeup,
2018-11-01,0.0,5288.0,73.39347675225538,False,0.8659078289838978,daily_makeup,
2018-11-02,0.0,5289.0,73.40735600277586,False,0.8659078289838978,daily_makeup,
2018-11-03,0.0,5290.0,73.42123525329632,False,0.8659078289838978,daily_makeup,
2018-11-04,0.0,5291.0,73.43511450381679,False,0.8659078289838978,daily_makeup,
2018-11-05,0.0,5292.0,73.44899375433727,False,0.8659078289838978,daily_makeup,
2018-11-06,0.0,5293.0,73.46287300485774,False,0.8659078289838978,daily_makeup,
2018-11-07,0.0,5294.0,73.47675225537822,False,0.8659078289838978,daily_makeup,
2018-11-08,0.0,5295.0,73.49063150589868,False,0.8659078289838978,daily_makeup,
2018-11-09,0.0,5296.0,73.50451075641915,False,0.8659078289838978,daily_makeup,
2018-11-10,0.0,5297.0,73.51839000693963,False,0.8659078289838978,daily_makeup,
2018-11-11,0.0,5298.0,73.5322692574601,False,0.8659078289838978,daily_makeup,
2018-11-12,0.0,5299.0,73.54614850798058,False,0.8659078289838978,daily_makeup,
2018-11-13,0.0,5300.0,73.56002775850104,False,0.8659078289838978,daily_makeup,
2018-11-14,0.0,5301.0,73.57390700902151,False,0.8659078289838978,daily_makeup,
2018-11-15,0.0,5302.0,73.58778625954199,False,0.8659078289838978,daily_makeup,
2018-11-16,0.0,5303.0,73.60166551006246,False,0.8659078289838978,daily_makeup,
2018-11-17,0.0,5304.0,73.61554476058294,False,0.8659078289838978,daily_makeup,
2018-11-18,0.0,5305.0,73.6294240111034,False,0.8659078289838978,daily_makeup,
2018-11-19,0.0,5306.0,73.64330326162387,False,0.8659078289838978,daily_makeup,
2018-11-20,0.0,5307.0,73.65718251214435,False,0.8659078289838978,daily_makeup,
2018-11-21,0.0,5308.0,73.67106176266482,False,0.8659078289838978,daily_makeup,
2018-11-22,0.0,5309.0,73.6849410131853,False,0.8659078289838978,daily_makeup,
2018-11-23,0.0,5310.0,73.69882026370576,False,0.8659078289838978,daily_makeup,
2018-11-24,0.0,5311.0,73.71269951422623,False,0.8659078289838978,daily_makeup,
2018-11-25,0.0,5312.0,73.7265787647467,False,0.8659078289838978,daily_makeup,
2018-11-26,0.0,5313.0,73.74045801526718,False,0.8659078289838978,daily_makeup,
2018-11-27,0.0,5314.0,73.75433726578764,False,0.8659078289838978,daily_makeup,
2018-11-28,0.0,5315.0,73.76821651630812,False,0.8659078289838978,daily_makeup,
2018-11-29,0.0,5316.0,73.78209576682859,False,0.8659078289838978,daily_makeup,
2018-11-30,0.0,5317.0,73.79597501734906,False,0.8659078289838978,daily_makeup,
2018-12-01,0.0,5318.0,73.80985426786954,False,0.8659078289838978,daily_makeup,
2018-12-02,0.0,5319.0,73.82373351839,False,0.8659078289838978,daily_makeup,
2018-12-03,0.0,5320.0,73.83761276891047,False,0.8659078289838978,daily_makeup,
2018-12-04,0.0,5321.0,73.85149201943095,False,0.8659078289838978,daily_makeup,
2018-12-05,0.0,5322.0,73.86537126995142,False,0.8659078289838978,daily_makeup,
2018-12-06,0.0,5323.0,73.8792505204719,False,0.8659078289838978,daily_makeup,
2018-12-07,0.0,5324.0,73.89312977099236,False,0.8659078289838978,daily_makeup,
2018-12-08,0.0,5325.0,73.90700902151283,False,0.8659078289838978,daily_makeup,
2018-12-09,0.0,5326.0,73.92088827203331,False,0.8659078289838978,daily_makeup,
2018-12-10,0.0,5327.0,73.93476752255378,False,0.8659078289838978,daily_makeup,
2018-12-11,0.0,5328.0,73.94864677307426,False,0.8659078289838978,daily_makeup,
2018-12-12,0.0,5329.0,73.96252602359472,False,0.8659078289838978,daily_makeup,
2018-12-13,0.0,5330.0,73.9764052741152,False,0.8659078289838978,daily_makeup,
2018-12-14,0.0,5331.0,73.99028452463567,False,0.8659078289838978,daily_makeup,
2018-12-15,0.0,5332.0,74.00416377515614,False,0.8659078289838978,daily_makeup,
2018-12-16,0.0,5333.0,74.01804302567662,False,0.8659078289838978,daily_makeup,
2018-12-17,0.0,5334.0,74.03192227619708,False,0.8659078289838978,daily_makeup,
2018-12-18,0.0,5335.0,74.04580152671755,False,0.8659078289838978,daily_makeup,
2018-12-19,0.0,5336.0,74.05968077723803,False,0.8659078289838978,daily_makeup,
2018-12-20,0.0,5337.0,74.0735600277585,False,0.8659078289838978,daily_makeup,
2018-12-21,0.0,5338.0,74.08743927827898,False,0.8659078289838978,daily_makeup,
2018-12-22,0.0,5339.0,74.10131852879944,False,0.8659078289838978,daily_makeup,
2018-12-23,0.0,5340.0,74.11519777931991,False,0.8659078289838978,daily_makeup,
2018-12-24,0.0,5341.0,74.12907702984039,False,0.8659078289838978,daily_makeup,
2018-12-25,0.0,5342.0,74.14295628036086,False,0.8659078289838978,daily_makeup,
2018-12-26,0.0,5343.0,74.15683553088134,False,0.8659078289838978,daily_makeup,
2018-12-27,0.0,5344.0,74.1707147814018,False,0.8659078289838978,daily_makeup,
2018-12-28,0.0,5345.0,74.18459403192227,False,0.8659078289838978,daily_makeup,
2018-12-29,0.0,5346.0,74.19847328244275,False,0.8659078289838978,daily_makeup,
2018-12-30,0.0,5347.0,74.21235253296322,False,0.8659078289838978,daily_makeup,
2018-12-31,0.0,5348.0,74.2262317834837,False,0.8659078289838978,daily_makeup,
2019-01-01,0.0,5349.0,74.24011103400416,False,0.8659078289838978,daily_makeup,
2019-01-02,0.0,5350.0,74.25399028452463,False,0.8659078289838978,daily_makeup,
2019-01-03,0.0,5351.0,74.26786953504511,False,0.8659078289838978,daily_makeup,
2019-01-04,0.0,5352.0,74.28174878556558,False,0.8659078289838978,daily_makeup,
2019-01-05,0.0,5353.0,74.29562803608606,False,0.8659078289838978,daily_makeup,
2019-01-06,0.0,5354.0,74.30950728660652,False,0.8659078289838978,daily_makeup,
2019-01-07,0.0,5355.0,74.32338653712699,False,0.8659078289838978,daily_makeup,
2019-01-08,0.0,5356.0,74.33726578764747,False,0.8659078289838978,daily_makeup,
2019-01-09,0.0,5357.0,74.35114503816794,False,0.8659078289838978,daily_makeup,
2019-01-10,0.0,5358.0,74.36502428868842,False,0.8659078289838978,daily_makeup,
2019-01-11,0.0,5359.0,74.37890353920888,False,0.8659078289838978,daily_makeup,
2019-01-12,0.0,5360.0,74.39278278972935,False,0.8659078289838978,daily_makeup,
2019-01-13,0.0,5361.0,74.40666204024983,False,0.8659078289838978,daily_makeup,
2019-01-14,0.0,5362.0,74.4205412907703,False,0.8659078289838978,daily_makeup,
2019-01-15,0.0,5363.0,74.43442054129078,False,0.8659078289838978,daily_makeup,
2019-01-16,0.0,5364.0,74.44829979181124,False,0.8659078289838978,daily_makeup,
2019-01-17,0.0,5365.0,74.46217904233171,False,0.8659078289838978,daily_makeup,
2019-01-18,0.0,5366.0,74.47605829285219,False,0.8659078289838978,daily_makeup,
2019-01-19,0.0,5367.0,74.48993754337266,False,0.8659078289838978,daily_makeup,
2019-01-20,0.0,5368.0,74.50381679389314,False,0.8659078289838978,daily_makeup,
2019-01-21,0.0,5369.0,74.5176960444136,False,0.8659078289838978,daily_makeup,
2019-01-22,0.0,5370.0,74.53157529493407,False,0.8659078289838978,daily_makeup,
2019-01-23,0.0,5371.0,74.54545454545455,False,0.8659078289838978,daily_makeup,
2019-01-24,0.0,5372.0,74.55933379597502,False,0.8659078289838978,daily_makeup,
2019-01-25,0.0,5373.0,74.5732130464955,False,0.8659078289838978,daily_makeup,
2019-01-27,0.0,5374.0,74.58709229701596,False,0.8659078289838978,daily_makeup,
2019-01-28,0.0,5375.0,74.60097154753643,False,0.8659078289838978,daily_makeup,
2019-01-29,0.0,5376.0,74.6148507980569,False,0.8659078289838978,daily_makeup,
2019-01-30,0.0,5377.0,74.62873004857738,False,0.8659078289838978,daily_makeup,
2019-01-31,0.0,5378.0,74.64260929909784,False,0.8659078289838978,daily_makeup,
2019-02-01,0.0,5379.0,74.65648854961832,False,0.8659078289838978,daily_makeup,
2019-02-02,0.0,5380.0,74.67036780013879,False,0.8659078289838978,daily_makeup,
2019-02-03,0.0,5381.0,74.68424705065927,False,0.8659078289838978,daily_makeup,
2019-02-04,0.0,5382.0,74.69812630117974,False,0.8659078289838978,daily_makeup,
2019-02-05,0.0,5383.0,74.7120055517002,False,0.8659078289838978,daily_makeup,
2019-02-06,0.0,5384.0,74.72588480222068,False,0.8659078289838978,daily_makeup,
2019-02-07,0.0,5385.0,74.73976405274115,False,0.8659078289838978,daily_makeup,
2019-02-08,0.0,5386.0,74.75364330326163,False,0.8659078289838978,daily_makeup,
2019-02-09,0.0,5387.0,74.7675225537821,False,0.8659078289838978,daily_makeup,
2019-02-10,0.0,5388.0,74.78140180430256,False,0.8659078289838978,daily_makeup,
2019-02-11,0.0,5389.0,74.79528105482304,False,0.8659078289838978,daily_makeup,
2019-02-12,0.0,5390.0,74.80916030534351,False,0.8659078289838978,daily_makeup,
2019-02-13,0.0,5391.0,74.82303955586399,False,0.8659078289838978,daily_makeup,
2019-02-14,0.0,5392.0,74.83691880638446,False,0.8659078289838978,daily_makeup,
2019-02-15,0.0,5393.0,74.85079805690492,False,0.8659078289838978,daily_makeup,
2019-02-16,0.0,5394.0,74.8646773074254,False,0.8659078289838978,daily_makeup,
2019-02-17,0.0,5395.0,74.87855655794587,False,0.8659078289838978,daily_makeup,
2019-02-18,0.0,5396.0,74.89243580846635,False,0.8659078289838978,daily_makeup,
2019-02-19,0.0,5397.0,74.90631505898682,False,0.8659078289838978,daily_makeup,
2019-02-20,0.0,5398.0,74.92019430950728,False,0.8659078289838978,daily_makeup,
2019-02-21,0.0,5399.0,74.93407356002776,False,0.8659078289838978,daily_makeup,
2019-02-22,0.0,5400.0,74.94795281054823,False,0.8659078289838978,daily_makeup,
2019-02-23,0.0,5401.0,74.9618320610687,False,0.8659078289838978,daily_makeup,
2019-02-24,0.0,5402.0,74.97571131158918,False,0.8659078289838978,daily_makeup,
2019-02-25,0.0,5403.0,74.98959056210964,False,0.8659078289838978,daily_makeup,
2019-02-26,0.0,5404.0,75.00346981263012,False,0.8659078289838978,daily_makeup,
2019-02-27,0.0,5405.0,75.01734906315059,False,0.8659078289838978,daily_makeup,
2019-02-28,0.0,5406.0,75.03122831367106,False,0.8659078289838978,daily_makeup,
2019-03-01,0.0,5407.0,75.04510756419154,False,0.8659078289838978,daily_makeup,
2019-03-02,0.0,5408.0,75.058986814712,False,0.8659078289838978,daily_makeup,
2019-03-03,0.0,5409.0,75.07286606523247,False,0.8659078289838978,daily_makeup,
2019-03-04,0.0,5410.0,75.08674531575295,False,0.8659078289838978,daily_makeup,
2019-03-05,0.0,5411.0,75.10062456627342,False,0.8659078289838978,daily_makeup,
2019-03-06,0.0,5412.0,75.1145038167939,False,0.8659078289838978,daily_makeup,
2019-03-07,0.0,5413.0,75.12838306731436,False,0.8659078289838978,daily_makeup,
2019-03-08,0.0,5414.0,75.14226231783483,False,0.8659078289838978,daily_makeup,
2019-03-09,0.0,5415.0,75.15614156835531,False,0.8659078289838978,daily_makeup,
2019-03-10,0.0,5416.0,75.17002081887578,False,0.8659078289838978,daily_makeup,
2019-03-11,0.0,5417.0,75.18390006939626,False,0.8659078289838978,daily_makeup,
2019-03-12,0.0,5418.0,75.19777931991672,False,0.8659078289838978,daily_makeup,
2019-03-13,0.0,5419.0,75.2116585704372,False,0.8659078289838978,daily_makeup,
2019-03-14,0.0,5420.0,75.22553782095767,False,0.8659078289838978,daily_makeup,
2019-03-15,0.0,5421.0,75.23941707147814,False,0.8659078289838978,daily_makeup,
2019-03-16,0.0,5422.0,75.25329632199862,False,0.8659078289838978,daily_makeup,
2019-03-17,0.0,5423.0,75.26717557251908,False,0.8659078289838978,daily_makeup,
2019-03-18,0.0,5424.0,75.28105482303955,False,0.8659078289838978,daily_makeup,
2019-03-19,0.0,5425.0,75.29493407356003,False,0.8659078289838978,daily_makeup,
2019-03-20,0.0,5426.0,75.3088133240805,False,0.8659078289838978,daily_makeup,
2019-03-21,0.0,5427.0,75.32269257460098,False,0.8659078289838978,daily_makeup,
2019-03-22,0.0,5428.0,75.33657182512144,False,0.8659078289838978,daily_makeup,
2019-03-23,0.0,5429.0,75.35045107564191,False,0.8659078289838978,daily_makeup,
2019-03-24,0.0,5430.0,75.36433032616239,False,0.8659078289838978,daily_makeup,
2019-03-25,0.0,5431.0,75.37820957668286,False,0.8659078289838978,daily_makeup,
2019-03-26,0.0,5432.0,75.39208882720334,False,0.8659078289838978,daily_makeup,
2019-03-27,0.0,5433.0,75.4059680777238,False,0.8659078289838978,daily_makeup,
2019-03-28,0.0,5434.0,75.41984732824427,False,0.8659078289838978,daily_makeup,
2019-03-29,0.0,5435.0,75.43372657876475,False,0.8659078289838978,daily_makeup,
2019-03-30,0.0,5436.0,75.44760582928522,False,0.8659078289838978,daily_makeup,
2019-03-31,0.0,5437.0,75.46148507980568,False,0.8659078289838978,daily_makeup,
2019-04-01,0.0,5438.0,75.47536433032616,False,0.8659078289838978,daily_makeup,
2019-04-02,0.0,5439.0,75.48924358084663,False,0.8659078289838978,daily_makeup,
2019-04-03,0.0,5440.0,75.50312283136711,False,0.8659078289838978,daily_makeup,
2019-04-04,0.0,5441.0,75.51700208188758,False,0.8659078289838978,daily_makeup,
2019-04-05,0.0,5442.0,75.53088133240804,False,0.8659078289838978,daily_makeup,
2019-04-06,0.0,5443.0,75.54476058292852,False,0.8659078289838978,daily_makeup,
2019-04-07,0.0,5444.0,75.55863983344899,False,0.8659078289838978,daily_makeup,
2019-04-08,0.0,5445.0,75.57251908396947,False,0.8659078289838978,daily_makeup,
2019-04-09,0.0,5446.0,75.58639833448994,False,0.8659078289838978,daily_makeup,
2019-04-10,0.0,5447.0,75.6002775850104,False,0.8659078289838978,daily_makeup,
2019-04-11,0.0,5448.0,75.61415683553088,False,0.8659078289838978,daily_makeup,
2019-04-12,0.0,5449.0,75.62803608605135,False,0.8659078289838978,daily_makeup,
2019-04-13,0.0,5450.0,75.64191533657183,False,0.8659078289838978,daily_makeup,
2019-04-14,0.0,5451.0,75.6557945870923,False,0.8659078289838978,daily_makeup,
2019-04-15,0.0,5452.0,75.66967383761276,False,0.8659078289838978,daily_makeup,
2019-04-16,0.0,5453.0,75.68355308813324,False,0.8659078289838978,daily_makeup,
2019-04-17,0.0,5454.0,75.69743233865371,False,0.8659078289838978,daily_makeup,
2019-04-18,0.0,5455.0,75.71131158917419,False,0.8659078289838978,daily_makeup,
2019-04-19,0.0,5456.0,75.72519083969466,False,0.8659078289838978,daily_makeup,
2019-04-20,0.0,5457.0,75.73907009021512,False,0.8659078289838978,daily_makeup,
2019-04-21,0.0,5458.0,75.7529493407356,False,0.8659078289838978,daily_makeup,
2019-04-22,0.0,5459.0,75.76682859125607,False,0.8659078289838978,daily_makeup,
2019-04-23,0.0,5460.0,75.78070784177655,False,0.8659078289838978,daily_makeup,
2019-04-24,0.0,5461.0,75.79458709229702,False,0.8659078289838978,daily_makeup,
2019-04-25,0.0,5462.0,75.80846634281748,False,0.8659078289838978,daily_makeup,
2019-04-26,0.0,5463.0,75.82234559333796,False,0.8659078289838978,daily_makeup,
2019-04-27,0.0,5464.0,75.83622484385843,False,0.8659078289838978,daily_makeup,
2019-04-28,0.0,5465.0,75.8501040943789,False,0.8659078289838978,daily_makeup,
2019-04-29,0.0,5466.0,75.86398334489938,False,0.8659078289838978,daily_makeup,
2019-04-30,0.0,5467.0,75.87786259541984,False,0.8659078289838978,daily_makeup,
2019-05-01,0.0,5468.0,75.89174184594032,False,0.8659078289838978,daily_makeup,
2019-05-02,0.0,5469.0,75.90562109646079,False,0.8659078289838978,daily_makeup,
2019-05-03,0.0,5470.0,75.91950034698127,False,0.8659078289838978,daily_makeup,
2019-05-04,0.0,5471.0,75.93337959750174,False,0.8659078289838978,daily_makeup,
2019-05-05,0.0,5472.0,75.9472588480222,False,0.8659078289838978,daily_makeup,
2019-05-06,0.0,5473.0,75.96113809854268,False,0.8659078289838978,daily_makeup,
2019-05-07,0.0,5474.0,75.97501734906315,False,0.8659078289838978,daily_makeup,
2019-05-08,0.0,5475.0,75.98889659958363,False,0.8659078289838978,daily_makeup,
2019-05-09,0.0,5476.0,76.0027758501041,False,0.8659078289838978,daily_makeup,
2019-05-10,0.0,5477.0,76.01665510062456,False,0.8659078289838978,daily_makeup,
2019-05-11,0.0,5478.0,76.03053435114504,False,0.8659078289838978,daily_makeup,
2019-05-12,0.0,5479.0,76.04441360166551,False,0.8659078289838978,daily_makeup,
2019-05-13,0.0,5480.0,76.05829285218599,False,0.8659078289838978,daily_makeup,
2019-05-14,0.0,5481.0,76.07217210270646,False,0.8659078289838978,daily_makeup,
2019-05-15,0.0,5482.0,76.08605135322692,False,0.8659078289838978,daily_makeup,
2019-05-16,0.0,5483.0,76.0999306037474,False,0.8659078289838978,daily_makeup,
2019-05-17,0.0,5484.0,76.11380985426787,False,0.8659078289838978,daily_makeup,
2019-05-18,0.0,5485.0,76.12768910478835,False,0.8659078289838978,daily_makeup,
2019-05-20,0.0,5486.0,76.14156835530882,False,0.8659078289838978,daily_makeup,
2019-05-21,0.0,5487.0,76.15544760582928,False,0.8659078289838978,daily_makeup,
2019-05-22,0.0,5488.0,76.16932685634976,False,0.8659078289838978,daily_makeup,
2019-05-23,0.0,5489.0,76.18320610687023,False,0.8659078289838978,daily_makeup,
2019-05-24,0.0,5490.0,76.1970853573907,False,0.8659078289838978,daily_makeup,
2019-05-25,0.0,5491.0,76.21096460791118,False,0.8659078289838978,daily_makeup,
2019-05-26,0.0,5492.0,76.22484385843164,False,0.8659078289838978,daily_makeup,
2019-05-27,0.0,5493.0,76.23872310895212,False,0.8659078289838978,daily_makeup,
2019-05-28,0.0,5494.0,76.25260235947259,False,0.8659078289838978,daily_makeup,
2019-05-29,0.0,5495.0,76.26648160999306,False,0.8659078289838978,daily_makeup,
2019-05-30,0.0,5496.0,76.28036086051353,False,0.8659078289838978,daily_makeup,
2019-05-31,0.0,5497.0,76.294240111034,False,0.8659078289838978,daily_makeup,
2019-06-01,0.0,5498.0,76.30811936155447,False,0.8659078289838978,daily_makeup,
2019-06-02,0.0,5499.0,76.32199861207495,False,0.8659078289838978,daily_makeup,
2019-06-03,0.0,5500.0,76.33587786259542,False,0.8659078289838978,daily_makeup,
2019-06-04,0.0,5501.0,76.34975711311588,False,0.8659078289838978,daily_makeup,
2019-06-05,0.0,5502.0,76.36363636363636,False,0.8659078289838978,daily_makeup,
2019-06-06,0.0,5503.0,76.37751561415683,False,0.8659078289838978,daily_makeup,
2019-06-07,0.0,5504.0,76.39139486467731,False,0.8659078289838978,daily_makeup,
2019-06-08,0.0,5505.0,76.40527411519778,False,0.8659078289838978,daily_makeup,
2019-06-09,0.0,5506.0,76.41915336571824,False,0.8659078289838978,daily_makeup,
2019-06-10,0.0,5507.0,76.43303261623872,False,0.8659078289838978,daily_makeup,
2019-06-11,0.0,5508.0,76.4469118667592,False,0.8659078289838978,daily_makeup,
2019-06-12,0.0,5509.0,76.46079111727967,False,0.8659078289838978,daily_makeup,
2019-06-13,0.0,5510.0,76.47467036780014,False,0.8659078289838978,daily_makeup,
2019-06-14,0.0,5511.0,76.4885496183206,False,0.8659078289838978,daily_makeup,
2019-06-15,0.0,5512.0,76.50242886884108,False,0.8659078289838978,daily_makeup,
2019-06-16,0.0,5513.0,76.51630811936155,False,0.8659078289838978,daily_makeup,
2019-06-17,0.0,5514.0,76.53018736988203,False,0.8659078289838978,daily_makeup,
2019-06-19,0.0,5515.0,76.5440666204025,False,0.8659078289838978,daily_makeup,
2019-06-21,0.0,5516.0,76.55794587092296,False,0.8659078289838978,daily_makeup,
2019-06-22,0.0,5517.0,76.57182512144344,False,0.8659078289838978,daily_makeup,
2019-06-23,0.0,5518.0,76.58570437196391,False,0.8659078289838978,daily_makeup,
2019-06-26,0.0,5519.0,76.59958362248439,False,0.8659078289838978,daily_makeup,
2019-06-27,0.0,5520.0,76.61346287300486,False,0.8659078289838978,daily_makeup,
2019-06-30,0.0,5521.0,76.62734212352532,False,0.8659078289838978,daily_makeup,
2019-07-01,0.0,5522.0,76.6412213740458,False,0.8659078289838978,daily_makeup,
2019-07-08,0.0,5523.0,76.65510062456627,False,0.8659078289838978,daily_makeup,
2019-07-09,0.0,5524.0,76.66897987508675,False,0.8659078289838978,daily_makeup,
2019-07-13,0.0,5525.0,76.68285912560722,False,0.8659078289838978,daily_makeup,
2019-07-15,0.0,5526.0,76.69673837612768,False,0.8659078289838978,daily_makeup,
2019-07-24,0.0,5527.0,76.71061762664816,False,0.8659078289838978,daily_makeup,
2019-07-25,0.0,5528.0,76.72449687716863,False,0.8659078289838978,daily_makeup,
2019-07-26,0.0,5529.0,76.73837612768911,False,0.8659078289838978,daily_makeup,
2019-07-27,0.0,5530.0,76.75225537820958,False,0.8659078289838978,daily_makeup,
2019-08-02,0.0,5531.0,76.76613462873004,False,0.8659078289838978,daily_makeup,
2019-08-04,0.0,5532.0,76.78001387925052,False,0.8659078289838978,daily_makeup,
2019-08-05,0.0,5533.0,76.79389312977099,False,0.8659078289838978,daily_makeup,
2019-08-09,0.0,5534.0,76.80777238029147,False,0.8659078289838978,daily_makeup,
2019-08-10,0.0,5535.0,76.82165163081194,False,0.8659078289838978,daily_makeup,
2019-08-11,0.0,5536.0,76.8355308813324,False,0.8659078289838978,daily_makeup,
2019-08-12,0.0,5537.0,76.84941013185288,False,0.8659078289838978,daily_makeup,
2019-08-15,0.0,5538.0,76.86328938237335,False,0.8659078289838978,daily_makeup,
2019-08-23,0.0,5539.0,76.87716863289383,False,0.8659078289838978,daily_makeup,
2019-08-24,0.0,5540.0,76.8910478834143,False,0.8659078289838978,daily_makeup,
2019-08-25,0.0,5541.0,76.90492713393476,False,0.8659078289838978,daily_makeup,
2019-08-26,0.0,5542.0,76.91880638445524,False,0.8659078289838978,daily_makeup,
2019-08-27,0.0,5543.0,76.93268563497571,False,0.8659078289838978,daily_makeup,
2019-08-28,0.0,5544.0,76.94656488549619,False,0.8659078289838978,daily_makeup,
2019-08-29,0.0,5545.0,76.96044413601666,False,0.8659078289838978,daily_makeup,
2019-08-30,0.0,5546.0,76.97432338653712,False,0.8659078289838978,daily_makeup,
2019-08-31,0.0,5547.0,76.9882026370576,False,0.8659078289838978,daily_makeup,
2019-09-01,0.0,5548.0,77.00208188757807,False,0.8659078289838978,daily_makeup,
2019-09-03,0.0,5549.0,77.01596113809855,False,0.8659078289838978,daily_makeup,
2019-09-05,0.0,5550.0,77.02984038861902,False,0.8659078289838978,daily_makeup,
2019-09-06,0.0,5551.0,77.04371963913948,False,0.8659078289838978,daily_makeup,
2019-09-07,0.0,5552.0,77.05759888965996,False,0.8659078289838978,daily_makeup,
2019-09-08,0.0,5553.0,77.07147814018043,False,0.8659078289838978,daily_makeup,
2019-09-09,0.0,5554.0,77.0853573907009,False,0.8659078289838978,daily_makeup,
2019-09-10,0.0,5555.0,77.09923664122137,False,0.8659078289838978,daily_makeup,
2019-09-13,0.0,5556.0,77.11311589174184,False,0.8659078289838978,daily_makeup,
2019-09-14,0.0,5557.0,77.12699514226232,False,0.8659078289838978,daily_makeup,
2019-09-15,0.0,5558.0,77.14087439278279,False,0.8659078289838978,daily_makeup,
2019-09-16,0.0,5559.0,77.15475364330327,False,0.8659078289838978,daily_makeup,
2019-09-17,0.0,5560.0,77.16863289382373,False,0.8659078289838978,daily_makeup,
2019-09-18,0.0,5561.0,77.1825121443442,False,0.8659078289838978,daily_makeup,
2019-09-19,0.0,5562.0,77.19639139486468,False,0.8659078289838978,daily_makeup,
2019-09-20,0.0,5563.0,77.21027064538515,False,0.8659078289838978,daily_makeup,
2019-09-21,0.0,5564.0,77.22414989590563,False,0.8659078289838978,daily_makeup,
2019-09-22,0.0,5565.0,77.23802914642609,False,0.8659078289838978,daily_makeup,
2019-09-24,0.0,5566.0,77.25190839694656,False,0.8659078289838978,daily_makeup,
2019-09-25,0.0,5567.0,77.26578764746704,False,0.8659078289838978,daily_makeup,
2019-09-26,0.0,5568.0,77.27966689798751,False,0.8659078289838978,daily_makeup,
2019-09-27,0.0,5569.0,77.29354614850799,False,0.8659078289838978,daily_makeup,
2019-09-29,0.0,5570.0,77.30742539902845,False,0.8659078289838978,daily_makeup,
2019-09-30,0.0,5571.0,77.32130464954892,False,0.8659078289838978,daily_makeup,
2019-10-01,0.0,5572.0,77.3351839000694,False,0.8659078289838978,daily_makeup,
2019-10-03,0.0,5573.0,77.34906315058987,False,0.8659078289838978,daily_makeup,
2019-10-04,0.0,5574.0,77.36294240111035,False,0.8659078289838978,daily_makeup,
2019-10-05,0.0,5575.0,77.3768216516308,False,0.8659078289838978,daily_makeup,
2019-10-06,0.0,5576.0,77.39070090215128,False,0.8659078289838978,daily_makeup,
2019-10-07,0.0,5577.0,77.40458015267176,False,0.8659078289838978,daily_makeup,
2019-10-08,0.0,5578.0,77.41845940319223,False,0.8659078289838978,daily_makeup,
2019-10-09,0.0,5579.0,77.4323386537127,False,0.8659078289838978,daily_makeup,
2019-10-10,0.0,5580.0,77.44621790423317,False,0.8659078289838978,daily_makeup,
2019-10-11,0.0,5581.0,77.46009715475364,False,0.8659078289838978,daily_makeup,
2019-10-12,0.0,5582.0,77.47397640527412,False,0.8659078289838978,daily_makeup,
2019-10-13,0.0,5583.0,77.48785565579459,False,0.8659078289838978,daily_makeup,
2019-10-14,0.0,5584.0,77.50173490631506,False,0.8659078289838978,daily_makeup,
2019-10-15,0.0,5585.0,77.51561415683553,False,0.8659078289838978,daily_makeup,
2019-10-16,0.0,5586.0,77.529493407356,False,0.8659078289838978,daily_makeup,
2019-10-17,0.0,5587.0,77.54337265787647,False,0.8659078289838978,daily_makeup,
2019-10-18,0.0,5588.0,77.55725190839695,False,0.8659078289838978,daily_makeup,
2019-10-19,0.0,5589.0,77.57113115891742,False,0.8659078289838978,daily_makeup,
2019-10-20,0.0,5590.0,77.58501040943788,False,0.8659078289838978,daily_makeup,
2019-10-21,0.0,5591.0,77.59888965995836,False,0.8659078289838978,daily_makeup,
2019-10-22,0.0,5592.0,77.61276891047883,False,0.8659078289838978,daily_makeup,
2019-10-23,0.0,5593.0,77.62664816099931,False,0.8659078289838978,daily_makeup,
2019-10-24,0.0,5594.0,77.64052741151978,False,0.8659078289838978,daily_makeup,
2019-10-25,0.0,5595.0,77.65440666204024,False,0.8659078289838978,daily_makeup,
2019-10-26,0.0,5596.0,77.66828591256072,False,0.8659078289838978,daily_makeup,
2019-10-27,0.0,5597.0,77.6821651630812,False,0.8659078289838978,daily_makeup,
2019-10-28,0.0,5598.0,77.69604441360167,False,0.8659078289838978,daily_makeup,
2019-10-29,0.0,5599.0,77.70992366412214,False,0.8659078289838978,daily_makeup,
2019-10-30,0.0,5600.0,77.7238029146426,False,0.8659078289838978,daily_makeup,
2019-10-31,0.0,5601.0,77.73768216516308,False,0.8659078289838978,daily_makeup,
2019-11-01,0.0,5602.0,77.75156141568355,False,0.8659078289838978,daily_makeup,
2019-11-02,0.0,5603.0,77.76544066620403,False,0.8659078289838978,daily_makeup,
2019-11-03,0.0,5604.0,77.7793199167245,False,0.8659078289838978,daily_makeup,
2019-11-04,0.0,5605.0,77.79319916724496,False,0.8659078289838978,daily_makeup,
2019-11-05,0.0,5606.0,77.80707841776544,False,0.8659078289838978,daily_makeup,
2019-11-06,0.0,5607.0,77.82095766828591,False,0.8659078289838978,daily_makeup,
2019-11-07,0.0,5608.0,77.83483691880639,False,0.8659078289838978,daily_makeup,
2019-11-08,0.0,5609.0,77.84871616932686,False,0.8659078289838978,daily_makeup,
2019-11-09,0.0,5610.0,77.86259541984732,False,0.8659078289838978,daily_makeup,
2019-11-10,0.0,5611.0,77.8764746703678,False,0.8659078289838978,daily_makeup,
2019-11-11,0.0,5612.0,77.89035392088827,False,0.8659078289838978,daily_makeup,
2019-11-12,0.0,5613.0,77.90423317140875,False,0.8659078289838978,daily_makeup,
2019-11-13,0.0,5614.0,77.91811242192921,False,0.8659078289838978,daily_makeup,
2019-11-14,0.0,5615.0,77.93199167244968,False,0.8659078289838978,daily_makeup,
2019-11-15,0.0,5616.0,77.94587092297016,False,0.8659078289838978,daily_makeup,
2019-11-16,0.0,5617.0,77.95975017349063,False,0.8659078289838978,daily_makeup,
2019-11-17,0.0,5618.0,77.97362942401111,False,0.8659078289838978,daily_makeup,
2019-11-18,0.0,5619.0,77.98750867453157,False,0.8659078289838978,daily_makeup,
2019-11-19,0.0,5620.0,78.00138792505204,False,0.8659078289838978,daily_makeup,
2019-11-20,0.0,5621.0,78.01526717557252,False,0.8659078289838978,daily_makeup,
2019-11-21,0.0,5622.0,78.02914642609299,False,0.8659078289838978,daily_makeup,
2019-11-22,0.0,5623.0,78.04302567661347,False,0.8659078289838978,daily_makeup,
2019-11-23,0.0,5624.0,78.05690492713393,False,0.8659078289838978,daily_makeup,
2019-11-24,0.0,5625.0,78.0707841776544,False,0.8659078289838978,daily_makeup,
2019-11-25,0.0,5626.0,78.08466342817488,False,0.8659078289838978,daily_makeup,
2019-11-26,0.0,5627.0,78.09854267869535,False,0.8659078289838978,daily_makeup,
2019-11-27,0.0,5628.0,78.11242192921583,False,0.8659078289838978,daily_makeup,
2019-11-28,0.0,5629.0,78.12630117973629,False,0.8659078289838978,daily_makeup,
2019-11-29,0.0,5630.0,78.14018043025676,False,0.8659078289838978,daily_makeup,
2019-11-30,0.0,5631.0,78.15405968077724,False,0.8659078289838978,daily_makeup,
2019-12-01,0.0,5632.0,78.16793893129771,False,0.8659078289838978,daily_makeup,
2019-12-02,0.0,5633.0,78.18181818181819,False,0.8659078289838978,daily_makeup,
2019-12-03,0.0,5634.0,78.19569743233865,False,0.8659078289838978,daily_makeup,
2019-12-04,0.0,5635.0,78.20957668285912,False,0.8659078289838978,daily_makeup,
2019-12-05,0.0,5636.0,78.2234559333796,False,0.8659078289838978,daily_makeup,
2019-12-06,0.0,5637.0,78.23733518390007,False,0.8659078289838978,daily_makeup,
2019-12-07,0.0,5638.0,78.25121443442055,False,0.8659078289838978,daily_makeup,
2019-12-08,0.0,5639.0,78.26509368494101,False,0.8659078289838978,daily_makeup,
2019-12-09,0.0,5640.0,78.27897293546148,False,0.8659078289838978,daily_makeup,
2019-12-10,0.0,5641.0,78.29285218598196,False,0.8659078289838978,daily_makeup,
2019-12-11,0.0,5642.0,78.30673143650243,False,0.8659078289838978,daily_makeup,
2019-12-12,0.0,5643.0,78.3206106870229,False,0.8659078289838978,daily_makeup,
2019-12-13,0.0,5644.0,78.33448993754337,False,0.8659078289838978,daily_makeup,
2019-12-14,0.0,5645.0,78.34836918806384,False,0.8659078289838978,daily_makeup,
2019-12-15,0.0,5646.0,78.36224843858432,False,0.8659078289838978,daily_makeup,
2019-12-16,0.0,5647.0,78.37612768910479,False,0.8659078289838978,daily_makeup,
2019-12-17,0.0,5648.0,78.39000693962527,False,0.8659078289838978,daily_makeup,
2019-12-18,0.0,5649.0,78.40388619014573,False,0.8659078289838978,daily_makeup,
2019-12-19,0.0,5650.0,78.4177654406662,False,0.8659078289838978,daily_makeup,
2019-12-20,0.0,5651.0,78.43164469118668,False,0.8659078289838978,daily_makeup,
2019-12-21,0.0,5652.0,78.44552394170715,False,0.8659078289838978,daily_makeup,
2019-12-22,0.0,5653.0,78.45940319222763,False,0.8659078289838978,daily_makeup,
2019-12-23,0.0,5654.0,78.47328244274809,False,0.8659078289838978,daily_makeup,
2019-12-24,0.0,5655.0,78.48716169326856,False,0.8659078289838978,daily_makeup,
2019-12-25,0.0,5656.0,78.50104094378904,False,0.8659078289838978,daily_makeup,
2019-12-26,0.0,5657.0,78.51492019430951,False,0.8659078289838978,daily_makeup,
2019-12-27,0.0,5658.0,78.52879944482999,False,0.8659078289838978,daily_makeup,
2019-12-28,0.0,5659.0,78.54267869535045,False,0.8659078289838978,daily_makeup,
2019-12-29,0.0,5660.0,78.55655794587092,False,0.8659078289838978,daily_makeup,
2019-12-30,0.0,5661.0,78.5704371963914,False,0.8659078289838978,daily_makeup,
2019-12-31,0.0,5662.0,78.58431644691187,False,0.8659078289838978,daily_makeup,
2020-01-01,0.0,5663.0,78.59819569743235,False,0.8659078289838978,daily_makeup,
2020-01-02,0.0,5664.0,78.6120749479528,False,0.8659078289838978,daily_makeup,
2020-01-03,0.0,5665.0,78.62595419847328,False,0.8659078289838978,daily_makeup,
2020-01-04,0.0,5666.0,78.63983344899376,False,0.8659078289838978,daily_makeup,
2020-01-05,0.0,5667.0,78.65371269951423,False,0.8659078289838978,daily_makeup,
2020-01-06,0.0,5668.0,78.6675919500347,False,0.8659078289838978,daily_makeup,
2020-01-07,0.0,5669.0,78.68147120055517,False,0.8659078289838978,daily_makeup,
2020-01-08,0.0,5670.0,78.69535045107564,False,0.8659078289838978,daily_makeup,
2020-01-09,0.0,5671.0,78.70922970159612,False,0.8659078289838978,daily_makeup,
2020-01-10,0.0,5672.0,78.72310895211659,False,0.8659078289838978,daily_makeup,
2020-01-11,0.0,5673.0,78.73698820263706,False,0.8659078289838978,daily_makeup,
2020-01-12,0.0,5674.0,78.75086745315753,False,0.8659078289838978,daily_makeup,
2020-01-13,0.0,5675.0,78.764746703678,False,0.8659078289838978,daily_makeup,
2020-01-14,0.0,5676.0,78.77862595419847,False,0.8659078289838978,daily_makeup,
2020-01-15,0.0,5677.0,78.79250520471895,False,0.8659078289838978,daily_makeup,
2020-01-16,0.0,5678.0,78.80638445523941,False,0.8659078289838978,daily_makeup,
2020-01-17,0.0,5679.0,78.82026370575988,False,0.8659078289838978,daily_makeup,
2020-01-18,0.0,5680.0,78.83414295628036,False,0.8659078289838978,daily_makeup,
2020-01-19,0.0,5681.0,78.84802220680083,False,0.8659078289838978,daily_makeup,
2020-01-20,0.0,5682.0,78.86190145732131,False,0.8659078289838978,daily_makeup,
2020-01-21,0.0,5683.0,78.87578070784177,False,0.8659078289838978,daily_makeup,
2020-01-22,0.0,5684.0,78.88965995836224,False,0.8659078289838978,daily_makeup,
2020-01-23,0.0,5685.0,78.90353920888272,False,0.8659078289838978,daily_makeup,
2020-01-24,0.0,5686.0,78.9174184594032,False,0.8659078289838978,daily_makeup,
2020-01-25,0.0,5687.0,78.93129770992367,False,0.8659078289838978,daily_makeup,
2020-01-26,0.0,5688.0,78.94517696044413,False,0.8659078289838978,daily_makeup,
2020-01-27,0.0,5689.0,78.9590562109646,False,0.8659078289838978,daily_makeup,
2020-01-28,0.0,5690.0,78.97293546148508,False,0.8659078289838978,daily_makeup,
2020-01-29,0.0,5691.0,78.98681471200555,False,0.8659078289838978,daily_makeup,
2020-01-30,0.0,5692.0,79.00069396252603,False,0.8659078289838978,daily_makeup,
2020-01-31,0.0,5693.0,79.01457321304649,False,0.8659078289838978,daily_makeup,
2020-02-01,0.0,5694.0,79.02845246356696,False,0.8659078289838978,daily_makeup,
2020-02-02,0.0,5695.0,79.04233171408744,False,0.8659078289838978,daily_makeup,
2020-02-03,0.0,5696.0,79.05621096460791,False,0.8659078289838978,daily_makeup,
2020-02-04,0.0,5697.0,79.07009021512839,False,0.8659078289838978,daily_makeup,
2020-02-05,0.0,5698.0,79.08396946564885,False,0.8659078289838978,daily_makeup,
2020-02-06,0.0,5699.0,79.09784871616932,False,0.8659078289838978,daily_makeup,
2020-02-07,0.0,5700.0,79.1117279666898,False,0.8659078289838978,daily_makeup,
2020-02-08,0.0,5701.0,79.12560721721027,False,0.8659078289838978,daily_makeup,
2020-02-09,0.0,5702.0,79.13948646773075,False,0.8659078289838978,daily_makeup,
2020-02-10,0.0,5703.0,79.15336571825121,False,0.8659078289838978,daily_makeup,
2020-02-11,0.0,5704.0,79.16724496877168,False,0.8659078289838978,daily_makeup,
2020-02-12,0.0,5705.0,79.18112421929216,False,0.8659078289838978,daily_makeup,
2020-02-13,0.0,5706.0,79.19500346981263,False,0.8659078289838978,daily_makeup,
2020-02-14,0.0,5707.0,79.20888272033311,False,0.8659078289838978,daily_makeup,
2020-02-15,0.0,5708.0,79.22276197085357,False,0.8659078289838978,daily_makeup,
2020-02-16,0.0,5709.0,79.23664122137404,False,0.8659078289838978,daily_makeup,
2020-02-17,0.0,5710.0,79.25052047189452,False,0.8659078289838978,daily_makeup,
2020-02-18,0.0,5711.0,79.26439972241499,False,0.8659078289838978,daily_makeup,
2020-02-19,0.0,5712.0,79.27827897293547,False,0.8659078289838978,daily_makeup,
2020-02-20,0.0,5713.0,79.29215822345593,False,0.8659078289838978,daily_makeup,
2020-02-21,0.0,5714.0,79.3060374739764,False,0.8659078289838978,daily_makeup,
2020-02-22,0.0,5715.0,79.31991672449688,False,0.8659078289838978,daily_makeup,
2020-02-23,0.0,5716.0,79.33379597501735,False,0.8659078289838978,daily_makeup,
2020-02-24,0.0,5717.0,79.34767522553783,False,0.8659078289838978,daily_makeup,
2020-02-25,0.0,5718.0,79.36155447605829,False,0.8659078289838978,daily_makeup,
2020-02-26,0.0,5719.0,79.37543372657876,False,0.8659078289838978,daily_makeup,
2020-02-27,0.0,5720.0,79.38931297709924,False,0.8659078289838978,daily_makeup,
2020-02-28,0.0,5721.0,79.40319222761971,False,0.8659078289838978,daily_makeup,
2020-02-29,0.0,5722.0,79.41707147814019,False,0.8659078289838978,daily_makeup,
2020-03-01,0.0,5723.0,79.43095072866065,False,0.8659078289838978,daily_makeup,
2020-03-02,0.0,5724.0,79.44482997918112,False,0.8659078289838978,daily_makeup,
2020-03-03,0.0,5725.0,79.4587092297016,False,0.8659078289838978,daily_makeup,
2020-03-04,0.0,5726.0,79.47258848022207,False,0.8659078289838978,daily_makeup,
2020-03-05,0.0,5727.0,79.48646773074255,False,0.8659078289838978,daily_makeup,
2020-03-06,0.0,5728.0,79.50034698126301,False,0.8659078289838978,daily_makeup,
2020-03-07,0.0,5729.0,79.51422623178348,False,0.8659078289838978,daily_makeup,
2020-03-08,0.0,5730.0,79.52810548230396,False,0.8659078289838978,daily_makeup,
2020-03-09,0.0,5731.0,79.54198473282443,False,0.8659078289838978,daily_makeup,
2020-03-10,0.0,5732.0,79.5558639833449,False,0.8659078289838978,daily_makeup,
2020-03-11,0.0,5733.0,79.56974323386537,False,0.8659078289838978,daily_makeup,
2020-03-12,0.0,5734.0,79.58362248438584,False,0.8659078289838978,daily_makeup,
2020-03-13,0.0,5735.0,79.59750173490632,False,0.8659078289838978,daily_makeup,
2020-03-14,0.0,5736.0,79.61138098542679,False,0.8659078289838978,daily_makeup,
2020-03-15,0.0,5737.0,79.62526023594725,False,0.8659078289838978,daily_makeup,
2020-03-16,0.0,5738.0,79.63913948646773,False,0.8659078289838978,daily_makeup,
2020-03-17,0.0,5739.0,79.6530187369882,False,0.8659078289838978,daily_makeup,
2020-03-18,0.0,5740.0,79.66689798750868,False,0.8659078289838978,daily_makeup,
2020-03-19,0.0,5741.0,79.68077723802915,False,0.8659078289838978,daily_makeup,
2020-03-20,0.0,5742.0,79.69465648854961,False,0.8659078289838978,daily_makeup,
2020-03-21,0.0,5743.0,79.70853573907009,False,0.8659078289838978,daily_makeup,
2020-03-22,0.0,5744.0,79.72241498959056,False,0.8659078289838978,daily_makeup,
2020-03-23,0.0,5745.0,79.73629424011104,False,0.8659078289838978,daily_makeup,
2020-03-24,0.0,5746.0,79.75017349063151,False,0.8659078289838978,daily_makeup,
2020-03-25,0.0,5747.0,79.76405274115197,False,0.8659078289838978,daily_makeup,
2020-03-26,0.0,5748.0,79.77793199167245,False,0.8659078289838978,daily_makeup,
2020-03-27,0.0,5749.0,79.79181124219292,False,0.8659078289838978,daily_makeup,
2020-03-28,0.0,5750.0,79.8056904927134,False,0.8659078289838978,daily_makeup,
2020-03-29,0.0,5751.0,79.81956974323387,False,0.8659078289838978,daily_makeup,
2020-03-30,0.0,5752.0,79.83344899375433,False,0.8659078289838978,daily_makeup,
2020-03-31,0.0,5753.0,79.8473282442748,False,0.8659078289838978,daily_makeup,
2020-04-01,0.0,5754.0,79.86120749479528,False,0.8659078289838978,daily_makeup,
2020-04-02,0.0,5755.0,79.87508674531576,False,0.8659078289838978,daily_makeup,
2020-04-03,0.0,5756.0,79.88896599583623,False,0.8659078289838978,daily_makeup,
2020-04-04,0.0,5757.0,79.90284524635669,False,0.8659078289838978,daily_makeup,
2020-04-05,0.0,5758.0,79.91672449687717,False,0.8659078289838978,daily_makeup,
2020-04-06,0.0,5759.0,79.93060374739764,False,0.8659078289838978,daily_makeup,
2020-04-07,0.0,5760.0,79.94448299791812,False,0.8659078289838978,daily_makeup,
2020-04-08,0.0,5761.0,79.95836224843859,False,0.8659078289838978,daily_makeup,
2020-04-09,0.0,5762.0,79.97224149895905,False,0.8659078289838978,daily_makeup,
2020-04-10,0.0,5763.0,79.98612074947953,False,0.8659078289838978,daily_makeup,
2020-04-11,0.0,5764.0,80.0,False,0.8659078289838978,daily_makeup,
2020-04-12,0.0,5765.0,80.01387925052047,False,0.8659078289838978,daily_makeup,
2020-04-13,0.0,5766.0,80.02775850104095,False,0.8659078289838978,daily_makeup,
2020-04-14,0.0,5767.0,80.04163775156141,False,0.8659078289838978,daily_makeup,
2020-04-15,0.0,5768.0,80.05551700208188,False,0.8659078289838978,daily_makeup,
2020-04-16,0.0,5769.0,80.06939625260236,False,0.8659078289838978,daily_makeup,
2020-04-17,0.0,5770.0,80.08327550312283,False,0.8659078289838978,daily_makeup,
2020-04-18,0.0,5771.0,80.09715475364331,False,0.8659078289838978,daily_makeup,
2020-04-19,0.0,5772.0,80.11103400416377,False,0.8659078289838978,daily_makeup,
2020-04-20,0.0,5773.0,80.12491325468424,False,0.8659078289838978,daily_makeup,
2020-04-21,0.0,5774.0,80.13879250520472,False,0.8659078289838978,daily_makeup,
2020-04-22,0.0,5775.0,80.1526717557252,False,0.8659078289838978,daily_makeup,
2020-04-23,0.0,5776.0,80.16655100624567,False,0.8659078289838978,daily_makeup,
2020-04-24,0.0,5777.0,80.18043025676613,False,0.8659078289838978,daily_makeup,
2020-04-25,0.0,5778.0,80.1943095072866,False,0.8659078289838978,daily_makeup,
2020-04-26,0.0,5779.0,80.20818875780708,False,0.8659078289838978,daily_makeup,
2020-04-27,0.0,5780.0,80.22206800832755,False,0.8659078289838978,daily_makeup,
2020-04-28,0.0,5781.0,80.23594725884803,False,0.8659078289838978,daily_makeup,
2020-04-29,0.0,5782.0,80.24982650936849,False,0.8659078289838978,daily_makeup,
2020-04-30,0.0,5783.0,80.26370575988896,False,0.8659078289838978,daily_makeup,
2020-05-01,0.0,5784.0,80.27758501040944,False,0.8659078289838978,daily_makeup,
2020-05-02,0.0,5785.0,80.29146426092991,False,0.8659078289838978,daily_makeup,
2020-05-03,0.0,5786.0,80.30534351145039,False,0.8659078289838978,daily_makeup,
2020-05-04,0.0,5787.0,80.31922276197085,False,0.8659078289838978,daily_makeup,
2020-05-05,0.0,5788.0,80.33310201249132,False,0.8659078289838978,daily_makeup,
2020-05-06,0.0,5789.0,80.3469812630118,False,0.8659078289838978,daily_makeup,
2020-05-07,0.0,5790.0,80.36086051353227,False,0.8659078289838978,daily_makeup,
2020-05-08,0.0,5791.0,80.37473976405275,False,0.8659078289838978,daily_makeup,
2020-05-09,0.0,5792.0,80.38861901457321,False,0.8659078289838978,daily_makeup,
2020-05-10,0.0,5793.0,80.40249826509368,False,0.8659078289838978,daily_makeup,
2020-05-11,0.0,5794.0,80.41637751561416,False,0.8659078289838978,daily_makeup,
2020-05-12,0.0,5795.0,80.43025676613463,False,0.8659078289838978,daily_makeup,
2020-05-13,0.0,5796.0,80.4441360166551,False,0.8659078289838978,daily_makeup,
2020-05-14,0.0,5797.0,80.45801526717557,False,0.8659078289838978,daily_makeup,
2020-05-15,0.0,5798.0,80.47189451769604,False,0.8659078289838978,daily_makeup,
2020-05-16,0.0,5799.0,80.48577376821652,False,0.8659078289838978,daily_makeup,
2020-05-17,0.0,5800.0,80.49965301873699,False,0.8659078289838978,daily_makeup,
2020-05-18,0.0,5801.0,80.51353226925745,False,0.8659078289838978,daily_makeup,
2020-05-19,0.0,5802.0,80.52741151977793,False,0.8659078289838978,daily_makeup,
2020-05-20,0.0,5803.0,80.5412907702984,False,0.8659078289838978,daily_makeup,
2020-05-21,0.0,5804.0,80.55517002081888,False,0.8659078289838978,daily_makeup,
2020-05-22,0.0,5805.0,80.56904927133935,False,0.8659078289838978,daily_makeup,
2020-05-23,0.0,5806.0,80.58292852185981,False,0.8659078289838978,daily_makeup,
2020-05-24,0.0,5807.0,80.59680777238029,False,0.8659078289838978,daily_makeup,
2020-05-25,0.0,5808.0,80.61068702290076,False,0.8659078289838978,daily_makeup,
2020-05-26,0.0,5809.0,80.62456627342124,False,0.8659078289838978,daily_makeup,
2020-05-27,0.0,5810.0,80.63844552394171,False,0.8659078289838978,daily_makeup,
2020-05-30,0.0,5811.0,80.65232477446217,False,0.8659078289838978,daily_makeup,
2020-05-31,0.0,5812.0,80.66620402498265,False,0.8659078289838978,daily_makeup,
2020-06-01,0.0,5813.0,80.68008327550312,False,0.8659078289838978,daily_makeup,
2020-06-02,0.0,5814.0,80.6939625260236,False,0.8659078289838978,daily_makeup,
2020-06-07,0.0,5815.0,80.70784177654407,False,0.8659078289838978,daily_makeup,
2020-06-08,0.0,5816.0,80.72172102706453,False,0.8659078289838978,daily_makeup,
2020-06-09,0.0,5817.0,80.73560027758501,False,0.8659078289838978,daily_makeup,
2020-06-12,0.0,5818.0,80.74947952810548,False,0.8659078289838978,daily_makeup,
2020-06-13,0.0,5819.0,80.76335877862596,False,0.8659078289838978,daily_makeup,
2020-06-14,0.0,5820.0,80.77723802914643,False,0.8659078289838978,daily_makeup,
2020-06-15,0.0,5821.0,80.79111727966689,False,0.8659078289838978,daily_makeup,
2020-06-16,0.0,5822.0,80.80499653018737,False,0.8659078289838978,daily_makeup,
2020-06-17,0.0,5823.0,80.81887578070784,False,0.8659078289838978,daily_makeup,
2020-06-18,0.0,5824.0,80.83275503122832,False,0.8659078289838978,daily_makeup,
2020-06-19,0.0,5825.0,80.84663428174879,False,0.8659078289838978,daily_makeup,
2020-06-20,0.0,5826.0,80.86051353226925,False,0.8659078289838978,daily_makeup,
2020-06-24,0.0,5827.0,80.87439278278973,False,0.8659078289838978,daily_makeup,
2020-06-25,0.0,5828.0,80.8882720333102,False,0.8659078289838978,daily_makeup,
2020-06-26,0.0,5829.0,80.90215128383068,False,0.8659078289838978,daily_makeup,
2020-06-29,0.0,5830.0,80.91603053435115,False,0.8659078289838978,daily_makeup,
2020-06-30,0.0,5831.0,80.92990978487161,False,0.8659078289838978,daily_makeup,
2020-07-01,0.0,5832.0,80.94378903539209,False,0.8659078289838978,daily_makeup,
2020-07-12,0.0,5833.0,80.95766828591256,False,0.8659078289838978,daily_makeup,
2020-07-13,0.0,5834.0,80.97154753643304,False,0.8659078289838978,daily_makeup,
2020-07-14,0.0,5835.0,80.98542678695351,False,0.8659078289838978,daily_makeup,
2020-07-16,0.0,5836.0,80.99930603747397,False,0.8659078289838978,daily_makeup,
2020-08-05,0.0,5837.0,81.01318528799445,False,0.8659078289838978,daily_makeup,
2020-08-06,0.0,5838.0,81.02706453851492,False,0.8659078289838978,daily_makeup,
2020-08-07,0.0,5839.0,81.0409437890354,False,0.8659078289838978,daily_makeup,
2020-08-15,0.0,5840.0,81.05482303955587,False,0.8659078289838978,daily_makeup,
2020-08-16,0.0,5841.0,81.06870229007633,False,0.8659078289838978,daily_makeup,
2020-08-17,0.0,5842.0,81.0825815405968,False,0.8659078289838978,daily_makeup,
2020-08-18,0.0,5843.0,81.09646079111728,False,0.8659078289838978,daily_makeup,
2020-08-19,0.0,5844.0,81.11034004163776,False,0.8659078289838978,daily_makeup,
2020-08-20,0.0,5845.0,81.12421929215823,False,0.8659078289838978,daily_makeup,
2020-08-21,0.0,5846.0,81.13809854267869,False,0.8659078289838978,daily_makeup,
2020-08-26,0.0,5847.0,81.15197779319917,False,0.8659078289838978,daily_makeup,
2020-08-30,0.0,5848.0,81.16585704371964,False,0.8659078289838978,daily_makeup,
2020-08-31,0.0,5849.0,81.17973629424012,False,0.8659078289838978,daily_makeup,
2020-09-01,0.0,5850.0,81.19361554476059,False,0.8659078289838978,daily_makeup,
2020-09-12,0.0,5851.0,81.20749479528105,False,0.8659078289838978,daily_makeup,
2020-09-13,0.0,5852.0,81.22137404580153,False,0.8659078289838978,daily_makeup,
2020-09-14,0.0,5853.0,81.235253296322,False,0.8659078289838978,daily_makeup,
2020-09-15,0.0,5854.0,81.24913254684247,False,0.8659078289838978,daily_makeup,
2020-09-16,0.0,5855.0,81.26301179736294,False,0.8659078289838978,daily_makeup,
2020-09-17,0.0,5856.0,81.27689104788341,False,0.8659078289838978,daily_makeup,
2020-09-18,0.0,5857.0,81.29077029840388,False,0.8659078289838978,daily_makeup,
2020-09-19,0.0,5858.0,81.30464954892436,False,0.8659078289838978,daily_makeup,
2020-09-20,0.0,5859.0,81.31852879944483,False,0.8659078289838978,daily_makeup,
2020-09-21,0.0,5860.0,81.3324080499653,False,0.8659078289838978,daily_makeup,
2020-09-22,0.0,5861.0,81.34628730048577,False,0.8659078289838978,daily_makeup,
2020-09-23,0.0,5862.0,81.36016655100624,False,0.8659078289838978,daily_makeup,
2020-09-24,0.0,5863.0,81.37404580152672,False,0.8659078289838978,daily_makeup,
2020-09-25,0.0,5864.0,81.3879250520472,False,0.8659078289838978,daily_makeup,
2020-09-26,0.0,5865.0,81.40180430256765,False,0.8659078289838978,daily_makeup,
2020-09-27,0.0,5866.0,81.41568355308813,False,0.8659078289838978,daily_makeup,
2020-09-28,0.0,5867.0,81.4295628036086,False,0.8659078289838978,daily_makeup,
2020-09-29,0.0,5868.0,81.44344205412908,False,0.8659078289838978,daily_makeup,
2020-09-30,0.0,5869.0,81.45732130464955,False,0.8659078289838978,daily_makeup,
2020-10-01,0.0,5870.0,81.47120055517001,False,0.8659078289838978,daily_makeup,
2020-10-02,0.0,5871.0,81.48507980569049,False,0.8659078289838978,daily_makeup,
2020-10-03,0.0,5872.0,81.49895905621096,False,0.8659078289838978,daily_makeup,
2020-10-04,0.0,5873.0,81.51283830673144,False,0.8659078289838978,daily_makeup,
2020-10-05,0.0,5874.0,81.52671755725191,False,0.8659078289838978,daily_makeup,
2020-10-06,0.0,5875.0,81.54059680777237,False,0.8659078289838978,daily_makeup,
2020-10-07,0.0,5876.0,81.55447605829285,False,0.8659078289838978,daily_makeup,
2020-10-08,0.0,5877.0,81.56835530881332,False,0.8659078289838978,daily_makeup,
2020-10-09,0.0,5878.0,81.5822345593338,False,0.8659078289838978,daily_makeup,
2020-10-10,0.0,5879.0,81.59611380985427,False,0.8659078289838978,daily_makeup,
2020-10-11,0.0,5880.0,81.60999306037473,False,0.8659078289838978,daily_makeup,
2020-10-12,0.0,5881.0,81.62387231089521,False,0.8659078289838978,daily_makeup,
2020-10-13,0.0,5882.0,81.63775156141568,False,0.8659078289838978,daily_makeup,
2020-10-14,0.0,5883.0,81.65163081193616,False,0.8659078289838978,daily_makeup,
2020-10-15,0.0,5884.0,81.66551006245663,False,0.8659078289838978,daily_makeup,
2020-10-16,0.0,5885.0,81.6793893129771,False,0.8659078289838978,daily_makeup,
2020-10-17,0.0,5886.0,81.69326856349757,False,0.8659078289838978,daily_makeup,
2020-10-18,0.0,5887.0,81.70714781401804,False,0.8659078289838978,daily_makeup,
2020-10-19,0.0,5888.0,81.72102706453852,False,0.8659078289838978,daily_makeup,
2020-10-20,0.0,5889.0,81.73490631505899,False,0.8659078289838978,daily_makeup,
2020-10-21,0.0,5890.0,81.74878556557945,False,0.8659078289838978,daily_makeup,
2020-10-22,0.0,5891.0,81.76266481609993,False,0.8659078289838978,daily_makeup,
2020-10-23,0.0,5892.0,81.7765440666204,False,0.8659078289838978,daily_makeup,
2020-10-24,0.0,5893.0,81.79042331714088,False,0.8659078289838978,daily_makeup,
2020-10-25,0.0,5894.0,81.80430256766135,False,0.8659078289838978,daily_makeup,
2020-10-26,0.0,5895.0,81.81818181818181,False,0.8659078289838978,daily_makeup,
2020-10-27,0.0,5896.0,81.83206106870229,False,0.8659078289838978,daily_makeup,
2020-10-28,0.0,5897.0,81.84594031922276,False,0.8659078289838978,daily_makeup,
2020-10-29,0.0,5898.0,81.85981956974324,False,0.8659078289838978,daily_makeup,
2020-10-30,0.0,5899.0,81.87369882026371,False,0.8659078289838978,daily_makeup,
2020-10-31,0.0,5900.0,81.88757807078417,False,0.8659078289838978,daily_makeup,
2020-11-01,0.0,5901.0,81.90145732130465,False,0.8659078289838978,daily_makeup,
2020-11-02,0.0,5902.0,81.91533657182512,False,0.8659078289838978,daily_makeup,
2020-11-03,0.0,5903.0,81.9292158223456,False,0.8659078289838978,daily_makeup,
2020-11-04,0.0,5904.0,81.94309507286607,False,0.8659078289838978,daily_makeup,
2020-11-05,0.0,5905.0,81.95697432338653,False,0.8659078289838978,daily_makeup,
2020-11-06,0.0,5906.0,81.97085357390701,False,0.8659078289838978,daily_makeup,
2020-11-07,0.0,5907.0,81.98473282442748,False,0.8659078289838978,daily_makeup,
2020-11-08,0.0,5908.0,81.99861207494796,False,0.8659078289838978,daily_makeup,
2020-11-09,0.0,5909.0,82.01249132546843,False,0.8659078289838978,daily_makeup,
2020-11-10,0.0,5910.0,82.02637057598889,False,0.8659078289838978,daily_makeup,
2020-11-11,0.0,5911.0,82.04024982650937,False,0.8659078289838978,daily_makeup,
2020-11-12,0.0,5912.0,82.05412907702984,False,0.8659078289838978,daily_makeup,
2020-11-13,0.0,5913.0,82.06800832755032,False,0.8659078289838978,daily_makeup,
2020-11-14,0.0,5914.0,82.08188757807079,False,0.8659078289838978,daily_makeup,
2020-11-15,0.0,5915.0,82.09576682859125,False,0.8659078289838978,daily_makeup,
2020-11-16,0.0,5916.0,82.10964607911173,False,0.8659078289838978,daily_makeup,
2020-11-17,0.0,5917.0,82.1235253296322,False,0.8659078289838978,daily_makeup,
2020-11-18,0.0,5918.0,82.13740458015268,False,0.8659078289838978,daily_makeup,
2020-11-19,0.0,5919.0,82.15128383067314,False,0.8659078289838978,daily_makeup,
2020-11-20,0.0,5920.0,82.16516308119361,False,0.8659078289838978,daily_makeup,
2020-11-21,0.0,5921.0,82.17904233171409,False,0.8659078289838978,daily_makeup,
2020-11-22,0.0,5922.0,82.19292158223456,False,0.8659078289838978,daily_makeup,
2020-11-23,0.0,5923.0,82.20680083275504,False,0.8659078289838978,daily_makeup,
2020-11-24,0.0,5924.0,82.2206800832755,False,0.8659078289838978,daily_makeup,
2020-11-25,0.0,5925.0,82.23455933379597,False,0.8659078289838978,daily_makeup,
2020-11-26,0.0,5926.0,82.24843858431645,False,0.8659078289838978,daily_makeup,
2020-11-27,0.0,5927.0,82.26231783483692,False,0.8659078289838978,daily_makeup,
2020-11-28,0.0,5928.0,82.2761970853574,False,0.8659078289838978,daily_makeup,
2020-11-29,0.0,5929.0,82.29007633587786,False,0.8659078289838978,daily_makeup,
2020-11-30,0.0,5930.0,82.30395558639833,False,0.8659078289838978,daily_makeup,
2020-12-01,0.0,5931.0,82.3178348369188,False,0.8659078289838978,daily_makeup,
2020-12-02,0.0,5932.0,82.33171408743928,False,0.8659078289838978,daily_makeup,
2020-12-03,0.0,5933.0,82.34559333795976,False,0.8659078289838978,daily_makeup,
2020-12-04,0.0,5934.0,82.35947258848022,False,0.8659078289838978,daily_makeup,
2020-12-05,0.0,5935.0,82.37335183900069,False,0.8659078289838978,daily_makeup,
2020-12-06,0.0,5936.0,82.38723108952117,False,0.8659078289838978,daily_makeup,
2020-12-07,0.0,5937.0,82.40111034004164,False,0.8659078289838978,daily_makeup,
2020-12-08,0.0,5938.0,82.41498959056212,False,0.8659078289838978,daily_makeup,
2020-12-09,0.0,5939.0,82.42886884108258,False,0.8659078289838978,daily_makeup,
2020-12-10,0.0,5940.0,82.44274809160305,False,0.8659078289838978,daily_makeup,
2020-12-11,0.0,5941.0,82.45662734212353,False,0.8659078289838978,daily_makeup,
2020-12-12,0.0,5942.0,82.470506592644,False,0.8659078289838978,daily_makeup,
2020-12-13,0.0,5943.0,82.48438584316447,False,0.8659078289838978,daily_makeup,
2020-12-14,0.0,5944.0,82.49826509368494,False,0.8659078289838978,daily_makeup,
2020-12-15,0.0,5945.0,82.51214434420541,False,0.8659078289838978,daily_makeup,
2020-12-16,0.0,5946.0,82.52602359472588,False,0.8659078289838978,daily_makeup,
2020-12-17,0.0,5947.0,82.53990284524636,False,0.8659078289838978,daily_makeup,
2020-12-18,0.0,5948.0,82.55378209576683,False,0.8659078289838978,daily_makeup,
2020-12-19,0.0,5949.0,82.5676613462873,False,0.8659078289838978,daily_makeup,
2020-12-20,0.0,5950.0,82.58154059680777,False,0.8659078289838978,daily_makeup,
2020-12-21,0.0,5951.0,82.59541984732824,False,0.8659078289838978,daily_makeup,
2020-12-22,0.0,5952.0,82.60929909784872,False,0.8659078289838978,daily_makeup,
2020-12-23,0.0,5953.0,82.6231783483692,False,0.8659078289838978,daily_makeup,
2020-12-24,0.0,5954.0,82.63705759888965,False,0.8659078289838978,daily_makeup,
2020-12-25,0.0,5955.0,82.65093684941013,False,0.8659078289838978,daily_makeup,
2020-12-26,0.0,5956.0,82.6648160999306,False,0.8659078289838978,daily_makeup,
2020-12-27,0.0,5957.0,82.67869535045108,False,0.8659078289838978,daily_makeup,
2020-12-28,0.0,5958.0,82.69257460097155,False,0.8659078289838978,daily_makeup,
2020-12-29,0.0,5959.0,82.70645385149201,False,0.8659078289838978,daily_makeup,
2020-12-30,0.0,5960.0,82.72033310201249,False,0.8659078289838978,daily_makeup,
2020-12-31,0.0,5961.0,82.73421235253296,False,0.8659078289838978,daily_makeup,
2021-01-01,0.0,5962.0,82.74809160305344,False,0.8659078289838978,daily_makeup,
2021-01-02,0.0,5963.0,82.76197085357391,False,0.8659078289838978,daily_makeup,
2021-01-03,0.0,5964.0,82.77585010409437,False,0.8659078289838978,daily_makeup,
2021-01-04,0.0,5965.0,82.78972935461485,False,0.8659078289838978,daily_makeup,
2021-01-05,0.0,5966.0,82.80360860513532,False,0.8659078289838978,daily_makeup,
2021-01-06,0.0,5967.0,82.8174878556558,False,0.8659078289838978,daily_makeup,
2021-01-07,0.0,5968.0,82.83136710617627,False,0.8659078289838978,daily_makeup,
2021-01-08,0.0,5969.0,82.84524635669673,False,0.8659078289838978,daily_makeup,
2021-01-09,0.0,5970.0,82.85912560721721,False,0.8659078289838978,daily_makeup,
2021-01-10,0.0,5971.0,82.87300485773768,False,0.8659078289838978,daily_makeup,
2021-01-11,0.0,5972.0,82.88688410825816,False,0.8659078289838978,daily_makeup,
2021-01-12,0.0,5973.0,82.90076335877863,False,0.8659078289838978,daily_makeup,
2021-01-13,0.0,5974.0,82.9146426092991,False,0.8659078289838978,daily_makeup,
2021-01-14,0.0,5975.0,82.92852185981957,False,0.8659078289838978,daily_makeup,
2021-01-15,0.0,5976.0,82.94240111034004,False,0.8659078289838978,daily_makeup,
2021-01-16,0.0,5977.0,82.95628036086052,False,0.8659078289838978,daily_makeup,
2021-01-17,0.0,5978.0,82.97015961138098,False,0.8659078289838978,daily_makeup,
2021-01-18,0.0,5979.0,82.98403886190145,False,0.8659078289838978,daily_makeup,
2021-01-19,0.0,5980.0,82.99791811242193,False,0.8659078289838978,daily_makeup,
2021-01-20,0.0,5981.0,83.0117973629424,False,0.8659078289838978,daily_makeup,
2021-01-21,0.0,5982.0,83.02567661346288,False,0.8659078289838978,daily_makeup,
2021-01-22,0.0,5983.0,83.03955586398334,False,0.8659078289838978,daily_makeup,
2021-01-23,0.0,5984.0,83.05343511450381,False,0.8659078289838978,daily_makeup,
2021-01-24,0.0,5985.0,83.06731436502429,False,0.8659078289838978,daily_makeup,
2021-01-25,0.0,5986.0,83.08119361554476,False,0.8659078289838978,daily_makeup,
2021-01-26,0.0,5987.0,83.09507286606524,False,0.8659078289838978,daily_makeup,
2021-01-27,0.0,5988.0,83.1089521165857,False,0.8659078289838978,daily_makeup,
2021-01-28,0.0,5989.0,83.12283136710617,False,0.8659078289838978,daily_makeup,
2021-01-29,0.0,5990.0,83.13671061762665,False,0.8659078289838978,daily_makeup,
2021-01-30,0.0,5991.0,83.15058986814712,False,0.8659078289838978,daily_makeup,
2021-01-31,0.0,5992.0,83.1644691186676,False,0.8659078289838978,daily_makeup,
2021-02-01,0.0,5993.0,83.17834836918806,False,0.8659078289838978,daily_makeup,
2021-02-02,0.0,5994.0,83.19222761970853,False,0.8659078289838978,daily_makeup,
2021-02-03,0.0,5995.0,83.20610687022901,False,0.8659078289838978,daily_makeup,
2021-02-04,0.0,5996.0,83.21998612074948,False,0.8659078289838978,daily_makeup,
2021-02-05,0.0,5997.0,83.23386537126996,False,0.8659078289838978,daily_makeup,
2021-02-06,0.0,5998.0,83.24774462179042,False,0.8659078289838978,daily_makeup,
2021-02-07,0.0,5999.0,83.26162387231089,False,0.8659078289838978,daily_makeup,
2021-02-08,0.0,6000.0,83.27550312283137,False,0.8659078289838978,daily_makeup,
2021-02-09,0.0,6001.0,83.28938237335184,False,0.8659078289838978,daily_makeup,
2021-02-10,0.0,6002.0,83.30326162387232,False,0.8659078289838978,daily_makeup,
2021-02-11,0.0,6003.0,83.31714087439278,False,0.8659078289838978,daily_makeup,
2021-02-12,0.0,6004.0,83.33102012491325,False,0.8659078289838978,daily_makeup,
2021-02-13,0.0,6005.0,83.34489937543373,False,0.8659078289838978,daily_makeup,
2021-02-14,0.0,6006.0,83.3587786259542,False,0.8659078289838978,daily_makeup,
2021-02-15,0.0,6007.0,83.37265787647468,False,0.8659078289838978,daily_makeup,
2021-02-16,0.0,6008.0,83.38653712699514,False,0.8659078289838978,daily_makeup,
2021-02-17,0.0,6009.0,83.40041637751561,False,0.8659078289838978,daily_makeup,
2021-02-18,0.0,6010.0,83.41429562803609,False,0.8659078289838978,daily_makeup,
2021-02-19,0.0,6011.0,83.42817487855656,False,0.8659078289838978,daily_makeup,
2021-02-20,0.0,6012.0,83.44205412907704,False,0.8659078289838978,daily_makeup,
2021-02-21,0.0,6013.0,83.4559333795975,False,0.8659078289838978,daily_makeup,
2021-02-22,0.0,6014.0,83.46981263011797,False,0.8659078289838978,daily_makeup,
2021-02-23,0.0,6015.0,83.48369188063845,False,0.8659078289838978,daily_makeup,
2021-02-24,0.0,6016.0,83.49757113115892,False,0.8659078289838978,daily_makeup,
2021-02-25,0.0,6017.0,83.5114503816794,False,0.8659078289838978,daily_makeup,
2021-02-26,0.0,6018.0,83.52532963219986,False,0.8659078289838978,daily_makeup,
2021-02-27,0.0,6019.0,83.53920888272033,False,0.8659078289838978,daily_makeup,
2021-02-28,0.0,6020.0,83.5530881332408,False,0.8659078289838978,daily_makeup,
2021-03-01,0.0,6021.0,83.56696738376128,False,0.8659078289838978,daily_makeup,
2021-03-02,0.0,6022.0,83.58084663428176,False,0.8659078289838978,daily_makeup,
2021-03-03,0.0,6023.0,83.59472588480222,False,0.8659078289838978,daily_makeup,
2021-03-04,0.0,6024.0,83.60860513532269,False,0.8659078289838978,daily_makeup,
2021-03-05,0.0,6025.0,83.62248438584317,False,0.8659078289838978,daily_makeup,
2021-03-06,0.0,6026.0,83.63636363636364,False,0.8659078289838978,daily_makeup,
2021-03-07,0.0,6027.0,83.65024288688412,False,0.8659078289838978,daily_makeup,
2021-03-08,0.0,6028.0,83.66412213740458,False,0.8659078289838978,daily_makeup,
2021-03-09,0.0,6029.0,83.67800138792505,False,0.8659078289838978,daily_makeup,
2021-03-10,0.0,6030.0,83.69188063844553,False,0.8659078289838978,daily_makeup,
2021-03-11,0.0,6031.0,83.705759888966,False,0.8659078289838978,daily_makeup,
2021-03-12,0.0,6032.0,83.71963913948647,False,0.8659078289838978,daily_makeup,
2021-03-13,0.0,6033.0,83.73351839000694,False,0.8659078289838978,daily_makeup,
2021-03-14,0.0,6034.0,83.74739764052741,False,0.8659078289838978,daily_makeup,
2021-03-15,0.0,6035.0,83.76127689104788,False,0.8659078289838978,daily_makeup,
2021-03-16,0.0,6036.0,83.77515614156836,False,0.8659078289838978,daily_makeup,
2021-03-17,0.0,6037.0,83.78903539208882,False,0.8659078289838978,daily_makeup,
2021-03-18,0.0,6038.0,83.8029146426093,False,0.8659078289838978,daily_makeup,
2021-03-19,0.0,6039.0,83.81679389312977,False,0.8659078289838978,daily_makeup,
2021-03-20,0.0,6040.0,83.83067314365024,False,0.8659078289838978,daily_makeup,
2021-03-21,0.0,6041.0,83.84455239417072,False,0.8659078289838978,daily_makeup,
2021-03-22,0.0,6042.0,83.85843164469118,False,0.8659078289838978,daily_makeup,
2021-03-23,0.0,6043.0,83.87231089521165,False,0.8659078289838978,daily_makeup,
2021-03-24,0.0,6044.0,83.88619014573213,False,0.8659078289838978,daily_makeup,
2021-03-25,0.0,6045.0,83.9000693962526,False,0.8659078289838978,daily_makeup,
2021-03-26,0.0,6046.0,83.91394864677308,False,0.8659078289838978,daily_makeup,
2021-03-27,0.0,6047.0,83.92782789729354,False,0.8659078289838978,daily_makeup,
2021-03-28,0.0,6048.0,83.94170714781401,False,0.8659078289838978,daily_makeup,
2021-03-29,0.0,6049.0,83.95558639833449,False,0.8659078289838978,daily_makeup,
2021-03-30,0.0,6050.0,83.96946564885496,False,0.8659078289838978,daily_makeup,
2021-03-31,0.0,6051.0,83.98334489937544,False,0.8659078289838978,daily_makeup,
2021-04-01,0.0,6052.0,83.9972241498959,False,0.8659078289838978,daily_makeup,
2021-04-02,0.0,6053.0,84.01110340041637,False,0.8659078289838978,daily_makeup,
2021-04-03,0.0,6054.0,84.02498265093685,False,0.8659078289838978,daily_makeup,
2021-04-04,0.0,6055.0,84.03886190145732,False,0.8659078289838978,daily_makeup,
2021-04-05,0.0,6056.0,84.0527411519778,False,0.8659078289838978,daily_makeup,
2021-04-06,0.0,6057.0,84.06662040249826,False,0.8659078289838978,daily_makeup,
2021-04-07,0.0,6058.0,84.08049965301873,False,0.8659078289838978,daily_makeup,
2021-04-08,0.0,6059.0,84.09437890353921,False,0.8659078289838978,daily_makeup,
2021-04-09,0.0,6060.0,84.10825815405968,False,0.8659078289838978,daily_makeup,
2021-04-10,0.0,6061.0,84.12213740458016,False,0.8659078289838978,daily_makeup,
2021-04-11,0.0,6062.0,84.13601665510062,False,0.8659078289838978,daily_makeup,
2021-04-12,0.0,6063.0,84.1498959056211,False,0.8659078289838978,daily_makeup,
2021-04-13,0.0,6064.0,84.16377515614157,False,0.8659078289838978,daily_makeup,
2021-04-14,0.0,6065.0,84.17765440666204,False,0.8659078289838978,daily_makeup,
2021-04-15,0.0,6066.0,84.19153365718252,False,0.8659078289838978,daily_makeup,
2021-04-16,0.0,6067.0,84.20541290770298,False,0.8659078289838978,daily_makeup,
2021-04-17,0.0,6068.0,84.21929215822345,False,0.8659078289838978,daily_makeup,
2021-04-18,0.0,6069.0,84.23317140874393,False,0.8659078289838978,daily_makeup,
2021-04-19,0.0,6070.0,84.2470506592644,False,0.8659078289838978,daily_makeup,
2021-04-20,0.0,6071.0,84.26092990978488,False,0.8659078289838978,daily_makeup,
2021-04-21,0.0,6072.0,84.27480916030534,False,0.8659078289838978,daily_makeup,
2021-04-22,0.0,6073.0,84.28868841082581,False,0.8659078289838978,daily_makeup,
2021-04-23,0.0,6074.0,84.30256766134629,False,0.8659078289838978,daily_makeup,
2021-04-24,0.0,6075.0,84.31644691186676,False,0.8659078289838978,daily_makeup,
2021-04-25,0.0,6076.0,84.33032616238724,False,0.8659078289838978,daily_makeup,
2021-04-26,0.0,6077.0,84.3442054129077,False,0.8659078289838978,daily_makeup,
2021-04-27,0.0,6078.0,84.35808466342817,False,0.8659078289838978,daily_makeup,
2021-04-28,0.0,6079.0,84.37196391394865,False,0.8659078289838978,daily_makeup,
2021-04-29,0.0,6080.0,84.38584316446912,False,0.8659078289838978,daily_makeup,
2021-04-30,0.0,6081.0,84.3997224149896,False,0.8659078289838978,daily_makeup,
2021-05-01,0.0,6082.0,84.41360166551006,False,0.8659078289838978,daily_makeup,
2021-05-02,0.0,6083.0,84.42748091603053,False,0.8659078289838978,daily_makeup,
2021-05-03,0.0,6084.0,84.44136016655101,False,0.8659078289838978,daily_makeup,
2021-05-04,0.0,6085.0,84.45523941707148,False,0.8659078289838978,daily_makeup,
2021-05-05,0.0,6086.0,84.46911866759196,False,0.8659078289838978,daily_makeup,
2021-05-06,0.0,6087.0,84.48299791811242,False,0.8659078289838978,daily_makeup,
2021-05-07,0.0,6088.0,84.49687716863289,False,0.8659078289838978,daily_makeup,
2021-05-08,0.0,6089.0,84.51075641915337,False,0.8659078289838978,daily_makeup,
2021-05-09,0.0,6090.0,84.52463566967384,False,0.8659078289838978,daily_makeup,
2021-05-10,0.0,6091.0,84.53851492019432,False,0.8659078289838978,daily_makeup,
2021-05-11,0.0,6092.0,84.55239417071478,False,0.8659078289838978,daily_makeup,
2021-05-12,0.0,6093.0,84.56627342123525,False,0.8659078289838978,daily_makeup,
2021-05-13,0.0,6094.0,84.58015267175573,False,0.8659078289838978,daily_makeup,
2021-05-14,0.0,6095.0,84.5940319222762,False,0.8659078289838978,daily_makeup,
2021-05-15,0.0,6096.0,84.60791117279666,False,0.8659078289838978,daily_makeup,
2021-05-16,0.0,6097.0,84.62179042331714,False,0.8659078289838978,daily_makeup,
2021-05-17,0.0,6098.0,84.63566967383761,False,0.8659078289838978,daily_makeup,
2021-05-18,0.0,6099.0,84.64954892435809,False,0.8659078289838978,daily_makeup,
2021-05-19,0.0,6100.0,84.66342817487856,False,0.8659078289838978,daily_makeup,
2021-05-20,0.0,6101.0,84.67730742539902,False,0.8659078289838978,daily_makeup,
2021-05-21,0.0,6102.0,84.6911866759195,False,0.8659078289838978,daily_makeup,
2021-05-22,0.0,6103.0,84.70506592643997,False,0.8659078289838978,daily_makeup,
2021-05-23,0.0,6104.0,84.71894517696045,False,0.8659078289838978,daily_makeup,
2021-05-24,0.0,6105.0,84.73282442748092,False,0.8659078289838978,daily_makeup,
2021-05-25,0.0,6106.0,84.74670367800138,False,0.8659078289838978,daily_makeup,
2021-05-27,0.0,6107.0,84.76058292852186,False,0.8659078289838978,daily_makeup,
2021-05-28,0.0,6108.0,84.77446217904233,False,0.8659078289838978,daily_makeup,
2021-05-29,0.0,6109.0,84.7883414295628,False,0.8659078289838978,daily_makeup,
2021-05-30,0.0,6110.0,84.80222068008328,False,0.8659078289838978,daily_makeup,
2021-05-31,0.0,6111.0,84.81609993060374,False,0.8659078289838978,daily_makeup,
2021-06-01,0.0,6112.0,84.82997918112422,False,0.8659078289838978,daily_makeup,
2021-06-02,0.0,6113.0,84.84385843164469,False,0.8659078289838978,daily_makeup,
2021-06-03,0.0,6114.0,84.85773768216517,False,0.8659078289838978,daily_makeup,
2021-06-04,0.0,6115.0,84.87161693268564,False,0.8659078289838978,daily_makeup,
2021-06-05,0.0,6116.0,84.8854961832061,False,0.8659078289838978,daily_makeup,
2021-06-10,0.0,6117.0,84.89937543372658,False,0.8659078289838978,daily_makeup,
2021-06-11,0.0,6118.0,84.91325468424705,False,0.8659078289838978,daily_makeup,
2021-06-12,0.0,6119.0,84.92713393476753,False,0.8659078289838978,daily_makeup,
2021-06-13,0.0,6120.0,84.941013185288,False,0.8659078289838978,daily_makeup,
2021-06-14,0.0,6121.0,84.95489243580846,False,0.8659078289838978,daily_makeup,
2021-06-15,0.0,6122.0,84.96877168632894,False,0.8659078289838978,daily_makeup,
2021-06-16,0.0,6123.0,84.98265093684941,False,0.8659078289838978,daily_makeup,
2021-06-17,0.0,6124.0,84.99653018736988,False,0.8659078289838978,daily_makeup,
2021-06-18,0.0,6125.0,85.01040943789036,False,0.8659078289838978,daily_makeup,
2021-06-22,0.0,6126.0,85.02428868841082,False,0.8659078289838978,daily_makeup,
2021-06-23,0.0,6127.0,85.0381679389313,False,0.8659078289838978,daily_makeup,
2021-06-24,0.0,6128.0,85.05204718945177,False,0.8659078289838978,daily_makeup,
2021-06-25,0.0,6129.0,85.06592643997224,False,0.8659078289838978,daily_makeup,
2021-07-02,0.0,6130.0,85.07980569049272,False,0.8659078289838978,daily_makeup,
2021-07-03,0.0,6131.0,85.09368494101318,False,0.8659078289838978,daily_makeup,
2021-07-04,0.0,6132.0,85.10756419153365,False,0.8659078289838978,daily_makeup,
2021-07-05,0.0,6133.0,85.12144344205413,False,0.8659078289838978,daily_makeup,
2021-07-10,0.0,6134.0,85.1353226925746,False,0.8659078289838978,daily_makeup,
2021-07-19,0.0,6135.0,85.14920194309508,False,0.8659078289838978,daily_makeup,
2021-07-22,0.0,6136.0,85.16308119361554,False,0.8659078289838978,daily_makeup,
2021-07-23,0.0,6137.0,85.17696044413601,False,0.8659078289838978,daily_makeup,
2021-07-24,0.0,6138.0,85.19083969465649,False,0.8659078289838978,daily_makeup,
2021-07-28,0.0,6139.0,85.20471894517696,False,0.8659078289838978,daily_makeup,
2021-07-30,0.0,6140.0,85.21859819569744,False,0.8659078289838978,daily_makeup,
2021-07-31,0.0,6141.0,85.2324774462179,False,0.8659078289838978,daily_makeup,
2021-08-01,0.0,6142.0,85.24635669673837,False,0.8659078289838978,daily_makeup,
2021-08-02,0.0,6143.0,85.26023594725885,False,0.8659078289838978,daily_makeup,
2021-08-03,0.0,6144.0,85.27411519777932,False,0.8659078289838978,daily_makeup,
2021-08-04,0.0,6145.0,85.2879944482998,False,0.8659078289838978,daily_makeup,
2021-08-05,0.0,6146.0,85.30187369882026,False,0.8659078289838978,daily_makeup,
2021-08-07,0.0,6147.0,85.31575294934073,False,0.8659078289838978,daily_makeup,
2021-08-08,0.0,6148.0,85.32963219986121,False,0.8659078289838978,daily_makeup,
2021-08-15,0.0,6149.0,85.34351145038168,False,0.8659078289838978,daily_makeup,
2021-08-16,0.0,6150.0,85.35739070090216,False,0.8659078289838978,daily_makeup,
2021-08-29,0.0,6151.0,85.37126995142262,False,0.8659078289838978,daily_makeup,
2021-09-02,0.0,6152.0,85.3851492019431,False,0.8659078289838978,daily_makeup,
2021-09-03,0.0,6153.0,85.39902845246357,False,0.8659078289838978,daily_makeup,
2021-09-04,0.0,6154.0,85.41290770298404,False,0.8659078289838978,daily_makeup,
2021-09-05,0.0,6155.0,85.4267869535045,False,0.8659078289838978,daily_makeup,
2021-09-06,0.0,6156.0,85.44066620402498,False,0.8659078289838978,daily_makeup,
2021-09-07,0.0,6157.0,85.45454545454545,False,0.8659078289838978,daily_makeup,
2021-09-09,0.0,6158.0,85.46842470506593,False,0.8659078289838978,daily_makeup,
2021-09-10,0.0,6159.0,85.4823039555864,False,0.8659078289838978,daily_makeup,
2021-09-11,0.0,6160.0,85.49618320610686,False,0.8659078289838978,daily_makeup,
2021-09-12,0.0,6161.0,85.51006245662734,False,0.8659078289838978,daily_makeup,
2021-09-16,0.0,6162.0,85.52394170714781,False,0.8659078289838978,daily_makeup,
2021-09-17,0.0,6163.0,85.53782095766829,False,0.8659078289838978,daily_makeup,
2021-09-19,0.0,6164.0,85.55170020818876,False,0.8659078289838978,daily_makeup,
2021-09-20,0.0,6165.0,85.56557945870922,False,0.8659078289838978,daily_makeup,
2021-09-21,0.0,6166.0,85.5794587092297,False,0.8659078289838978,daily_makeup,
2021-09-24,0.0,6167.0,85.59333795975017,False,0.8659078289838978,daily_makeup,
2021-09-25,0.0,6168.0,85.60721721027065,False,0.8659078289838978,daily_makeup,
2021-09-26,0.0,6169.0,85.62109646079112,False,0.8659078289838978,daily_makeup,
2021-09-27,0.0,6170.0,85.63497571131158,False,0.8659078289838978,daily_makeup,
2021-09-28,0.0,6171.0,85.64885496183206,False,0.8659078289838978,daily_makeup,
2021-09-29,0.0,6172.0,85.66273421235253,False,0.8659078289838978,daily_makeup,
2021-09-30,0.0,6173.0,85.67661346287301,False,0.8659078289838978,daily_makeup,
2021-10-01,0.0,6174.0,85.69049271339348,False,0.8659078289838978,daily_makeup,
2021-10-02,0.0,6175.0,85.70437196391394,False,0.8659078289838978,daily_makeup,
2021-10-03,0.0,6176.0,85.71825121443442,False,0.8659078289838978,daily_makeup,
2021-10-05,0.0,6177.0,85.73213046495489,False,0.8659078289838978,daily_makeup,
2021-10-06,0.0,6178.0,85.74600971547537,False,0.8659078289838978,daily_makeup,
2021-10-07,0.0,6179.0,85.75988896599584,False,0.8659078289838978,daily_makeup,
2021-10-08,0.0,6180.0,85.7737682165163,False,0.8659078289838978,daily_makeup,
2021-10-09,0.0,6181.0,85.78764746703678,False,0.8659078289838978,daily_makeup,
2021-10-10,0.0,6182.0,85.80152671755725,False,0.8659078289838978,daily_makeup,
2021-10-11,0.0,6183.0,85.81540596807773,False,0.8659078289838978,daily_makeup,
2021-10-12,0.0,6184.0,85.8292852185982,False,0.8659078289838978,daily_makeup,
2021-10-13,0.0,6185.0,85.84316446911866,False,0.8659078289838978,daily_makeup,
2021-10-14,0.0,6186.0,85.85704371963914,False,0.8659078289838978,daily_makeup,
2021-10-15,0.0,6187.0,85.87092297015961,False,0.8659078289838978,daily_makeup,
2021-10-16,0.0,6188.0,85.88480222068009,False,0.8659078289838978,daily_makeup,
2021-10-17,0.0,6189.0,85.89868147120056,False,0.8659078289838978,daily_makeup,
2021-10-18,0.0,6190.0,85.91256072172102,False,0.8659078289838978,daily_makeup,
2021-10-19,0.0,6191.0,85.9264399722415,False,0.8659078289838978,daily_makeup,
2021-10-20,0.0,6192.0,85.94031922276197,False,0.8659078289838978,daily_makeup,
2021-10-21,0.0,6193.0,85.95419847328245,False,0.8659078289838978,daily_makeup,
2021-10-22,0.0,6194.0,85.96807772380292,False,0.8659078289838978,daily_makeup,
2021-10-23,0.0,6195.0,85.98195697432338,False,0.8659078289838978,daily_makeup,
2021-10-24,0.0,6196.0,85.99583622484386,False,0.8659078289838978,daily_makeup,
2021-10-25,0.0,6197.0,86.00971547536433,False,0.8659078289838978,daily_makeup,
2021-10-26,0.0,6198.0,86.0235947258848,False,0.8659078289838978,daily_makeup,
2021-10-27,0.0,6199.0,86.03747397640528,False,0.8659078289838978,daily_makeup,
2021-10-28,0.0,6200.0,86.05135322692574,False,0.8659078289838978,daily_makeup,
2021-10-29,0.0,6201.0,86.06523247744622,False,0.8659078289838978,daily_makeup,
2021-10-30,0.0,6202.0,86.07911172796669,False,0.8659078289838978,daily_makeup,
2021-10-31,0.0,6203.0,86.09299097848717,False,0.8659078289838978,daily_makeup,
2021-11-01,0.0,6204.0,86.10687022900764,False,0.8659078289838978,daily_makeup,
2021-11-02,0.0,6205.0,86.1207494795281,False,0.8659078289838978,daily_makeup,
2021-11-03,0.0,6206.0,86.13462873004858,False,0.8659078289838978,daily_makeup,
2021-11-04,0.0,6207.0,86.14850798056905,False,0.8659078289838978,daily_makeup,
2021-11-05,0.0,6208.0,86.16238723108953,False,0.8659078289838978,daily_makeup,
2021-11-06,0.0,6209.0,86.17626648161,False,0.8659078289838978,daily_makeup,
2021-11-07,0.0,6210.0,86.19014573213046,False,0.8659078289838978,daily_makeup,
2021-11-08,0.0,6211.0,86.20402498265094,False,0.8659078289838978,daily_makeup,
2021-11-09,0.0,6212.0,86.21790423317141,False,0.8659078289838978,daily_makeup,
2021-11-10,0.0,6213.0,86.23178348369188,False,0.8659078289838978,daily_makeup,
2021-11-11,0.0,6214.0,86.24566273421236,False,0.8659078289838978,daily_makeup,
2021-11-12,0.0,6215.0,86.25954198473282,False,0.8659078289838978,daily_makeup,
2021-11-13,0.0,6216.0,86.2734212352533,False,0.8659078289838978,daily_makeup,
2021-11-14,0.0,6217.0,86.28730048577377,False,0.8659078289838978,daily_makeup,
2021-11-15,0.0,6218.0,86.30117973629424,False,0.8659078289838978,daily_makeup,
2021-11-16,0.0,6219.0,86.3150589868147,False,0.8659078289838978,daily_makeup,
2021-11-17,0.0,6220.0,86.32893823733518,False,0.8659078289838978,daily_makeup,
2021-11-18,0.0,6221.0,86.34281748785565,False,0.8659078289838978,daily_makeup,
2021-11-19,0.0,6222.0,86.35669673837613,False,0.8659078289838978,daily_makeup,
2021-11-20,0.0,6223.0,86.3705759888966,False,0.8659078289838978,daily_makeup,
2021-11-21,0.0,6224.0,86.38445523941706,False,0.8659078289838978,daily_makeup,
2021-11-22,0.0,6225.0,86.39833448993754,False,0.8659078289838978,daily_makeup,
2021-11-23,0.0,6226.0,86.41221374045801,False,0.8659078289838978,daily_makeup,
2021-11-24,0.0,6227.0,86.42609299097849,False,0.8659078289838978,daily_makeup,
2021-11-25,0.0,6228.0,86.43997224149896,False,0.8659078289838978,daily_makeup,
2021-11-26,0.0,6229.0,86.45385149201942,False,0.8659078289838978,daily_makeup,
2021-11-27,0.0,6230.0,86.4677307425399,False,0.8659078289838978,daily_makeup,
2021-11-28,0.0,6231.0,86.48160999306037,False,0.8659078289838978,daily_makeup,
2021-11-29,0.0,6232.0,86.49548924358085,False,0.8659078289838978,daily_makeup,
2021-11-30,0.0,6233.0,86.50936849410132,False,0.8659078289838978,daily_makeup,
2021-12-01,0.0,6234.0,86.52324774462178,False,0.8659078289838978,daily_makeup,
2021-12-02,0.0,6235.0,86.53712699514226,False,0.8659078289838978,daily_makeup,
2021-12-03,0.0,6236.0,86.55100624566273,False,0.8659078289838978,daily_makeup,
2021-12-04,0.0,6237.0,86.56488549618321,False,0.8659078289838978,daily_makeup,
2021-12-05,0.0,6238.0,86.57876474670368,False,0.8659078289838978,daily_makeup,
2021-12-06,0.0,6239.0,86.59264399722414,False,0.8659078289838978,daily_makeup,
2021-12-07,0.0,6240.0,86.60652324774462,False,0.8659078289838978,daily_makeup,
2021-12-08,0.0,6241.0,86.6204024982651,False,0.8659078289838978,daily_makeup,
2021-12-09,0.0,6242.0,86.63428174878557,False,0.8659078289838978,daily_makeup,
2021-12-10,0.0,6243.0,86.64816099930604,False,0.8659078289838978,daily_makeup,
2021-12-11,0.0,6244.0,86.6620402498265,False,0.8659078289838978,daily_makeup,
2021-12-12,0.0,6245.0,86.67591950034698,False,0.8659078289838978,daily_makeup,
2021-12-13,0.0,6246.0,86.68979875086745,False,0.8659078289838978,daily_makeup,
2021-12-14,0.0,6247.0,86.70367800138793,False,0.8659078289838978,daily_makeup,
2021-12-15,0.0,6248.0,86.7175572519084,False,0.8659078289838978,daily_makeup,
2021-12-16,0.0,6249.0,86.73143650242886,False,0.8659078289838978,daily_makeup,
2021-12-17,0.0,6250.0,86.74531575294934,False,0.8659078289838978,daily_makeup,
2021-12-18,0.0,6251.0,86.75919500346981,False,0.8659078289838978,daily_makeup,
2021-12-19,0.0,6252.0,86.77307425399029,False,0.8659078289838978,daily_makeup,
2021-12-20,0.0,6253.0,86.78695350451076,False,0.8659078289838978,daily_makeup,
2021-12-21,0.0,6254.0,86.80083275503122,False,0.8659078289838978,daily_makeup,
2021-12-22,0.0,6255.0,86.8147120055517,False,0.8659078289838978,daily_makeup,
2021-12-23,0.0,6256.0,86.82859125607217,False,0.8659078289838978,daily_makeup,
2021-12-24,0.0,6257.0,86.84247050659265,False,0.8659078289838978,daily_makeup,
2021-12-25,0.0,6258.0,86.85634975711312,False,0.8659078289838978,daily_makeup,
2021-12-26,0.0,6259.0,86.87022900763358,False,0.8659078289838978,daily_makeup,
2021-12-27,0.0,6260.0,86.88410825815406,False,0.8659078289838978,daily_makeup,
2021-12-28,0.0,6261.0,86.89798750867453,False,0.8659078289838978,daily_makeup,
2021-12-29,0.0,6262.0,86.91186675919501,False,0.8659078289838978,daily_makeup,
2021-12-30,0.0,6263.0,86.92574600971548,False,0.8659078289838978,daily_makeup,
2021-12-31,0.0,6264.0,86.93962526023594,False,0.8659078289838978,daily_makeup,
2022-01-01,0.0,6265.0,86.95350451075642,False,0.8659078289838978,daily_makeup,
2022-01-02,0.0,6266.0,86.96738376127689,False,0.8659078289838978,daily_makeup,
2022-01-03,0.0,6267.0,86.98126301179737,False,0.8659078289838978,daily_makeup,
2022-01-04,0.0,6268.0,86.99514226231784,False,0.8659078289838978,daily_makeup,
2022-01-05,0.0,6269.0,87.0090215128383,False,0.8659078289838978,daily_makeup,
2022-01-06,0.0,6270.0,87.02290076335878,False,0.8659078289838978,daily_makeup,
2022-01-07,0.0,6271.0,87.03678001387925,False,0.8659078289838978,daily_makeup,
2022-01-08,0.0,6272.0,87.05065926439973,False,0.8659078289838978,daily_makeup,
2022-01-09,0.0,6273.0,87.0645385149202,False,0.8659078289838978,daily_makeup,
2022-01-10,0.0,6274.0,87.07841776544066,False,0.8659078289838978,daily_makeup,
2022-01-11,0.0,6275.0,87.09229701596114,False,0.8659078289838978,daily_makeup,
2022-01-12,0.0,6276.0,87.10617626648161,False,0.8659078289838978,daily_makeup,
2022-01-13,0.0,6277.0,87.12005551700209,False,0.8659078289838978,daily_makeup,
2022-01-14,0.0,6278.0,87.13393476752255,False,0.8659078289838978,daily_makeup,
2022-01-15,0.0,6279.0,87.14781401804302,False,0.8659078289838978,daily_makeup,
2022-01-16,0.0,6280.0,87.1616932685635,False,0.8659078289838978,daily_makeup,
2022-01-17,0.0,6281.0,87.17557251908397,False,0.8659078289838978,daily_makeup,
2022-01-18,0.0,6282.0,87.18945176960445,False,0.8659078289838978,daily_makeup,
2022-01-19,0.0,6283.0,87.2033310201249,False,0.8659078289838978,daily_makeup,
2022-01-20,0.0,6284.0,87.21721027064538,False,0.8659078289838978,daily_makeup,
2022-01-21,0.0,6285.0,87.23108952116586,False,0.8659078289838978,daily_makeup,
2022-01-22,0.0,6286.0,87.24496877168633,False,0.8659078289838978,daily_makeup,
2022-01-23,0.0,6287.0,87.2588480222068,False,0.8659078289838978,daily_makeup,
2022-01-24,0.0,6288.0,87.27272727272727,False,0.8659078289838978,daily_makeup,
2022-01-25,0.0,6289.0,87.28660652324774,False,0.8659078289838978,daily_makeup,
2022-01-26,0.0,6290.0,87.30048577376822,False,0.8659078289838978,daily_makeup,
2022-01-27,0.0,6291.0,87.31436502428869,False,0.8659078289838978,daily_makeup,
2022-01-28,0.0,6292.0,87.32824427480917,False,0.8659078289838978,daily_makeup,
2022-01-29,0.0,6293.0,87.34212352532963,False,0.8659078289838978,daily_makeup,
2022-01-30,0.0,6294.0,87.3560027758501,False,0.8659078289838978,daily_makeup,
2022-01-31,0.0,6295.0,87.36988202637058,False,0.8659078289838978,daily_makeup,
2022-02-01,0.0,6296.0,87.38376127689105,False,0.8659078289838978,daily_makeup,
2022-02-02,0.0,6297.0,87.39764052741153,False,0.8659078289838978,daily_makeup,
2022-02-03,0.0,6298.0,87.41151977793199,False,0.8659078289838978,daily_makeup,
2022-02-04,0.0,6299.0,87.42539902845246,False,0.8659078289838978,daily_makeup,
2022-02-05,0.0,6300.0,87.43927827897294,False,0.8659078289838978,daily_makeup,
2022-02-06,0.0,6301.0,87.45315752949341,False,0.8659078289838978,daily_makeup,
2022-02-07,0.0,6302.0,87.46703678001388,False,0.8659078289838978,daily_makeup,
2022-02-08,0.0,6303.0,87.48091603053435,False,0.8659078289838978,daily_makeup,
2022-02-09,0.0,6304.0,87.49479528105482,False,0.8659078289838978,daily_makeup,
2022-02-10,0.0,6305.0,87.5086745315753,False,0.8659078289838978,daily_makeup,
2022-02-11,0.0,6306.0,87.52255378209577,False,0.8659078289838978,daily_makeup,
2022-02-12,0.0,6307.0,87.53643303261624,False,0.8659078289838978,daily_makeup,
2022-02-13,0.0,6308.0,87.5503122831367,False,0.8659078289838978,daily_makeup,
2022-02-14,0.0,6309.0,87.56419153365718,False,0.8659078289838978,daily_makeup,
2022-02-15,0.0,6310.0,87.57807078417765,False,0.8659078289838978,daily_makeup,
2022-02-16,0.0,6311.0,87.59195003469813,False,0.8659078289838978,daily_makeup,
2022-02-18,0.0,6312.0,87.6058292852186,False,0.8659078289838978,daily_makeup,
2022-02-19,0.0,6313.0,87.61970853573906,False,0.8659078289838978,daily_makeup,
2022-02-20,0.0,6314.0,87.63358778625954,False,0.8659078289838978,daily_makeup,
2022-02-21,0.0,6315.0,87.64746703678001,False,0.8659078289838978,daily_makeup,
2022-02-22,0.0,6316.0,87.66134628730049,False,0.8659078289838978,daily_makeup,
2022-02-23,0.0,6317.0,87.67522553782096,False,0.8659078289838978,daily_makeup,
2022-02-24,0.0,6318.0,87.68910478834142,False,0.8659078289838978,daily_makeup,
2022-02-25,0.0,6319.0,87.7029840388619,False,0.8659078289838978,daily_makeup,
2022-02-26,0.0,6320.0,87.71686328938237,False,0.8659078289838978,daily_makeup,
2022-02-27,0.0,6321.0,87.73074253990285,False,0.8659078289838978,daily_makeup,
2022-02-28,0.0,6322.0,87.74462179042332,False,0.8659078289838978,daily_makeup,
2022-03-01,0.0,6323.0,87.75850104094378,False,0.8659078289838978,daily_makeup,
2022-03-02,0.0,6324.0,87.77238029146426,False,0.8659078289838978,daily_makeup,
2022-03-03,0.0,6325.0,87.78625954198473,False,0.8659078289838978,daily_makeup,
2022-03-04,0.0,6326.0,87.80013879250521,False,0.8659078289838978,daily_makeup,
2022-03-05,0.0,6327.0,87.81401804302568,False,0.8659078289838978,daily_makeup,
2022-03-06,0.0,6328.0,87.82789729354614,False,0.8659078289838978,daily_makeup,
2022-03-07,0.0,6329.0,87.84177654406662,False,0.8659078289838978,daily_makeup,
2022-03-08,0.0,6330.0,87.8556557945871,False,0.8659078289838978,daily_makeup,
2022-03-09,0.0,6331.0,87.86953504510757,False,0.8659078289838978,daily_makeup,
2022-03-10,0.0,6332.0,87.88341429562804,False,0.8659078289838978,daily_makeup,
2022-03-11,0.0,6333.0,87.8972935461485,False,0.8659078289838978,daily_makeup,
2022-03-12,0.0,6334.0,87.91117279666898,False,0.8659078289838978,daily_makeup,
2022-03-13,0.0,6335.0,87.92505204718945,False,0.8659078289838978,daily_makeup,
2022-03-14,0.0,6336.0,87.93893129770993,False,0.8659078289838978,daily_makeup,
2022-03-15,0.0,6337.0,87.95281054823039,False,0.8659078289838978,daily_makeup,
2022-03-16,0.0,6338.0,87.96668979875086,False,0.8659078289838978,daily_makeup,
2022-03-17,0.0,6339.0,87.98056904927134,False,0.8659078289838978,daily_makeup,
2022-03-18,0.0,6340.0,87.99444829979181,False,0.8659078289838978,daily_makeup,
2022-03-19,0.0,6341.0,88.00832755031229,False,0.8659078289838978,daily_makeup,
2022-03-20,0.0,6342.0,88.02220680083275,False,0.8659078289838978,daily_makeup,
2022-03-21,0.0,6343.0,88.03608605135322,False,0.8659078289838978,daily_makeup,
2022-03-22,0.0,6344.0,88.0499653018737,False,0.8659078289838978,daily_makeup,
2022-03-23,0.0,6345.0,88.06384455239417,False,0.8659078289838978,daily_makeup,
2022-03-24,0.0,6346.0,88.07772380291465,False,0.8659078289838978,daily_makeup,
2022-03-25,0.0,6347.0,88.09160305343511,False,0.8659078289838978,daily_makeup,
2022-03-26,0.0,6348.0,88.10548230395558,False,0.8659078289838978,daily_makeup,
2022-03-27,0.0,6349.0,88.11936155447606,False,0.8659078289838978,daily_makeup,
2022-03-28,0.0,6350.0,88.13324080499653,False,0.8659078289838978,daily_makeup,
2022-03-29,0.0,6351.0,88.14712005551701,False,0.8659078289838978,daily_makeup,
2022-03-30,0.0,6352.0,88.16099930603747,False,0.8659078289838978,daily_makeup,
2022-03-31,0.0,6353.0,88.17487855655794,False,0.8659078289838978,daily_makeup,
2022-04-01,0.0,6354.0,88.18875780707842,False,0.8659078289838978,daily_makeup,
2022-04-02,0.0,6355.0,88.20263705759889,False,0.8659078289838978,daily_makeup,
2022-04-03,0.0,6356.0,88.21651630811937,False,0.8659078289838978,daily_makeup,
2022-04-04,0.0,6357.0,88.23039555863983,False,0.8659078289838978,daily_makeup,
2022-04-05,0.0,6358.0,88.2442748091603,False,0.8659078289838978,daily_makeup,
2022-04-06,0.0,6359.0,88.25815405968078,False,0.8659078289838978,daily_makeup,
2022-04-07,0.0,6360.0,88.27203331020125,False,0.8659078289838978,daily_makeup,
2022-04-08,0.0,6361.0,88.28591256072173,False,0.8659078289838978,daily_makeup,
2022-04-09,0.0,6362.0,88.29979181124219,False,0.8659078289838978,daily_makeup,
2022-04-10,0.0,6363.0,88.31367106176266,False,0.8659078289838978,daily_makeup,
2022-04-11,0.0,6364.0,88.32755031228314,False,0.8659078289838978,daily_makeup,
2022-04-12,0.0,6365.0,88.34142956280361,False,0.8659078289838978,daily_makeup,
2022-04-13,0.0,6366.0,88.35530881332409,False,0.8659078289838978,daily_makeup,
2022-04-14,0.0,6367.0,88.36918806384455,False,0.8659078289838978,daily_makeup,
2022-04-15,0.0,6368.0,88.38306731436502,False,0.8659078289838978,daily_makeup,
2022-04-16,0.0,6369.0,88.3969465648855,False,0.8659078289838978,daily_makeup,
2022-04-17,0.0,6370.0,88.41082581540597,False,0.8659078289838978,daily_makeup,
2022-04-18,0.0,6371.0,88.42470506592645,False,0.8659078289838978,daily_makeup,
2022-04-19,0.0,6372.0,88.4385843164469,False,0.8659078289838978,daily_makeup,
2022-04-20,0.0,6373.0,88.45246356696738,False,0.8659078289838978,daily_makeup,
2022-04-21,0.0,6374.0,88.46634281748786,False,0.8659078289838978,daily_makeup,
2022-04-22,0.0,6375.0,88.48022206800833,False,0.8659078289838978,daily_makeup,
2022-04-23,0.0,6376.0,88.4941013185288,False,0.8659078289838978,daily_makeup,
2022-04-24,0.0,6377.0,88.50798056904927,False,0.8659078289838978,daily_makeup,
2022-04-25,0.0,6378.0,88.52185981956974,False,0.8659078289838978,daily_makeup,
2022-04-26,0.0,6379.0,88.53573907009022,False,0.8659078289838978,daily_makeup,
2022-04-27,0.0,6380.0,88.54961832061069,False,0.8659078289838978,daily_makeup,
2022-04-28,0.0,6381.0,88.56349757113117,False,0.8659078289838978,daily_makeup,
2022-04-29,0.0,6382.0,88.57737682165163,False,0.8659078289838978,daily_makeup,
2022-04-30,0.0,6383.0,88.5912560721721,False,0.8659078289838978,daily_makeup,
2022-05-01,0.0,6384.0,88.60513532269258,False,0.8659078289838978,daily_makeup,
2022-05-02,0.0,6385.0,88.61901457321305,False,0.8659078289838978,daily_makeup,
2022-05-03,0.0,6386.0,88.63289382373353,False,0.8659078289838978,daily_makeup,
2022-05-04,0.0,6387.0,88.64677307425399,False,0.8659078289838978,daily_makeup,
2022-05-05,0.0,6388.0,88.66065232477446,False,0.8659078289838978,daily_makeup,
2022-05-06,0.0,6389.0,88.67453157529494,False,0.8659078289838978,daily_makeup,
2022-05-07,0.0,6390.0,88.68841082581541,False,0.8659078289838978,daily_makeup,
2022-05-08,0.0,6391.0,88.70229007633588,False,0.8659078289838978,daily_makeup,
2022-05-09,0.0,6392.0,88.71616932685635,False,0.8659078289838978,daily_makeup,
2022-05-10,0.0,6393.0,88.73004857737682,False,0.8659078289838978,daily_makeup,
2022-05-11,0.0,6394.0,88.7439278278973,False,0.8659078289838978,daily_makeup,
2022-05-12,0.0,6395.0,88.75780707841777,False,0.8659078289838978,daily_makeup,
2022-05-13,0.0,6396.0,88.77168632893823,False,0.8659078289838978,daily_makeup,
2022-05-14,0.0,6397.0,88.7855655794587,False,0.8659078289838978,daily_makeup,
2022-05-17,0.0,6398.0,88.79944482997918,False,0.8659078289838978,daily_makeup,
2022-05-18,0.0,6399.0,88.81332408049965,False,0.8659078289838978,daily_makeup,
2022-05-19,0.0,6400.0,88.82720333102013,False,0.8659078289838978,daily_makeup,
2022-05-20,0.0,6401.0,88.84108258154059,False,0.8659078289838978,daily_makeup,
2022-05-23,0.0,6402.0,88.85496183206106,False,0.8659078289838978,daily_makeup,
2022-05-24,0.0,6403.0,88.86884108258154,False,0.8659078289838978,daily_makeup,
2022-05-25,0.0,6404.0,88.88272033310201,False,0.8659078289838978,daily_makeup,
2022-05-26,0.0,6405.0,88.89659958362249,False,0.8659078289838978,daily_makeup,
2022-05-27,0.0,6406.0,88.91047883414295,False,0.8659078289838978,daily_makeup,
2022-05-28,0.0,6407.0,88.92435808466342,False,0.8659078289838978,daily_makeup,
2022-05-29,0.0,6408.0,88.9382373351839,False,0.8659078289838978,daily_makeup,
2022-05-30,0.0,6409.0,88.95211658570437,False,0.8659078289838978,daily_makeup,
2022-06-01,0.0,6410.0,88.96599583622485,False,0.8659078289838978,daily_makeup,
2022-06-03,0.0,6411.0,88.97987508674531,False,0.8659078289838978,daily_makeup,
2022-06-04,0.0,6412.0,88.99375433726578,False,0.8659078289838978,daily_makeup,
2022-06-05,0.0,6413.0,89.00763358778626,False,0.8659078289838978,daily_makeup,
2022-06-06,0.0,6414.0,89.02151283830673,False,0.8659078289838978,daily_makeup,
2022-06-07,0.0,6415.0,89.03539208882721,False,0.8659078289838978,daily_makeup,
2022-06-08,0.0,6416.0,89.04927133934767,False,0.8659078289838978,daily_makeup,
2022-06-09,0.0,6417.0,89.06315058986814,False,0.8659078289838978,daily_makeup,
2022-06-10,0.0,6418.0,89.07702984038862,False,0.8659078289838978,daily_makeup,
2022-06-11,0.0,6419.0,89.0909090909091,False,0.8659078289838978,daily_makeup,
2022-06-12,0.0,6420.0,89.10478834142957,False,0.8659078289838978,daily_makeup,
2022-06-14,0.0,6421.0,89.11866759195003,False,0.8659078289838978,daily_makeup,
2022-06-15,0.0,6422.0,89.1325468424705,False,0.8659078289838978,daily_makeup,
2022-06-16,0.0,6423.0,89.14642609299098,False,0.8659078289838978,daily_makeup,
2022-06-18,0.0,6424.0,89.16030534351145,False,0.8659078289838978,daily_makeup,
2022-06-19,0.0,6425.0,89.17418459403193,False,0.8659078289838978,daily_makeup,
2022-06-20,0.0,6426.0,89.18806384455239,False,0.8659078289838978,daily_makeup,
2022-06-21,0.0,6427.0,89.20194309507286,False,0.8659078289838978,daily_makeup,
2022-06-22,0.0,6428.0,89.21582234559334,False,0.8659078289838978,daily_makeup,
2022-06-23,0.0,6429.0,89.22970159611381,False,0.8659078289838978,daily_makeup,
2022-06-24,0.0,6430.0,89.24358084663429,False,0.8659078289838978,daily_makeup,
2022-06-26,0.0,6431.0,89.25746009715475,False,0.8659078289838978,daily_makeup,
2022-06-28,0.0,6432.0,89.27133934767522,False,0.8659078289838978,daily_makeup,
2022-06-29,0.0,6433.0,89.2852185981957,False,0.8659078289838978,daily_makeup,
2022-06-30,0.0,6434.0,89.29909784871617,False,0.8659078289838978,daily_makeup,
2022-07-03,0.0,6435.0,89.31297709923665,False,0.8659078289838978,daily_makeup,
2022-07-04,0.0,6436.0,89.32685634975711,False,0.8659078289838978,daily_makeup,
2022-07-07,0.0,6437.0,89.34073560027758,False,0.8659078289838978,daily_makeup,
2022-07-09,0.0,6438.0,89.35461485079806,False,0.8659078289838978,daily_makeup,
2022-07-10,0.0,6439.0,89.36849410131853,False,0.8659078289838978,daily_makeup,
2022-07-11,0.0,6440.0,89.38237335183901,False,0.8659078289838978,daily_makeup,
2022-07-13,0.0,6441.0,89.39625260235947,False,0.8659078289838978,daily_makeup,
2022-07-14,0.0,6442.0,89.41013185287994,False,0.8659078289838978,daily_makeup,
2022-07-15,0.0,6443.0,89.42401110340042,False,0.8659078289838978,daily_makeup,
2022-07-16,0.0,6444.0,89.43789035392089,False,0.8659078289838978,daily_makeup,
2022-07-27,0.0,6445.0,89.45176960444137,False,0.8659078289838978,daily_makeup,
2022-07-30,0.0,6446.0,89.46564885496183,False,0.8659078289838978,daily_makeup,
2022-07-31,0.0,6447.0,89.4795281054823,False,0.8659078289838978,daily_makeup,
2022-08-01,0.0,6448.0,89.49340735600278,False,0.8659078289838978,daily_makeup,
2022-08-03,0.0,6449.0,89.50728660652325,False,0.8659078289838978,daily_makeup,
2022-08-12,0.0,6450.0,89.52116585704373,False,0.8659078289838978,daily_makeup,
2022-08-13,0.0,6451.0,89.53504510756419,False,0.8659078289838978,daily_makeup,
2022-08-14,0.0,6452.0,89.54892435808466,False,0.8659078289838978,daily_makeup,
2022-08-15,0.0,6453.0,89.56280360860514,False,0.8659078289838978,daily_makeup,
2022-08-16,0.0,6454.0,89.57668285912561,False,0.8659078289838978,daily_makeup,
2022-08-17,0.0,6455.0,89.59056210964607,False,0.8659078289838978,daily_makeup,
2022-08-18,0.0,6456.0,89.60444136016655,False,0.8659078289838978,daily_makeup,
2022-08-19,0.0,6457.0,89.61832061068702,False,0.8659078289838978,daily_makeup,
2022-08-20,0.0,6458.0,89.6321998612075,False,0.8659078289838978,daily_makeup,
2022-08-23,0.0,6459.0,89.64607911172797,False,0.8659078289838978,daily_makeup,
2022-08-24,0.0,6460.0,89.65995836224843,False,0.8659078289838978,daily_makeup,
2022-08-25,0.0,6461.0,89.6738376127689,False,0.8659078289838978,daily_makeup,
2022-08-27,0.0,6462.0,89.68771686328938,False,0.8659078289838978,daily_makeup,
2022-08-31,0.0,6463.0,89.70159611380986,False,0.8659078289838978,daily_makeup,
2022-09-01,0.0,6464.0,89.71547536433033,False,0.8659078289838978,daily_makeup,
2022-09-02,0.0,6465.0,89.72935461485079,False,0.8659078289838978,daily_makeup,
2022-09-03,0.0,6466.0,89.74323386537127,False,0.8659078289838978,daily_makeup,
2022-09-06,0.0,6467.0,89.75711311589174,False,0.8659078289838978,daily_makeup,
2022-09-07,0.0,6468.0,89.77099236641222,False,0.8659078289838978,daily_makeup,
2022-09-08,0.0,6469.0,89.78487161693269,False,0.8659078289838978,daily_makeup,
2022-09-09,0.0,6470.0,89.79875086745315,False,0.8659078289838978,daily_makeup,
2022-09-10,0.0,6471.0,89.81263011797363,False,0.8659078289838978,daily_makeup,
2022-09-11,0.0,6472.0,89.8265093684941,False,0.8659078289838978,daily_makeup,
2022-09-14,0.0,6473.0,89.84038861901458,False,0.8659078289838978,daily_makeup,
2022-09-15,0.0,6474.0,89.85426786953505,False,0.8659078289838978,daily_makeup,
2022-09-16,0.0,6475.0,89.86814712005551,False,0.8659078289838978,daily_makeup,
2022-09-17,0.0,6476.0,89.88202637057599,False,0.8659078289838978,daily_makeup,
2022-09-18,0.0,6477.0,89.89590562109646,False,0.8659078289838978,daily_makeup,
2022-09-19,0.0,6478.0,89.90978487161694,False,0.8659078289838978,daily_makeup,
2022-09-20,0.0,6479.0,89.92366412213741,False,0.8659078289838978,daily_makeup,
2022-09-21,0.0,6480.0,89.93754337265787,False,0.8659078289838978,daily_makeup,
2022-09-22,0.0,6481.0,89.95142262317835,False,0.8659078289838978,daily_makeup,
2022-09-23,0.0,6482.0,89.96530187369882,False,0.8659078289838978,daily_makeup,
2022-09-24,0.0,6483.0,89.9791811242193,False,0.8659078289838978,daily_makeup,
2022-09-25,0.0,6484.0,89.99306037473977,False,0.8659078289838978,daily_makeup,
2022-09-26,0.0,6485.0,90.00693962526023,False,0.8659078289838978,daily_makeup,
2022-09-27,0.0,6486.0,90.0208188757807,False,0.8659078289838978,daily_makeup,
2022-09-28,0.0,6487.0,90.03469812630118,False,0.8659078289838978,daily_makeup,
2022-09-29,0.0,6488.0,90.04857737682165,False,0.8659078289838978,daily_makeup,
2022-09-30,0.0,6489.0,90.06245662734213,False,0.8659078289838978,daily_makeup,
2022-10-01,0.0,6490.0,90.07633587786259,False,0.8659078289838978,daily_makeup,
2022-10-02,0.0,6491.0,90.09021512838306,False,0.8659078289838978,daily_makeup,
2022-10-03,0.0,6492.0,90.10409437890354,False,0.8659078289838978,daily_makeup,
2022-10-04,0.0,6493.0,90.11797362942401,False,0.8659078289838978,daily_makeup,
2022-10-05,0.0,6494.0,90.13185287994449,False,0.8659078289838978,daily_makeup,
2022-10-06,0.0,6495.0,90.14573213046495,False,0.8659078289838978,daily_makeup,
2022-10-07,0.0,6496.0,90.15961138098542,False,0.8659078289838978,daily_makeup,
2022-10-08,0.0,6497.0,90.1734906315059,False,0.8659078289838978,daily_makeup,
2022-10-09,0.0,6498.0,90.18736988202637,False,0.8659078289838978,daily_makeup,
2022-10-10,0.0,6499.0,90.20124913254685,False,0.8659078289838978,daily_makeup,
2022-10-11,0.0,6500.0,90.21512838306731,False,0.8659078289838978,daily_makeup,
2022-10-12,0.0,6501.0,90.22900763358778,False,0.8659078289838978,daily_makeup,
2022-10-13,0.0,6502.0,90.24288688410826,False,0.8659078289838978,daily_makeup,
2022-10-14,0.0,6503.0,90.25676613462873,False,0.8659078289838978,daily_makeup,
2022-10-15,0.0,6504.0,90.27064538514921,False,0.8659078289838978,daily_makeup,
2022-10-16,0.0,6505.0,90.28452463566967,False,0.8659078289838978,daily_makeup,
2022-10-17,0.0,6506.0,90.29840388619014,False,0.8659078289838978,daily_makeup,
2022-10-18,0.0,6507.0,90.31228313671062,False,0.8659078289838978,daily_makeup,
2022-10-19,0.0,6508.0,90.3261623872311,False,0.8659078289838978,daily_makeup,
2022-10-20,0.0,6509.0,90.34004163775157,False,0.8659078289838978,daily_makeup,
2022-10-21,0.0,6510.0,90.35392088827203,False,0.8659078289838978,daily_makeup,
2022-10-22,0.0,6511.0,90.3678001387925,False,0.8659078289838978,daily_makeup,
2022-10-23,0.0,6512.0,90.38167938931298,False,0.8659078289838978,daily_makeup,
2022-10-24,0.0,6513.0,90.39555863983345,False,0.8659078289838978,daily_makeup,
2022-10-25,0.0,6514.0,90.40943789035393,False,0.8659078289838978,daily_makeup,
2022-10-26,0.0,6515.0,90.42331714087439,False,0.8659078289838978,daily_makeup,
2022-10-27,0.0,6516.0,90.43719639139486,False,0.8659078289838978,daily_makeup,
2022-10-28,0.0,6517.0,90.45107564191534,False,0.8659078289838978,daily_makeup,
2022-10-29,0.0,6518.0,90.46495489243581,False,0.8659078289838978,daily_makeup,
2022-10-30,0.0,6519.0,90.47883414295627,False,0.8659078289838978,daily_makeup,
2022-10-31,0.0,6520.0,90.49271339347675,False,0.8659078289838978,daily_makeup,
2022-11-01,0.0,6521.0,90.50659264399722,False,0.8659078289838978,daily_makeup,
2022-11-02,0.0,6522.0,90.5204718945177,False,0.8659078289838978,daily_makeup,
2022-11-03,0.0,6523.0,90.53435114503817,False,0.8659078289838978,daily_makeup,
2022-11-04,0.0,6524.0,90.54823039555863,False,0.8659078289838978,daily_makeup,
2022-11-05,0.0,6525.0,90.56210964607911,False,0.8659078289838978,daily_makeup,
2022-11-06,0.0,6526.0,90.57598889659958,False,0.8659078289838978,daily_makeup,
2022-11-07,0.0,6527.0,90.58986814712006,False,0.8659078289838978,daily_makeup,
2022-11-08,0.0,6528.0,90.60374739764053,False,0.8659078289838978,daily_makeup,
2022-11-09,0.0,6529.0,90.61762664816099,False,0.8659078289838978,daily_makeup,
2022-11-10,0.0,6530.0,90.63150589868147,False,0.8659078289838978,daily_makeup,
2022-11-11,0.0,6531.0,90.64538514920194,False,0.8659078289838978,daily_makeup,
2022-11-12,0.0,6532.0,90.65926439972242,False,0.8659078289838978,daily_makeup,
2022-11-13,0.0,6533.0,90.67314365024289,False,0.8659078289838978,daily_makeup,
2022-11-14,0.0,6534.0,90.68702290076335,False,0.8659078289838978,daily_makeup,
2022-11-15,0.0,6535.0,90.70090215128383,False,0.8659078289838978,daily_makeup,
2022-11-16,0.0,6536.0,90.7147814018043,False,0.8659078289838978,daily_makeup,
2022-11-17,0.0,6537.0,90.72866065232478,False,0.8659078289838978,daily_makeup,
2022-11-18,0.0,6538.0,90.74253990284525,False,0.8659078289838978,daily_makeup,
2022-11-19,0.0,6539.0,90.75641915336571,False,0.8659078289838978,daily_makeup,
2022-11-20,0.0,6540.0,90.77029840388619,False,0.8659078289838978,daily_makeup,
2022-11-21,0.0,6541.0,90.78417765440666,False,0.8659078289838978,daily_makeup,
2022-11-22,0.0,6542.0,90.79805690492714,False,0.8659078289838978,daily_makeup,
2022-11-23,0.0,6543.0,90.81193615544761,False,0.8659078289838978,daily_makeup,
2022-11-24,0.0,6544.0,90.82581540596807,False,0.8659078289838978,daily_makeup,
2022-11-25,0.0,6545.0,90.83969465648855,False,0.8659078289838978,daily_makeup,
2022-11-26,0.0,6546.0,90.85357390700902,False,0.8659078289838978,daily_makeup,
2022-11-27,0.0,6547.0,90.8674531575295,False,0.8659078289838978,daily_makeup,
2022-11-28,0.0,6548.0,90.88133240804997,False,0.8659078289838978,daily_makeup,
2022-11-29,0.0,6549.0,90.89521165857043,False,0.8659078289838978,daily_makeup,
2022-11-30,0.0,6550.0,90.9090909090909,False,0.8659078289838978,daily_makeup,
2022-12-01,0.0,6551.0,90.92297015961138,False,0.8659078289838978,daily_makeup,
2022-12-02,0.0,6552.0,90.93684941013186,False,0.8659078289838978,daily_makeup,
2022-12-03,0.0,6553.0,90.95072866065233,False,0.8659078289838978,daily_makeup,
2022-12-04,0.0,6554.0,90.96460791117279,False,0.8659078289838978,daily_makeup,
2022-12-05,0.0,6555.0,90.97848716169327,False,0.8659078289838978,daily_makeup,
2022-12-06,0.0,6556.0,90.99236641221374,False,0.8659078289838978,daily_makeup,
2022-12-07,0.0,6557.0,91.00624566273422,False,0.8659078289838978,daily_makeup,
2022-12-08,0.0,6558.0,91.02012491325469,False,0.8659078289838978,daily_makeup,
2022-12-09,0.0,6559.0,91.03400416377515,False,0.8659078289838978,daily_makeup,
2022-12-10,0.0,6560.0,91.04788341429563,False,0.8659078289838978,daily_makeup,
2022-12-11,0.0,6561.0,91.0617626648161,False,0.8659078289838978,daily_makeup,
2022-12-12,0.0,6562.0,91.07564191533658,False,0.8659078289838978,daily_makeup,
2022-12-13,0.0,6563.0,91.08952116585705,False,0.8659078289838978,daily_makeup,
2022-12-14,0.0,6564.0,91.10340041637751,False,0.8659078289838978,daily_makeup,
2022-12-15,0.0,6565.0,91.11727966689799,False,0.8659078289838978,daily_makeup,
2022-12-16,0.0,6566.0,91.13115891741846,False,0.8659078289838978,daily_makeup,
2022-12-17,0.0,6567.0,91.14503816793894,False,0.8659078289838978,daily_makeup,
2022-12-18,0.0,6568.0,91.15891741845941,False,0.8659078289838978,daily_makeup,
2022-12-19,0.0,6569.0,91.17279666897987,False,0.8659078289838978,daily_makeup,
2022-12-20,0.0,6570.0,91.18667591950035,False,0.8659078289838978,daily_makeup,
2022-12-21,0.0,6571.0,91.20055517002082,False,0.8659078289838978,daily_makeup,
2022-12-22,0.0,6572.0,91.2144344205413,False,0.8659078289838978,daily_makeup,
2022-12-23,0.0,6573.0,91.22831367106177,False,0.8659078289838978,daily_makeup,
2022-12-24,0.0,6574.0,91.24219292158223,False,0.8659078289838978,daily_makeup,
2022-12-25,0.0,6575.0,91.2560721721027,False,0.8659078289838978,daily_makeup,
2022-12-26,0.0,6576.0,91.26995142262318,False,0.8659078289838978,daily_makeup,
2022-12-27,0.0,6577.0,91.28383067314365,False,0.8659078289838978,daily_makeup,
2022-12-28,0.0,6578.0,91.29770992366412,False,0.8659078289838978,daily_makeup,
2022-12-29,0.0,6579.0,91.31158917418459,False,0.8659078289838978,daily_makeup,
2022-12-30,0.0,6580.0,91.32546842470506,False,0.8659078289838978,daily_makeup,
2022-12-31,0.0,6581.0,91.33934767522554,False,0.8659078289838978,daily_makeup,
2023-01-01,0.0,6582.0,91.35322692574601,False,0.8659078289838978,daily_makeup,
2023-01-02,0.0,6583.0,91.36710617626647,False,0.8659078289838978,daily_makeup,
2023-01-03,0.0,6584.0,91.38098542678695,False,0.8659078289838978,daily_makeup,
2023-01-04,0.0,6585.0,91.39486467730742,False,0.8659078289838978,daily_makeup,
2023-01-05,0.0,6586.0,91.4087439278279,False,0.8659078289838978,daily_makeup,
2023-01-06,0.0,6587.0,91.42262317834837,False,0.8659078289838978,daily_makeup,
2023-01-07,0.0,6588.0,91.43650242886883,False,0.8659078289838978,daily_makeup,
2023-01-08,0.0,6589.0,91.45038167938931,False,0.8659078289838978,daily_makeup,
2023-01-09,0.0,6590.0,91.46426092990978,False,0.8659078289838978,daily_makeup,
2023-01-10,0.0,6591.0,91.47814018043026,False,0.8659078289838978,daily_makeup,
2023-01-11,0.0,6592.0,91.49201943095073,False,0.8659078289838978,daily_makeup,
2023-01-12,0.0,6593.0,91.5058986814712,False,0.8659078289838978,daily_makeup,
2023-01-13,0.0,6594.0,91.51977793199167,False,0.8659078289838978,daily_makeup,
2023-01-14,0.0,6595.0,91.53365718251214,False,0.8659078289838978,daily_makeup,
2023-01-15,0.0,6596.0,91.54753643303262,False,0.8659078289838978,daily_makeup,
2023-01-16,0.0,6597.0,91.5614156835531,False,0.8659078289838978,daily_makeup,
2023-01-17,0.0,6598.0,91.57529493407355,False,0.8659078289838978,daily_makeup,
2023-01-18,0.0,6599.0,91.58917418459403,False,0.8659078289838978,daily_makeup,
2023-01-19,0.0,6600.0,91.6030534351145,False,0.8659078289838978,daily_makeup,
2023-01-20,0.0,6601.0,91.61693268563498,False,0.8659078289838978,daily_makeup,
2023-01-21,0.0,6602.0,91.63081193615545,False,0.8659078289838978,daily_makeup,
2023-01-22,0.0,6603.0,91.64469118667591,False,0.8659078289838978,daily_makeup,
2023-01-23,0.0,6604.0,91.65857043719639,False,0.8659078289838978,daily_makeup,
2023-01-24,0.0,6605.0,91.67244968771686,False,0.8659078289838978,daily_makeup,
2023-01-25,0.0,6606.0,91.68632893823734,False,0.8659078289838978,daily_makeup,
2023-01-26,0.0,6607.0,91.70020818875781,False,0.8659078289838978,daily_makeup,
2023-01-27,0.0,6608.0,91.71408743927827,False,0.8659078289838978,daily_makeup,
2023-01-28,0.0,6609.0,91.72796668979875,False,0.8659078289838978,daily_makeup,
2023-01-29,0.0,6610.0,91.74184594031922,False,0.8659078289838978,daily_makeup,
2023-01-30,0.0,6611.0,91.7557251908397,False,0.8659078289838978,daily_makeup,
2023-01-31,0.0,6612.0,91.76960444136017,False,0.8659078289838978,daily_makeup,
2023-02-01,0.0,6613.0,91.78348369188063,False,0.8659078289838978,daily_makeup,
2023-02-03,0.0,6614.0,91.79736294240111,False,0.8659078289838978,daily_makeup,
2023-02-04,0.0,6615.0,91.81124219292158,False,0.8659078289838978,daily_makeup,
2023-02-05,0.0,6616.0,91.82512144344206,False,0.8659078289838978,daily_makeup,
2023-02-06,0.0,6617.0,91.83900069396253,False,0.8659078289838978,daily_makeup,
2023-02-07,0.0,6618.0,91.85287994448299,False,0.8659078289838978,daily_makeup,
2023-02-08,0.0,6619.0,91.86675919500347,False,0.8659078289838978,daily_makeup,
2023-02-09,0.0,6620.0,91.88063844552394,False,0.8659078289838978,daily_makeup,
2023-02-10,0.0,6621.0,91.89451769604442,False,0.8659078289838978,daily_makeup,
2023-02-11,0.0,6622.0,91.90839694656489,False,0.8659078289838978,daily_makeup,
2023-02-12,0.0,6623.0,91.92227619708535,False,0.8659078289838978,daily_makeup,
2023-02-13,0.0,6624.0,91.93615544760583,False,0.8659078289838978,daily_makeup,
2023-02-14,0.0,6625.0,91.9500346981263,False,0.8659078289838978,daily_makeup,
2023-02-15,0.0,6626.0,91.96391394864678,False,0.8659078289838978,daily_makeup,
2023-02-16,0.0,6627.0,91.97779319916725,False,0.8659078289838978,daily_makeup,
2023-02-17,0.0,6628.0,91.99167244968771,False,0.8659078289838978,daily_makeup,
2023-02-18,0.0,6629.0,92.00555170020819,False,0.8659078289838978,daily_makeup,
2023-02-19,0.0,6630.0,92.01943095072866,False,0.8659078289838978,daily_makeup,
2023-02-20,0.0,6631.0,92.03331020124914,False,0.8659078289838978,daily_makeup,
2023-02-21,0.0,6632.0,92.04718945176961,False,0.8659078289838978,daily_makeup,
2023-02-22,0.0,6633.0,92.06106870229007,False,0.8659078289838978,daily_makeup,
2023-02-23,0.0,6634.0,92.07494795281055,False,0.8659078289838978,daily_makeup,
2023-02-24,0.0,6635.0,92.08882720333102,False,0.8659078289838978,daily_makeup,
2023-02-25,0.0,6636.0,92.1027064538515,False,0.8659078289838978,daily_makeup,
2023-02-26,0.0,6637.0,92.11658570437196,False,0.8659078289838978,daily_makeup,
2023-02-27,0.0,6638.0,92.13046495489243,False,0.8659078289838978,daily_makeup,
2023-02-28,0.0,6639.0,92.1443442054129,False,0.8659078289838978,daily_makeup,
2023-03-01,0.0,6640.0,92.15822345593338,False,0.8659078289838978,daily_makeup,
2023-03-02,0.0,6641.0,92.17210270645386,False,0.8659078289838978,daily_makeup,
2023-03-03,0.0,6642.0,92.18598195697432,False,0.8659078289838978,daily_makeup,
2023-03-04,0.0,6643.0,92.19986120749479,False,0.8659078289838978,daily_makeup,
2023-03-05,0.0,6644.0,92.21374045801527,False,0.8659078289838978,daily_makeup,
2023-03-06,0.0,6645.0,92.22761970853574,False,0.8659078289838978,daily_makeup,
2023-03-07,0.0,6646.0,92.24149895905622,False,0.8659078289838978,daily_makeup,
2023-03-08,0.0,6647.0,92.25537820957668,False,0.8659078289838978,daily_makeup,
2023-03-09,0.0,6648.0,92.26925746009715,False,0.8659078289838978,daily_makeup,
2023-03-10,0.0,6649.0,92.28313671061763,False,0.8659078289838978,daily_makeup,
2023-03-11,0.0,6650.0,92.2970159611381,False,0.8659078289838978,daily_makeup,
2023-03-12,0.0,6651.0,92.31089521165858,False,0.8659078289838978,daily_makeup,
2023-03-13,0.0,6652.0,92.32477446217904,False,0.8659078289838978,daily_makeup,
2023-03-14,0.0,6653.0,92.33865371269951,False,0.8659078289838978,daily_makeup,
2023-03-15,0.0,6654.0,92.35253296321999,False,0.8659078289838978,daily_makeup,
2023-03-16,0.0,6655.0,92.36641221374046,False,0.8659078289838978,daily_makeup,
2023-03-17,0.0,6656.0,92.38029146426094,False,0.8659078289838978,daily_makeup,
2023-03-18,0.0,6657.0,92.3941707147814,False,0.8659078289838978,daily_makeup,
2023-03-19,0.0,6658.0,92.40804996530187,False,0.8659078289838978,daily_makeup,
2023-03-20,0.0,6659.0,92.42192921582235,False,0.8659078289838978,daily_makeup,
2023-03-21,0.0,6660.0,92.43580846634282,False,0.8659078289838978,daily_makeup,
2023-03-22,0.0,6661.0,92.4496877168633,False,0.8659078289838978,daily_makeup,
2023-03-23,0.0,6662.0,92.46356696738376,False,0.8659078289838978,daily_makeup,
2023-03-24,0.0,6663.0,92.47744621790423,False,0.8659078289838978,daily_makeup,
2023-03-25,0.0,6664.0,92.4913254684247,False,0.8659078289838978,daily_makeup,
2023-03-26,0.0,6665.0,92.50520471894518,False,0.8659078289838978,daily_makeup,
2023-03-27,0.0,6666.0,92.51908396946565,False,0.8659078289838978,daily_makeup,
2023-03-28,0.0,6667.0,92.53296321998612,False,0.8659078289838978,daily_makeup,
2023-03-29,0.0,6668.0,92.54684247050659,False,0.8659078289838978,daily_makeup,
2023-03-30,0.0,6669.0,92.56072172102706,False,0.8659078289838978,daily_makeup,
2023-03-31,0.0,6670.0,92.57460097154754,False,0.8659078289838978,daily_makeup,
2023-04-01,0.0,6671.0,92.58848022206801,False,0.8659078289838978,daily_makeup,
2023-04-02,0.0,6672.0,92.60235947258847,False,0.8659078289838978,daily_makeup,
2023-04-03,0.0,6673.0,92.61623872310895,False,0.8659078289838978,daily_makeup,
2023-04-04,0.0,6674.0,92.63011797362942,False,0.8659078289838978,daily_makeup,
2023-04-05,0.0,6675.0,92.6439972241499,False,0.8659078289838978,daily_makeup,
2023-04-06,0.0,6676.0,92.65787647467037,False,0.8659078289838978,daily_makeup,
2023-04-07,0.0,6677.0,92.67175572519083,False,0.8659078289838978,daily_makeup,
2023-04-08,0.0,6678.0,92.68563497571131,False,0.8659078289838978,daily_makeup,
2023-04-09,0.0,6679.0,92.69951422623178,False,0.8659078289838978,daily_makeup,
2023-04-10,0.0,6680.0,92.71339347675226,False,0.8659078289838978,daily_makeup,
2023-04-11,0.0,6681.0,92.72727272727273,False,0.8659078289838978,daily_makeup,
2023-04-12,0.0,6682.0,92.7411519777932,False,0.8659078289838978,daily_makeup,
2023-04-13,0.0,6683.0,92.75503122831367,False,0.8659078289838978,daily_makeup,
2023-04-14,0.0,6684.0,92.76891047883414,False,0.8659078289838978,daily_makeup,
2023-04-15,0.0,6685.0,92.78278972935462,False,0.8659078289838978,daily_makeup,
2023-04-16,0.0,6686.0,92.7966689798751,False,0.8659078289838978,daily_makeup,
2023-04-17,0.0,6687.0,92.81054823039555,False,0.8659078289838978,daily_makeup,
2023-04-18,0.0,6688.0,92.82442748091603,False,0.8659078289838978,daily_makeup,
2023-04-19,0.0,6689.0,92.8383067314365,False,0.8659078289838978,daily_makeup,
2023-04-20,0.0,6690.0,92.85218598195698,False,0.8659078289838978,daily_makeup,
2023-04-21,0.0,6691.0,92.86606523247745,False,0.8659078289838978,daily_makeup,
2023-04-22,0.0,6692.0,92.87994448299791,False,0.8659078289838978,daily_makeup,
2023-04-23,0.0,6693.0,92.89382373351839,False,0.8659078289838978,daily_makeup,
2023-04-24,0.0,6694.0,92.90770298403886,False,0.8659078289838978,daily_makeup,
2023-04-25,0.0,6695.0,92.92158223455934,False,0.8659078289838978,daily_makeup,
2023-04-26,0.0,6696.0,92.9354614850798,False,0.8659078289838978,daily_makeup,
2023-04-27,0.0,6697.0,92.94934073560027,False,0.8659078289838978,daily_makeup,
2023-04-28,0.0,6698.0,92.96321998612075,False,0.8659078289838978,daily_makeup,
2023-04-29,0.0,6699.0,92.97709923664122,False,0.8659078289838978,daily_makeup,
2023-04-30,0.0,6700.0,92.9909784871617,False,0.8659078289838978,daily_makeup,
2023-05-01,0.0,6701.0,93.00485773768216,False,0.8659078289838978,daily_makeup,
2023-05-02,0.0,6702.0,93.01873698820263,False,0.8659078289838978,daily_makeup,
2023-05-03,0.0,6703.0,93.03261623872311,False,0.8659078289838978,daily_makeup,
2023-05-04,0.0,6704.0,93.04649548924358,False,0.8659078289838978,daily_makeup,
2023-05-05,0.0,6705.0,93.06037473976406,False,0.8659078289838978,daily_makeup,
2023-05-06,0.0,6706.0,93.07425399028452,False,0.8659078289838978,daily_makeup,
2023-05-07,0.0,6707.0,93.08813324080499,False,0.8659078289838978,daily_makeup,
2023-05-08,0.0,6708.0,93.10201249132547,False,0.8659078289838978,daily_makeup,
2023-05-09,0.0,6709.0,93.11589174184594,False,0.8659078289838978,daily_makeup,
2023-05-10,0.0,6710.0,93.12977099236642,False,0.8659078289838978,daily_makeup,
2023-05-11,0.0,6711.0,93.14365024288688,False,0.8659078289838978,daily_makeup,
2023-05-12,0.0,6712.0,93.15752949340735,False,0.8659078289838978,daily_makeup,
2023-05-13,0.0,6713.0,93.17140874392783,False,0.8659078289838978,daily_makeup,
2023-05-14,0.0,6714.0,93.1852879944483,False,0.8659078289838978,daily_makeup,
2023-05-15,0.0,6715.0,93.19916724496878,False,0.8659078289838978,daily_makeup,
2023-05-16,0.0,6716.0,93.21304649548924,False,0.8659078289838978,daily_makeup,
2023-05-17,0.0,6717.0,93.22692574600971,False,0.8659078289838978,daily_makeup,
2023-05-18,0.0,6718.0,93.24080499653019,False,0.8659078289838978,daily_makeup,
2023-05-19,0.0,6719.0,93.25468424705066,False,0.8659078289838978,daily_makeup,
2023-05-20,0.0,6720.0,93.26856349757114,False,0.8659078289838978,daily_makeup,
2023-05-21,0.0,6721.0,93.2824427480916,False,0.8659078289838978,daily_makeup,
2023-05-22,0.0,6722.0,93.29632199861207,False,0.8659078289838978,daily_makeup,
2023-05-23,0.0,6723.0,93.31020124913255,False,0.8659078289838978,daily_makeup,
2023-05-24,0.0,6724.0,93.32408049965302,False,0.8659078289838978,daily_makeup,
2023-05-25,0.0,6725.0,93.3379597501735,False,0.8659078289838978,daily_makeup,
2023-05-26,0.0,6726.0,93.35183900069396,False,0.8659078289838978,daily_makeup,
2023-05-27,0.0,6727.0,93.36571825121443,False,0.8659078289838978,daily_makeup,
2023-05-28,0.0,6728.0,93.3795975017349,False,0.8659078289838978,daily_makeup,
2023-05-29,0.0,6729.0,93.39347675225538,False,0.8659078289838978,daily_makeup,
2023-05-30,0.0,6730.0,93.40735600277586,False,0.8659078289838978,daily_makeup,
2023-05-31,0.0,6731.0,93.42123525329632,False,0.8659078289838978,daily_makeup,
2023-06-01,0.0,6732.0,93.43511450381679,False,0.8659078289838978,daily_makeup,
2023-06-02,0.0,6733.0,93.44899375433727,False,0.8659078289838978,daily_makeup,
2023-06-03,0.0,6734.0,93.46287300485774,False,0.8659078289838978,daily_makeup,
2023-06-04,0.0,6735.0,93.47675225537822,False,0.8659078289838978,daily_makeup,
2023-06-05,0.0,6736.0,93.49063150589868,False,0.8659078289838978,daily_makeup,
2023-06-06,0.0,6737.0,93.50451075641915,False,0.8659078289838978,daily_makeup,
2023-06-07,0.0,6738.0,93.51839000693963,False,0.8659078289838978,daily_makeup,
2023-06-08,0.0,6739.0,93.5322692574601,False,0.8659078289838978,daily_makeup,
2023-06-09,0.0,6740.0,93.54614850798058,False,0.8659078289838978,daily_makeup,
2023-06-10,0.0,6741.0,93.56002775850104,False,0.8659078289838978,daily_makeup,
2023-06-11,0.0,6742.0,93.57390700902151,False,0.8659078289838978,daily_makeup,
2023-06-12,0.0,6743.0,93.58778625954199,False,0.8659078289838978,daily_makeup,
2023-06-13,0.0,6744.0,93.60166551006246,False,0.8659078289838978,daily_makeup,
2023-06-14,0.0,6745.0,93.61554476058294,False,0.8659078289838978,daily_makeup,
2023-06-16,0.0,6746.0,93.6294240111034,False,0.8659078289838978,daily_makeup,
2023-06-17,0.0,6747.0,93.64330326162387,False,0.8659078289838978,daily_makeup,
2023-06-18,0.0,6748.0,93.65718251214435,False,0.8659078289838978,daily_makeup,
2023-06-19,0.0,6749.0,93.67106176266482,False,0.8659078289838978,daily_makeup,
2023-06-20,0.0,6750.0,93.6849410131853,False,0.8659078289838978,daily_makeup,
2023-06-21,0.0,6751.0,93.69882026370576,False,0.8659078289838978,daily_makeup,
2023-06-22,0.0,6752.0,93.71269951422623,False,0.8659078289838978,daily_makeup,
2023-06-23,0.0,6753.0,93.7265787647467,False,0.8659078289838978,daily_makeup,
2023-06-27,0.0,6754.0,93.74045801526718,False,0.8659078289838978,daily_makeup,
2023-06-28,0.0,6755.0,93.75433726578764,False,0.8659078289838978,daily_makeup,
2023-06-29,0.0,6756.0,93.76821651630812,False,0.8659078289838978,daily_makeup,
2023-06-30,0.0,6757.0,93.78209576682859,False,0.8659078289838978,daily_makeup,
2023-07-01,0.0,6758.0,93.79597501734906,False,0.8659078289838978,daily_makeup,
2023-07-10,0.0,6759.0,93.80985426786954,False,0.8659078289838978,daily_makeup,
2023-07-11,0.0,6760.0,93.82373351839,False,0.8659078289838978,daily_makeup,
2023-07-12,0.0,6761.0,93.83761276891047,False,0.8659078289838978,daily_makeup,
2023-07-22,0.0,6762.0,93.85149201943095,False,0.8659078289838978,daily_makeup,
2023-07-23,0.0,6763.0,93.86537126995142,False,0.8659078289838978,daily_makeup,
2023-07-24,0.0,6764.0,93.8792505204719,False,0.8659078289838978,daily_makeup,
2023-07-26,0.0,6765.0,93.89312977099236,False,0.8659078289838978,daily_makeup,
2023-07-30,0.0,6766.0,93.90700902151283,False,0.8659078289838978,daily_makeup,
2023-07-31,0.0,6767.0,93.92088827203331,False,0.8659078289838978,daily_makeup,
2023-08-01,0.0,6768.0,93.93476752255378,False,0.8659078289838978,daily_makeup,
2023-08-02,0.0,6769.0,93.94864677307426,False,0.8659078289838978,daily_makeup,
2023-08-03,0.0,6770.0,93.96252602359472,False,0.8659078289838978,daily_makeup,
2023-08-04,0.0,6771.0,93.9764052741152,False,0.8659078289838978,daily_makeup,
2023-08-05,0.0,6772.0,93.99028452463567,False,0.8659078289838978,daily_makeup,
2023-08-06,0.0,6773.0,94.00416377515614,False,0.8659078289838978,daily_makeup,
2023-08-08,0.0,6774.0,94.01804302567662,False,0.8659078289838978,daily_makeup,
2023-08-09,0.0,6775.0,94.03192227619708,False,0.8659078289838978,daily_makeup,
2023-08-11,0.0,6776.0,94.04580152671755,False,0.8659078289838978,daily_makeup,
2023-08-19,0.0,6777.0,94.05968077723803,False,0.8659078289838978,daily_makeup,
2023-08-20,0.0,6778.0,94.0735600277585,False,0.8659078289838978,daily_makeup,
2023-08-22,0.0,6779.0,94.08743927827898,False,0.8659078289838978,daily_makeup,
2023-08-23,0.0,6780.0,94.10131852879944,False,0.8659078289838978,daily_makeup,
2023-08-24,0.0,6781.0,94.11519777931991,False,0.8659078289838978,daily_makeup,
2023-08-27,0.0,6782.0,94.12907702984039,False,0.8659078289838978,daily_makeup,
2023-08-28,0.0,6783.0,94.14295628036086,False,0.8659078289838978,daily_makeup,
2023-08-29,0.0,6784.0,94.15683553088134,False,0.8659078289838978,daily_makeup,
2023-08-30,0.0,6785.0,94.1707147814018,False,0.8659078289838978,daily_makeup,
2023-08-31,0.0,6786.0,94.18459403192227,False,0.8659078289838978,daily_makeup,
2023-09-01,0.0,6787.0,94.19847328244275,False,0.8659078289838978,daily_makeup,
2023-09-02,0.0,6788.0,94.21235253296322,False,0.8659078289838978,daily_makeup,
2023-09-10,0.0,6789.0,94.2262317834837,False,0.8659078289838978,daily_makeup,
2023-09-12,0.0,6790.0,94.24011103400416,False,0.8659078289838978,daily_makeup,
2023-09-13,0.0,6791.0,94.25399028452463,False,0.8659078289838978,daily_makeup,
2023-09-14,0.0,6792.0,94.26786953504511,False,0.8659078289838978,daily_makeup,
2023-09-15,0.0,6793.0,94.28174878556558,False,0.8659078289838978,daily_makeup,
2023-09-16,0.0,6794.0,94.29562803608606,False,0.8659078289838978,daily_makeup,
2023-09-17,0.0,6795.0,94.30950728660652,False,0.8659078289838978,daily_makeup,
2023-09-18,0.0,6796.0,94.32338653712699,False,0.8659078289838978,daily_makeup,
2023-09-19,0.0,6797.0,94.33726578764747,False,0.8659078289838978,daily_makeup,
2023-09-20,0.0,6798.0,94.35114503816794,False,0.8659078289838978,daily_makeup,
2023-09-21,0.0,6799.0,94.36502428868842,False,0.8659078289838978,daily_makeup,
2023-09-22,0.0,6800.0,94.37890353920888,False,0.8659078289838978,daily_makeup,
2023-09-23,0.0,6801.0,94.39278278972935,False,0.8659078289838978,daily_makeup,
2023-09-24,0.0,6802.0,94.40666204024983,False,0.8659078289838978,daily_makeup,
2023-09-25,0.0,6803.0,94.4205412907703,False,0.8659078289838978,daily_makeup,
2023-09-26,0.0,6804.0,94.43442054129078,False,0.8659078289838978,daily_makeup,
2023-09-28,0.0,6805.0,94.44829979181124,False,0.8659078289838978,daily_makeup,
2023-09-29,0.0,6806.0,94.46217904233171,False,0.8659078289838978,daily_makeup,
2023-09-30,0.0,6807.0,94.47605829285219,False,0.8659078289838978,daily_makeup,
2023-10-01,0.0,6808.0,94.48993754337266,False,0.8659078289838978,daily_makeup,
2023-10-02,0.0,6809.0,94.50381679389314,False,0.8659078289838978,daily_makeup,
2023-10-03,0.0,6810.0,94.5176960444136,False,0.8659078289838978,daily_makeup,
2023-10-04,0.0,6811.0,94.53157529493407,False,0.8659078289838978,daily_makeup,
2023-10-05,0.0,6812.0,94.54545454545455,False,0.8659078289838978,daily_makeup,
2023-10-06,0.0,6813.0,94.55933379597502,False,0.8659078289838978,daily_makeup,
2023-10-07,0.0,6814.0,94.5732130464955,False,0.8659078289838978,daily_makeup,
2023-10-08,0.0,6815.0,94.58709229701596,False,0.8659078289838978,daily_makeup,
2023-10-09,0.0,6816.0,94.60097154753643,False,0.8659078289838978,daily_makeup,
2023-10-10,0.0,6817.0,94.6148507980569,False,0.8659078289838978,daily_makeup,
2023-10-11,0.0,6818.0,94.62873004857738,False,0.8659078289838978,daily_makeup,
2023-10-12,0.0,6819.0,94.64260929909784,False,0.8659078289838978,daily_makeup,
2023-10-13,0.0,6820.0,94.65648854961832,False,0.8659078289838978,daily_makeup,
2023-10-14,0.0,6821.0,94.67036780013879,False,0.8659078289838978,daily_makeup,
2023-10-15,0.0,6822.0,94.68424705065927,False,0.8659078289838978,daily_makeup,
2023-10-16,0.0,6823.0,94.69812630117974,False,0.8659078289838978,daily_makeup,
2023-10-17,0.0,6824.0,94.7120055517002,False,0.8659078289838978,daily_makeup,
2023-10-18,0.0,6825.0,94.72588480222068,False,0.8659078289838978,daily_makeup,
2023-10-19,0.0,6826.0,94.73976405274115,False,0.8659078289838978,daily_makeup,
2023-10-20,0.0,6827.0,94.75364330326163,False,0.8659078289838978,daily_makeup,
2023-10-21,0.0,6828.0,94.7675225537821,False,0.8659078289838978,daily_makeup,
2023-10-22,0.0,6829.0,94.78140180430256,False,0.8659078289838978,daily_makeup,
2023-10-23,0.0,6830.0,94.79528105482304,False,0.8659078289838978,daily_makeup,
2023-10-24,0.0,6831.0,94.80916030534351,False,0.8659078289838978,daily_makeup,
2023-10-25,0.0,6832.0,94.82303955586399,False,0.8659078289838978,daily_makeup,
2023-10-26,0.0,6833.0,94.83691880638446,False,0.8659078289838978,daily_makeup,
2023-10-27,0.0,6834.0,94.85079805690492,False,0.8659078289838978,daily_makeup,
2023-10-28,0.0,6835.0,94.8646773074254,False,0.8659078289838978,daily_makeup,
2023-10-29,0.0,6836.0,94.87855655794587,False,0.8659078289838978,daily_makeup,
2023-10-30,0.0,6837.0,94.89243580846635,False,0.8659078289838978,daily_makeup,
2023-10-31,0.0,6838.0,94.90631505898682,False,0.8659078289838978,daily_makeup,
2023-11-01,0.0,6839.0,94.92019430950728,False,0.8659078289838978,daily_makeup,
2023-11-02,0.0,6840.0,94.93407356002776,False,0.8659078289838978,daily_makeup,
2023-11-03,0.0,6841.0,94.94795281054823,False,0.8659078289838978,daily_makeup,
2023-11-04,0.0,6842.0,94.9618320610687,False,0.8659078289838978,daily_makeup,
2023-11-05,0.0,6843.0,94.97571131158918,False,0.8659078289838978,daily_makeup,
2023-11-06,0.0,6844.0,94.98959056210964,False,0.8659078289838978,daily_makeup,
2023-11-07,0.0,6845.0,95.00346981263012,False,0.8659078289838978,daily_makeup,
2023-11-08,0.0,6846.0,95.01734906315059,False,0.8659078289838978,daily_makeup,
2023-11-09,0.0,6847.0,95.03122831367106,False,0.8659078289838978,daily_makeup,
2023-11-10,0.0,6848.0,95.04510756419154,False,0.8659078289838978,daily_makeup,
2023-11-11,0.0,6849.0,95.058986814712,False,0.8659078289838978,daily_makeup,
2023-11-12,0.0,6850.0,95.07286606523247,False,0.8659078289838978,daily_makeup,
2023-11-13,0.0,6851.0,95.08674531575295,False,0.8659078289838978,daily_makeup,
2023-11-14,0.0,6852.0,95.10062456627342,False,0.8659078289838978,daily_makeup,
2023-11-15,0.0,6853.0,95.1145038167939,False,0.8659078289838978,daily_makeup,
2023-11-16,0.0,6854.0,95.12838306731436,False,0.8659078289838978,daily_makeup,
2023-11-17,0.0,6855.0,95.14226231783483,False,0.8659078289838978,daily_makeup,
2023-11-18,0.0,6856.0,95.15614156835531,False,0.8659078289838978,daily_makeup,
2023-11-19,0.0,6857.0,95.17002081887578,False,0.8659078289838978,daily_makeup,
2023-11-20,0.0,6858.0,95.18390006939626,False,0.8659078289838978,daily_makeup,
2023-11-21,0.0,6859.0,95.19777931991672,False,0.8659078289838978,daily_makeup,
2023-11-22,0.0,6860.0,95.2116585704372,False,0.8659078289838978,daily_makeup,
2023-11-23,0.0,6861.0,95.22553782095767,False,0.8659078289838978,daily_makeup,
2023-11-24,0.0,6862.0,95.23941707147814,False,0.8659078289838978,daily_makeup,
2023-11-25,0.0,6863.0,95.25329632199862,False,0.8659078289838978,daily_makeup,
2023-11-26,0.0,6864.0,95.26717557251908,False,0.8659078289838978,daily_makeup,
2023-11-27,0.0,6865.0,95.28105482303955,False,0.8659078289838978,daily_makeup,
2023-11-28,0.0,6866.0,95.29493407356003,False,0.8659078289838978,daily_makeup,
2023-11-29,0.0,6867.0,95.3088133240805,False,0.8659078289838978,daily_makeup,
2023-11-30,0.0,6868.0,95.32269257460098,False,0.8659078289838978,daily_makeup,
2023-12-01,0.0,6869.0,95.33657182512144,False,0.8659078289838978,daily_makeup,
2023-12-02,0.0,6870.0,95.35045107564191,False,0.8659078289838978,daily_makeup,
2023-12-03,0.0,6871.0,95.36433032616239,False,0.8659078289838978,daily_makeup,
2023-12-04,0.0,6872.0,95.37820957668286,False,0.8659078289838978,daily_makeup,
2023-12-05,0.0,6873.0,95.39208882720334,False,0.8659078289838978,daily_makeup,
2023-12-06,0.0,6874.0,95.4059680777238,False,0.8659078289838978,daily_makeup,
2023-12-07,0.0,6875.0,95.41984732824427,False,0.8659078289838978,daily_makeup,
2023-12-08,0.0,6876.0,95.43372657876475,False,0.8659078289838978,daily_makeup,
2023-12-09,0.0,6877.0,95.44760582928522,False,0.8659078289838978,daily_makeup,
2023-12-10,0.0,6878.0,95.46148507980568,False,0.8659078289838978,daily_makeup,
2023-12-11,0.0,6879.0,95.47536433032616,False,0.8659078289838978,daily_makeup,
2023-12-12,0.0,6880.0,95.48924358084663,False,0.8659078289838978,daily_makeup,
2023-12-13,0.0,6881.0,95.50312283136711,False,0.8659078289838978,daily_makeup,
2023-12-14,0.0,6882.0,95.51700208188758,False,0.8659078289838978,daily_makeup,
2023-12-15,0.0,6883.0,95.53088133240804,False,0.8659078289838978,daily_makeup,
2023-12-16,0.0,6884.0,95.54476058292852,False,0.8659078289838978,daily_makeup,
2023-12-17,0.0,6885.0,95.55863983344899,False,0.8659078289838978,daily_makeup,
2023-12-18,0.0,6886.0,95.57251908396947,False,0.8659078289838978,daily_makeup,
2023-12-19,0.0,6887.0,95.58639833448994,False,0.8659078289838978,daily_makeup,
2023-12-20,0.0,6888.0,95.6002775850104,False,0.8659078289838978,daily_makeup,
2023-12-21,0.0,6889.0,95.61415683553088,False,0.8659078289838978,daily_makeup,
2023-12-22,0.0,6890.0,95.62803608605135,False,0.8659078289838978,daily_makeup,
2023-12-23,0.0,6891.0,95.64191533657183,False,0.8659078289838978,daily_makeup,
2023-12-24,0.0,6892.0,95.6557945870923,False,0.8659078289838978,daily_makeup,
2023-12-25,0.0,6893.0,95.66967383761276,False,0.8659078289838978,daily_makeup,
2023-12-26,0.0,6894.0,95.68355308813324,False,0.8659078289838978,daily_makeup,
2023-12-27,0.0,6895.0,95.69743233865371,False,0.8659078289838978,daily_makeup,
2023-12-28,0.0,6896.0,95.71131158917419,False,0.8659078289838978,daily_makeup,
2023-12-29,0.0,6897.0,95.72519083969466,False,0.8659078289838978,daily_makeup,
2023-12-30,0.0,6898.0,95.73907009021512,False,0.8659078289838978,daily_makeup,
2023-12-31,0.0,6899.0,95.7529493407356,False,0.8659078289838978,daily_makeup,
2024-01-01,0.0,6900.0,95.76682859125607,False,0.8659078289838978,daily_makeup,
2024-01-02,0.0,6901.0,95.78070784177655,False,0.8659078289838978,daily_makeup,
2024-01-03,0.0,6902.0,95.79458709229702,False,0.8659078289838978,daily_makeup,
2024-01-04,0.0,6903.0,95.80846634281748,False,0.8659078289838978,daily_makeup,
2024-01-05,0.0,6904.0,95.82234559333796,False,0.8659078289838978,daily_makeup,
2024-01-06,0.0,6905.0,95.83622484385843,False,0.8659078289838978,daily_makeup,
2024-01-07,0.0,6906.0,95.8501040943789,False,0.8659078289838978,daily_makeup,
2024-01-08,0.0,6907.0,95.86398334489938,False,0.8659078289838978,daily_makeup,
2024-01-09,0.0,6908.0,95.87786259541984,False,0.8659078289838978,daily_makeup,
2024-01-10,0.0,6909.0,95.89174184594032,False,0.8659078289838978,daily_makeup,
2024-01-11,0.0,6910.0,95.90562109646079,False,0.8659078289838978,daily_makeup,
2024-01-12,0.0,6911.0,95.91950034698127,False,0.8659078289838978,daily_makeup,
2024-01-13,0.0,6912.0,95.93337959750174,False,0.8659078289838978,daily_makeup,
2024-01-14,0.0,6913.0,95.9472588480222,False,0.8659078289838978,daily_makeup,
2024-01-15,0.0,6914.0,95.96113809854268,False,0.8659078289838978,daily_makeup,
2024-01-16,0.0,6915.0,95.97501734906315,False,0.8659078289838978,daily_makeup,
2024-01-17,0.0,6916.0,95.98889659958363,False,0.8659078289838978,daily_makeup,
2024-01-18,0.0,6917.0,96.0027758501041,False,0.8659078289838978,daily_makeup,
2024-01-19,0.0,6918.0,96.01665510062456,False,0.8659078289838978,daily_makeup,
2024-01-20,0.0,6919.0,96.03053435114504,False,0.8659078289838978,daily_makeup,
2024-01-21,0.0,6920.0,96.04441360166551,False,0.8659078289838978,daily_makeup,
2024-01-22,0.0,6921.0,96.05829285218599,False,0.8659078289838978,daily_makeup,
2024-01-23,0.0,6922.0,96.07217210270646,False,0.8659078289838978,daily_makeup,
2024-01-24,0.0,6923.0,96.08605135322692,False,0.8659078289838978,daily_makeup,
2024-01-25,0.0,6924.0,96.0999306037474,False,0.8659078289838978,daily_makeup,
2024-01-26,0.0,6925.0,96.11380985426787,False,0.8659078289838978,daily_makeup,
2024-01-27,0.0,6926.0,96.12768910478835,False,0.8659078289838978,daily_makeup,
2024-01-28,0.0,6927.0,96.14156835530882,False,0.8659078289838978,daily_makeup,
2024-01-29,0.0,6928.0,96.15544760582928,False,0.8659078289838978,daily_makeup,
2024-01-30,0.0,6929.0,96.16932685634976,False,0.8659078289838978,daily_makeup,
2024-01-31,0.0,6930.0,96.18320610687023,False,0.8659078289838978,daily_makeup,
2024-02-01,0.0,6931.0,96.1970853573907,False,0.8659078289838978,daily_makeup,
2024-02-02,0.0,6932.0,96.21096460791118,False,0.8659078289838978,daily_makeup,
2024-02-03,0.0,6933.0,96.22484385843164,False,0.8659078289838978,daily_makeup,
2024-02-04,0.0,6934.0,96.23872310895212,False,0.8659078289838978,daily_makeup,
2024-02-05,0.0,6935.0,96.25260235947259,False,0.8659078289838978,daily_makeup,
2024-02-06,0.0,6936.0,96.26648160999306,False,0.8659078289838978,daily_makeup,
2024-02-07,0.0,6937.0,96.28036086051353,False,0.8659078289838978,daily_makeup,
2024-02-08,0.0,6938.0,96.294240111034,False,0.8659078289838978,daily_makeup,
2024-02-09,0.0,6939.0,96.30811936155447,False,0.8659078289838978,daily_makeup,
2024-02-10,0.0,6940.0,96.32199861207495,False,0.8659078289838978,daily_makeup,
2024-02-11,0.0,6941.0,96.33587786259542,False,0.8659078289838978,daily_makeup,
2024-02-12,0.0,6942.0,96.34975711311588,False,0.8659078289838978,daily_makeup,
2024-02-13,0.0,6943.0,96.36363636363636,False,0.8659078289838978,daily_makeup,
2024-02-14,0.0,6944.0,96.37751561415683,False,0.8659078289838978,daily_makeup,
2024-02-15,0.0,6945.0,96.39139486467731,False,0.8659078289838978,daily_makeup,
2024-02-16,0.0,6946.0,96.40527411519778,False,0.8659078289838978,daily_makeup,
2024-02-17,0.0,6947.0,96.41915336571824,False,0.8659078289838978,daily_makeup,
2024-02-18,0.0,6948.0,96.43303261623872,False,0.8659078289838978,daily_makeup,
2024-02-19,0.0,6949.0,96.4469118667592,False,0.8659078289838978,daily_makeup,
2024-02-20,0.0,6950.0,96.46079111727967,False,0.8659078289838978,daily_makeup,
2024-02-21,0.0,6951.0,96.47467036780014,False,0.8659078289838978,daily_makeup,
2024-02-22,0.0,6952.0,96.4885496183206,False,0.8659078289838978,daily_makeup,
2024-02-23,0.0,6953.0,96.50242886884108,False,0.8659078289838978,daily_makeup,
2024-02-24,0.0,6954.0,96.51630811936155,False,0.8659078289838978,daily_makeup,
2024-02-25,0.0,6955.0,96.53018736988203,False,0.8659078289838978,daily_makeup,
2024-02-26,0.0,6956.0,96.5440666204025,False,0.8659078289838978,daily_makeup,
2024-02-27,0.0,6957.0,96.55794587092296,False,0.8659078289838978,daily_makeup,
2024-02-28,0.0,6958.0,96.57182512144344,False,0.8659078289838978,daily_makeup,
2024-02-29,0.0,6959.0,96.58570437196391,False,0.8659078289838978,daily_makeup,
2024-03-01,0.0,6960.0,96.59958362248439,False,0.8659078289838978,daily_makeup,
2024-03-02,0.0,6961.0,96.61346287300486,False,0.8659078289838978,daily_makeup,
2024-03-03,0.0,6962.0,96.62734212352532,False,0.8659078289838978,daily_makeup,
2024-03-04,0.0,6963.0,96.6412213740458,False,0.8659078289838978,daily_makeup,
2024-03-05,0.0,6964.0,96.65510062456627,False,0.8659078289838978,daily_makeup,
2024-03-06,0.0,6965.0,96.66897987508675,False,0.8659078289838978,daily_makeup,
2024-03-07,0.0,6966.0,96.68285912560722,False,0.8659078289838978,daily_makeup,
2024-03-08,0.0,6967.0,96.69673837612768,False,0.8659078289838978,daily_makeup,
2024-03-09,0.0,6968.0,96.71061762664816,False,0.8659078289838978,daily_makeup,
2024-03-10,0.0,6969.0,96.72449687716863,False,0.8659078289838978,daily_makeup,
2024-03-11,0.0,6970.0,96.73837612768911,False,0.8659078289838978,daily_makeup,
2024-03-12,0.0,6971.0,96.75225537820958,False,0.8659078289838978,daily_makeup,
2024-03-13,0.0,6972.0,96.76613462873004,False,0.8659078289838978,daily_makeup,
2024-03-14,0.0,6973.0,96.78001387925052,False,0.8659078289838978,daily_makeup,
2024-03-15,0.0,6974.0,96.79389312977099,False,0.8659078289838978,daily_makeup,
2024-03-16,0.0,6975.0,96.80777238029147,False,0.8659078289838978,daily_makeup,
2024-03-17,0.0,6976.0,96.82165163081194,False,0.8659078289838978,daily_makeup,
2024-03-18,0.0,6977.0,96.8355308813324,False,0.8659078289838978,daily_makeup,
2024-03-19,0.0,6978.0,96.84941013185288,False,0.8659078289838978,daily_makeup,
2024-03-20,0.0,6979.0,96.86328938237335,False,0.8659078289838978,daily_makeup,
2024-03-21,0.0,6980.0,96.87716863289383,False,0.8659078289838978,daily_makeup,
2024-03-22,0.0,6981.0,96.8910478834143,False,0.8659078289838978,daily_makeup,
2024-03-23,0.0,6982.0,96.90492713393476,False,0.8659078289838978,daily_makeup,
2024-03-24,0.0,6983.0,96.91880638445524,False,0.8659078289838978,daily_makeup,
2024-03-25,0.0,6984.0,96.93268563497571,False,0.8659078289838978,daily_makeup,
2024-03-26,0.0,6985.0,96.94656488549619,False,0.8659078289838978,daily_makeup,
2024-03-27,0.0,6986.0,96.96044413601666,False,0.8659078289838978,daily_makeup,
2024-03-28,0.0,6987.0,96.97432338653712,False,0.8659078289838978,daily_makeup,
2024-03-29,0.0,6988.0,96.9882026370576,False,0.8659078289838978,daily_makeup,
2024-03-30,0.0,6989.0,97.00208188757807,False,0.8659078289838978,daily_makeup,
2024-03-31,0.0,6990.0,97.01596113809855,False,0.8659078289838978,daily_makeup,
2024-04-01,0.0,6991.0,97.02984038861902,False,0.8659078289838978,daily_makeup,
2024-04-02,0.0,6992.0,97.04371963913948,False,0.8659078289838978,daily_makeup,
2024-04-03,0.0,6993.0,97.05759888965996,False,0.8659078289838978,daily_makeup,
2024-04-04,0.0,6994.0,97.07147814018043,False,0.8659078289838978,daily_makeup,
2024-04-05,0.0,6995.0,97.0853573907009,False,0.8659078289838978,daily_makeup,
2024-04-06,0.0,6996.0,97.09923664122137,False,0.8659078289838978,daily_makeup,
2024-04-07,0.0,6997.0,97.11311589174184,False,0.8659078289838978,daily_makeup,
2024-04-08,0.0,6998.0,97.12699514226232,False,0.8659078289838978,daily_makeup,
2024-04-09,0.0,6999.0,97.14087439278279,False,0.8659078289838978,daily_makeup,
2024-04-10,0.0,7000.0,97.15475364330327,False,0.8659078289838978,daily_makeup,
2024-04-11,0.0,7001.0,97.16863289382373,False,0.8659078289838978,daily_makeup,
2024-04-12,0.0,7002.0,97.1825121443442,False,0.8659078289838978,daily_makeup,
2024-04-13,0.0,7003.0,97.19639139486468,False,0.8659078289838978,daily_makeup,
2024-04-14,0.0,7004.0,97.21027064538515,False,0.8659078289838978,daily_makeup,
2024-04-15,0.0,7005.0,97.22414989590563,False,0.8659078289838978,daily_makeup,
2024-04-16,0.0,7006.0,97.23802914642609,False,0.8659078289838978,daily_makeup,
2024-04-17,0.0,7007.0,97.25190839694656,False,0.8659078289838978,daily_makeup,
2024-04-18,0.0,7008.0,97.26578764746704,False,0.8659078289838978,daily_makeup,
2024-04-19,0.0,7009.0,97.27966689798751,False,0.8659078289838978,daily_makeup,
2024-04-20,0.0,7010.0,97.29354614850799,False,0.8659078289838978,daily_makeup,
2024-04-21,0.0,7011.0,97.30742539902845,False,0.8659078289838978,daily_makeup,
2024-04-22,0.0,7012.0,97.32130464954892,False,0.8659078289838978,daily_makeup,
2024-04-23,0.0,7013.0,97.3351839000694,False,0.8659078289838978,daily_makeup,
2024-04-24,0.0,7014.0,97.34906315058987,False,0.8659078289838978,daily_makeup,
2024-04-25,0.0,7015.0,97.36294240111035,False,0.8659078289838978,daily_makeup,
2024-04-26,0.0,7016.0,97.3768216516308,False,0.8659078289838978,daily_makeup,
2024-04-27,0.0,7017.0,97.39070090215128,False,0.8659078289838978,daily_makeup,
2024-04-28,0.0,7018.0,97.40458015267176,False,0.8659078289838978,daily_makeup,
2024-04-29,0.0,7019.0,97.41845940319223,False,0.8659078289838978,daily_makeup,
2024-04-30,0.0,7020.0,97.4323386537127,False,0.8659078289838978,daily_makeup,
2024-05-01,0.0,7021.0,97.44621790423317,False,0.8659078289838978,daily_makeup,
2024-05-02,0.0,7022.0,97.46009715475364,False,0.8659078289838978,daily_makeup,
2024-05-03,0.0,7023.0,97.47397640527412,False,0.8659078289838978,daily_makeup,
2024-05-04,0.0,7024.0,97.48785565579459,False,0.8659078289838978,daily_makeup,
2024-05-05,0.0,7025.0,97.50173490631506,False,0.8659078289838978,daily_makeup,
2024-05-06,0.0,7026.0,97.51561415683553,False,0.8659078289838978,daily_makeup,
2024-05-07,0.0,7027.0,97.529493407356,False,0.8659078289838978,daily_makeup,
2024-05-08,0.0,7028.0,97.54337265787647,False,0.8659078289838978,daily_makeup,
2024-05-09,0.0,7029.0,97.55725190839695,False,0.8659078289838978,daily_makeup,
2024-05-10,0.0,7030.0,97.57113115891742,False,0.8659078289838978,daily_makeup,
2024-05-11,0.0,7031.0,97.58501040943788,False,0.8659078289838978,daily_makeup,
2024-05-12,0.0,7032.0,97.59888965995836,False,0.8659078289838978,daily_makeup,
2024-05-13,0.0,7033.0,97.61276891047883,False,0.8659078289838978,daily_makeup,
2024-05-14,0.0,7034.0,97.62664816099931,False,0.8659078289838978,daily_makeup,
2024-05-15,0.0,7035.0,97.64052741151978,False,0.8659078289838978,daily_makeup,
2024-05-16,0.0,7036.0,97.65440666204024,False,0.8659078289838978,daily_makeup,
2024-05-17,0.0,7037.0,97.66828591256072,False,0.8659078289838978,daily_makeup,
2024-05-18,0.0,7038.0,97.6821651630812,False,0.8659078289838978,daily_makeup,
2024-05-19,0.0,7039.0,97.69604441360167,False,0.8659078289838978,daily_makeup,
2024-05-20,0.0,7040.0,97.70992366412214,False,0.8659078289838978,daily_makeup,
2024-05-21,0.0,7041.0,97.7238029146426,False,0.8659078289838978,daily_makeup,
2024-05-22,0.0,7042.0,97.73768216516308,False,0.8659078289838978,daily_makeup,
2024-05-23,0.0,7043.0,97.75156141568355,False,0.8659078289838978,daily_makeup,
2024-05-24,0.0,7044.0,97.76544066620403,False,0.8659078289838978,daily_makeup,
2024-05-25,0.0,7045.0,97.7793199167245,False,0.8659078289838978,daily_makeup,
2024-05-26,0.0,7046.0,97.79319916724496,False,0.8659078289838978,daily_makeup,
2024-05-27,0.0,7047.0,97.80707841776544,False,0.8659078289838978,daily_makeup,
2024-05-28,0.0,7048.0,97.82095766828591,False,0.8659078289838978,daily_makeup,
2024-05-29,0.0,7049.0,97.83483691880639,False,0.8659078289838978,daily_makeup,
2024-05-30,0.0,7050.0,97.84871616932686,False,0.8659078289838978,daily_makeup,
2024-05-31,0.0,7051.0,97.86259541984732,False,0.8659078289838978,daily_makeup,
2024-06-01,0.0,7052.0,97.8764746703678,False,0.8659078289838978,daily_makeup,
2024-06-02,0.0,7053.0,97.89035392088827,False,0.8659078289838978,daily_makeup,
2024-06-03,0.0,7054.0,97.90423317140875,False,0.8659078289838978,daily_makeup,
2024-06-04,0.0,7055.0,97.91811242192921,False,0.8659078289838978,daily_makeup,
2024-06-07,0.0,7056.0,97.93199167244968,False,0.8659078289838978,daily_makeup,
2024-06-08,0.0,7057.0,97.94587092297016,False,0.8659078289838978,daily_makeup,
2024-06-09,0.0,7058.0,97.95975017349063,False,0.8659078289838978,daily_makeup,
2024-06-10,0.0,7059.0,97.97362942401111,False,0.8659078289838978,daily_makeup,
2024-06-11,0.0,7060.0,97.98750867453157,False,0.8659078289838978,daily_makeup,
2024-06-12,0.0,7061.0,98.00138792505204,False,0.8659078289838978,daily_makeup,
2024-06-13,0.0,7062.0,98.01526717557252,False,0.8659078289838978,daily_makeup,
2024-06-15,0.0,7063.0,98.02914642609299,False,0.8659078289838978,daily_makeup,
2024-06-16,0.0,7064.0,98.04302567661347,False,0.8659078289838978,daily_makeup,
2024-06-25,0.0,7065.0,98.05690492713393,False,0.8659078289838978,daily_makeup,
2024-06-27,0.0,7066.0,98.0707841776544,False,0.8659078289838978,daily_makeup,
2024-06-28,0.0,7067.0,98.08466342817488,False,0.8659078289838978,daily_makeup,
2024-07-01,0.0,7068.0,98.09854267869535,False,0.8659078289838978,daily_makeup,
2024-07-02,0.0,7069.0,98.11242192921583,False,0.8659078289838978,daily_makeup,
2024-07-03,0.0,7070.0,98.12630117973629,False,0.8659078289838978,daily_makeup,
2024-07-18,0.0,7071.0,98.14018043025676,False,0.8659078289838978,daily_makeup,
2024-07-19,0.0,7072.0,98.15405968077724,False,0.8659078289838978,daily_makeup,
2024-07-20,0.0,7073.0,98.16793893129771,False,0.8659078289838978,daily_makeup,
2024-07-26,0.0,7074.0,98.18181818181819,False,0.8659078289838978,daily_makeup,
2024-07-27,0.0,7075.0,98.19569743233865,False,0.8659078289838978,daily_makeup,
2024-07-28,0.0,7076.0,98.20957668285912,False,0.8659078289838978,daily_makeup,
2024-08-08,0.0,7077.0,98.2234559333796,False,0.8659078289838978,daily_makeup,
2024-08-11,0.0,7078.0,98.23733518390007,False,0.8659078289838978,daily_makeup,
2024-08-12,0.0,7079.0,98.25121443442055,False,0.8659078289838978,daily_makeup,
2024-08-13,0.0,7080.0,98.26509368494101,False,0.8659078289838978,daily_makeup,
2024-08-14,0.0,7081.0,98.27897293546148,False,0.8659078289838978,daily_makeup,
2024-08-15,0.0,7082.0,98.29285218598196,False,0.8659078289838978,daily_makeup,
2024-08-16,0.0,7083.0,98.30673143650243,False,0.8659078289838978,daily_makeup,
2024-08-17,0.0,7084.0,98.3206106870229,False,0.8659078289838978,daily_makeup,
2024-08-20,0.0,7085.0,98.33448993754337,False,0.8659078289838978,daily_makeup,
2024-08-21,0.0,7086.0,98.34836918806384,False,0.8659078289838978,daily_makeup,
2024-08-22,0.0,7087.0,98.36224843858432,False,0.8659078289838978,daily_makeup,
2024-08-23,0.0,7088.0,98.37612768910479,False,0.8659078289838978,daily_makeup,
2024-08-24,0.0,7089.0,98.39000693962527,False,0.8659078289838978,daily_makeup,
2024-08-25,0.0,7090.0,98.40388619014573,False,0.8659078289838978,daily_makeup,
2024-08-27,0.0,7091.0,98.4177654406662,False,0.8659078289838978,daily_makeup,
2024-08-29,0.0,7092.0,98.43164469118668,False,0.8659078289838978,daily_makeup,
2024-08-30,0.0,7093.0,98.44552394170715,False,0.8659078289838978,daily_makeup,
2024-08-31,0.0,7094.0,98.45940319222763,False,0.8659078289838978,daily_makeup,
2024-09-02,0.0,7095.0,98.47328244274809,False,0.8659078289838978,daily_makeup,
2024-09-03,0.0,7096.0,98.48716169326856,False,0.8659078289838978,daily_makeup,
2024-09-04,0.0,7097.0,98.50104094378904,False,0.8659078289838978,daily_makeup,
2024-09-05,0.0,7098.0,98.51492019430951,False,0.8659078289838978,daily_makeup,
2024-09-06,0.0,7099.0,98.52879944482999,False,0.8659078289838978,daily_makeup,
2024-09-07,0.0,7100.0,98.54267869535045,False,0.8659078289838978,daily_makeup,
2024-09-08,0.0,7101.0,98.55655794587092,False,0.8659078289838978,daily_makeup,
2024-09-09,0.0,7102.0,98.5704371963914,False,0.8659078289838978,daily_makeup,
2024-09-10,0.0,7103.0,98.58431644691187,False,0.8659078289838978,daily_makeup,
2024-09-11,0.0,7104.0,98.59819569743235,False,0.8659078289838978,daily_makeup,
2024-09-12,0.0,7105.0,98.6120749479528,False,0.8659078289838978,daily_makeup,
2024-09-13,0.0,7106.0,98.62595419847328,False,0.8659078289838978,daily_makeup,
2024-09-14,0.0,7107.0,98.63983344899376,False,0.8659078289838978,daily_makeup,
2024-09-15,0.0,7108.0,98.65371269951423,False,0.8659078289838978,daily_makeup,
2024-09-16,0.0,7109.0,98.6675919500347,False,0.8659078289838978,daily_makeup,
2024-09-17,0.0,7110.0,98.68147120055517,False,0.8659078289838978,daily_makeup,
2024-09-18,0.0,7111.0,98.69535045107564,False,0.8659078289838978,daily_makeup,
2024-09-19,0.0,7112.0,98.70922970159612,False,0.8659078289838978,daily_makeup,
2024-09-20,0.0,7113.0,98.72310895211659,False,0.8659078289838978,daily_makeup,
2024-09-21,0.0,7114.0,98.73698820263706,False,0.8659078289838978,daily_makeup,
2024-09-22,0.0,7115.0,98.75086745315753,False,0.8659078289838978,daily_makeup,
2024-09-23,0.0,7116.0,98.764746703678,False,0.8659078289838978,daily_makeup,
2024-09-24,0.0,7117.0,98.77862595419847,False,0.8659078289838978,daily_makeup,
2024-09-25,0.0,7118.0,98.79250520471895,False,0.8659078289838978,daily_makeup,
2024-09-27,0.0,7119.0,98.80638445523941,False,0.8659078289838978,daily_makeup,
2024-09-28,0.0,7120.0,98.82026370575988,False,0.8659078289838978,daily_makeup,
2024-10-05,0.0,7121.0,98.83414295628036,False,0.8659078289838978,daily_makeup,
2024-10-06,0.0,7122.0,98.84802220680083,False,0.8659078289838978,daily_makeup,
2024-10-07,0.0,7123.0,98.86190145732131,False,0.8659078289838978,daily_makeup,
2024-10-08,0.0,7124.0,98.87578070784177,False,0.8659078289838978,daily_makeup,
2024-10-09,0.0,7125.0,98.88965995836224,False,0.8659078289838978,daily_makeup,
2024-10-10,0.0,7126.0,98.90353920888272,False,0.8659078289838978,daily_makeup,
2024-10-11,0.0,7127.0,98.9174184594032,False,0.8659078289838978,daily_makeup,
2024-10-12,0.0,7128.0,98.93129770992367,False,0.8659078289838978,daily_makeup,
2024-10-13,0.0,7129.0,98.94517696044413,False,0.8659078289838978,daily_makeup,
2024-10-14,0.0,7130.0,98.9590562109646,False,0.8659078289838978,daily_makeup,
2024-10-15,0.0,7131.0,98.97293546148508,False,0.8659078289838978,daily_makeup,
2024-10-16,0.0,7132.0,98.98681471200555,False,0.8659078289838978,daily_makeup,
2024-10-17,0.0,7133.0,99.00069396252603,False,0.8659078289838978,daily_makeup,
2024-10-18,0.0,7134.0,99.01457321304649,False,0.8659078289838978,daily_makeup,
2024-10-19,0.0,7135.0,99.02845246356696,False,0.8659078289838978,daily_makeup,
2024-10-20,0.0,7136.0,99.04233171408744,False,0.8659078289838978,daily_makeup,
2024-10-21,0.0,7137.0,99.05621096460791,False,0.8659078289838978,daily_makeup,
2024-10-22,0.0,7138.0,99.07009021512839,False,0.8659078289838978,daily_makeup,
2024-10-23,0.0,7139.0,99.08396946564885,False,0.8659078289838978,daily_makeup,
2024-10-24,0.0,7140.0,99.09784871616932,False,0.8659078289838978,daily_makeup,
2024-10-25,0.0,7141.0,99.1117279666898,False,0.8659078289838978,daily_makeup,
2024-10-26,0.0,7142.0,99.12560721721027,False,0.8659078289838978,daily_makeup,
2024-10-27,0.0,7143.0,99.13948646773075,False,0.8659078289838978,daily_makeup,
2024-10-28,0.0,7144.0,99.15336571825121,False,0.8659078289838978,daily_makeup,
2024-10-29,0.0,7145.0,99.16724496877168,False,0.8659078289838978,daily_makeup,
2024-10-30,0.0,7146.0,99.18112421929216,False,0.8659078289838978,daily_makeup,
2024-10-31,0.0,7147.0,99.19500346981263,False,0.8659078289838978,daily_makeup,
2024-11-01,0.0,7148.0,99.20888272033311,False,0.8659078289838978,daily_makeup,
2024-11-02,0.0,7149.0,99.22276197085357,False,0.8659078289838978,daily_makeup,
2024-11-03,0.0,7150.0,99.23664122137404,False,0.8659078289838978,daily_makeup,
2024-11-04,0.0,7151.0,99.25052047189452,False,0.8659078289838978,daily_makeup,
2024-11-05,0.0,7152.0,99.26439972241499,False,0.8659078289838978,daily_makeup,
2024-11-06,0.0,7153.0,99.27827897293547,False,0.8659078289838978,daily_makeup,
2024-11-07,0.0,7154.0,99.29215822345593,False,0.8659078289838978,daily_makeup,
2024-11-08,0.0,7155.0,99.3060374739764,False,0.8659078289838978,daily_makeup,
2024-11-09,0.0,7156.0,99.31991672449688,False,0.8659078289838978,daily_makeup,
2024-11-10,0.0,7157.0,99.33379597501735,False,0.8659078289838978,daily_makeup,
2024-11-11,0.0,7158.0,99.34767522553783,False,0.8659078289838978,daily_makeup,
2024-11-12,0.0,7159.0,99.36155447605829,False,0.8659078289838978,daily_makeup,
2024-11-13,0.0,7160.0,99.37543372657876,False,0.8659078289838978,daily_makeup,
2024-11-14,0.0,7161.0,99.38931297709924,False,0.8659078289838978,daily_makeup,
2024-11-15,0.0,7162.0,99.40319222761971,False,0.8659078289838978,daily_makeup,
2024-11-16,0.0,7163.0,99.41707147814019,False,0.8659078289838978,daily_makeup,
2024-11-17,0.0,7164.0,99.43095072866065,False,0.8659078289838978,daily_makeup,
2024-11-18,0.0,7165.0,99.44482997918112,False,0.8659078289838978,daily_makeup,
2024-11-19,0.0,7166.0,99.4587092297016,False,0.8659078289838978,daily_makeup,
2024-11-20,0.0,7167.0,99.47258848022207,False,0.8659078289838978,daily_makeup,
2024-11-21,0.0,7168.0,99.48646773074255,False,0.8659078289838978,daily_makeup,
2024-11-22,0.0,7169.0,99.50034698126301,False,0.8659078289838978,daily_makeup,
2024-11-23,0.0,7170.0,99.51422623178348,False,0.8659078289838978,daily_makeup,
2024-11-24,0.0,7171.0,99.52810548230396,False,0.8659078289838978,daily_makeup,
2024-11-25,0.0,7172.0,99.54198473282443,False,0.8659078289838978,daily_makeup,
2024-11-26,0.0,7173.0,99.5558639833449,False,0.8659078289838978,daily_makeup,
2024-11-27,0.0,7174.0,99.56974323386537,False,0.8659078289838978,daily_makeup,
2024-11-28,0.0,7175.0,99.58362248438584,False,0.8659078289838978,daily_makeup,
2024-11-29,0.0,7176.0,99.59750173490632,False,0.8659078289838978,daily_makeup,
2024-11-30,0.0,7177.0,99.61138098542679,False,0.8659078289838978,daily_makeup,
2024-12-02,0.0,7178.0,99.62526023594725,False,0.8659078289838978,daily_makeup,
2024-12-04,0.0,7179.0,99.63913948646773,False,0.8659078289838978,daily_makeup,
2024-12-05,0.0,7180.0,99.6530187369882,False,0.8659078289838978,daily_makeup,
2024-12-06,0.0,7181.0,99.66689798750868,False,0.8659078289838978,daily_makeup,
2024-12-07,0.0,7182.0,99.68077723802915,False,0.8659078289838978,daily_makeup,
2024-12-08,0.0,7183.0,99.69465648854961,False,0.8659078289838978,daily_makeup,
2024-12-09,0.0,7184.0,99.70853573907009,False,0.8659078289838978,daily_makeup,
2024-12-10,0.0,7185.0,99.72241498959056,False,0.8659078289838978,daily_makeup,
2024-12-11,0.0,7186.0,99.73629424011104,False,0.8659078289838978,daily_makeup,
2024-12-12,0.0,7187.0,99.75017349063151,False,0.8659078289838978,daily_makeup,
2024-12-13,0.0,7188.0,99.76405274115197,False,0.8659078289838978,daily_makeup,
2024-12-14,0.0,7189.0,99.77793199167245,False,0.8659078289838978,daily_makeup,
2024-12-15,0.0,7190.0,99.79181124219292,False,0.8659078289838978,daily_makeup,
2024-12-16,0.0,7191.0,99.8056904927134,False,0.8659078289838978,daily_makeup,
2024-12-17,0.0,7192.0,99.81956974323387,False,0.8659078289838978,daily_makeup,
2024-12-19,0.0,7193.0,99.83344899375433,False,0.8659078289838978,daily_makeup,
2024-12-20,0.0,7194.0,99.8473282442748,False,0.8659078289838978,daily_makeup,
2024-12-21,0.0,7195.0,99.86120749479528,False,0.8659078289838978,daily_makeup,
2024-12-22,0.0,7196.0,99.87508674531576,False,0.8659078289838978,daily_makeup,
2024-12-23,0.0,7197.0,99.88896599583623,False,0.8659078289838978,daily_makeup,
2024-12-24,0.0,7198.0,99.90284524635669,False,0.8659078289838978,daily_makeup,
2024-12-25,0.0,7199.0,99.91672449687717,False,0.8659078289838978,daily_makeup,
2024-12-26,0.0,7200.0,99.93060374739764,False,0.8659078289838978,daily_makeup,
2024-12-27,0.0,7201.0,99.94448299791812,False,0.8659078289838978,daily_makeup,
2024-12-28,0.0,7202.0,99.95836224843859,False,0.8659078289838978,daily_makeup,
2024-12-29,0.0,7203.0,99.97224149895905,False,0.8659078289838978,daily_makeup,
2024-12-30,0.0,7204.0,99.98612074947953,False,0.8659078289838978,daily_makeup,
,4400000.0,,,True,0.8659078289838978,reference_line,"Reported peak day, 4.4 million gal/d"
,135000.0,,,True,0.8659078289838978,reference_line,"Reported average, 135,000 gal/d"
,100000.0,,,True,0.8659078289838978,reference_line,"DRBC threshold, 100,000 gal/d"
