element,row_top_to_bottom,map_number,site_id,name,label,median_gpd,p90_gpd,plant_median_gpd,has_plant,p90_above_plant,share_zero_draws,share_below_axis,share_above_axis,kde_bandwidth_log10,n_positive,baseline_y,x_gpd,density_log10,y_plotted
site_summary,1,18,DRB22,Sentinel Green Fig East Whiteland,18  Sentinel Green Fig East Whiteland,3732604.616460444,4015389.819561034,751500.0,True,True,0.0698,0.0721,0.0,0.03000870190277222,9302.0,,,,
site_summary,2,24,DRB07,DataOne Vineland,24  DataOne Vineland,3861315.1204763213,4153851.5374769312,2304500.0,True,True,0.0698,0.0721,0.0,0.03000870190277222,9302.0,,,,
site_summary,3,7,DRB15,Keel Infrastructure Panther Creek,7  Keel Infra. Panther Creek,4504867.640555708,4846160.12705642,1200000.0,True,True,0.0698,0.0719,0.0,0.03000870190277222,9302.0,,,,
site_summary,4,4,DRB16,NorthPoint Spring Mountain Data Center,4  NorthPoint Spring Mountain DC,9144508.458146077,18236860.067951072,7381000.0,True,True,0.0698,0.0709,0.0,0.05293882746185963,9302.0,,,,
site_summary,5,13,DRB14,Sellersville / West Rockhill Township Data Center,13  Sellersville,9149269.518390112,18173980.30442931,2871000.0,True,True,0.0698,0.0714,0.0,0.05294362684732223,9302.0,,,,
site_summary,6,6,DRB40,Kline Township Data Center,6  Kline Twp DC,9151828.840316642,18251502.106959306,1200000.0,True,True,0.0698,0.0709,0.0,0.05289787960451648,9302.0,,,,
site_summary,7,23,DRB03,"St. Georges Business Park Data Center / ""Frightland Project""",23  St. Georges Business Park DC,9157696.807665393,18246859.580340575,1200550.0,True,True,0.0698,0.0714,0.0,0.0531137478716541,9302.0,,,,
site_summary,8,3,DRB27,Smithfield Gateway Project,3  Smithfield Gateway Project,9169221.786564615,18096555.079225328,938500.0,True,True,0.0698,0.071,0.0,0.05298327424078904,9302.0,,,,
site_summary,9,12,DRB32,Gravel Pike Data Center,12  Gravel Pike DC,9171976.013055854,18234073.356691994,878500.0000000001,True,True,0.0698,0.0714,0.0,0.05276946185382798,9302.0,,,,
site_summary,10,9,DRB38,Prologis Warehouse Data Center,9  Prologis Warehouse DC,9172457.449597787,17996272.245090485,815000.0,True,True,0.0698,0.0709,0.0,0.05261812123759305,9302.0,,,,
site_summary,11,11,DRB24,Allentown Warehouse Conversion Data Center,11  Allentown Warehouse Conversion DC,9174400.6292893,18184262.32346833,32250000.0,True,False,0.0698,0.0712,0.0,0.05208693973316519,9302.0,,,,
site_summary,12,17,DRB31,Conshohocken Data Center,17  Conshohocken DC,9202292.109168906,18363742.56734109,2570000.0,True,True,0.0698,0.0711,0.0,0.05338360522721175,9302.0,,,,
site_summary,13,21,DRB01,Newark White Clay Creek Business Park Data Center,21  Newark White Clay Creek Business Park DC,9214336.717067037,18270750.185215157,,False,False,0.0698,0.0713,0.0,0.05302695043031257,9302.0,,,,
site_summary,14,16,DRB12,AWS Keystone Trade Center Campus,16  AWS Keystone Trade Center Campus,9217588.924479712,18242958.44520083,8835000.0,True,True,0.0698,0.0716,0.0,0.053023418761548646,9302.0,,,,
site_summary,15,15,DRB33,Linfield Data Center,15  Linfield DC,9218569.356084,18385664.450858627,721000.0,True,True,0.0698,0.0712,0.0,0.05321241276648966,9302.0,,,,
site_summary,16,2,DRB10,Andover Data Center,2  Andover DC,9223625.581137631,18083742.52556438,844500.0,True,True,0.0698,0.071,0.0,0.05251930958731316,9302.0,,,,
site_summary,17,5,DRB39,Slate Belt Data Centers,5  Slate Belt DCs,9227027.026236337,18081235.72294701,1166000.0,True,True,0.0698,0.0715,0.0,0.05286700357069421,9302.0,,,,
site_summary,18,20,DRB04,Comcast Moorestown,20  Comcast Moorestown,9227320.211709864,18254341.96599366,3179000.0000000005,True,True,0.0698,0.0713,0.0,0.053566269452576185,9302.0,,,,
site_summary,19,19,DRB05,Joint Base McGuire-Dix-Lakehurst,19  Joint Base McGuire-Dix-Lakehurst,9227990.663532402,18184436.85348505,1455000.0,True,True,0.0698,0.0711,0.0,0.05341515183256958,9302.0,,,,
site_summary,20,10,DRB25,Atlas Industrial / South Whitehall Township Hyperscale Data Center Campus,10  Atlas Industrial,9331511.54115111,10038474.548902584,1120000.0,True,True,0.0698,0.0709,0.0,0.03000870190277222,9302.0,,,,
site_summary,21,14,DRB34,Project Laurel,14  Project Laurel,9653287.801190803,10384628.843692327,721000.0,True,True,0.0698,0.0709,0.0,0.03000870190277222,9302.0,,,,
site_summary,22,8,DRB37,Lower Mount Bethel Technology Center,8  Lower Mount Bethel Technology Center,15445260.481905285,16615406.149907725,1166000.0,True,True,0.0698,0.0705,0.0,0.03000870190277222,9302.0,,,,
site_summary,23,22,DRB02,Project Washington,22  Project Washington,15445260.481905285,16615406.149907725,1200550.0,True,True,0.0698,0.0705,0.0,0.03000870190277222,9302.0,,,,
site_summary,24,1,DRB23,Project Gold,1  Project Gold,19306575.602381606,20769257.687384654,,False,False,0.0698,0.0704,0.0,0.03000870190277222,9302.0,,,,
density_curve,1,18,DRB22,,,,,,,,,,,,,23.0,100000.0,0.0038391497878968004,23.00055811698289
density_curve,1,18,DRB22,,,,,,,,,,,,,23.0,101570.34258822507,0.004185144117423568,23.00060841596104
density_curve,1,18,DRB22,,,,,,,,,,,,,23.0,103165.34493489409,0.004638411673347271,23.00067430980075
density_curve,1,18,DRB22,,,,,,,,,,,,,23.0,104785.39428269603,0.005210822677125124,23.00075752413727
density_curve,1,18,DRB22,,,,,,,,,,,,,23.0,106430.88395535655,0.0059032284621342345,23.000858182733317
density_curve,1,18,DRB22,,,,,,,,,,,,,23.0,108102.21345313193,0.006702499040729894,23.000974376814945
density_curve,1,18,DRB22,,,,,,,,,,,,,23.0,109799.78854980043,0.007580587870455305,23.00110202911179
density_curve,1,18,DRB22,,,,,,,,,,,,,23.0,111524.02139117903,0.008496418839734891,23.0012351681779
density_curve,1,18,DRB22,,,,,,,,,,,,,23.0,113275.33059518597,0.009400744159761828,23.0013666346085
density_curve,1,18,DRB22,,,,,,,,,,,,,23.0,115054.14135347492,0.010243279728719712,23.00148911834467
density_curve,1,18,DRB22,,,,,,,,,,,,,23.0,116860.88553466521,0.010980639973507862,23.001596312202125
density_curve,1,18,DRB22,,,,,,,,,,,,,23.0,118696.00178919302,0.011583157534357662,23.001683903283947
density_curve,1,18,DRB22,,,,,,,,,,,,,23.0,120559.93565580886,0.012038822989702568,23.001750145718653
density_curve,1,18,DRB22,,,,,,,,,,,,,23.0,122453.13966974878,0.012353385632888906,23.00179587531063
density_curve,1,18,DRB22,,,,,,,,,,,,,23.0,124376.07347260158,0.012546909235601497,23.001824008833736
density_curve,1,18,DRB22,,,,,,,,,,,,,23.0,126329.20392390396,0.01264828023436804,23.001838745658063
density_curve,1,18,DRB22,,,,,,,,,,,,,23.0,128313.00521448672,0.012689716594595224,23.001844769475216
density_curve,1,18,DRB22,,,,,,,,,,,,,23.0,130327.95898160127,0.012702859796337939,23.001846680170164
density_curve,1,18,DRB22,,,,,,,,,,,,,23.0,132374.55442585386,0.01271673952297099,23.00184869793753
density_curve,1,18,DRB22,,,,,,,,,,,,,23.0,134453.28842997624,0.012756537949374053,23.001854483639804
density_curve,1,18,DRB22,,,,,,,,,,,,,23.0,136564.66567946097,0.012841569761846871,23.001866845152446
density_curve,1,18,DRB22,,,,,,,,,,,,,23.0,138709.19878509274,0.012981696934263192,23.001887216161393
density_curve,1,18,DRB22,,,,,,,,,,,,,23.0,140887.40840740083,0.013173101689492824,23.001915041656726
density_curve,1,18,DRB22,,,,,,,,,,,,,23.0,143099.82338306884,0.013395817636300704,23.001947419021285
density_curve,1,18,DRB22,,,,,,,,,,,,,23.0,145346.98085332804,0.013615525263857127,23.001979359050974
density_curve,1,18,DRB22,,,,,,,,,,,,,23.0,147629.42639436718,0.0137905014692908,23.002004796243387
density_curve,1,18,DRB22,,,,,,,,,,,,,23.0,149947.71414979032,0.013882040772107697,23.00201810378342
density_curve,1,18,DRB22,,,,,,,,,,,,,23.0,152302.40696515449,0.013864609102037968,23.00201556965174
density_curve,1,18,DRB22,,,,,,,,,,,,,23.0,154694.07652461986,0.013731713599650685,23.00199624994792
density_curve,1,18,DRB22,,,,,,,,,,,,,23.0,157123.30348974746,0.01349523123541676,23.001961871288337
density_curve,1,18,DRB22,,,,,,,,,,,,,23.0,159590.6776404731,0.013178824703274894,23.001915873640723
density_curve,1,18,DRB22,,,,,,,,,,,,,23.0,162096.79801829843,0.012808569981642736,23.00186204780439
density_curve,1,18,DRB22,,,,,,,,,,,,,23.0,164642.27307172897,0.01240479904185297,23.001803349542758
density_curve,1,18,DRB22,,,,,,,,,,,,,23.0,167227.72080399614,0.01197813870499433,23.001741323731554
density_curve,1,18,DRB22,,,,,,,,,,,,,23.0,169853.76892309941,0.011530510684126817,23.001676249740107
density_curve,1,18,DRB22,,,,,,,,,,,,,23.0,172521.0549942039,0.011059647717445716,23.001607797964887
density_curve,1,18,DRB22,,,,,,,,,,,,,23.0,175230.2265944331,0.010564483366175758,23.001535813372197
density_curve,1,18,DRB22,,,,,,,,,,,,,23.0,177981.9414700888,0.010048944374776101,23.001460866813105
density_curve,1,18,DRB22,,,,,,,,,,,,,23.0,180776.86769634343,0.009522880037398825,23.001384390130244
density_curve,1,18,DRB22,,,,,,,,,,,,,23.0,183615.6838394384,0.009000378780443548,23.00130843143074
density_curve,1,18,DRB22,,,,,,,,,,,,,23.0,186499.07912142982,0.008496840180565351,23.001235229430385
density_curve,1,18,DRB22,,,,,,,,,,,,,23.0,189427.7535875212,0.008026494136557472,23.00116685280288
density_curve,1,18,DRB22,,,,,,,,,,,,,23.0,192402.4182760241,0.007601594729809702,23.001105082987156
density_curve,1,18,DRB22,,,,,,,,,,,,,23.0,195423.79539098707,0.007233588266851343,23.00105158399177
density_curve,1,18,DRB22,,,,,,,,,,,,,23.0,198492.61847753756,0.00693561580491627,23.001008266199907
density_curve,1,18,DRB22,,,,,,,,,,,,,23.0,201609.63259997344,0.006725135215823372,23.000977667552334
density_curve,1,18,DRB22,,,,,,,,,,,,,23.0,204775.59452265495,0.0066253859623631615,23.000963166489477
density_curve,1,18,DRB22,,,,,,,,,,,,,23.0,207991.2728937353,0.0066647678862503165,23.00096889164264
density_curve,1,18,DRB22,,,,,,,,,,,,,23.0,211257.44843177704,0.0068737183827687785,23.000999267852773
density_curve,1,18,DRB22,,,,,,,,,,,,,23.0,214574.91411529886,0.007279151040943476,23.001058207686967
density_curve,1,18,DRB22,,,,,,,,,,,,,23.0,217944.4753752988,0.007896946482420463,23.001148019793003
density_curve,1,18,DRB22,,,,,,,,,,,,,23.0,221366.95029080036,0.008723502574366502,23.001268180510273
density_curve,1,18,DRB22,,,,,,,,,,,,,23.0,224843.16978747185,0.00972806041766943,23.001414218259153
density_curve,1,18,DRB22,,,,,,,,,,,,,23.0,228373.97783935972,0.01084826884747215,23.001577068729596
density_curve,1,18,DRB22,,,,,,,,,,,,,23.0,231960.2316737949,0.01199175718032931,23.001743303519472
density_curve,1,18,DRB22,,,,,,,,,,,,,23.0,235602.80197951404,0.013045769771071978,23.001896530759765
density_curve,1,18,DRB22,,,,,,,,,,,,,23.0,239302.57311804994,0.013894897432621258,23.002019972822392
density_curve,1,18,DRB22,,,,,,,,,,,,,23.0,243060.44333844114,0.014444007787739068,23.00209979982358
density_curve,1,18,DRB22,,,,,,,,,,,,,23.0,246877.32499531287,0.014640718113328373,23.002128396617007
density_curve,1,18,DRB22,,,,,,,,,,,,,23.0,250754.1447703851,0.014490546422106088,23.00210656538461
density_curve,1,18,DRB22,,,,,,,,,,,,,23.0,254691.843897454,0.014059175683338076,23.002043854798014
density_curve,1,18,DRB22,,,,,,,,,,,,,23.0,258691.37839091144,0.013459986346309639,23.001956747557237
density_curve,1,18,DRB22,,,,,,,,,,,,,23.0,262753.7192778504,0.012829881603710373,23.00186514598468
density_curve,1,18,DRB22,,,,,,,,,,,,,23.0,266879.85283381585,0.012300480402096196,23.001788184204678
density_curve,1,18,DRB22,,,,,,,,,,,,,23.0,271070.7808222577,0.011973238448112397,23.001740611355967
density_curve,1,18,DRB22,,,,,,,,,,,,,23.0,275327.5207377438,0.011905316570444652,23.001730737202696
density_curve,1,18,DRB22,,,,,,,,,,,,,23.0,279651.1060529923,0.012108813555176486,23.001760320607726
density_curve,1,18,DRB22,,,,,,,,,,,,,23.0,284042.5864697849,0.012561135528867114,23.001826076983278
density_curve,1,18,DRB22,,,,,,,,,,,,,23.0,288503.028173816,0.013220781580327648,23.00192197312809
density_curve,1,18,DRB22,,,,,,,,,,,,,23.0,293033.5140935484,0.014041944649436783,23.00204134983385
density_curve,1,18,DRB22,,,,,,,,,,,,,23.0,297635.14416313195,0.01498308664593271,23.00217816849438
density_curve,1,18,DRB22,,,,,,,,,,,,,23.0,302309.0355894507,0.016007971839372158,23.00232716133487
density_curve,1,18,DRB22,,,,,,,,,,,,,23.0,307056.3231233643,0.01708096661959022,23.00248314811384
density_curve,1,18,DRB22,,,,,,,,,,,,,23.0,311878.15933520853,0.018160427284858564,23.002640074871827
density_curve,1,18,DRB22,,,,,,,,,,,,,23.0,316775.7148946211,0.019194161155768837,23.00279035409015
density_curve,1,18,DRB22,,,,,,,,,,,,,23.0,321750.1788547658,0.020119571286342213,23.002924885728284
density_curve,1,18,DRB22,,,,,,,,,,,,,23.0,326802.75894101255,0.020869031207978162,23.003033838578098
density_curve,1,18,DRB22,,,,,,,,,,,,,23.0,331934.6818441578,0.0213791877639432,23.00310800266482
density_curve,1,18,DRB22,,,,,,,,,,,,,23.0,337147.193518246,0.021601822626744115,23.00314036824178
density_curve,1,18,DRB22,,,,,,,,,,,,,23.0,342441.55948306865,0.02151370865333674,23.00312755865953
density_curve,1,18,DRB22,,,,,,,,,,,,,23.0,347819.06513141334,0.021123322026961554,23.00307080614449
density_curve,1,18,DRB22,,,,,,,,,,,,,23.0,353281.01604113757,0.020472971268022798,23.002976261304237
density_curve,1,18,DRB22,,,,,,,,,,,,,23.0,358828.7382921458,0.019635657819032693,23.002854536734553
density_curve,1,18,DRB22,,,,,,,,,,,,,23.0,364463.57878833805,0.018706751915707934,23.002719496897925
density_curve,1,18,DRB22,,,,,,,,,,,,,23.0,370186.9055846206,0.01779141286688275,23.002586429344827
density_curve,1,18,DRB22,,,,,,,,,,,,,23.0,376000.1082190484,0.016989617899155974,23.002469868279746
density_curve,1,18,DRB22,,,,,,,,,,,,,23.0,381904.59805018455,0.01638154049482919,23.002381468934836
density_curve,1,18,DRB22,,,,,,,,,,,,,23.0,387901.8085997564,0.016016510324236535,23.002328402618403
density_curve,1,18,DRB22,,,,,,,,,,,,,23.0,393993.19590069365,0.01590848507534806,23.002312698431457
density_curve,1,18,DRB22,,,,,,,,,,,,,23.0,400180.2388506313,0.016039590402759214,23.002331757888317
density_curve,1,18,DRB22,,,,,,,,,,,,,23.0,406464.4395709628,0.016370942979969733,23.002379928319503
density_curve,1,18,DRB22,,,,,,,,,,,,,23.0,412847.323771536,0.01685732064701331,23.002450635546644
density_curve,1,18,DRB22,,,,,,,,,,,,,23.0,419330.44112106785,0.017460395597760484,23.002538307659105
density_curve,1,18,DRB22,,,,,,,,,,,,,23.0,425915.3656233841,0.018155320588493392,23.002639332485067
density_curve,1,18,DRB22,,,,,,,,,,,,,23.0,432603.6959995626,0.018927920794538342,23.00275164935724
density_curve,1,18,DRB22,,,,,,,,,,,,,23.0,439397.0560760795,0.019763912582317137,23.002873181790225
density_curve,1,18,DRB22,,,,,,,,,,,,,23.0,446297.0951790494,0.020635678150213558,23.002999914841922
density_curve,1,18,DRB22,,,,,,,,,,,,,23.0,453305.48853465647,0.021494069865439946,23.00312470366776
density_curve,1,18,DRB22,,,,,,,,,,,,,23.0,460423.93767587794,0.022271179968782646,23.003237676166933
density_curve,1,18,DRB22,,,,,,,,,,,,,23.0,467654.17085558514,0.022895310366282152,23.003328409218163
density_curve,1,18,DRB22,,,,,,,,,,,,,23.0,474997.94346614124,0.02331351773273321,23.00338920617751
density_curve,1,18,DRB22,,,,,,,,,,,,,23.0,482457.03846558335,0.023512886339462476,23.003418189418962
density_curve,1,18,DRB22,,,,,,,,,,,,,23.0,490033.26681049785,0.023531276895412147,23.003420862948822
density_curve,1,18,DRB22,,,,,,,,,,,,,23.0,497728.46789569367,0.023452116163540954,23.00340935494542
density_curve,1,18,DRB22,,,,,,,,,,,,,23.0,505544.5100007789,0.02338417158564573,23.003399477492096
density_curve,1,18,DRB22,,,,,,,,,,,,,23.0,513483.29074375494,0.023433270535944056,23.003406615259447
density_curve,1,18,DRB22,,,,,,,,,,,,,23.0,521546.7375417237,0.023675840217082068,23.003441878863644
density_curve,1,18,DRB22,,,,,,,,,,,,,23.0,529736.8080788398,0.0241427819344076,23.003509760586645
density_curve,1,18,DRB22,,,,,,,,,,,,,23.0,538055.490781606,0.024817466744455875,23.00360784299327
density_curve,1,18,DRB22,,,,,,,,,,,,,23.0,546504.805301633,0.025645992096283803,23.003728289991994
density_curve,1,18,DRB22,,,,,,,,,,,,,23.0,555086.803005981,0.026553908313080417,23.003860278449757
density_curve,1,18,DRB22,,,,,,,,,,,,,23.0,563803.567475201,0.027462889006771973,23.003992421656015
density_curve,1,18,DRB22,,,,,,,,,,,,,23.0,572657.2150091964,0.028302980242911047,23.004114550046925
density_curve,1,18,DRB22,,,,,,,,,,,,,23.0,581649.8951410283,0.029019438876838412,23.004218705329535
density_curve,1,18,DRB22,,,,,,,,,,,,,23.0,590783.7911587943,0.029575800441324192,23.00429958647638
density_curve,1,18,DRB22,,,,,,,,,,,,,23.0,600061.1206356916,0.029955551496337825,23.00435479284362
density_curve,1,18,DRB22,,,,,,,,,,,,,23.0,609484.1359684145,0.03016373640532237,23.00438505775635
density_curve,1,18,DRB22,,,,,,,,,,,,,23.0,619055.1249240021,0.030228052960052536,23.004394407785252
density_curve,1,18,DRB22,,,,,,,,,,,,,23.0,628776.4111952737,0.030197702872190788,23.004389995636625
density_curve,1,18,DRB22,,,,,,,,,,,,,23.0,638650.3549649863,0.03013819399624726,23.004381344524756
density_curve,1,18,DRB22,,,,,,,,,,,,,23.0,648679.3534788508,0.03012146523757953,23.004378912578925
density_curve,1,18,DRB22,,,,,,,,,,,,,23.0,658865.8416275523,0.03021259648772989,23.004392160798243
density_curve,1,18,DRB22,,,,,,,,,,,,,23.0,669212.2925378972,0.030456187612809778,23.004427572895008
density_curve,1,18,DRB22,,,,,,,,,,,,,23.0,679721.2181732573,0.0308664472862672,23.00448721445728
density_curve,1,18,DRB22,,,,,,,,,,,,,23.0,690395.1699434342,0.031424551821529756,23.00456834898877
density_curve,1,18,DRB22,,,,,,,,,,,,,23.0,701236.7393241049,0.0320848224094934,23.00466433592567
density_curve,1,18,DRB22,,,,,,,,,,,,,23.0,712248.5584859921,0.03278829560629161,23.004766603448388
density_curve,1,18,DRB22,,,,,,,,,,,,,23.0,723433.3009339154,0.03347946373633686,23.004867082120157
density_curve,1,18,DRB22,,,,,,,,,,,,,23.0,734793.6821558832,0.03412058129536055,23.004960284682568
density_curve,1,18,DRB22,,,,,,,,,,,,,23.0,746332.4602823642,0.034698688878946816,23.005044327160242
density_curve,1,18,DRB22,,,,,,,,,,,,,23.0,758052.4367559261,0.035223186383207386,23.005120576064503
density_curve,1,18,DRB22,,,,,,,,,,,,,23.0,769956.4570113824,0.035715338350428394,23.005192122731405
density_curve,1,18,DRB22,,,,,,,,,,,,,23.0,782047.411166621,0.03619413054736301,23.005261727219676
density_curve,1,18,DRB22,,,,,,,,,,,,,23.0,794328.2347242822,0.03666430047961942,23.005330078244913
density_curve,1,18,DRB22,,,,,,,,,,,,,23.0,806801.909284454,0.03711165969636037,23.00539511315892
density_curve,1,18,DRB22,,,,,,,,,,,,,23.0,819471.4632685608,0.03750824306226004,23.005452766525906
density_curve,1,18,DRB22,,,,,,,,,,,,,23.0,832339.9726546166,0.03782616786367014,23.005498984892146
density_curve,1,18,DRB22,,,,,,,,,,,,,23.0,845410.561724033,0.03805554390165445,23.00553233046847
density_curve,1,18,DRB22,,,,,,,,,,,,,23.0,858686.4038201383,0.038219613728851354,23.005556182144492
density_curve,1,18,DRB22,,,,,,,,,,,,,23.0,872170.7221186243,0.03838047691986204,23.00557956765529
density_curve,1,18,DRB22,,,,,,,,,,,,,23.0,885866.7904100833,0.03863147184158586,23.005616056080118
density_curve,1,18,DRB22,,,,,,,,,,,,,23.0,899777.9338948353,0.03907677602467358,23.005680792243293
density_curve,1,18,DRB22,,,,,,,,,,,,,23.0,913907.5299902376,0.039803469028968995,23.005786435349048
density_curve,1,18,DRB22,,,,,,,,,,,,,23.0,928259.0091506683,0.04085441982155605,23.00593921747997
density_curve,1,18,DRB22,,,,,,,,,,,,,23.0,942835.8557003973,0.042210712712836225,23.006136388764816
density_curve,1,18,DRB22,,,,,,,,,,,,,23.0,957641.6086795169,0.04378976069154919,23.006365943104292
density_curve,1,18,DRB22,,,,,,,,,,,,,23.0,972679.8627031752,0.04546067371825084,23.00660885233906
density_curve,1,18,DRB22,,,,,,,,,,,,,23.0,987954.2688342923,0.04707337158348455,23.006843298535895
density_curve,1,18,DRB22,,,,,,,,,,,,,23.0,1003468.5354699849,0.04849389717626545,23.007049807659467
density_curve,1,18,DRB22,,,,,,,,,,,,,23.0,1019226.4292419085,0.04963649160884957,23.00721591249846
density_curve,1,18,DRB22,,,,,,,,,,,,,23.0,1035231.7759307377,0.05048368765880933,23.007339073752757
density_curve,1,18,DRB22,,,,,,,,,,,,,23.0,1051488.4613950192,0.05108878274442899,23.007427039542634
density_curve,1,18,DRB22,,,,,,,,,,,,,23.0,1068000.4325145755,0.051559846356532595,23.007495520486714
density_curve,1,18,DRB22,,,,,,,,,,,,,23.0,1084771.6981487798,0.052029720341747236,23.007563828488603
density_curve,1,18,DRB22,,,,,,,,,,,,,23.0,1101806.3301098226,0.0526207839098829,23.007649754444497
density_curve,1,18,DRB22,,,,,,,,,,,,,23.0,1119108.4641512968,0.053415084498070975,23.007765226013014
density_curve,1,18,DRB22,,,,,,,,,,,,,23.0,1136682.3009722962,0.054438839665514153,23.007914054575807
density_curve,1,18,DRB22,,,,,,,,,,,,,23.0,1154532.1072372785,0.05566547904088918,23.008092377461107
density_curve,1,18,DRB22,,,,,,,,,,,,,23.0,1172662.2166119604,0.057034857419775944,23.0082914510507
density_curve,1,18,DRB22,,,,,,,,,,,,,23.0,1191077.0308154398,0.05848050658539381,23.00850161251748
density_curve,1,18,DRB22,,,,,,,,,,,,,23.0,1209781.0206889012,0.059954204581315285,23.00871585158723
density_curve,1,18,DRB22,,,,,,,,,,,,,23.0,1228778.727281043,0.06143889457602519,23.008931688620464
density_curve,1,18,DRB22,,,,,,,,,,,,,23.0,1248074.7629505873,0.06294635225206853,23.00915083550883
density_curve,1,18,DRB22,,,,,,,,,,,,,23.0,1267673.8124860895,0.0645026094739001,23.009377076638568
density_curve,1,18,DRB22,,,,,,,,,,,,,23.0,1287580.634243335,0.06612907448476352,23.00961352423629
density_curve,1,18,DRB22,,,,,,,,,,,,,23.0,1307800.061300597,0.06782845936216166,23.00986057257067
density_curve,1,18,DRB22,,,,,,,,,,,,,23.0,1328337.002632031,0.06958172747825313,23.01011545418905
density_curve,1,18,DRB22,,,,,,,,,,,,,23.0,1349196.4442995142,0.07135682904800755,23.010373509849074
density_curve,1,18,DRB22,,,,,,,,,,,,,23.0,1370383.450663168,0.07312453583208037,23.010630490491003
density_curve,1,18,DRB22,,,,,,,,,,,,,23.0,1391903.1656109202,0.07487355522668344,23.010884754450853
density_curve,1,18,DRB22,,,,,,,,,,,,,23.0,1413760.8138073613,0.07661745451602885,23.011138274074625
density_curve,1,18,DRB22,,,,,,,,,,,,,23.0,1435961.7019622158,0.07838938230625259,23.011395868345964
density_curve,1,18,DRB22,,,,,,,,,,,,,23.0,1458511.22011873,0.08022557000907737,23.01166280441185
density_curve,1,18,DRB22,,,,,,,,,,,,,23.0,1481414.8429622927,0.082143133468053,23.01194157049063
density_curve,1,18,DRB22,,,,,,,,,,,,,23.0,1504678.1311496203,0.08412013455685138,23.012228977323865
density_curve,1,18,DRB22,,,,,,,,,,,,,23.0,1528306.7326587688,0.08608545286064057,23.012514685770455
density_curve,1,18,DRB22,,,,,,,,,,,,,23.0,1552306.3841604206,0.08792303682350816,23.012781824817854
density_curve,1,18,DRB22,,,,,,,,,,,,,23.0,1576682.9124106285,0.08949065278017841,23.01300971722539
density_curve,1,18,DRB22,,,,,,,,,,,,,23.0,1601442.23566548,0.09064881203421439,23.01317808480266
density_curve,1,18,DRB22,,,,,,,,,,,,,23.0,1626590.3651179587,0.09129248545072884,23.013271658923244
density_curve,1,18,DRB22,,,,,,,,,,,,,23.0,1652133.4063573685,0.09137733279133456,23.01328399361826
density_curve,1,18,DRB22,,,,,,,,,,,,,23.0,1678077.5608516952,0.09093359887317655,23.013219485732584
density_curve,1,18,DRB22,,,,,,,,,,,,,23.0,1704429.1274531947,0.09006406609231901,23.013093077272643
density_curve,1,18,DRB22,,,,,,,,,,,,,23.0,1731194.503927705,0.08892662799419561,23.012927722036554
density_curve,1,18,DRB22,,,,,,,,,,,,,23.0,1758380.1885078938,0.08770612221862728,23.012750290824258
density_curve,1,18,DRB22,,,,,,,,,,,,,23.0,1785992.7814709456,0.08658296704398899,23.01258701197034
density_curve,1,18,DRB22,,,,,,,,,,,,,23.0,1814038.9867410094,0.08570694244184922,23.012459659760893
density_curve,1,18,DRB22,,,,,,,,,,,,,23.0,1842525.6135168101,0.08518262480775127,23.012383437005287
density_curve,1,18,DRB22,,,,,,,,,,,,,23.0,1871459.5779248201,0.0850688295825985,23.012366894007165
density_curve,1,18,DRB22,,,,,,,,,,,,,23.0,1900847.9046983868,0.08538928311913532,23.01241347998866
density_curve,1,18,DRB22,,,,,,,,,,,,,23.0,1930697.7288832497,0.08614770073404046,23.012523735064494
density_curve,1,18,DRB22,,,,,,,,,,,,,23.0,1961016.2975697976,0.08733937115365067,23.012696974332545
density_curve,1,18,DRB22,,,,,,,,,,,,,23.0,1991810.9716525706,0.08895386197765205,23.012931681181033
density_curve,1,18,DRB22,,,,,,,,,,,,,23.0,2023089.2276173707,0.09096840879735484,23.013224546230592
density_curve,1,18,DRB22,,,,,,,,,,,,,23.0,2054858.65935644,0.09333648025934722,23.013568804978664
density_curve,1,18,DRB22,,,,,,,,,,,,,23.0,2087126.9800121451,0.09597849032373604,23.013952887592616
density_curve,1,18,DRB22,,,,,,,,,,,,,23.0,2119902.0238496074,0.0987805974640766,23.01436024434328
density_curve,1,18,DRB22,,,,,,,,,,,,,23.0,2153191.7481587674,0.10160382956016353,23.014770672137587
density_curve,1,18,DRB22,,,,,,,,,,,,,23.0,2187004.235186248,0.10430152717164676,23.01516285033715
density_curve,1,18,DRB22,,,,,,,,,,,,,23.0,2221347.6940976637,0.10674039917228757,23.015517401724267
density_curve,1,18,DRB22,,,,,,,,,,,,,23.0,2256230.462970635,0.10882025312832305,23.01581976080868
density_curve,1,18,DRB22,,,,,,,,,,,,,23.0,2291661.0108191706,0.11048915006426363,23.016062376953947
density_curve,1,18,DRB22,,,,,,,,,,,,,23.0,2327647.9396498133,0.11175291799221111,23.01624609740821
density_curve,1,18,DRB22,,,,,,,,,,,,,23.0,2364199.9865500783,0.11267932140747175,23.016380773445256
density_curve,1,18,DRB22,,,,,,,,,,,,,23.0,2401326.0258096857,0.11339723338161306,23.01648514000742
density_curve,1,18,DRB22,,,,,,,,,,,,,23.0,2439035.071075103,0.11409037126793929,23.016585905032805
density_curve,1,18,DRB22,,,,,,,,,,,,,23.0,2477336.2775379405,0.11498461303378418,23.01671590556519
density_curve,1,18,DRB22,,,,,,,,,,,,,23.0,2516238.944157669,0.11632870708043318,23.016911303441145
density_curve,1,18,DRB22,,,,,,,,,,,,,23.0,2555752.5159192816,0.11837098409242354,23.017208199771616
density_curve,1,18,DRB22,,,,,,,,,,,,,23.0,2595886.586126396,0.12133955973542224,23.01763975690611
density_curve,1,18,DRB22,,,,,,,,,,,,,23.0,2636650.898730361,0.12544020481230236,23.01823588880631
density_curve,1,18,DRB22,,,,,,,,,,,,,23.0,2678055.350695943,0.1308942664918675,23.01902877385046
density_curve,1,18,DRB22,,,,,,,,,,,,,23.0,2720109.994404156,0.13804847901725406,23.020068818581773
density_curve,1,18,DRB22,,,,,,,,,,,,,23.0,2762825.0400928515,0.14759814565263213,23.021457102817763
density_curve,1,18,DRB22,,,,,,,,,,,,,23.0,2806210.858335576,0.1609713989145251,23.02340124153969
density_curve,1,18,DRB22,,,,,,,,,,,,,23.0,2850277.982559416,0.1809169428253081,23.02630082801185
density_curve,1,18,DRB22,,,,,,,,,,,,,23.0,2895037.1116023487,0.21230790955064735,23.030864294562164
density_curve,1,18,DRB22,,,,,,,,,,,,,23.0,2940499.1123107616,0.2631061609126062,23.038249098060994
density_curve,1,18,DRB22,,,,,,,,,,,,,23.0,2986675.022177758,0.3453185931229406,23.050200742866796
density_curve,1,18,DRB22,,,,,,,,,,,,,23.0,3033576.0520228897,0.4756350997586537,23.069145524790514
density_curve,1,18,DRB22,,,,,,,,,,,,,23.0,3081213.5887140087,0.6753138919960365,23.09817385950718
density_curve,1,18,DRB22,,,,,,,,,,,,,23.0,3129599.1979317563,0.9688497548455969,23.140846680104037
density_curve,1,18,DRB22,,,,,,,,,,,,,23.0,3178744.626977629,1.3811038029632088,23.200778174896094
density_curve,1,18,DRB22,,,,,,,,,,,,,23.0,3228661.807625975,1.932925948879336,23.28099940308081
density_curve,1,18,DRB22,,,,,,,,,,,,,23.0,3279362.859020883,2.6358103609065573,23.383181331120507
density_curve,1,18,DRB22,,,,,,,,,,,,,23.0,3330860.090618524,3.4866316040590144,23.50686959842993
density_curve,1,18,DRB22,,,,,,,,,,,,,23.0,3383166.005175699,4.4637964054514505,23.64892507968727
density_curve,1,18,DRB22,,,,,,,,,,,,,23.0,3436293.3017853256,5.526033938190543,23.803348022171317
density_curve,1,18,DRB22,,,,,,,,,,,,,23.0,3490254.8789595794,6.614505298047469,23.961584711252797
density_curve,1,18,DRB22,,,,,,,,,,,,,23.0,3545063.837761485,7.658105868540784,24.113298302522775
density_curve,1,18,DRB22,,,,,,,,,,,,,23.0,3600733.4849856202,8.581064115425363,24.247473497694344
density_curve,1,18,DRB22,,,,,,,,,,,,,23.0,3657277.33638883,9.31149424397522,24.353659888452743
density_curve,1,18,DRB22,,,,,,,,,,,,,23.0,3714709.119971648,9.789555272761323,24.42315808304368
density_curve,1,18,DRB22,,,,,,,,,,,,,23.0,3773042.7793112434,9.974194233676167,24.45
density_curve,1,18,DRB22,,,,,,,,,,,,,23.0,3832292.476946719,9.847852173519314,24.431633003836147
density_curve,1,18,DRB22,,,,,,,,,,,,,23.0,3892472.597817551,9.418768672088305,24.3692549247153
density_curve,1,18,DRB22,,,,,,,,,,,,,23.0,3953597.752756071,8.720596962341208,24.267758106484585
density_curve,1,18,DRB22,,,,,,,,,,,,,23.0,4015682.782034709,7.809096314342879,24.135248561489444
density_curve,1,18,DRB22,,,,,,,,,,,,,23.0,4078742.7589690215,6.75591977511104,23.982142862311242
density_curve,1,18,DRB22,,,,,,,,,,,,,23.0,4142792.9935772587,5.640053220997789,23.819923592708363
density_curve,1,18,DRB22,,,,,,,,,,,,,23.0,4207849.036297407,4.538141850005222,23.659733059968925
density_curve,1,18,DRB22,,,,,,,,,,,,,23.0,4273926.681762604,3.515444391705658,23.511058261805523
density_curve,1,18,DRB22,,,,,,,,,,,,,23.0,4341041.972635828,2.619179215318021,23.380763575807304
density_curve,1,18,DRB22,,,,,,,,,,,,,23.0,4409211.203504863,1.8754722832406527,23.272647067721746
density_curve,1,18,DRB22,,,,,,,,,,,,,23.0,4478450.924838282,1.290163744377919,23.187557750081883
density_curve,1,18,DRB22,,,,,,,,,,,,,23.0,4548777.947003777,0.8527426283105805,23.1239675889683
density_curve,1,18,DRB22,,,,,,,,,,,,,23.0,4620209.3443493685,0.542018473167274,23.07879601777144
density_curve,1,18,DRB22,,,,,,,,,,,,,23.0,4692762.459348841,0.33199248137638165,23.04826345734981
density_curve,1,18,DRB22,,,,,,,,,,,,,23.0,4766454.906812234,0.19671442558197214,23.028597389464384
density_curve,1,18,DRB22,,,,,,,,,,,,,23.0,4841304.57816245,0.11349179100410293,23.016498886336134
density_curve,1,18,DRB22,,,,,,,,,,,,,23.0,4917329.645779026,0.06440049419000902,23.00936223161368
density_curve,1,18,DRB22,,,,,,,,,,,,,23.0,4994548.567410101,0.03645037047909902,23.00529897813863
density_curve,1,18,DRB22,,,,,,,,,,,,,23.0,5072980.090653727,0.02092283673070129,23.003041660564126
density_curve,1,18,DRB22,,,,,,,,,,,,,23.0,5152643.257509442,0.012364555946348615,23.001797499196645
density_curve,1,18,DRB22,,,,,,,,,,,,,23.0,5233557.40900142,0.007579989662523902,23.001101942147223
density_curve,1,18,DRB22,,,,,,,,,,,,,23.0,5315742.189874179,0.0048042078388609065,23.000698412443466
density_curve,1,18,DRB22,,,,,,,,,,,,,23.0,5399217.553362021,0.003109503604812109,23.000452044558322
density_curve,1,18,DRB22,,,,,,,,,,,,,23.0,5484003.766033389,0.0020233902053641627,23.000294150658092
density_curve,1,18,DRB22,,,,,,,,,,,,,23.0,5570121.412711266,0.0013049811971414414,23.000189711839525
density_curve,1,18,DRB22,,,,,,,,,,,,,23.0,5657591.401470916,0.0008251767909841487,23.000119960201186
density_curve,1,18,DRB22,,,,,,,,,,,,,23.0,5746434.968715974,0.0005077125174407176,23.000073808784254
density_curve,1,18,DRB22,,,,,,,,,,,,,23.0,5836673.684334379,0.00030240463743186135,23.000043962120046
density_curve,1,18,DRB22,,,,,,,,,,,,,23.0,5928329.456935207,0.00017374936492733174,23.00002525884029
density_curve,1,18,DRB22,,,,,,,,,,,,,23.0,6021424.539167753,9.60532103001838e-05,23.00001396375002
density_curve,1,18,DRB22,,,,,,,,,,,,,23.0,6115981.53312414,5.0992011496853595e-05,23.000007412971406
density_curve,1,18,DRB22,,,,,,,,,,,,,23.0,6212023.395826757,2.5954001036427494e-05,23.000003773066837
density_curve,1,18,DRB22,,,,,,,,,,,,,23.0,6309573.444801942,1.2648520126488278e-05,23.000001838780534
density_curve,1,18,DRB22,,,,,,,,,,,,,23.0,6408655.363740995,5.895400556097182e-06,23.00000085704475
density_curve,1,18,DRB22,,,,,,,,,,,,,23.0,6509293.20825039,2.625419797592272e-06,23.0000003816708
density_curve,1,18,DRB22,,,,,,,,,,,,,23.0,6611511.411691989,1.116166616662087e-06,23.000000162262893
density_curve,1,18,DRB22,,,,,,,,,,,,,23.0,6715334.791115149,4.526782635147647e-07,23.00000006580817
density_curve,1,18,DRB22,,,,,,,,,,,,,23.0,6820788.553281926,1.7503007837176347e-07,23.000000025445026
density_curve,1,18,DRB22,,,,,,,,,,,,,23.0,6927898.300786892,6.448687825116759e-08,23.00000000937479
density_curve,1,18,DRB22,,,,,,,,,,,,,23.0,7036690.03827307,2.2629487213548104e-08,23.000000003289767
density_curve,1,18,DRB22,,,,,,,,,,,,,23.0,7147190.1787454495,7.560714683240241e-09,23.00000000109914
density_curve,1,18,DRB22,,,,,,,,,,,,,23.0,7259425.549983729,2.40437601787336e-09,23.000000000349537
density_curve,1,18,DRB22,,,,,,,,,,,,,23.0,7373423.401055615,7.275828776730672e-10,23.00000000010577
density_curve,1,18,DRB22,,,,,,,,,,,,,23.0,7489211.408932546,2.0946487775324324e-10,23.00000000003045
density_curve,1,18,DRB22,,,,,,,,,,,,,23.0,7606817.685209225,5.7360459217680375e-11,23.000000000008338
density_curve,1,18,DRB22,,,,,,,,,,,,,23.0,7726270.782928702,1.4939083047720786e-11,23.00000000000217
density_curve,1,18,DRB22,,,,,,,,,,,,,23.0,7847599.7035146225,3.699929336882937e-12,23.000000000000536
density_curve,1,18,DRB22,,,,,,,,,,,,,23.0,7970833.903812322,8.713215289497437e-13,23.000000000000128
density_curve,1,18,DRB22,,,,,,,,,,,,,23.0,8096003.303240569,1.9509398252780533e-13,23.00000000000003
density_curve,1,18,DRB22,,,,,,,,,,,,,23.0,8223138.291055465,4.152989314301752e-14,23.000000000000007
density_curve,1,18,DRB22,,,,,,,,,,,,,23.0,8352269.733728553,8.4043760002609e-15,23.0
density_curve,1,18,DRB22,,,,,,,,,,,,,23.0,8483428.982440725,1.6168073546194458e-15,23.0
density_curve,1,18,DRB22,,,,,,,,,,,,,23.0,8616647.880693821,2.9566717038237666e-16,23.0
density_curve,1,18,DRB22,,,,,,,,,,,,,23.0,8751958.77204175,5.1395689220421276e-17,23.0
density_curve,1,18,DRB22,,,,,,,,,,,,,23.0,8889394.507943004,8.492159064372847e-18,23.0
density_curve,1,18,DRB22,,,,,,,,,,,,,23.0,9028988.455736592,1.333731427827174e-18,23.0
density_curve,1,18,DRB22,,,,,,,,,,,,,23.0,9170774.50674293,1.9909945671630359e-19,23.0
density_curve,1,18,DRB22,,,,,,,,,,,,,23.0,9314787.084492404,2.8249910734185333e-20,23.0
density_curve,1,18,DRB22,,,,,,,,,,,,,23.0,9461061.153082676,3.809819156966889e-21,23.0
density_curve,1,18,DRB22,,,,,,,,,,,,,23.0,9609632.225667553,4.883461444250711e-22,23.0
density_curve,1,18,DRB22,,,,,,,,,,,,,23.0,9760536.373079011,5.949546407874582e-23,23.0
density_curve,1,18,DRB22,,,,,,,,,,,,,23.0,9913810.23258467,6.889216133844461e-24,23.0
density_curve,1,18,DRB22,,,,,,,,,,,,,23.0,10069491.016782762,7.581991372793685e-25,23.0
density_curve,1,18,DRB22,,,,,,,,,,,,,23.0,10227616.522636779,7.930897789488902e-26,23.0
density_curve,1,18,DRB22,,,,,,,,,,,,,23.0,10388225.14065211,7.884704373229603e-27,23.0
density_curve,1,18,DRB22,,,,,,,,,,,,,23.0,10551355.864196453,7.450255239842886e-28,23.0
density_curve,1,18,DRB22,,,,,,,,,,,,,23.0,10717048.298967114,6.690806532187838e-29,23.0
density_curve,1,18,DRB22,,,,,,,,,,,,,23.0,10885342.672606446,5.7109252219077604e-30,23.0
density_curve,1,18,DRB22,,,,,,,,,,,,,23.0,11056279.844468623,4.632915811845552e-31,23.0
density_curve,1,18,DRB22,,,,,,,,,,,,,23.0,11229901.315539658,3.5720839571768804e-32,23.0
density_curve,1,18,DRB22,,,,,,,,,,,,,23.0,11406249.238513203,2.617626686714306e-33,23.0
density_curve,1,18,DRB22,,,,,,,,,,,,,23.0,11585366.428024698,1.8231069189472309e-34,23.0
density_curve,1,18,DRB22,,,,,,,,,,,,,23.0,11767296.371045876,1.2067980368593487e-35,23.0
density_curve,1,18,DRB22,,,,,,,,,,,,,23.0,11952083.237443073,7.592324911375347e-37,23.0
density_curve,1,18,DRB22,,,,,,,,,,,,,23.0,12139771.890700752,4.539755552262023e-38,23.0
density_curve,1,18,DRB22,,,,,,,,,,,,,23.0,12330407.898813803,2.5799271564555622e-39,23.0
density_curve,1,18,DRB22,,,,,,,,,,,,,23.0,12524037.545350743,1.3934761677354903e-40,23.0
density_curve,1,18,DRB22,,,,,,,,,,,,,23.0,12720707.84069066,7.153336169094995e-42,23.0
density_curve,1,18,DRB22,,,,,,,,,,,,,23.0,12920466.533436738,3.490073700971357e-43,23.0
density_curve,1,18,DRB22,,,,,,,,,,,,,23.0,13123362.122008637,1.6183682131710058e-44,23.0
density_curve,1,18,DRB22,,,,,,,,,,,,,23.0,13329443.866417537,7.132417892313878e-46,23.0
density_curve,1,18,DRB22,,,,,,,,,,,,,23.0,13538761.800225446,2.9875339949643647e-47,23.0
density_curve,1,18,DRB22,,,,,,,,,,,,,23.0,13751366.742692733,1.1893385893478123e-48,23.0
density_curve,1,18,DRB22,,,,,,,,,,,,,23.0,13967310.311116258,4.500022641871044e-50,23.0
density_curve,1,18,DRB22,,,,,,,,,,,,,23.0,14186644.93336124,1.6182305068554533e-51,23.0
density_curve,1,18,DRB22,,,,,,,,,,,,,23.0,14409423.860590115,5.530730984934888e-53,23.0
density_curve,1,18,DRB22,,,,,,,,,,,,,23.0,14635701.180190798,1.7965575134653424e-54,23.0
density_curve,1,18,DRB22,,,,,,,,,,,,,23.0,14865531.828908725,5.546463159612971e-56,23.0
density_curve,1,18,DRB22,,,,,,,,,,,,,23.0,15098971.606184201,1.6274495714179675e-57,23.0
density_curve,1,18,DRB22,,,,,,,,,,,,,23.0,15336077.187700124,4.5385312773843825e-59,23.0
density_curve,1,18,DRB22,,,,,,,,,,,,,23.0,15576906.139141649,1.2029276226155565e-60,23.0
density_curve,1,18,DRB22,,,,,,,,,,,,,23.0,15821516.930172438,3.030260917563827e-62,23.0
density_curve,1,18,DRB22,,,,,,,,,,,,,23.0,16069968.948630175,7.25499145164845e-64,23.0
density_curve,1,18,DRB22,,,,,,,,,,,,,23.0,16322322.514945026,1.650859570618363e-65,23.0
density_curve,1,18,DRB22,,,,,,,,,,,,,23.0,16578638.896784693,3.5702588056635696e-67,23.0
density_curve,1,18,DRB22,,,,,,,,,,,,,23.0,16838980.323928915,7.338471323832445e-69,23.0
density_curve,1,18,DRB22,,,,,,,,,,,,,23.0,17103410.003378414,1.4335994816783509e-70,23.0
density_curve,1,18,DRB22,,,,,,,,,,,,,23.0,17371992.134700213,2.6617446934793613e-72,23.0
density_curve,1,18,DRB22,,,,,,,,,,,,,23.0,17644791.92561452,4.697007822871924e-74,23.0
density_curve,1,18,DRB22,,,,,,,,,,,,,23.0,17921875.607826144,7.877574020623655e-76,23.0
density_curve,1,18,DRB22,,,,,,,,,,,,,23.0,18203310.453104522,1.2556830225022136e-77,23.0
density_curve,1,18,DRB22,,,,,,,,,,,,,23.0,18489164.789616488,1.9023213018071667e-79,23.0
density_curve,1,18,DRB22,,,,,,,,,,,,,23.0,18779508.018514913,2.739075714244713e-81,23.0
density_curve,1,18,DRB22,,,,,,,,,,,,,23.0,19074410.630788796,3.748353312763102e-83,23.0
density_curve,1,18,DRB22,,,,,,,,,,,,,23.0,19373944.224377003,4.875209891123684e-85,23.0
density_curve,1,18,DRB22,,,,,,,,,,,,,23.0,19678181.521551367,6.026462114767452e-87,23.0
density_curve,1,18,DRB22,,,,,,,,,,,,,23.0,19987196.386572525,7.080238013282842e-89,23.0
density_curve,1,18,DRB22,,,,,,,,,,,,,23.0,20301063.843623016,7.905868703854557e-91,23.0
density_curve,1,18,DRB22,,,,,,,,,,,,,23.0,20619860.095022235,8.390109920523643e-93,23.0
density_curve,1,18,DRB22,,,,,,,,,,,,,23.0,20943662.539726753,8.462564977513666e-95,23.0
density_curve,1,18,DRB22,,,,,,,,,,,,,23.0,21272549.792122267,8.112462350008514e-97,23.0
density_curve,1,18,DRB22,,,,,,,,,,,,,23.0,21606601.701109305,7.391280500869614e-99,23.0
density_curve,1,18,DRB22,,,,,,,,,,,,,23.0,21945899.369489986,6.400339124520019e-101,23.0
density_curve,1,18,DRB22,,,,,,,,,,,,,23.0,22290525.173658106,5.267476407573066e-103,23.0
density_curve,1,18,DRB22,,,,,,,,,,,,,23.0,22640562.78359909,4.120202144523735e-105,23.0
density_curve,1,18,DRB22,,,,,,,,,,,,,23.0,22996097.183203783,3.0630265399237064e-107,23.0
density_curve,1,18,DRB22,,,,,,,,,,,,,23.0,23357214.690901212,2.1642095394204644e-109,23.0
density_curve,1,18,DRB22,,,,,,,,,,,,,23.0,23724002.980615646,1.4533297550725765e-111,23.0
density_curve,1,18,DRB22,,,,,,,,,,,,,23.0,24096551.10305199,9.275670965326886e-114,23.0
density_curve,1,18,DRB22,,,,,,,,,,,,,23.0,24474949.507316638,5.626558191446879e-116,23.0
density_curve,1,18,DRB22,,,,,,,,,,,,,23.0,24859290.062876612,3.243818945661032e-118,23.0
density_curve,1,18,DRB22,,,,,,,,,,,,,23.0,25249666.08186437,1.7774062706640623e-120,23.0
density_curve,1,18,DRB22,,,,,,,,,,,,,23.0,25646172.341732506,9.256208332816888e-123,23.0
density_curve,1,18,DRB22,,,,,,,,,,,,,23.0,26048905.10826428,4.581375030851212e-125,23.0
density_curve,1,18,DRB22,,,,,,,,,,,,,23.0,26457962.158945747,2.1551369796235046e-127,23.0
density_curve,1,18,DRB22,,,,,,,,,,,,,23.0,26873442.80670409,9.635410552751084e-130,23.0
density_curve,1,18,DRB22,,,,,,,,,,,,,23.0,27295447.924020074,4.0943209163954145e-132,23.0
density_curve,1,18,DRB22,,,,,,,,,,,,,23.0,27724079.967417758,1.6535215016666507e-134,23.0
density_curve,1,18,DRB22,,,,,,,,,,,,,23.0,28159443.002339695,6.346789929830241e-137,23.0
density_curve,1,18,DRB22,,,,,,,,,,,,,23.0,28601642.7284124,2.3153396656020692e-139,23.0
density_curve,1,18,DRB22,,,,,,,,,,,,,23.0,29050786.505108584,8.0277088070838e-142,23.0
density_curve,1,18,DRB22,,,,,,,,,,,,,23.0,29506983.377812706,2.645360229934111e-144,23.0
density_curve,1,18,DRB22,,,,,,,,,,,,,23.0,29970344.104294933,8.285034861842536e-147,23.0
density_curve,1,18,DRB22,,,,,,,,,,,,,23.0,30440981.18160234,2.4661538757380502e-149,23.0
density_curve,1,18,DRB22,,,,,,,,,,,,,23.0,30919008.873370558,6.976897012640574e-152,23.0
density_curve,1,18,DRB22,,,,,,,,,,,,,23.0,31404543.237566188,1.8759478640039445e-154,23.0
density_curve,1,18,DRB22,,,,,,,,,,,,,23.0,31897702.154663246,4.79397237487627e-157,23.0
density_curve,1,18,DRB22,,,,,,,,,,,,,23.0,32398605.356263112,1.1643581850464977e-159,23.0
density_curve,1,18,DRB22,,,,,,,,,,,,,23.0,32907374.454163484,2.6877816493433735e-162,23.0
density_curve,1,18,DRB22,,,,,,,,,,,,,23.0,33424132.969883844,5.896817393039925e-165,23.0
density_curve,1,18,DRB22,,,,,,,,,,,,,23.0,33949006.36465498,1.229582531283924e-167,23.0
density_curve,1,18,DRB22,,,,,,,,,,,,,23.0,34482122.069878325,2.436766976966101e-170,23.0
density_curve,1,18,DRB22,,,,,,,,,,,,,23.0,35023609.518065386,4.5897246001876545e-173,23.0
density_curve,1,18,DRB22,,,,,,,,,,,,,23.0,35573600.17426121,8.216286306584439e-176,23.0
density_curve,1,18,DRB22,,,,,,,,,,,,,23.0,36132227.56796255,1.3979151522246068e-178,23.0
density_curve,1,18,DRB22,,,,,,,,,,,,,23.0,36699627.32553667,2.2604888587020247e-181,23.0
density_curve,1,18,DRB22,,,,,,,,,,,,,23.0,37275937.20314938,3.4740834001737305e-184,23.0
density_curve,1,18,DRB22,,,,,,,,,,,,,23.0,37861297.12021055,5.074513590086196e-187,23.0
density_curve,1,18,DRB22,,,,,,,,,,,,,23.0,38455849.19334357,7.044739045974554e-190,23.0
density_curve,1,18,DRB22,,,,,,,,,,,,,23.0,39059737.77089033,9.29504959990309e-193,23.0
density_curve,1,18,DRB22,,,,,,,,,,,,,23.0,39673109.46795558,1.1656141834150462e-195,23.0
density_curve,1,18,DRB22,,,,,,,,,,,,,23.0,40296113.20200404,1.3892302962411701e-198,23.0
density_curve,1,18,DRB22,,,,,,,,,,,,,23.0,40928900.22901449,1.5736566411036054e-201,23.0
density_curve,1,18,DRB22,,,,,,,,,,,,,23.0,41571624.180202775,1.694189643569643e-204,23.0
density_curve,1,18,DRB22,,,,,,,,,,,,,23.0,42224441.09932146,1.7335260688235174e-207,23.0
density_curve,1,18,DRB22,,,,,,,,,,,,,23.0,42887509.48054403,1.685834906478882e-210,23.0
density_curve,1,18,DRB22,,,,,,,,,,,,,23.0,43560990.30694617,1.5581742306687826e-213,23.0
density_curve,1,18,DRB22,,,,,,,,,,,,,23.0,44245047.08958865,1.3687789065912463e-216,23.0
density_curve,1,18,DRB22,,,,,,,,,,,,,23.0,44939845.907216705,1.1427912353087053e-219,23.0
density_curve,1,18,DRB22,,,,,,,,,,,,,23.0,45645555.44658045,9.068110601439906e-223,23.0
density_curve,1,18,DRB22,,,,,,,,,,,,,23.0,46362347.04338999,6.83884918840676e-226,23.0
density_curve,1,18,DRB22,,,,,,,,,,,,,23.0,47090394.72391306,4.901912509186301e-229,23.0
density_curve,1,18,DRB22,,,,,,,,,,,,,23.0,47829875.24722586,3.33936887598485e-232,23.0
density_curve,1,18,DRB22,,,,,,,,,,,,,23.0,48580968.14812807,2.1621187610568636e-235,23.0
density_curve,1,18,DRB22,,,,,,,,,,,,,23.0,49343855.78073008,1.330488135244152e-238,23.0
density_curve,1,18,DRB22,,,,,,,,,,,,,23.0,50118723.36272725,7.78141857760823e-242,23.0
density_curve,2,24,DRB07,,,,,,,,,,,,,22.0,100000.0,0.003361148869194786,22.00048912272059
density_curve,2,24,DRB07,,,,,,,,,,,,,22.0,101570.34258822507,0.0035436114211997746,22.000515675123747
density_curve,2,24,DRB07,,,,,,,,,,,,,22.0,103165.34493489409,0.0037880667339576894,22.000551248867218
density_curve,2,24,DRB07,,,,,,,,,,,,,22.0,104785.39428269603,0.004117027761937094,22.00059912009198
density_curve,2,24,DRB07,,,,,,,,,,,,,22.0,106430.88395535655,0.004550325468760686,22.000662174649047
density_curve,2,24,DRB07,,,,,,,,,,,,,22.0,108102.21345313193,0.005101373480707652,22.00074236452259
density_curve,2,24,DRB07,,,,,,,,,,,,,22.0,109799.78854980043,0.005773215716294597,22.00084013267118
density_curve,2,24,DRB07,,,,,,,,,,,,,22.0,111524.02139117903,0.0065553179821788,22.000953946132874
density_curve,2,24,DRB07,,,,,,,,,,,,,22.0,113275.33059518597,0.007422205397429536,22.00108009773981
density_curve,2,24,DRB07,,,,,,,,,,,,,22.0,115054.14135347492,0.00833482046978581,22.00121290374883
density_curve,2,24,DRB07,,,,,,,,,,,,,22.0,116860.88553466521,0.009244884245565318,22.001345338486843
density_curve,2,24,DRB07,,,,,,,,,,,,,22.0,118696.00178919302,0.010101719031986783,22.001470027210296
density_curve,2,24,DRB07,,,,,,,,,,,,,22.0,120559.93565580886,0.010860175553352716,22.001580399684595
density_curve,2,24,DRB07,,,,,,,,,,,,,22.0,122453.13966974878,0.011487789474054088,22.001671731619098
density_curve,2,24,DRB07,,,,,,,,,,,,,22.0,124376.07347260158,0.011969327488699768,22.001741806225418
density_curve,2,24,DRB07,,,,,,,,,,,,,22.0,126329.20392390396,0.012307579932492955,22.001791029560053
density_curve,2,24,DRB07,,,,,,,,,,,,,22.0,128313.00521448672,0.012520460133844159,22.001822008414994
density_curve,2,24,DRB07,,,,,,,,,,,,,22.0,130327.95898160127,0.012635727463402044,22.001838782402704
density_curve,2,24,DRB07,,,,,,,,,,,,,22.0,132374.55442585386,0.01268535471707885,22.001846004283756
density_curve,2,24,DRB07,,,,,,,,,,,,,22.0,134453.28842997624,0.012701277840353313,22.00184832145615
density_curve,2,24,DRB07,,,,,,,,,,,,,22.0,136564.66567946097,0.012713076795578777,22.001850038469385
density_curve,2,24,DRB07,,,,,,,,,,,,,22.0,138709.19878509274,0.01274671602924691,22.00185493373411
density_curve,2,24,DRB07,,,,,,,,,,,,,22.0,140887.40840740083,0.012822758178063437,22.00186599957622
density_curve,2,24,DRB07,,,,,,,,,,,,,22.0,143099.82338306884,0.012953039979739126,22.00188495850716
density_curve,2,24,DRB07,,,,,,,,,,,,,22.0,145346.98085332804,0.01313641354758223,22.0019116434836
density_curve,2,24,DRB07,,,,,,,,,,,,,22.0,147629.42639436718,0.013355766632532184,22.001943564288613
density_curve,2,24,DRB07,,,,,,,,,,,,,22.0,149947.71414979032,0.013578938753487953,22.00197604084922
density_curve,2,24,DRB07,,,,,,,,,,,,,22.0,152302.40696515449,0.013764811365366985,22.00200308949275
density_curve,2,24,DRB07,,,,,,,,,,,,,22.0,154694.07652461986,0.013873349206393869,22.002018884188598
density_curve,2,24,DRB07,,,,,,,,,,,,,22.0,157123.30348974746,0.013876112453458605,22.002019286303163
density_curve,2,24,DRB07,,,,,,,,,,,,,22.0,159590.6776404731,0.013763115312803902,22.002002842678973
density_curve,2,24,DRB07,,,,,,,,,,,,,22.0,162096.79801829843,0.013543344597596749,22.001970861099366
density_curve,2,24,DRB07,,,,,,,,,,,,,22.0,164642.27307172897,0.013239043405361181,22.00192657843507
density_curve,2,24,DRB07,,,,,,,,,,,,,22.0,167227.72080399614,0.012876537764933334,22.0018738257151
density_curve,2,24,DRB07,,,,,,,,,,,,,22.0,169853.76892309941,0.01247759921814945,22.001815771188227
density_curve,2,24,DRB07,,,,,,,,,,,,,22.0,172521.0549942039,0.012054620833792476,22.00175421832456
density_curve,2,24,DRB07,,,,,,,,,,,,,22.0,175230.2265944331,0.011610795996934651,22.00168963183342
density_curve,2,24,DRB07,,,,,,,,,,,,,22.0,177981.9414700888,0.01114419168374842,22.001621730416378
density_curve,2,24,DRB07,,,,,,,,,,,,,22.0,180776.86769634343,0.010653185359662556,22.00155027795818
density_curve,2,24,DRB07,,,,,,,,,,,,,22.0,183615.6838394384,0.010140672542687879,22.001475695821796
density_curve,2,24,DRB07,,,,,,,,,,,,,22.0,186499.07912142982,0.009615522565251746,22.001399274694474
density_curve,2,24,DRB07,,,,,,,,,,,,,22.0,189427.7535875212,0.00909127790503224,22.00132298531116
density_curve,2,24,DRB07,,,,,,,,,,,,,22.0,192402.4182760241,0.008583320337289714,22.001249066065938
density_curve,2,24,DRB07,,,,,,,,,,,,,22.0,195423.79539098707,0.008106200982436957,22.001179634473953
density_curve,2,24,DRB07,,,,,,,,,,,,,22.0,198492.61847753756,0.007672489040863902,22.001116519636415
density_curve,2,24,DRB07,,,,,,,,,,,,,22.0,201609.63259997344,0.007293615583004081,22.001061385031054
density_curve,2,24,DRB07,,,,,,,,,,,,,22.0,204775.59452265495,0.006982219715367306,22.001016069931993
density_curve,2,24,DRB07,,,,,,,,,,,,,22.0,207991.2728937353,0.006754846838480982,22.000982982066965
density_curve,2,24,DRB07,,,,,,,,,,,,,22.0,211257.44843177704,0.0066336976258985995,22.000965352133043
density_curve,2,24,DRB07,,,,,,,,,,,,,22.0,214574.91411529886,0.00664641842516101,22.000967203295307
density_curve,2,24,DRB07,,,,,,,,,,,,,22.0,217944.4753752988,0.006823426035130488,22.000992961881767
density_curve,2,24,DRB07,,,,,,,,,,,,,22.0,221366.95029080036,0.0071927517171902315,22.00104670707111
density_curve,2,24,DRB07,,,,,,,,,,,,,22.0,224843.16978747185,0.00777281847678627,22.00113111982479
density_curve,2,24,DRB07,,,,,,,,,,,,,22.0,228373.97783935972,0.008564054696717668,22.001246262482134
density_curve,2,24,DRB07,,,,,,,,,,,,,22.0,231960.2316737949,0.009540924260570058,22.00138841896414
density_curve,2,24,DRB07,,,,,,,,,,,,,22.0,235602.80197951404,0.01064671968532129,22.001549337057213
density_curve,2,24,DRB07,,,,,,,,,,,,,22.0,239302.57311804994,0.011793892964880745,22.001716276558355
density_curve,2,24,DRB07,,,,,,,,,,,,,22.0,243060.44333844114,0.012872197154877816,22.00187319405876
density_curve,2,24,DRB07,,,,,,,,,,,,,22.0,246877.32499531287,0.013765115873663827,22.00200313380555
density_curve,2,24,DRB07,,,,,,,,,,,,,22.0,250754.1447703851,0.014372223777678734,22.002091481653643
density_curve,2,24,DRB07,,,,,,,,,,,,,22.0,254691.843897454,0.01463223203455959,22.00212931870012
density_curve,2,24,DRB07,,,,,,,,,,,,,22.0,258691.37839091144,0.014539901529154879,22.002115882535954
density_curve,2,24,DRB07,,,,,,,,,,,,,22.0,262753.7192778504,0.014150836290716236,22.0020592647974
density_curve,2,24,DRB07,,,,,,,,,,,,,22.0,266879.85283381585,0.013571525684818469,22.001974962081082
density_curve,2,24,DRB07,,,,,,,,,,,,,22.0,271070.7808222577,0.01293680455192265,22.00188259588743
density_curve,2,24,DRB07,,,,,,,,,,,,,22.0,275327.5207377438,0.012381240682737465,22.00180174885514
density_curve,2,24,DRB07,,,,,,,,,,,,,22.0,279651.1060529923,0.012012982185893322,22.001748158965235
density_curve,2,24,DRB07,,,,,,,,,,,,,22.0,284042.5864697849,0.01189740765088762,22.001731340272226
density_curve,2,24,DRB07,,,,,,,,,,,,,22.0,288503.028173816,0.01205404100884469,22.001754133946996
density_curve,2,24,DRB07,,,,,,,,,,,,,22.0,293033.5140935484,0.012465308395971606,22.001813982597298
density_curve,2,24,DRB07,,,,,,,,,,,,,22.0,297635.14416313195,0.013091862380145525,22.001905160287208
density_curve,2,24,DRB07,,,,,,,,,,,,,22.0,302309.0355894507,0.013887820277843244,22.00202099005481
density_curve,2,24,DRB07,,,,,,,,,,,,,22.0,307056.3231233643,0.014810611614284697,22.00215527693902
density_curve,2,24,DRB07,,,,,,,,,,,,,22.0,311878.15933520853,0.01582328927917317,22.00230264430471
density_curve,2,24,DRB07,,,,,,,,,,,,,22.0,316775.7148946211,0.016890594083466173,22.00245796114722
density_curve,2,24,DRB07,,,,,,,,,,,,,22.0,321750.1788547658,0.017972370923776876,22.00261538399631
density_curve,2,24,DRB07,,,,,,,,,,,,,22.0,326802.75894101255,0.019018422902811766,22.002767608074976
density_curve,2,24,DRB07,,,,,,,,,,,,,22.0,331934.6818441578,0.019967732873266156,22.002905754016584
density_curve,2,24,DRB07,,,,,,,,,,,,,22.0,337147.193518246,0.020752968922389717,22.00302002351419
density_curve,2,24,DRB07,,,,,,,,,,,,,22.0,342441.55948306865,0.02130925007081538,22.003100974926735
density_curve,2,24,DRB07,,,,,,,,,,,,,22.0,347819.06513141334,0.021584924030230053,22.0031410916851
density_curve,2,24,DRB07,,,,,,,,,,,,,22.0,353281.01604113757,0.021551772605619374,22.003136267407562
density_curve,2,24,DRB07,,,,,,,,,,,,,22.0,358828.7382921458,0.021212402034445573,22.003086881360254
density_curve,2,24,DRB07,,,,,,,,,,,,,22.0,364463.57878833805,0.020603248596808187,22.002998235841037
density_curve,2,24,DRB07,,,,,,,,,,,,,22.0,370186.9055846206,0.019792381592909362,22.00288023646332
density_curve,2,24,DRB07,,,,,,,,,,,,,22.0,376000.1082190484,0.018872048650869045,22.002746307330757
density_curve,2,24,DRB07,,,,,,,,,,,,,22.0,381904.59805018455,0.017946736121748505,22.002611653556333
density_curve,2,24,DRB07,,,,,,,,,,,,,22.0,387901.8085997564,0.01711844186568556,22.002491118121654
density_curve,2,24,DRB07,,,,,,,,,,,,,22.0,393993.19590069365,0.01647176397031112,22.00239701195027
density_curve,2,24,DRB07,,,,,,,,,,,,,22.0,400180.2388506313,0.016061997288860236,22.00233738168638
density_curve,2,24,DRB07,,,,,,,,,,,,,22.0,406464.4395709628,0.01590929444960032,22.00231515999044
density_curve,2,24,DRB07,,,,,,,,,,,,,22.0,412847.323771536,0.01600076882638153,22.002328471568646
density_curve,2,24,DRB07,,,,,,,,,,,,,22.0,419330.44112106785,0.01630021444822715,22.002372047638296
density_curve,2,24,DRB07,,,,,,,,,,,,,22.0,425915.3656233841,0.01676244973121386,22.002439313263224
density_curve,2,24,DRB07,,,,,,,,,,,,,22.0,432603.6959995626,0.017347213725417695,22.002524409570135
density_curve,2,24,DRB07,,,,,,,,,,,,,22.0,439397.0560760795,0.01802721889457226,22.002623365609068
density_curve,2,24,DRB07,,,,,,,,,,,,,22.0,446297.0951790494,0.018787020923090977,22.002733933884905
density_curve,2,24,DRB07,,,,,,,,,,,,,22.0,453305.48853465647,0.01961333817828938,22.002854181621515
density_curve,2,24,DRB07,,,,,,,,,,,,,22.0,460423.93767587794,0.02048172845204451,22.002980551928147
density_curve,2,24,DRB07,,,,,,,,,,,,,22.0,467654.17085558514,0.021346987845258385,22.003106466621276
density_curve,2,24,DRB07,,,,,,,,,,,,,22.0,474997.94346614124,0.022143740251961048,22.0032224120078
density_curve,2,24,DRB07,,,,,,,,,,,,,22.0,482457.03846558335,0.02279943669671835,22.003317830580862
density_curve,2,24,DRB07,,,,,,,,,,,,,22.0,490033.26681049785,0.023256130781746587,22.00338428983692
density_curve,2,24,DRB07,,,,,,,,,,,,,22.0,497728.46789569367,0.023492691992064142,22.003418714811023
density_curve,2,24,DRB07,,,,,,,,,,,,,22.0,505544.5100007789,0.023537953806503493,22.003425301422528
density_curve,2,24,DRB07,,,,,,,,,,,,,22.0,513483.29074375494,0.02346843438294036,22.003415184783574
density_curve,2,24,DRB07,,,,,,,,,,,,,22.0,521546.7375417237,0.02339038949207854,22.00340382749747
density_curve,2,24,DRB07,,,,,,,,,,,,,22.0,529736.8080788398,0.02341226077253336,22.00340701026045
density_curve,2,24,DRB07,,,,,,,,,,,,,22.0,538055.490781606,0.023617186167470116,22.00343683151223
density_curve,2,24,DRB07,,,,,,,,,,,,,22.0,546504.805301633,0.024044621161667945,22.003499032912814
density_curve,2,24,DRB07,,,,,,,,,,,,,22.0,555086.803005981,0.02468583581518218,22.00359234405969
density_curve,2,24,DRB07,,,,,,,,,,,,,22.0,563803.567475201,0.025492361797519784,22.003709711721182
density_curve,2,24,DRB07,,,,,,,,,,,,,22.0,572657.2150091964,0.026392077411857243,22.003840640569077
density_curve,2,24,DRB07,,,,,,,,,,,,,22.0,581649.8951410283,0.027306292879208334,22.003973679471546
density_curve,2,24,DRB07,,,,,,,,,,,,,22.0,590783.7911587943,0.028162944453008626,22.004098341533442
density_curve,2,24,DRB07,,,,,,,,,,,,,22.0,600061.1206356916,0.02890431829594999,22.004206228094006
density_curve,2,24,DRB07,,,,,,,,,,,,,22.0,609484.1359684145,0.029490602958956263,22.004291545692414
density_curve,2,24,DRB07,,,,,,,,,,,,,22.0,619055.1249240021,0.029901664209646392,22.00435136434523
density_curve,2,24,DRB07,,,,,,,,,,,,,22.0,628776.4111952737,0.030138645362324974,22.004385850430385
density_curve,2,24,DRB07,,,,,,,,,,,,,22.0,638650.3549649863,0.030225255323922288,22.00439845412683
density_curve,2,24,DRB07,,,,,,,,,,,,,22.0,648679.3534788508,0.0302071601208755,22.004395820867998
density_curve,2,24,DRB07,,,,,,,,,,,,,22.0,658865.8416275523,0.03014758887389577,22.004387151912372
density_curve,2,24,DRB07,,,,,,,,,,,,,22.0,669212.2925378972,0.030118246916762244,22.00438288199799
density_curve,2,24,DRB07,,,,,,,,,,,,,22.0,679721.2181732573,0.03018644728306024,22.00439280668446
density_curve,2,24,DRB07,,,,,,,,,,,,,22.0,690395.1699434342,0.03040126598504562,22.00442406763482
density_curve,2,24,DRB07,,,,,,,,,,,,,22.0,701236.7393241049,0.030782686295695333,22.00447957286452
density_curve,2,24,DRB07,,,,,,,,,,,,,22.0,712248.5584859921,0.03131749295357971,22.004557399255933
density_curve,2,24,DRB07,,,,,,,,,,,,,22.0,723433.3009339154,0.03196391304254529,22.004651467910687
density_curve,2,24,DRB07,,,,,,,,,,,,,22.0,734793.6821558832,0.03266412546139336,22.004753364558717
density_curve,2,24,DRB07,,,,,,,,,,,,,22.0,746332.4602823642,0.033360836724193293,22.004854751709836
density_curve,2,24,DRB07,,,,,,,,,,,,,22.0,758052.4367559261,0.034012416607092935,22.0049495712306
density_curve,2,24,DRB07,,,,,,,,,,,,,22.0,769956.4570113824,0.03460145413894576,22.005035289433312
density_curve,2,24,DRB07,,,,,,,,,,,,,22.0,782047.411166621,0.03513399368501468,22.00511278590899
density_curve,2,24,DRB07,,,,,,,,,,,,,22.0,794328.2347242822,0.035630208186767515,22.00518499627412
density_curve,2,24,DRB07,,,,,,,,,,,,,22.0,806801.909284454,0.0361104885817148,22.005254887868503
density_curve,2,24,DRB07,,,,,,,,,,,,,22.0,819471.4632685608,0.03658267410852557,22.005323601477592
density_curve,2,24,DRB07,,,,,,,,,,,,,22.0,832339.9726546166,0.03703581630306049,22.005389543853738
density_curve,2,24,DRB07,,,,,,,,,,,,,22.0,845410.561724033,0.037443572357815265,22.00544888152624
density_curve,2,24,DRB07,,,,,,,,,,,,,22.0,858686.4038201383,0.03777678121689951,22.00549737090592
density_curve,2,24,DRB07,,,,,,,,,,,,,22.0,872170.7221186243,0.03802112069471674,22.005532927792803
density_curve,2,24,DRB07,,,,,,,,,,,,,22.0,885866.7904100833,0.03819325526715885,22.005557977242756
density_curve,2,24,DRB07,,,,,,,,,,,,,22.0,899777.9338948353,0.038348606915124726,22.005580584399908
density_curve,2,24,DRB07,,,,,,,,,,,,,22.0,913907.5299902376,0.03857618166863659,22.005613701642528
density_curve,2,24,DRB07,,,,,,,,,,,,,22.0,928259.0091506683,0.038980158682345854,22.005672489379606
density_curve,2,24,DRB07,,,,,,,,,,,,,22.0,942835.8557003973,0.03965272927702173,22.005770363520817
density_curve,2,24,DRB07,,,,,,,,,,,,,22.0,957641.6086795169,0.04064617815206217,22.00591493266531
density_curve,2,24,DRB07,,,,,,,,,,,,,22.0,972679.8627031752,0.041953080970141346,22.006105116405095
density_curve,2,24,DRB07,,,,,,,,,,,,,22.0,987954.2688342923,0.04350140094582585,22.00633043176848
density_curve,2,24,DRB07,,,,,,,,,,,,,22.0,1003468.5354699849,0.04516693995576913,22.006572805136486
density_curve,2,24,DRB07,,,,,,,,,,,,,22.0,1019226.4292419085,0.0468004906321321,22.006810523482844
density_curve,2,24,DRB07,,,,,,,,,,,,,22.0,1035231.7759307377,0.04826272246701062,22.007023311086442
density_curve,2,24,DRB07,,,,,,,,,,,,,22.0,1051488.4613950192,0.049457512952366375,22.007197179961484
density_curve,2,24,DRB07,,,,,,,,,,,,,22.0,1068000.4325145755,0.05035467088918739,22.0073277366098
density_curve,2,24,DRB07,,,,,,,,,,,,,22.0,1084771.6981487798,0.05099571815754888,22.007421023398376
density_curve,2,24,DRB07,,,,,,,,,,,,,22.0,1101806.3301098226,0.05148096660445197,22.007491637956
density_curve,2,24,DRB07,,,,,,,,,,,,,22.0,1119108.4641512968,0.051941442958560534,22.007558647617234
density_curve,2,24,DRB07,,,,,,,,,,,,,22.0,1136682.3009722962,0.05250381662250518,22.00764048562775
density_curve,2,24,DRB07,,,,,,,,,,,,,22.0,1154532.1072372785,0.05325884312620466,22.00775035895737
density_curve,2,24,DRB07,,,,,,,,,,,,,22.0,1172662.2166119604,0.05424286662950335,22.007893556498388
density_curve,2,24,DRB07,,,,,,,,,,,,,22.0,1191077.0308154398,0.055437583875322036,22.00806741471543
density_curve,2,24,DRB07,,,,,,,,,,,,,22.0,1209781.0206889012,0.056786869921865095,22.00826376616775
density_curve,2,24,DRB07,,,,,,,,,,,,,22.0,1228778.727281043,0.058223374463103,22.008472809871765
density_curve,2,24,DRB07,,,,,,,,,,,,,22.0,1248074.7629505873,0.05969431813238912,22.008686865243114
density_curve,2,24,DRB07,,,,,,,,,,,,,22.0,1267673.8124860895,0.061176904945797334,22.008902614953676
density_curve,2,24,DRB07,,,,,,,,,,,,,22.0,1287580.634243335,0.06267863431878318,22.00912115033699
density_curve,2,24,DRB07,,,,,,,,,,,,,22.0,1307800.061300597,0.06422440068942105,22.009346094093434
density_curve,2,24,DRB07,,,,,,,,,,,,,22.0,1328337.002632031,0.06583768709377433,22.009580863532666
density_curve,2,24,DRB07,,,,,,,,,,,,,22.0,1349196.4442995142,0.06752506973312249,22.009826415639804
density_curve,2,24,DRB07,,,,,,,,,,,,,22.0,1370383.450663168,0.06927100283159605,22.010080488154983
density_curve,2,24,DRB07,,,,,,,,,,,,,22.0,1391903.1656109202,0.07104468611303631,22.010338598945623
density_curve,2,24,DRB07,,,,,,,,,,,,,22.0,1413760.8138073613,0.07281517188613451,22.010596244426917
density_curve,2,24,DRB07,,,,,,,,,,,,,22.0,1435961.7019622158,0.0745672030362793,22.010851204345705
density_curve,2,24,DRB07,,,,,,,,,,,,,22.0,1458511.22011873,0.07630999655632494,22.011104819981647
density_curve,2,24,DRB07,,,,,,,,,,,,,22.0,1481414.8429622927,0.07807418573301703,22.01136154916661
density_curve,2,24,DRB07,,,,,,,,,,,,,22.0,1504678.1311496203,0.07989700285978736,22.011626810036297
density_curve,2,24,DRB07,,,,,,,,,,,,,22.0,1528306.7326587688,0.08180053995933931,22.011903817476643
density_curve,2,24,DRB07,,,,,,,,,,,,,22.0,1552306.3841604206,0.0837708171425783,22.012190537099514
density_curve,2,24,DRB07,,,,,,,,,,,,,22.0,1576682.9124106285,0.08574548748448285,22.01247789602573
density_curve,2,24,DRB07,,,,,,,,,,,,,22.0,1601442.23566548,0.08761541729922842,22.01275001285063
density_curve,2,24,DRB07,,,,,,,,,,,,,22.0,1626590.3651179587,0.08924108490500389,22.012986584033
density_curve,2,24,DRB07,,,,,,,,,,,,,22.0,1652133.4063573685,0.09048019241149143,22.013166902030886
density_curve,2,24,DRB07,,,,,,,,,,,,,22.0,1678077.5608516952,0.09121949562625346,22.013274487268497
density_curve,2,24,DRB07,,,,,,,,,,,,,22.0,1704429.1274531947,0.09140256160467826,22.013301127483764
density_curve,2,24,DRB07,,,,,,,,,,,,,22.0,1731194.503927705,0.09104620377302715,22.013249269408174
density_curve,2,24,DRB07,,,,,,,,,,,,,22.0,1758380.1885078938,0.09024131923910748,22.013132140614328
density_curve,2,24,DRB07,,,,,,,,,,,,,22.0,1785992.7814709456,0.08913793598416313,22.012971573546185
density_curve,2,24,DRB07,,,,,,,,,,,,,22.0,1814038.9867410094,0.08791844704257155,22.012794110490532
density_curve,2,24,DRB07,,,,,,,,,,,,,22.0,1842525.6135168101,0.08676619449006315,22.01262643184099
density_curve,2,24,DRB07,,,,,,,,,,,,,22.0,1871459.5779248201,0.08583778820689436,22.012491327855802
density_curve,2,24,DRB07,,,,,,,,,,,,,22.0,1900847.9046983868,0.0852461808253747,22.012405235682195
density_curve,2,24,DRB07,,,,,,,,,,,,,22.0,1930697.7288832497,0.08505770532472141,22.012377808259835
density_curve,2,24,DRB07,,,,,,,,,,,,,22.0,1961016.2975697976,0.08530118255655482,22.012413239670543
density_curve,2,24,DRB07,,,,,,,,,,,,,22.0,1991810.9716525706,0.08598281409456167,22.012512432382703
density_curve,2,24,DRB07,,,,,,,,,,,,,22.0,2023089.2276173707,0.0870988849113272,22.012674845776314
density_curve,2,24,DRB07,,,,,,,,,,,,,22.0,2054858.65935644,0.08864021704821338,22.012899144252064
density_curve,2,24,DRB07,,,,,,,,,,,,,22.0,2087126.9800121451,0.09058699049105777,22.01318244355233
density_curve,2,24,DRB07,,,,,,,,,,,,,22.0,2119902.0238496074,0.09289767699437367,22.013518700383823
density_curve,2,24,DRB07,,,,,,,,,,,,,22.0,2153191.7481587674,0.09549887132278126,22.013897232634616
density_curve,2,24,DRB07,,,,,,,,,,,,,22.0,2187004.235186248,0.09828238109755655,22.014302295881382
density_curve,2,24,DRB07,,,,,,,,,,,,,22.0,2221347.6940976637,0.1011125719579499,22.01471415227552
density_curve,2,24,DRB07,,,,,,,,,,,,,22.0,2256230.462970635,0.10384264387747255,22.015111439113042
density_curve,2,24,DRB07,,,,,,,,,,,,,22.0,2291661.0108191706,0.10633543431287938,22.015474196160433
density_curve,2,24,DRB07,,,,,,,,,,,,,22.0,2327647.9396498133,0.10848368022880522,22.015786814234726
density_curve,2,24,DRB07,,,,,,,,,,,,,22.0,2364199.9865500783,0.1102261115024349,22.01604037715567
density_curve,2,24,DRB07,,,,,,,,,,,,,22.0,2401326.0258096857,0.11155795617864653,22.01623419049652
density_curve,2,24,DRB07,,,,,,,,,,,,,22.0,2439035.071075103,0.11253600982731699,22.016376519289484
density_curve,2,24,DRB07,,,,,,,,,,,,,22.0,2477336.2775379405,0.11327869182896047,22.016484596216543
density_curve,2,24,DRB07,,,,,,,,,,,,,22.0,2516238.944157669,0.11396080431523874,22.01658385891749
density_curve,2,24,DRB07,,,,,,,,,,,,,22.0,2555752.5159192816,0.11480203674164319,22.016706277146813
density_curve,2,24,DRB07,,,,,,,,,,,,,22.0,2595886.586126396,0.11604875524834472,22.016887702716325
density_curve,2,24,DRB07,,,,,,,,,,,,,22.0,2636650.898730361,0.11795103869195847,22.017164527721548
density_curve,2,24,DRB07,,,,,,,,,,,,,22.0,2678055.350695943,0.1207414516270283,22.017570595533325
density_curve,2,24,DRB07,,,,,,,,,,,,,22.0,2720109.994404156,0.12462843883571478,22.018136239553392
density_curve,2,24,DRB07,,,,,,,,,,,,,22.0,2762825.0400928515,0.12982518148963884,22.01889248243463
density_curve,2,24,DRB07,,,,,,,,,,,,,22.0,2806210.858335576,0.1366440267470208,22.019884777710256
density_curve,2,24,DRB07,,,,,,,,,,,,,22.0,2850277.982559416,0.14569637389202703,22.021202097720646
density_curve,2,24,DRB07,,,,,,,,,,,,,22.0,2895037.1116023487,0.1582451662043952,22.023028229104536
density_curve,2,24,DRB07,,,,,,,,,,,,,22.0,2940499.1123107616,0.1767546800732467,22.025721779474566
density_curve,2,24,DRB07,,,,,,,,,,,,,22.0,2986675.022177758,0.20565790664649974,22.029927848698378
density_curve,2,24,DRB07,,,,,,,,,,,,,22.0,3033576.0520228897,0.25230111208236833,22.036715483649324
density_curve,2,24,DRB07,,,,,,,,,,,,,22.0,3081213.5887140087,0.3279198757596383,22.047719713707846
density_curve,2,24,DRB07,,,,,,,,,,,,,22.0,3129599.1979317563,0.44836168215880057,22.06524670412436
density_curve,2,24,DRB07,,,,,,,,,,,,,22.0,3178744.626977629,0.6341381638405013,22.092281358547073
density_curve,2,24,DRB07,,,,,,,,,,,,,22.0,3228661.807625975,0.9093373235709343,22.132329022887497
density_curve,2,24,DRB07,,,,,,,,,,,,,22.0,3279362.859020883,1.2990340778708556,22.18903866119469
density_curve,2,24,DRB07,,,,,,,,,,,,,22.0,3330860.090618524,1.825154098831198,22.26560095165675
density_curve,2,24,DRB07,,,,,,,,,,,,,22.0,3383166.005175699,2.5012361758310804,22.363986092486357
density_curve,2,24,DRB07,,,,,,,,,,,,,22.0,3436293.3017853256,3.3270611911005967,22.484162197122124
density_curve,2,24,DRB07,,,,,,,,,,,,,22.0,3490254.8789595794,4.284457381600177,22.623484865532465
density_curve,2,24,DRB07,,,,,,,,,,,,,22.0,3545063.837761485,5.335557289808896,22.776443531370784
density_curve,2,24,DRB07,,,,,,,,,,,,,22.0,3600733.4849856202,6.4243086666162625,22.934881332311985
density_curve,2,24,DRB07,,,,,,,,,,,,,22.0,3657277.33638883,7.481261566975061,23.088691740086013
density_curve,2,24,DRB07,,,,,,,,,,,,,22.0,3714709.119971648,8.430853757978506,23.226878751132283
density_curve,2,24,DRB07,,,,,,,,,,,,,22.0,3773042.7793112434,9.199898643919429,23.33879207050815
density_curve,2,24,DRB07,,,,,,,,,,,,,22.0,3832292.476946719,9.72589935945865,23.4153369993494
density_curve,2,24,DRB07,,,,,,,,,,,,,22.0,3892472.597817551,9.964096238350088,23.45
density_curve,2,24,DRB07,,,,,,,,,,,,,22.0,3953597.752756071,9.89256184549343,23.439590137714355
density_curve,2,24,DRB07,,,,,,,,,,,,,22.0,4015682.782034709,9.514949061558445,23.384638988748293
density_curve,2,24,DRB07,,,,,,,,,,,,,22.0,4078742.7589690215,8.860598816291255,23.289416317977047
density_curve,2,24,DRB07,,,,,,,,,,,,,22.0,4142792.9935772587,7.981755814321276,23.161524904408417
density_curve,2,24,DRB07,,,,,,,,,,,,,22.0,4207849.036297407,6.947845109952062,23.011067654149702
density_curve,2,24,DRB07,,,,,,,,,,,,,22.0,4273926.681762604,5.837253502433602,22.849451608661926
density_curve,2,24,DRB07,,,,,,,,,,,,,22.0,4341041.972635828,4.727734971309404,22.68799171991275
density_curve,2,24,DRB07,,,,,,,,,,,,,22.0,4409211.203504863,3.687119757206694,22.536558812767446
density_curve,2,24,DRB07,,,,,,,,,,,,,22.0,4478450.924838282,2.766129803188243,22.402534070193514
density_curve,2,24,DRB07,,,,,,,,,,,,,22.0,4548777.947003777,1.9946452134781738,22.290265719073613
density_curve,2,24,DRB07,,,,,,,,,,,,,22.0,4620209.3443493685,1.3818600013796252,22.201091695028854
density_curve,2,24,DRB07,,,,,,,,,,,,,22.0,4692762.459348841,0.9197551999833901,22.13384505810401
density_curve,2,24,DRB07,,,,,,,,,,,,,22.0,4766454.906812234,0.5885793201263821,22.085651522603577
density_curve,2,24,DRB07,,,,,,,,,,,,,22.0,4841304.57816245,0.3627863435182888,22.052793568580448
density_curve,2,24,DRB07,,,,,,,,,,,,,22.0,4917329.645779026,0.21613464630866017,22.031452449840994
density_curve,2,24,DRB07,,,,,,,,,,,,,22.0,4994548.567410101,0.12520438518918864,22.018220052695355
density_curve,2,24,DRB07,,,,,,,,,,,,,22.0,5072980.090653727,0.07118954302623083,22.010359678882942
density_curve,2,24,DRB07,,,,,,,,,,,,,22.0,5152643.257509442,0.040264052107695875,22.00585932473549
density_curve,2,24,DRB07,,,,,,,,,,,,,22.0,5233557.40900142,0.023027020914160413,22.003350949200694
density_curve,2,24,DRB07,,,,,,,,,,,,,22.0,5315742.189874179,0.013527336650942846,22.001968531583262
density_curve,2,24,DRB07,,,,,,,,,,,,,22.0,5399217.553362021,0.00823892384143818,22.001198948633604
density_curve,2,24,DRB07,,,,,,,,,,,,,22.0,5484003.766033389,0.005195015402469987,22.00075599152732
density_curve,2,24,DRB07,,,,,,,,,,,,,22.0,5570121.412711266,0.003353805851385268,22.000488054146427
density_curve,2,24,DRB07,,,,,,,,,,,,,22.0,5657591.401470916,0.0021827399791028786,22.000317637735925
density_curve,2,24,DRB07,,,,,,,,,,,,,22.0,5746434.968715974,0.001411211154371906,22.000205362947618
density_curve,2,24,DRB07,,,,,,,,,,,,,22.0,5836673.684334379,0.0008960204957132776,22.000130391125065
density_curve,2,24,DRB07,,,,,,,,,,,,,22.0,5928329.456935207,0.0005541940570575304,22.00008064769383
density_curve,2,24,DRB07,,,,,,,,,,,,,22.0,6021424.539167753,0.0003320761232924799,22.000048324541158
density_curve,2,24,DRB07,,,,,,,,,,,,,22.0,6115981.53312414,0.00019204834711285701,22.00002794735184
density_curve,2,24,DRB07,,,,,,,,,,,,,22.0,6212023.395826757,0.00010690800036975414,22.000015557517393
density_curve,2,24,DRB07,,,,,,,,,,,,,22.0,6309573.444801942,5.7167271197106584e-05,22.000008319123104
density_curve,2,24,DRB07,,,,,,,,,,,,,22.0,6408655.363740995,2.9316272845187787e-05,22.00000426617674
density_curve,2,24,DRB07,,,,,,,,,,,,,22.0,6509293.20825039,1.4397873783907428e-05,22.000002095214306
density_curve,2,24,DRB07,,,,,,,,,,,,,22.0,6611511.411691989,6.76406673384204e-06,22.00000098432377
density_curve,2,24,DRB07,,,,,,,,,,,,,22.0,6715334.791115149,3.036684435303768e-06,22.00000044190585
density_curve,2,24,DRB07,,,,,,,,,,,,,22.0,6820788.553281926,1.3016577417067375e-06,22.00000018942046
density_curve,2,24,DRB07,,,,,,,,,,,,,22.0,6927898.300786892,5.323239792296298e-07,22.000000077465106
density_curve,2,24,DRB07,,,,,,,,,,,,,22.0,7036690.03827307,2.0756859655509332e-07,22.000000030205896
density_curve,2,24,DRB07,,,,,,,,,,,,,22.0,7147190.1787454495,7.712941047832147e-08,22.000000011224063
density_curve,2,24,DRB07,,,,,,,,,,,,,22.0,7259425.549983729,2.7299471986052666e-08,22.000000003972687
density_curve,2,24,DRB07,,,,,,,,,,,,,22.0,7373423.401055615,9.20024355412345e-09,22.000000001338844
density_curve,2,24,DRB07,,,,,,,,,,,,,22.0,7489211.408932546,2.9513281977202363e-09,22.000000000429484
density_curve,2,24,DRB07,,,,,,,,,,,,,22.0,7606817.685209225,9.0093664343755e-10,22.000000000131106
density_curve,2,24,DRB07,,,,,,,,,,,,,22.0,7726270.782928702,2.616583345898929e-10,22.000000000038078
density_curve,2,24,DRB07,,,,,,,,,,,,,22.0,7847599.7035146225,7.228694777722678e-11,22.00000000001052
density_curve,2,24,DRB07,,,,,,,,,,,,,22.0,7970833.903812322,1.8993512684836812e-11,22.000000000002764
density_curve,2,24,DRB07,,,,,,,,,,,,,22.0,8096003.303240569,4.7458854054632956e-12,22.00000000000069
density_curve,2,24,DRB07,,,,,,,,,,,,,22.0,8223138.291055465,1.1275910990150665e-12,22.000000000000163
density_curve,2,24,DRB07,,,,,,,,,,,,,22.0,8352269.733728553,2.547253293428266e-13,22.000000000000036
density_curve,2,24,DRB07,,,,,,,,,,,,,22.0,8483428.982440725,5.470774544966572e-14,22.000000000000007
density_curve,2,24,DRB07,,,,,,,,,,,,,22.0,8616647.880693821,1.1170100392720118e-14,22.0
density_curve,2,24,DRB07,,,,,,,,,,,,,22.0,8751958.77204175,2.1680867151619617e-15,22.0
density_curve,2,24,DRB07,,,,,,,,,,,,,22.0,8889394.507943004,4.000284296349189e-16,22.0
density_curve,2,24,DRB07,,,,,,,,,,,,,22.0,9028988.455736592,7.015941768074882e-17,22.0
density_curve,2,24,DRB07,,,,,,,,,,,,,22.0,9170774.50674293,1.1696359289050327e-17,22.0
density_curve,2,24,DRB07,,,,,,,,,,,,,22.0,9314787.084492404,1.8534280098140975e-18,22.0
density_curve,2,24,DRB07,,,,,,,,,,,,,22.0,9461061.153082676,2.7916011605961956e-19,22.0
density_curve,2,24,DRB07,,,,,,,,,,,,,22.0,9609632.225667553,3.996477053064175e-20,22.0
density_curve,2,24,DRB07,,,,,,,,,,,,,22.0,9760536.373079011,5.4380396578655405e-21,22.0
density_curve,2,24,DRB07,,,,,,,,,,,,,22.0,9913810.23258467,7.033058204888348e-22,22.0
density_curve,2,24,DRB07,,,,,,,,,,,,,22.0,10069491.016782762,8.645284708486668e-23,22.0
density_curve,2,24,DRB07,,,,,,,,,,,,,22.0,10227616.522636779,1.0100542679761756e-23,22.0
density_curve,2,24,DRB07,,,,,,,,,,,,,22.0,10388225.14065211,1.1216000441236838e-24,22.0
density_curve,2,24,DRB07,,,,,,,,,,,,,22.0,10551355.864196453,1.1837424762953918e-25,22.0
density_curve,2,24,DRB07,,,,,,,,,,,,,22.0,10717048.298967114,1.1874099929809578e-26,22.0
density_curve,2,24,DRB07,,,,,,,,,,,,,22.0,10885342.672606446,1.1320537734767255e-27,22.0
density_curve,2,24,DRB07,,,,,,,,,,,,,22.0,11056279.844468623,1.0257822379357902e-28,22.0
density_curve,2,24,DRB07,,,,,,,,,,,,,22.0,11229901.315539658,8.83413679745567e-30,22.0
density_curve,2,24,DRB07,,,,,,,,,,,,,22.0,11406249.238513203,7.23091273173794e-31,22.0
density_curve,2,24,DRB07,,,,,,,,,,,,,22.0,11585366.428024698,5.625246206101114e-32,22.0
density_curve,2,24,DRB07,,,,,,,,,,,,,22.0,11767296.371045876,4.159190727540559e-33,22.0
density_curve,2,24,DRB07,,,,,,,,,,,,,22.0,11952083.237443073,2.9227696150490483e-34,22.0
density_curve,2,24,DRB07,,,,,,,,,,,,,22.0,12139771.890700752,1.952083608032433e-35,22.0
density_curve,2,24,DRB07,,,,,,,,,,,,,22.0,12330407.898813803,1.239139004111464e-36,22.0
density_curve,2,24,DRB07,,,,,,,,,,,,,22.0,12524037.545350743,7.475825787327653e-38,22.0
density_curve,2,24,DRB07,,,,,,,,,,,,,22.0,12720707.84069066,4.2866264764133466e-39,22.0
density_curve,2,24,DRB07,,,,,,,,,,,,,22.0,12920466.533436738,2.33608835715763e-40,22.0
density_curve,2,24,DRB07,,,,,,,,,,,,,22.0,13123362.122008637,1.209984754359357e-41,22.0
density_curve,2,24,DRB07,,,,,,,,,,,,,22.0,13329443.866417537,5.956448947345398e-43,22.0
density_curve,2,24,DRB07,,,,,,,,,,,,,22.0,13538761.800225446,2.786838124942202e-44,22.0
density_curve,2,24,DRB07,,,,,,,,,,,,,22.0,13751366.742692733,1.2392324437256058e-45,22.0
density_curve,2,24,DRB07,,,,,,,,,,,,,22.0,13967310.311116258,5.237336174029946e-47,22.0
density_curve,2,24,DRB07,,,,,,,,,,,,,22.0,14186644.93336124,2.1037044031290996e-48,22.0
density_curve,2,24,DRB07,,,,,,,,,,,,,22.0,14409423.860590115,8.031109035014223e-50,22.0
density_curve,2,24,DRB07,,,,,,,,,,,,,22.0,14635701.180190798,2.913954935870352e-51,22.0
density_curve,2,24,DRB07,,,,,,,,,,,,,22.0,14865531.828908725,1.004862433514418e-52,22.0
density_curve,2,24,DRB07,,,,,,,,,,,,,22.0,15098971.606184201,3.2934178390928253e-54,22.0
density_curve,2,24,DRB07,,,,,,,,,,,,,22.0,15336077.187700124,1.0258963339411449e-55,22.0
density_curve,2,24,DRB07,,,,,,,,,,,,,22.0,15576906.139141649,3.037221915143778e-57,22.0
density_curve,2,24,DRB07,,,,,,,,,,,,,22.0,15821516.930172438,8.546060425291413e-59,22.0
density_curve,2,24,DRB07,,,,,,,,,,,,,22.0,16069968.948630175,2.285450228993316e-60,22.0
density_curve,2,24,DRB07,,,,,,,,,,,,,22.0,16322322.514945026,5.808900539182053e-62,22.0
density_curve,2,24,DRB07,,,,,,,,,,,,,22.0,16578638.896784693,1.403241654129764e-63,22.0
density_curve,2,24,DRB07,,,,,,,,,,,,,22.0,16838980.323928915,3.2217166592559395e-65,22.0
density_curve,2,24,DRB07,,,,,,,,,,,,,22.0,17103410.003378414,7.030052349838513e-67,22.0
density_curve,2,24,DRB07,,,,,,,,,,,,,22.0,17371992.134700213,1.4579616867925565e-68,22.0
density_curve,2,24,DRB07,,,,,,,,,,,,,22.0,17644791.92561452,2.8737566936392857e-70,22.0
density_curve,2,24,DRB07,,,,,,,,,,,,,22.0,17921875.607826144,5.383568069412657e-72,22.0
density_curve,2,24,DRB07,,,,,,,,,,,,,22.0,18203310.453104522,9.585322884345423e-74,22.0
density_curve,2,24,DRB07,,,,,,,,,,,,,22.0,18489164.789616488,1.622032709897489e-75,22.0
density_curve,2,24,DRB07,,,,,,,,,,,,,22.0,18779508.018514913,2.6087279424318773e-77,22.0
density_curve,2,24,DRB07,,,,,,,,,,,,,22.0,19074410.630788796,3.9876248270179245e-79,22.0
density_curve,2,24,DRB07,,,,,,,,,,,,,22.0,19373944.224377003,5.793167829432272e-81,22.0
density_curve,2,24,DRB07,,,,,,,,,,,,,22.0,19678181.521551367,7.998973277383627e-83,22.0
density_curve,2,24,DRB07,,,,,,,,,,,,,22.0,19987196.386572525,1.0497084594769494e-84,22.0
density_curve,2,24,DRB07,,,,,,,,,,,,,22.0,20301063.843623016,1.3092405960252983e-86,22.0
density_curve,2,24,DRB07,,,,,,,,,,,,,22.0,20619860.095022235,1.5519815113738385e-88,22.0
density_curve,2,24,DRB07,,,,,,,,,,,,,22.0,20943662.539726753,1.7485173130055223e-90,22.0
density_curve,2,24,DRB07,,,,,,,,,,,,,22.0,21272549.792122267,1.8722750223302217e-92,22.0
density_curve,2,24,DRB07,,,,,,,,,,,,,22.0,21606601.701109305,1.905397814701012e-94,22.0
density_curve,2,24,DRB07,,,,,,,,,,,,,22.0,21945899.369489986,1.842968848259159e-96,22.0
density_curve,2,24,DRB07,,,,,,,,,,,,,22.0,22290525.173658106,1.6942076484875896e-98,22.0
density_curve,2,24,DRB07,,,,,,,,,,,,,22.0,22640562.78359909,1.480238151470965e-100,22.0
density_curve,2,24,DRB07,,,,,,,,,,,,,22.0,22996097.183203783,1.2291725713209434e-102,22.0
density_curve,2,24,DRB07,,,,,,,,,,,,,22.0,23357214.690901212,9.700864512151854e-105,22.0
density_curve,2,24,DRB07,,,,,,,,,,,,,22.0,23724002.980615646,7.276530077505874e-107,22.0
density_curve,2,24,DRB07,,,,,,,,,,,,,22.0,24096551.10305199,5.187457240014219e-109,22.0
density_curve,2,24,DRB07,,,,,,,,,,,,,22.0,24474949.507316638,3.514803433682212e-111,22.0
density_curve,2,24,DRB07,,,,,,,,,,,,,22.0,24859290.062876612,2.2634133086667125e-113,22.0
density_curve,2,24,DRB07,,,,,,,,,,,,,22.0,25249666.08186437,1.3852973368361394e-115,22.0
density_curve,2,24,DRB07,,,,,,,,,,,,,22.0,25646172.341732506,8.05820746340356e-118,22.0
density_curve,2,24,DRB07,,,,,,,,,,,,,22.0,26048905.10826428,4.455025562271436e-120,22.0
density_curve,2,24,DRB07,,,,,,,,,,,,,22.0,26457962.158945747,2.3408752347974274e-122,22.0
density_curve,2,24,DRB07,,,,,,,,,,,,,22.0,26873442.80670409,1.1690218932131213e-124,22.0
density_curve,2,24,DRB07,,,,,,,,,,,,,22.0,27295447.924020074,5.548598919345212e-127,22.0
density_curve,2,24,DRB07,,,,,,,,,,,,,22.0,27724079.967417758,2.5029970171203095e-129,22.0
density_curve,2,24,DRB07,,,,,,,,,,,,,22.0,28159443.002339695,1.0731332267812047e-131,22.0
density_curve,2,24,DRB07,,,,,,,,,,,,,22.0,28601642.7284124,4.372836731693596e-134,22.0
density_curve,2,24,DRB07,,,,,,,,,,,,,22.0,29050786.505108584,1.6935155693113702e-136,22.0
density_curve,2,24,DRB07,,,,,,,,,,,,,22.0,29506983.377812706,6.233492418910593e-139,22.0
density_curve,2,24,DRB07,,,,,,,,,,,,,22.0,29970344.104294933,2.180670197563542e-141,22.0
density_curve,2,24,DRB07,,,,,,,,,,,,,22.0,30440981.18160234,7.250448157685794e-144,22.0
density_curve,2,24,DRB07,,,,,,,,,,,,,22.0,30919008.873370558,2.2911632021864072e-146,22.0
density_curve,2,24,DRB07,,,,,,,,,,,,,22.0,31404543.237566188,6.88118937754668e-149,22.0
density_curve,2,24,DRB07,,,,,,,,,,,,,22.0,31897702.154663246,1.9642072312956463e-151,22.0
density_curve,2,24,DRB07,,,,,,,,,,,,,22.0,32398605.356263112,5.3287753486319855e-154,22.0
density_curve,2,24,DRB07,,,,,,,,,,,,,22.0,32907374.454163484,1.373990810899421e-156,22.0
density_curve,2,24,DRB07,,,,,,,,,,,,,22.0,33424132.969883844,3.36710419260393e-159,22.0
density_curve,2,24,DRB07,,,,,,,,,,,,,22.0,33949006.36465498,7.842338673320654e-162,22.0
density_curve,2,24,DRB07,,,,,,,,,,,,,22.0,34482122.069878325,1.7360048817101943e-164,22.0
density_curve,2,24,DRB07,,,,,,,,,,,,,22.0,35023609.518065386,3.6523517880852606e-167,22.0
density_curve,2,24,DRB07,,,,,,,,,,,,,22.0,35573600.17426121,7.30315589444624e-170,22.0
density_curve,2,24,DRB07,,,,,,,,,,,,,22.0,36132227.56796255,1.3879213352422328e-172,22.0
density_curve,2,24,DRB07,,,,,,,,,,,,,22.0,36699627.32553667,2.506890952977639e-175,22.0
density_curve,2,24,DRB07,,,,,,,,,,,,,22.0,37275937.20314938,4.3035053270303605e-178,22.0
density_curve,2,24,DRB07,,,,,,,,,,,,,22.0,37861297.12021055,7.021429787745774e-181,22.0
density_curve,2,24,DRB07,,,,,,,,,,,,,22.0,38455849.19334357,1.0887923994826358e-183,22.0
density_curve,2,24,DRB07,,,,,,,,,,,,,22.0,39059737.77089033,1.6046521942644325e-186,22.0
density_curve,2,24,DRB07,,,,,,,,,,,,,22.0,39673109.46795558,2.2476726381157983e-189,22.0
density_curve,2,24,DRB07,,,,,,,,,,,,,22.0,40296113.20200404,2.9922750669008533e-192,22.0
density_curve,2,24,DRB07,,,,,,,,,,,,,22.0,40928900.22901449,3.78604942849997e-195,22.0
density_curve,2,24,DRB07,,,,,,,,,,,,,22.0,41571624.180202775,4.552892078470943e-198,22.0
density_curve,2,24,DRB07,,,,,,,,,,,,,22.0,42224441.09932146,5.203610039882436e-201,22.0
density_curve,2,24,DRB07,,,,,,,,,,,,,22.0,42887509.48054403,5.65247227199485e-204,22.0
density_curve,2,24,DRB07,,,,,,,,,,,,,22.0,43560990.30694617,5.8356394146706224e-207,22.0
density_curve,2,24,DRB07,,,,,,,,,,,,,22.0,44245047.08958865,5.7260451464575714e-210,22.0
density_curve,2,24,DRB07,,,,,,,,,,,,,22.0,44939845.907216705,5.339952543482654e-213,22.0
density_curve,2,24,DRB07,,,,,,,,,,,,,22.0,45645555.44658045,4.732998182251571e-216,22.0
density_curve,2,24,DRB07,,,,,,,,,,,,,22.0,46362347.04338999,3.9870491419839734e-219,22.0
density_curve,2,24,DRB07,,,,,,,,,,,,,22.0,47090394.72391306,3.192148965784168e-222,22.0
density_curve,2,24,DRB07,,,,,,,,,,,,,22.0,47829875.24722586,2.4290196170440557e-225,22.0
density_curve,2,24,DRB07,,,,,,,,,,,,,22.0,48580968.14812807,1.7566903072730688e-228,22.0
density_curve,2,24,DRB07,,,,,,,,,,,,,22.0,49343855.78073008,1.2074681903652745e-231,22.0
density_curve,2,24,DRB07,,,,,,,,,,,,,22.0,50118723.36272725,7.888101724030369e-235,22.0
density_curve,3,7,DRB15,,,,,,,,,,,,,21.0,100000.0,0.0022400048755971576,21.00032573292379
density_curve,3,7,DRB15,,,,,,,,,,,,,21.0,101570.34258822507,0.002240812707111932,21.000325850395555
density_curve,3,7,DRB15,,,,,,,,,,,,,21.0,103165.34493489409,0.002316103960606543,21.00033679896107
density_curve,3,7,DRB15,,,,,,,,,,,,,21.0,104785.39428269603,0.002438347059241606,21.000354575083954
density_curve,3,7,DRB15,,,,,,,,,,,,,21.0,106430.88395535655,0.0025819947704069095,21.000375463783556
density_curve,3,7,DRB15,,,,,,,,,,,,,21.0,108102.21345313193,0.002727668432265271,21.000396647089143
density_curve,3,7,DRB15,,,,,,,,,,,,,21.0,109799.78854980043,0.002864300582743075,21.000416515612798
density_curve,3,7,DRB15,,,,,,,,,,,,,21.0,111524.02139117903,0.0029894250578331376,21.000434710734403
density_curve,3,7,DRB15,,,,,,,,,,,,,21.0,113275.33059518597,0.003108271926911299,21.000451992990605
density_curve,3,7,DRB15,,,,,,,,,,,,,21.0,115054.14135347492,0.0032324024643720166,21.00047004357761
density_curve,3,7,DRB15,,,,,,,,,,,,,21.0,116860.88553466521,0.0033783542685933833,21.000491267329593
density_curve,3,7,DRB15,,,,,,,,,,,,,21.0,118696.00178919302,0.0035663493543659757,21.00051860485444
density_curve,3,7,DRB15,,,,,,,,,,,,,21.0,120559.93565580886,0.0038187718076912154,21.00055531116015
density_curve,3,7,DRB15,,,,,,,,,,,,,21.0,122453.13966974878,0.004158005207138625,21.000604641180924
density_curve,3,7,DRB15,,,,,,,,,,,,,21.0,124376.07347260158,0.004603383732112054,21.000669406419036
density_curve,3,7,DRB15,,,,,,,,,,,,,21.0,126329.20392390396,0.005167398420008786,21.00075142327326
density_curve,3,7,DRB15,,,,,,,,,,,,,21.0,128313.00521448672,0.005851773245502473,21.000850942437395
density_curve,3,7,DRB15,,,,,,,,,,,,,21.0,130327.95898160127,0.0066444019440927045,21.000966203464852
density_curve,3,7,DRB15,,,,,,,,,,,,,21.0,132374.55442585386,0.0075182417929024305,21.00109327390652
density_curve,3,7,DRB15,,,,,,,,,,,,,21.0,134453.28842997624,0.008432992065898468,21.001226293385276
density_curve,3,7,DRB15,,,,,,,,,,,,,21.0,136564.66567946097,0.009339759178654556,21.001358151983467
density_curve,3,7,DRB15,,,,,,,,,,,,,21.0,138709.19878509274,0.010188074633692892,21.00148151076562
density_curve,3,7,DRB15,,,,,,,,,,,,,21.0,140887.40840740083,0.010933834018822962,21.001589956237147
density_curve,3,7,DRB15,,,,,,,,,,,,,21.0,143099.82338306884,0.011546255806621249,21.00167901226631
density_curve,3,7,DRB15,,,,,,,,,,,,,21.0,145346.98085332804,0.012012063187780269,21.001746748190392
density_curve,3,7,DRB15,,,,,,,,,,,,,21.0,147629.42639436718,0.012335855826783612,21.001793832874963
density_curve,3,7,DRB15,,,,,,,,,,,,,21.0,149947.71414979032,0.0125368736613254,21.001823064118025
density_curve,3,7,DRB15,,,,,,,,,,,,,21.0,152302.40696515449,0.012643581613841551,21.001838581179502
density_curve,3,7,DRB15,,,,,,,,,,,,,21.0,154694.07652461986,0.012688116502280664,21.00184505727229
density_curve,3,7,DRB15,,,,,,,,,,,,,21.0,157123.30348974746,0.012702243066008373,21.001847111503047
density_curve,3,7,DRB15,,,,,,,,,,,,,21.0,159590.6776404731,0.012715211086271258,21.00184899726285
density_curve,3,7,DRB15,,,,,,,,,,,,,21.0,162096.79801829843,0.012752516616260007,21.00185442209004
density_curve,3,7,DRB15,,,,,,,,,,,,,21.0,164642.27307172897,0.012833977375319217,21.00186626780141
density_curve,3,7,DRB15,,,,,,,,,,,,,21.0,167227.72080399614,0.012970247173567153,21.00188608363319
density_curve,3,7,DRB15,,,,,,,,,,,,,21.0,169853.76892309941,0.013158567461051908,21.001913468447626
density_curve,3,7,DRB15,,,,,,,,,,,,,21.0,172521.0549942039,0.01338008783671693,21.00194568109164
density_curve,3,7,DRB15,,,,,,,,,,,,,21.0,175230.2265944331,0.013601311937507563,21.001977850652498
density_curve,3,7,DRB15,,,,,,,,,,,,,21.0,177981.9414700888,0.013780715071215803,21.002003938768606
density_curve,3,7,DRB15,,,,,,,,,,,,,21.0,180776.86769634343,0.013879030192696809,21.00201823537676
density_curve,3,7,DRB15,,,,,,,,,,,,,21.0,183615.6838394384,0.013869558101850402,21.002016857981612
density_curve,3,7,DRB15,,,,,,,,,,,,,21.0,186499.07912142982,0.013744434976619561,21.0019986630563
density_curve,3,7,DRB15,,,,,,,,,,,,,21.0,189427.7535875212,0.01351442672639639,21.0019652161381
density_curve,3,7,DRB15,,,,,,,,,,,,,21.0,192402.4182760241,0.013202674177185033,21.00191988227724
density_curve,3,7,DRB15,,,,,,,,,,,,,21.0,195423.79539098707,0.01283538341709146,21.001866472262616
density_curve,3,7,DRB15,,,,,,,,,,,,,21.0,198492.61847753756,0.012433468057311565,21.00180802727141
density_curve,3,7,DRB15,,,,,,,,,,,,,21.0,201609.63259997344,0.012008245718415918,21.001746193068627
density_curve,3,7,DRB15,,,,,,,,,,,,,21.0,204775.59452265495,0.01156212067931495,21.001681319275296
density_curve,3,7,DRB15,,,,,,,,,,,,,21.0,207991.2728937353,0.011092936128986144,21.001613092256218
density_curve,3,7,DRB15,,,,,,,,,,,,,21.0,211257.44843177704,0.010599392133633999,21.00154132298001
density_curve,3,7,DRB15,,,,,,,,,,,,,21.0,214574.91411529886,0.010085006251280107,21.001466522956473
density_curve,3,7,DRB15,,,,,,,,,,,,,21.0,217944.4753752988,0.009559248981921353,21.001390069349423
density_curve,3,7,DRB15,,,,,,,,,,,,,21.0,221366.95029080036,0.009036005581792048,21.0013139812996
density_curve,3,7,DRB15,,,,,,,,,,,,,21.0,224843.16978747185,0.008530678532752039,21.001240498576884
density_curve,3,7,DRB15,,,,,,,,,,,,,21.0,228373.97783935972,0.008057627547802001,21.001171709315706
density_curve,3,7,DRB15,,,,,,,,,,,,,21.0,231960.2316737949,0.007629226496288761,21.00110941287672
density_curve,3,7,DRB15,,,,,,,,,,,,,21.0,235602.80197951404,0.007256906348922991,21.00105527150787
density_curve,3,7,DRB15,,,,,,,,,,,,,21.0,239302.57311804994,0.006953600846976068,21.001011165984252
density_curve,3,7,DRB15,,,,,,,,,,,,,21.0,243060.44333844114,0.0067364033731616675,21.000979581960056
density_curve,3,7,DRB15,,,,,,,,,,,,,21.0,246877.32499531287,0.006628146939916801,21.000963839724445
density_curve,3,7,DRB15,,,,,,,,,,,,,21.0,250754.1447703851,0.00665694627275098,21.000968027613048
density_curve,3,7,DRB15,,,,,,,,,,,,,21.0,254691.843897454,0.006853250615630726,21.00099657343822
density_curve,3,7,DRB15,,,,,,,,,,,,,21.0,258691.37839091144,0.007244439891918761,21.001053458683472
density_curve,3,7,DRB15,,,,,,,,,,,,,21.0,262753.7192778504,0.007847424557946197,21.00114114240256
density_curve,3,7,DRB15,,,,,,,,,,,,,21.0,266879.85283381585,0.008660214664180075,21.001259335224645
density_curve,3,7,DRB15,,,,,,,,,,,,,21.0,271070.7808222577,0.00965412067773914,21.001403865227815
density_curve,3,7,DRB15,,,,,,,,,,,,,21.0,275327.5207377438,0.010769004561464065,21.001565987369197
density_curve,3,7,DRB15,,,,,,,,,,,,,21.0,279651.1060529923,0.01191435649038982,21.001732540056935
density_curve,3,7,DRB15,,,,,,,,,,,,,21.0,284042.5864697849,0.012978341948548048,21.001887260744347
density_curve,3,7,DRB15,,,,,,,,,,,,,21.0,288503.028173816,0.01384503169216001,21.002013291445117
density_curve,3,7,DRB15,,,,,,,,,,,,,21.0,293033.5140935484,0.014417128944835492,21.002096483634936
density_curve,3,7,DRB15,,,,,,,,,,,,,21.0,297635.14416313195,0.014638693127273516,21.002128702649163
density_curve,3,7,DRB15,,,,,,,,,,,,,21.0,302309.0355894507,0.01451100492251273,21.002110134719814
density_curve,3,7,DRB15,,,,,,,,,,,,,21.0,307056.3231233643,0.014095832203192729,21.002049761894195
density_curve,3,7,DRB15,,,,,,,,,,,,,21.0,311878.15933520853,0.01350393810923123,21.001963690923592
density_curve,3,7,DRB15,,,,,,,,,,,,,21.0,316775.7148946211,0.012871522336677852,21.001871727445792
density_curve,3,7,DRB15,,,,,,,,,,,,,21.0,321750.1788547658,0.012331457926182975,21.001793193349112
density_curve,3,7,DRB15,,,,,,,,,,,,,21.0,326802.75894101255,0.011987885274437391,21.0017432323309
density_curve,3,7,DRB15,,,,,,,,,,,,,21.0,331934.6818441578,0.011901198141474096,21.001730626620265
density_curve,3,7,DRB15,,,,,,,,,,,,,21.0,337147.193518246,0.01208637355529065,21.001757554119227
density_curve,3,7,DRB15,,,,,,,,,,,,,21.0,342441.55948306865,0.012522729201980156,21.001821007284956
density_curve,3,7,DRB15,,,,,,,,,,,,,21.0,347819.06513141334,0.013169553189763147,21.001915065950193
density_curve,3,7,DRB15,,,,,,,,,,,,,21.0,353281.01604113757,0.013980974418017357,21.002033059715288
density_curve,3,7,DRB15,,,,,,,,,,,,,21.0,358828.7382921458,0.014915043985707956,21.002168888531834
density_curve,3,7,DRB15,,,,,,,,,,,,,21.0,364463.57878833805,0.01593526410939065,21.002317245032042
density_curve,3,7,DRB15,,,,,,,,,,,,,21.0,370186.9055846206,0.017006173867147034,21.002472972624563
density_curve,3,7,DRB15,,,,,,,,,,,,,21.0,376000.1082190484,0.01808673274244116,21.002630103354775
density_curve,3,7,DRB15,,,,,,,,,,,,,21.0,381904.59805018455,0.019125532986102072,21.00278116170482
density_curve,3,7,DRB15,,,,,,,,,,,,,21.0,387901.8085997564,0.020060579253321473,21.002917132549268
density_curve,3,7,DRB15,,,,,,,,,,,,,21.0,393993.19590069365,0.02082432660594355,21.003028193762088
density_curve,3,7,DRB15,,,,,,,,,,,,,21.0,400180.2388506313,0.02135278125355134,21.003105039611544
density_curve,3,7,DRB15,,,,,,,,,,,,,21.0,406464.4395709628,0.021596338872455895,21.00314045682701
density_curve,3,7,DRB15,,,,,,,,,,,,,21.0,412847.323771536,0.02152978616539122,21.003130778987423
density_curve,3,7,DRB15,,,,,,,,,,,,,21.0,419330.44112106785,0.02115928484070893,21.003076902104798
density_curve,3,7,DRB15,,,,,,,,,,,,,21.0,425915.3656233841,0.020524847579434072,21.00298464466986
density_curve,3,7,DRB15,,,,,,,,,,,,,21.0,432603.6959995626,0.019697568613690677,21.002864344933354
density_curve,3,7,DRB15,,,,,,,,,,,,,21.0,439397.0560760795,0.018771637872655234,21.00272969963379
density_curve,3,7,DRB15,,,,,,,,,,,,,21.0,446297.0951790494,0.017852006024240703,21.002595970295044
density_curve,3,7,DRB15,,,,,,,,,,,,,21.0,453305.48853465647,0.017039499135418943,21.00247781865735
density_curve,3,7,DRB15,,,,,,,,,,,,,21.0,460423.93767587794,0.016416071203448193,21.002387162156882
density_curve,3,7,DRB15,,,,,,,,,,,,,21.0,467654.17085558514,0.016033413702850968,21.002331517569747
density_curve,3,7,DRB15,,,,,,,,,,,,,21.0,474997.94346614124,0.015907906083696396,21.002313266732802
density_curve,3,7,DRB15,,,,,,,,,,,,,21.0,482457.03846558335,0.016023593436462882,21.002330089544248
density_curve,3,7,DRB15,,,,,,,,,,,,,21.0,490033.26681049785,0.016342588504558362,21.002376476584445
density_curve,3,7,DRB15,,,,,,,,,,,,,21.0,497728.46789569367,0.01681963337771217,21.00244584662154
density_curve,3,7,DRB15,,,,,,,,,,,,,21.0,505544.5100007789,0.017415613360255107,21.002532511746402
density_curve,3,7,DRB15,,,,,,,,,,,,,21.0,513483.29074375494,0.01810473080574781,21.002632720564158
density_curve,3,7,DRB15,,,,,,,,,,,,,21.0,521546.7375417237,0.01887235200668398,21.002744345097152
density_curve,3,7,DRB15,,,,,,,,,,,,,21.0,529736.8080788398,0.01970463818903384,21.002865372963907
density_curve,3,7,DRB15,,,,,,,,,,,,,21.0,538055.490781606,0.020575253200083785,21.002991974462024
density_curve,3,7,DRB15,,,,,,,,,,,,,21.0,546504.805301633,0.021436592085098283,21.00311722706145
density_curve,3,7,DRB15,,,,,,,,,,,,,21.0,555086.803005981,0.022221687995738103,21.003231392699753
density_curve,3,7,DRB15,,,,,,,,,,,,,21.0,563803.567475201,0.022858424076821267,21.00332398442026
density_curve,3,7,DRB15,,,,,,,,,,,,,21.0,572657.2150091964,0.02329180933457031,21.003387005643415
density_curve,3,7,DRB15,,,,,,,,,,,,,21.0,581649.8951410283,0.023505656720005853,21.003418102510597
density_curve,3,7,DRB15,,,,,,,,,,,,,21.0,590783.7911587943,0.0235342966194546,21.003422267215008
density_curve,3,7,DRB15,,,,,,,,,,,,,21.0,600061.1206356916,0.023458515894556078,21.003411247472435
density_curve,3,7,DRB15,,,,,,,,,,,,,21.0,609484.1359684145,0.02338620200591211,21.003400731863906
density_curve,3,7,DRB15,,,,,,,,,,,,,21.0,619055.1249240021,0.023424311038539324,21.003406273533372
density_curve,3,7,DRB15,,,,,,,,,,,,,21.0,628776.4111952737,0.02365196989905168,21.003439378812324
density_curve,3,7,DRB15,,,,,,,,,,,,,21.0,638650.3549649863,0.02410344990841491,21.003505031304908
density_curve,3,7,DRB15,,,,,,,,,,,,,21.0,648679.3534788508,0.024765187135717823,21.003601258596277
density_curve,3,7,DRB15,,,,,,,,,,,,,21.0,658865.8416275523,0.025585350075462147,21.003720523547553
density_curve,3,7,DRB15,,,,,,,,,,,,,21.0,669212.2925378972,0.026490339503206443,21.0038521236416
density_curve,3,7,DRB15,,,,,,,,,,,,,21.0,679721.2181732573,0.027401639229791757,21.00398464135512
density_curve,3,7,DRB15,,,,,,,,,,,,,21.0,690395.1699434342,0.028248440736183072,21.004107779984665
density_curve,3,7,DRB15,,,,,,,,,,,,,21.0,701236.7393241049,0.028974823119725927,21.004213407726887
density_curve,3,7,DRB15,,,,,,,,,,,,,21.0,712248.5584859921,0.02954300185179073,21.00429603010046
density_curve,3,7,DRB15,,,,,,,,,,,,,21.0,723433.3009339154,0.029935035725460517,21.004353038163828
density_curve,3,7,DRB15,,,,,,,,,,,,,21.0,734793.6821558832,0.030154432364957517,21.004384941982266
density_curve,3,7,DRB15,,,,,,,,,,,,,21.0,746332.4602823642,0.03022732594881917,21.004395541887856
density_curve,3,7,DRB15,,,,,,,,,,,,,21.0,758052.4367559261,0.030201547362160835,21.004391793264585
density_curve,3,7,DRB15,,,,,,,,,,,,,21.0,769956.4570113824,0.030141745072360383,21.004383097044805
density_curve,3,7,DRB15,,,,,,,,,,,,,21.0,782047.411166621,0.03011981548651885,21.00437990812848
density_curve,3,7,DRB15,,,,,,,,,,,,,21.0,794328.2347242822,0.03020176726383485,21.004391825241843
density_curve,3,7,DRB15,,,,,,,,,,,,,21.0,806801.909284454,0.030433997238347627,21.00442559523467
density_curve,3,7,DRB15,,,,,,,,,,,,,21.0,819471.4632685608,0.030832994383129902,21.00448361587024
density_curve,3,7,DRB15,,,,,,,,,,,,,21.0,832339.9726546166,0.03138211671388924,21.004563467134968
density_curve,3,7,DRB15,,,,,,,,,,,,,21.0,845410.561724033,0.03203716958862666,21.004658722413406
density_curve,3,7,DRB15,,,,,,,,,,,,,21.0,858686.4038201383,0.03273957485833895,21.004760863495633
density_curve,3,7,DRB15,,,,,,,,,,,,,21.0,872170.7221186243,0.03343306782896442,21.004861708585487
density_curve,3,7,DRB15,,,,,,,,,,,,,21.0,885866.7904100833,0.03407834830473738,21.00495554279912
density_curve,3,7,DRB15,,,,,,,,,,,,,21.0,899777.9338948353,0.034660715391076485,21.00504022838879
density_curve,3,7,DRB15,,,,,,,,,,,,,21.0,913907.5299902376,0.035188289479326326,21.005116946190682
density_curve,3,7,DRB15,,,,,,,,,,,,,21.0,928259.0091506683,0.03568196012479448,21.005188733883866
density_curve,3,7,DRB15,,,,,,,,,,,,,21.0,942835.8557003973,0.036161312070584706,21.00525843940662
density_curve,3,7,DRB15,,,,,,,,,,,,,21.0,957641.6086795169,0.036632321590360055,21.005326931805758
density_curve,3,7,DRB15,,,,,,,,,,,,,21.0,972679.8627031752,0.03708205622499026,21.005392330492636
density_curve,3,7,DRB15,,,,,,,,,,,,,21.0,987954.2688342923,0.03748313754224705,21.005450654200576
density_curve,3,7,DRB15,,,,,,,,,,,,,21.0,1003468.5354699849,0.03780711308475866,21.005497765482275
density_curve,3,7,DRB15,,,,,,,,,,,,,21.0,1019226.4292419085,0.03804229262142712,21.00553196438913
density_curve,3,7,DRB15,,,,,,,,,,,,,21.0,1035231.7759307377,0.038209309734527235,21.005556251377595
density_curve,3,7,DRB15,,,,,,,,,,,,,21.0,1051488.4613950192,0.03836766589207778,21.005579278923097
density_curve,3,7,DRB15,,,,,,,,,,,,,21.0,1068000.4325145755,0.03860907169801541,21.005614383230167
density_curve,3,7,DRB15,,,,,,,,,,,,,21.0,1084771.6981487798,0.03903780964531807,21.005676728659246
density_curve,3,7,DRB15,,,,,,,,,,,,,21.0,1101806.3301098226,0.03974307067434655,21.005779285015052
density_curve,3,7,DRB15,,,,,,,,,,,,,21.0,1119108.4641512968,0.04077149163848134,21.00592883405005
density_curve,3,7,DRB15,,,,,,,,,,,,,21.0,1136682.3009722962,0.042108681814354176,21.006123283120402
density_curve,3,7,DRB15,,,,,,,,,,,,,21.0,1154532.1072372785,0.04367614418432759,21.006351217490664
density_curve,3,7,DRB15,,,,,,,,,,,,,21.0,1172662.2166119604,0.045345510050364954,21.00659397027676
density_curve,3,7,DRB15,,,,,,,,,,,,,21.0,1191077.0308154398,0.046966909471608184,21.006829747966297
density_curve,3,7,DRB15,,,,,,,,,,,,,21.0,1209781.0206889012,0.0484041521659562,21.00703874629042
density_curve,3,7,DRB15,,,,,,,,,,,,,21.0,1228778.727281043,0.04956732936382197,21.00720789106045
density_curve,3,7,DRB15,,,,,,,,,,,,,21.0,1248074.7629505873,0.05043396243845294,21.007333913520636
density_curve,3,7,DRB15,,,,,,,,,,,,,21.0,1267673.8124860895,0.05105278001058405,21.007423899600244
density_curve,3,7,DRB15,,,,,,,,,,,,,21.0,1287580.634243335,0.05152891548655424,21.00749313739629
density_curve,3,7,DRB15,,,,,,,,,,,,,21.0,1307800.061300597,0.05199463103122326,21.007560859965857
density_curve,3,7,DRB15,,,,,,,,,,,,,21.0,1328337.002632031,0.05257410646594753,21.00764512506263
density_curve,3,7,DRB15,,,,,,,,,,,,,21.0,1349196.4442995142,0.05335287234356316,21.007758370211793
density_curve,3,7,DRB15,,,,,,,,,,,,,21.0,1370383.450663168,0.0543611163320114,21.00790498518832
density_curve,3,7,DRB15,,,,,,,,,,,,,21.0,1391903.1656109202,0.055575444926261645,21.008081568198364
density_curve,3,7,DRB15,,,,,,,,,,,,,21.0,1413760.8138073613,0.05693718865327112,21.008279587752018
density_curve,3,7,DRB15,,,,,,,,,,,,,21.0,1435961.7019622158,0.058379437202258216,21.008489314008337
density_curve,3,7,DRB15,,,,,,,,,,,,,21.0,1458511.22011873,0.059852125864830324,21.008703466749306
density_curve,3,7,DRB15,,,,,,,,,,,,,21.0,1481414.8429622927,0.06133594920278968,21.008919238652094
density_curve,3,7,DRB15,,,,,,,,,,,,,21.0,1504678.1311496203,0.06284105721646757,21.009138105690848
density_curve,3,7,DRB15,,,,,,,,,,,,,21.0,1528306.7326587688,0.06439310768434238,21.009363798921378
density_curve,3,7,DRB15,,,,,,,,,,,,,21.0,1552306.3841604206,0.06601438003123544,21.009599558132248
density_curve,3,7,DRB15,,,,,,,,,,,,,21.0,1576682.9124106285,0.06770911897350539,21.00984600057384
density_curve,3,7,DRB15,,,,,,,,,,,,,21.0,1601442.23566548,0.06945962814543082,21.010100552908483
density_curve,3,7,DRB15,,,,,,,,,,,,,21.0,1626590.3651179587,0.07123428869978521,21.010358617244595
density_curve,3,7,DRB15,,,,,,,,,,,,,21.0,1652133.4063573685,0.0730031377462419,21.0106158364935
density_curve,3,7,DRB15,,,,,,,,,,,,,21.0,1678077.5608516952,0.07475329581684774,21.010870337772335
density_curve,3,7,DRB15,,,,,,,,,,,,,21.0,1704429.1274531947,0.076496637851814,21.01112384788939
density_curve,3,7,DRB15,,,,,,,,,,,,,21.0,1731194.503927705,0.07826538444509762,21.011381052239948
density_curve,3,7,DRB15,,,,,,,,,,,,,21.0,1758380.1885078938,0.0800962436384398,21.01164728876675
density_curve,3,7,DRB15,,,,,,,,,,,,,21.0,1785992.7814709456,0.08200836294020157,21.011925341827073
density_curve,3,7,DRB15,,,,,,,,,,,,,21.0,1814038.9867410094,0.08398297175208308,21.012212481872456
density_curve,3,7,DRB15,,,,,,,,,,,,,21.0,1842525.6135168101,0.08595238373148342,21.01249886621438
density_curve,3,7,DRB15,,,,,,,,,,,,,21.0,1871459.5779248201,0.08780319731586789,21.012768004432246
density_curve,3,7,DRB15,,,,,,,,,,,,,21.0,1900847.9046983868,0.08939413701863155,21.01299935278626
density_curve,3,7,DRB15,,,,,,,,,,,,,21.0,1930697.7288832497,0.09058449130975735,21.01317244954503
density_curve,3,7,DRB15,,,,,,,,,,,,,21.0,1961016.2975697976,0.09126590376180992,21.013271537932173
density_curve,3,7,DRB15,,,,,,,,,,,,,21.0,1991810.9716525706,0.09138922898198712,21.013289471413025
density_curve,3,7,DRB15,,,,,,,,,,,,,21.0,2023089.2276173707,0.0909794404904229,21.01322988154117
density_curve,3,7,DRB15,,,,,,,,,,,,,21.0,2054858.65935644,0.09013471519643686,21.01310704482648
density_curve,3,7,DRB15,,,,,,,,,,,,,21.0,2087126.9800121451,0.08900996195720523,21.012943487521248
density_curve,3,7,DRB15,,,,,,,,,,,,,21.0,2119902.0238496074,0.0877891769257353,21.01276596564085
density_curve,3,7,DRB15,,,,,,,,,,,,,21.0,2153191.7481587674,0.08665402778947327,21.012600896604116
density_curve,3,7,DRB15,,,,,,,,,,,,,21.0,2187004.235186248,0.08575703497798395,21.01247045934735
density_curve,3,7,DRB15,,,,,,,,,,,,,21.0,2221347.6940976637,0.08520606927526846,21.01239034002654
density_curve,3,7,DRB15,,,,,,,,,,,,,21.0,2256230.462970635,0.08506285909658005,21.01236951495123
density_curve,3,7,DRB15,,,,,,,,,,,,,21.0,2291661.0108191706,0.08535307327548743,21.012411716784833
density_curve,3,7,DRB15,,,,,,,,,,,,,21.0,2327647.9396498133,0.08608135685670978,21.012517620991936
density_curve,3,7,DRB15,,,,,,,,,,,,,21.0,2364199.9865500783,0.08724337650732206,21.01268659743588
density_curve,3,7,DRB15,,,,,,,,,,,,,21.0,2401326.0258096857,0.08882921573102472,21.01291720409778
density_curve,3,7,DRB15,,,,,,,,,,,,,21.0,2439035.071075103,0.09081731011952567,21.01320630516403
density_curve,3,7,DRB15,,,,,,,,,,,,,21.0,2477336.2775379405,0.09316313064959793,21.013547425394734
density_curve,3,7,DRB15,,,,,,,,,,,,,21.0,2516238.944157669,0.0957895264429674,21.013929345804875
density_curve,3,7,DRB15,,,,,,,,,,,,,21.0,2555752.5159192816,0.09858484299011737,21.01433583002361
density_curve,3,7,DRB15,,,,,,,,,,,,,21.0,2595886.586126396,0.10141135494112175,21.014746850558417
density_curve,3,7,DRB15,,,,,,,,,,,,,21.0,2636650.898730361,0.10412226883143337,21.015141061266284
density_curve,3,7,DRB15,,,,,,,,,,,,,21.0,2678055.350695943,0.10658269867058631,21.01549884754346
density_curve,3,7,DRB15,,,,,,,,,,,,,21.0,2720109.994404156,0.10868961789172851,21.015805227661453
density_curve,3,7,DRB15,,,,,,,,,,,,,21.0,2762825.0400928515,0.11038738694183012,21.016052110729714
density_curve,3,7,DRB15,,,,,,,,,,,,,21.0,2806210.858335576,0.11167765491257814,21.016239736552837
density_curve,3,7,DRB15,,,,,,,,,,,,,21.0,2850277.982559416,0.11262388065230136,21.01637733307333
density_curve,3,7,DRB15,,,,,,,,,,,,,21.0,2895037.1116023487,0.11335085344313038,21.01648304667032
density_curve,3,7,DRB15,,,,,,,,,,,,,21.0,2940499.1123107616,0.11403883448878027,21.016583090237166
density_curve,3,7,DRB15,,,,,,,,,,,,,21.0,2986675.022177758,0.11491134163327282,21.01670996688208
density_curve,3,7,DRB15,,,,,,,,,,,,,21.0,3033576.0520228897,0.11621627525573484,21.016899725328066
density_curve,3,7,DRB15,,,,,,,,,,,,,21.0,3081213.5887140087,0.11820273211738229,21.017188588271438
density_curve,3,7,DRB15,,,,,,,,,,,,,21.0,3129599.1979317563,0.12110059713358884,21.01760998469551
density_curve,3,7,DRB15,,,,,,,,,,,,,21.0,3178744.626977629,0.12511657673898616,21.018193973057766
density_curve,3,7,DRB15,,,,,,,,,,,,,21.0,3228661.807625975,0.1304684464917654,21.01897222144522
density_curve,3,7,DRB15,,,,,,,,,,,,,21.0,3279362.859020883,0.1374886713910623,21.01999307564381
density_curve,3,7,DRB15,,,,,,,,,,,,,21.0,3330860.090618524,0.14683826252059318,21.02135265735189
density_curve,3,7,DRB15,,,,,,,,,,,,,21.0,3383166.005175699,0.15987839566715323,21.023248903535425
density_curve,3,7,DRB15,,,,,,,,,,,,,21.0,3436293.3017853256,0.17924317901522788,21.026064856110914
density_curve,3,7,DRB15,,,,,,,,,,,,,21.0,3490254.8789595794,0.20962935143213676,21.03048349684335
density_curve,3,7,DRB15,,,,,,,,,,,,,21.0,3545063.837761485,0.25875340258166324,21.03762692808482
density_curve,3,7,DRB15,,,,,,,,,,,,,21.0,3600733.4849856202,0.33831672871337737,21.049196722030242
density_curve,3,7,DRB15,,,,,,,,,,,,,21.0,3657277.33638883,0.4646784235231701,21.06757175538573
density_curve,3,7,DRB15,,,,,,,,,,,,,21.0,3714709.119971648,0.6588079171519508,21.095801322313285
density_curve,3,7,DRB15,,,,,,,,,,,,,21.0,3773042.7793112434,0.9450503516708594,21.137425600065797
density_curve,3,7,DRB15,,,,,,,,,,,,,21.0,3832292.476946719,1.3483666638561727,21.19607431240202
density_curve,3,7,DRB15,,,,,,,,,,,,,21.0,3892472.597817551,1.8900490113364383,21.274843683278306
density_curve,3,7,DRB15,,,,,,,,,,,,,21.0,3953597.752756071,2.58241441833893,21.375524807150587
density_curve,3,7,DRB15,,,,,,,,,,,,,21.0,4015682.782034709,3.4234938322038544,21.49783135192782
density_curve,3,7,DRB15,,,,,,,,,,,,,21.0,4078742.7589690215,4.393043088141697,21.6388194887557
density_curve,3,7,DRB15,,,,,,,,,,,,,21.0,4142792.9935772587,5.4511209612840945,21.792681117795734
density_curve,3,7,DRB15,,,,,,,,,,,,,21.0,4207849.036297407,6.539963821624135,21.951016473361744
density_curve,3,7,DRB15,,,,,,,,,,,,,21.0,4273926.681762604,7.5890888775347625,22.103576218033204
density_curve,3,7,DRB15,,,,,,,,,,,,,21.0,4341041.972635828,8.522774932752936,22.239349265664547
density_curve,3,7,DRB15,,,,,,,,,,,,,21.0,4409211.203504863,9.268594756856318,22.347803525998042
density_curve,3,7,DRB15,,,,,,,,,,,,,21.0,4478450.924838282,9.765638945868183,22.420081786953563
density_curve,3,7,DRB15,,,,,,,,,,,,,21.0,4548777.947003777,9.97138094552008,22.45
density_curve,3,7,DRB15,,,,,,,,,,,,,21.0,4620209.3443493685,9.866537134556037,22.43475401484223
density_curve,3,7,DRB15,,,,,,,,,,,,,21.0,4692762.459348841,9.457546567623295,22.375280174128232
density_curve,3,7,DRB15,,,,,,,,,,,,,21.0,4766454.906812234,8.776380479196979,22.27622761223991
density_curve,3,7,DRB15,,,,,,,,,,,,,21.0,4841304.57816245,7.87744031051704,22.145507178259145
density_curve,3,7,DRB15,,,,,,,,,,,,,21.0,4917329.645779026,6.831535599501157,21.993415723799732
density_curve,3,7,DRB15,,,,,,,,,,,,,21.0,4994548.567410101,5.717453056974575,21.831410110385743
density_curve,3,7,DRB15,,,,,,,,,,,,,21.0,5072980.090653727,4.6123075936104225,21.670704092770603
density_curve,3,7,DRB15,,,,,,,,,,,,,21.0,5152643.257509442,3.5823935144895356,21.520937934714407
density_curve,3,7,DRB15,,,,,,,,,,,,,21.0,5233557.40900142,2.676317423913419,21.389179822321196
density_curve,3,7,DRB15,,,,,,,,,,,,,21.0,5315742.189874179,1.9216773049458362,21.2794429485139
density_curve,3,7,DRB15,,,,,,,,,,,,,21.0,5399217.553362021,1.3256160753958788,21.192766009023817
density_curve,3,7,DRB15,,,,,,,,,,,,,21.0,5484003.766033389,0.8785801951128119,21.127759764657867
density_curve,3,7,DRB15,,,,,,,,,,,,,21.0,5570121.412711266,0.5599220752165519,21.08142172217668
density_curve,3,7,DRB15,,,,,,,,,,,,,21.0,5657591.401470916,0.3438021818195021,21.049994395596954
density_curve,3,7,DRB15,,,,,,,,,,,,,21.0,5746434.968715974,0.20414349656383612,21.02968576485392
density_curve,3,7,DRB15,,,,,,,,,,,,,21.0,5836673.684334379,0.1179619807751879,21.01715357913398
density_curve,3,7,DRB15,,,,,,,,,,,,,21.0,5928329.456935207,0.06698647006000295,21.009740915738522
density_curve,3,7,DRB15,,,,,,,,,,,,,21.0,6021424.539167753,0.0379009913924673,21.00551141690598
density_curve,3,7,DRB15,,,,,,,,,,,,,21.0,6115981.53312414,0.021722814937498655,21.003158848491644
density_curve,3,7,DRB15,,,,,,,,,,,,,21.0,6212023.395826757,0.012806948033815676,21.001862337298164
density_curve,3,7,DRB15,,,,,,,,,,,,,21.0,6309573.444801942,0.007831194114499203,21.00113878223368
density_curve,3,7,DRB15,,,,,,,,,,,,,21.0,6408655.363740995,0.004953617990334712,21.00072033614253
density_curve,3,7,DRB15,,,,,,,,,,,,,21.0,6509293.20825039,0.00320315792288104,21.00046579094847
density_curve,3,7,DRB15,,,,,,,,,,,,,21.0,6611511.411691989,0.0020845868222650636,21.000303132626144
density_curve,3,7,DRB15,,,,,,,,,,,,,21.0,6715334.791115149,0.0013458007208516855,21.000195701182804
density_curve,3,7,DRB15,,,,,,,,,,,,,21.0,6820788.553281926,0.0008523855498871984,21.000123950639743
density_curve,3,7,DRB15,,,,,,,,,,,,,21.0,6927898.300786892,0.0005255424954141295,21.000076422375447
density_curve,3,7,DRB15,,,,,,,,,,,,,21.0,7036690.03827307,0.00031376689211045776,21.00004562677888
density_curve,3,7,DRB15,,,,,,,,,,,,,21.0,7147190.1787454495,0.0001807425730533744,21.000026282892247
density_curve,3,7,DRB15,,,,,,,,,,,,,21.0,7259425.549983729,0.00010019235420866226,21.000014569588142
density_curve,3,7,DRB15,,,,,,,,,,,,,21.0,7373423.401055615,5.334123990912168e-05,21.000007756678666
density_curve,3,7,DRB15,,,,,,,,,,,,,21.0,7489211.408932546,2.7229969776097272e-05,21.00000395967784
density_curve,3,7,DRB15,,,,,,,,,,,,,21.0,7606817.685209225,1.3310717436820692e-05,21.000001935593513
density_curve,3,7,DRB15,,,,,,,,,,,,,21.0,7726270.782928702,6.223372587819485e-06,21.00000090497899
density_curve,3,7,DRB15,,,,,,,,,,,,,21.0,7847599.7035146225,2.7802855883407195e-06,21.000000404298476
density_curve,3,7,DRB15,,,,,,,,,,,,,21.0,7970833.903812322,1.1858272374408959e-06,21.00000017243845
density_curve,3,7,DRB15,,,,,,,,,,,,,21.0,8096003.303240569,4.825073325320074e-07,21.00000007016437
density_curve,3,7,DRB15,,,,,,,,,,,,,21.0,8223138.291055465,1.8718280725677418e-07,21.000000027219407
density_curve,3,7,DRB15,,,,,,,,,,,,,21.0,8352269.733728553,6.919553296784239e-08,21.00000001006215
density_curve,3,7,DRB15,,,,,,,,,,,,,21.0,8483428.982440725,2.4363909713967115e-08,21.000000003542905
density_curve,3,7,DRB15,,,,,,,,,,,,,21.0,8616647.880693821,8.167907618675519e-09,21.000000001187747
density_curve,3,7,DRB15,,,,,,,,,,,,,21.0,8751958.77204175,2.6063605445236874e-09,21.000000000379007
density_curve,3,7,DRB15,,,,,,,,,,,,,21.0,8889394.507943004,7.914176223090493e-10,21.000000000115087
density_curve,3,7,DRB15,,,,,,,,,,,,,21.0,9028988.455736592,2.2862904292187803e-10,21.000000000033246
density_curve,3,7,DRB15,,,,,,,,,,,,,21.0,9170774.50674293,6.282529496907215e-11,21.000000000009138
density_curve,3,7,DRB15,,,,,,,,,,,,,21.0,9314787.084492404,1.6419182992993535e-11,21.000000000002387
density_curve,3,7,DRB15,,,,,,,,,,,,,21.0,9461061.153082676,4.080655906539502e-12,21.000000000000593
density_curve,3,7,DRB15,,,,,,,,,,,,,21.0,9609632.225667553,9.643320896113924e-13,21.00000000000014
density_curve,3,7,DRB15,,,,,,,,,,,,,21.0,9760536.373079011,2.1667354394504908e-13,21.000000000000032
density_curve,3,7,DRB15,,,,,,,,,,,,,21.0,9913810.23258467,4.628480986180175e-14,21.000000000000007
density_curve,3,7,DRB15,,,,,,,,,,,,,21.0,10069491.016782762,9.399403623629047e-15,21.0
density_curve,3,7,DRB15,,,,,,,,,,,,,21.0,10227616.522636779,1.8145606497347833e-15,21.0
density_curve,3,7,DRB15,,,,,,,,,,,,,21.0,10388225.14065211,3.3299347155891924e-16,21.0
density_curve,3,7,DRB15,,,,,,,,,,,,,21.0,10551355.864196453,5.808707997428488e-17,21.0
density_curve,3,7,DRB15,,,,,,,,,,,,,21.0,10717048.298967114,9.631454900746837e-18,21.0
density_curve,3,7,DRB15,,,,,,,,,,,,,21.0,10885342.672606446,1.517971616488522e-18,21.0
density_curve,3,7,DRB15,,,,,,,,,,,,,21.0,11056279.844468623,2.273983446612505e-19,21.0
density_curve,3,7,DRB15,,,,,,,,,,,,,21.0,11229901.315539658,3.2378494127611634e-20,21.0
density_curve,3,7,DRB15,,,,,,,,,,,,,21.0,11406249.238513203,4.3819416286914236e-21,21.0
density_curve,3,7,DRB15,,,,,,,,,,,,,21.0,11585366.428024698,5.636544136990628e-22,21.0
density_curve,3,7,DRB15,,,,,,,,,,,,,21.0,11767296.371045876,6.891156984109108e-23,21.0
density_curve,3,7,DRB15,,,,,,,,,,,,,21.0,11952083.237443073,8.007582349114624e-24,21.0
density_curve,3,7,DRB15,,,,,,,,,,,,,21.0,12139771.890700752,8.843788615886398e-25,21.0
density_curve,3,7,DRB15,,,,,,,,,,,,,21.0,12330407.898813803,9.283270520875029e-26,21.0
density_curve,3,7,DRB15,,,,,,,,,,,,,21.0,12524037.545350743,9.26163698364884e-27,21.0
density_curve,3,7,DRB15,,,,,,,,,,,,,21.0,12720707.84069066,8.782077415184665e-28,21.0
density_curve,3,7,DRB15,,,,,,,,,,,,,21.0,12920466.533436738,7.914589970187278e-29,21.0
density_curve,3,7,DRB15,,,,,,,,,,,,,21.0,13123362.122008637,6.779229199985154e-30,21.0
density_curve,3,7,DRB15,,,,,,,,,,,,,21.0,13329443.866417537,5.518895804719869e-31,21.0
density_curve,3,7,DRB15,,,,,,,,,,,,,21.0,13538761.800225446,4.2701529007337356e-32,21.0
density_curve,3,7,DRB15,,,,,,,,,,,,,21.0,13751366.742692733,3.14017239856104e-33,21.0
density_curve,3,7,DRB15,,,,,,,,,,,,,21.0,13967310.311116258,2.1947343580253434e-34,21.0
density_curve,3,7,DRB15,,,,,,,,,,,,,21.0,14186644.93336124,1.457902502208519e-35,21.0
density_curve,3,7,DRB15,,,,,,,,,,,,,21.0,14409423.860590115,9.204342128906761e-37,21.0
density_curve,3,7,DRB15,,,,,,,,,,,,,21.0,14635701.180190798,5.522993513110249e-38,21.0
density_curve,3,7,DRB15,,,,,,,,,,,,,21.0,14865531.828908725,3.149732111551753e-39,21.0
density_curve,3,7,DRB15,,,,,,,,,,,,,21.0,15098971.606184201,1.707221374959167e-40,21.0
density_curve,3,7,DRB15,,,,,,,,,,,,,21.0,15336077.187700124,8.794741073945791e-42,21.0
density_curve,3,7,DRB15,,,,,,,,,,,,,21.0,15576906.139141649,4.305991388691473e-43,21.0
density_curve,3,7,DRB15,,,,,,,,,,,,,21.0,15821516.930172438,2.0037338753412965e-44,21.0
density_curve,3,7,DRB15,,,,,,,,,,,,,21.0,16069968.948630175,8.861834365508944e-46,21.0
density_curve,3,7,DRB15,,,,,,,,,,,,,21.0,16322322.514945026,3.7249792216786835e-47,21.0
density_curve,3,7,DRB15,,,,,,,,,,,,,21.0,16578638.896784693,1.4881292858882936e-48,21.0
density_curve,3,7,DRB15,,,,,,,,,,,,,21.0,16838980.323928915,5.650332558608038e-50,21.0
density_curve,3,7,DRB15,,,,,,,,,,,,,21.0,17103410.003378414,2.0390311226923915e-51,21.0
density_curve,3,7,DRB15,,,,,,,,,,,,,21.0,17371992.134700213,6.993428950891036e-53,21.0
density_curve,3,7,DRB15,,,,,,,,,,,,,21.0,17644791.92561452,2.2796749154773396e-54,21.0
density_curve,3,7,DRB15,,,,,,,,,,,,,21.0,17921875.607826144,7.062721690301631e-56,21.0
density_curve,3,7,DRB15,,,,,,,,,,,,,21.0,18203310.453104522,2.0796376268085106e-57,21.0
density_curve,3,7,DRB15,,,,,,,,,,,,,21.0,18489164.789616488,5.819954988061511e-59,21.0
density_curve,3,7,DRB15,,,,,,,,,,,,,21.0,18779508.018514913,1.5479893138204815e-60,21.0
density_curve,3,7,DRB15,,,,,,,,,,,,,21.0,19074410.630788796,3.91320548472401e-62,21.0
density_curve,3,7,DRB15,,,,,,,,,,,,,21.0,19373944.224377003,9.401858330274558e-64,21.0
density_curve,3,7,DRB15,,,,,,,,,,,,,21.0,19678181.521551367,2.146896455025282e-65,21.0
density_curve,3,7,DRB15,,,,,,,,,,,,,21.0,19987196.386572525,4.6593446439380984e-67,21.0
density_curve,3,7,DRB15,,,,,,,,,,,,,21.0,20301063.843623016,9.6106975060407e-69,21.0
density_curve,3,7,DRB15,,,,,,,,,,,,,21.0,20619860.095022235,1.8840885583149983e-70,21.0
density_curve,3,7,DRB15,,,,,,,,,,,,,21.0,20943662.539726753,3.510460124804076e-72,21.0
density_curve,3,7,DRB15,,,,,,,,,,,,,21.0,21272549.792122267,6.2164593982092e-74,21.0
density_curve,3,7,DRB15,,,,,,,,,,,,,21.0,21606601.701109305,1.046257252326611e-75,21.0
density_curve,3,7,DRB15,,,,,,,,,,,,,21.0,21945899.369489986,1.6735942768792287e-77,21.0
density_curve,3,7,DRB15,,,,,,,,,,,,,21.0,22290525.173658106,2.5443579046013318e-79,21.0
density_curve,3,7,DRB15,,,,,,,,,,,,,21.0,22640562.78359909,3.676398151386205e-81,21.0
density_curve,3,7,DRB15,,,,,,,,,,,,,21.0,22996097.183203783,5.048742172455303e-83,21.0
density_curve,3,7,DRB15,,,,,,,,,,,,,21.0,23357214.690901212,6.589616829694604e-85,21.0
density_curve,3,7,DRB15,,,,,,,,,,,,,21.0,23724002.980615646,8.174354089145979e-87,21.0
density_curve,3,7,DRB15,,,,,,,,,,,,,21.0,24096551.10305199,9.637470111117808e-89,21.0
density_curve,3,7,DRB15,,,,,,,,,,,,,21.0,24474949.507316638,1.0799134635382971e-90,21.0
density_curve,3,7,DRB15,,,,,,,,,,,,,21.0,24859290.062876612,1.1500882862348864e-92,21.0
density_curve,3,7,DRB15,,,,,,,,,,,,,21.0,25249666.08186437,1.1640984667572015e-94,21.0
density_curve,3,7,DRB15,,,,,,,,,,,,,21.0,25646172.341732506,1.1198621508326353e-96,21.0
density_curve,3,7,DRB15,,,,,,,,,,,,,21.0,26048905.10826428,1.0238957208262613e-98,21.0
density_curve,3,7,DRB15,,,,,,,,,,,,,21.0,26457962.158945747,8.897401752422103e-101,21.0
density_curve,3,7,DRB15,,,,,,,,,,,,,21.0,26873442.80670409,7.348301817951095e-103,21.0
density_curve,3,7,DRB15,,,,,,,,,,,,,21.0,27295447.924020074,5.768024308991733e-105,21.0
density_curve,3,7,DRB15,,,,,,,,,,,,,21.0,27724079.967417758,4.3031203190028636e-107,21.0
density_curve,3,7,DRB15,,,,,,,,,,,,,21.0,28159443.002339695,3.0510983579952583e-109,21.0
density_curve,3,7,DRB15,,,,,,,,,,,,,21.0,28601642.7284124,2.056104757454504e-111,21.0
density_curve,3,7,DRB15,,,,,,,,,,,,,21.0,29050786.505108584,1.3168932717106428e-113,21.0
density_curve,3,7,DRB15,,,,,,,,,,,,,21.0,29506983.377812706,8.016268044930057e-116,21.0
density_curve,3,7,DRB15,,,,,,,,,,,,,21.0,29970344.104294933,4.6377805321988155e-118,21.0
density_curve,3,7,DRB15,,,,,,,,,,,,,21.0,30440981.18160234,2.550142603440387e-120,21.0
density_curve,3,7,DRB15,,,,,,,,,,,,,21.0,30919008.873370558,1.332708142477388e-122,21.0
density_curve,3,7,DRB15,,,,,,,,,,,,,21.0,31404543.237566188,6.619450613491274e-125,21.0
density_curve,3,7,DRB15,,,,,,,,,,,,,21.0,31897702.154663246,3.1248210553503343e-127,21.0
density_curve,3,7,DRB15,,,,,,,,,,,,,21.0,32398605.356263112,1.4019892027375608e-129,21.0
density_curve,3,7,DRB15,,,,,,,,,,,,,21.0,32907374.454163484,5.978338428202553e-132,21.0
density_curve,3,7,DRB15,,,,,,,,,,,,,21.0,33424132.969883844,2.422884070116533e-134,21.0
density_curve,3,7,DRB15,,,,,,,,,,,,,21.0,33949006.36465498,9.33256628958997e-137,21.0
density_curve,3,7,DRB15,,,,,,,,,,,,,21.0,34482122.069878325,3.416534754969785e-139,21.0
density_curve,3,7,DRB15,,,,,,,,,,,,,21.0,35023609.518065386,1.1887401003432847e-141,21.0
density_curve,3,7,DRB15,,,,,,,,,,,,,21.0,35573600.17426121,3.9310113172466337e-144,21.0
density_curve,3,7,DRB15,,,,,,,,,,,,,21.0,36132227.56796255,1.235486447235768e-146,21.0
density_curve,3,7,DRB15,,,,,,,,,,,,,21.0,36699627.32553667,3.6905236095404485e-149,21.0
density_curve,3,7,DRB15,,,,,,,,,,,,,21.0,37275937.20314938,1.0477418732353953e-151,21.0
density_curve,3,7,DRB15,,,,,,,,,,,,,21.0,37861297.12021055,2.8270723597233362e-154,21.0
density_curve,3,7,DRB15,,,,,,,,,,,,,21.0,38455849.19334357,7.249964145292644e-157,21.0
density_curve,3,7,DRB15,,,,,,,,,,,,,21.0,39059737.77089033,1.767059217074941e-159,21.0
density_curve,3,7,DRB15,,,,,,,,,,,,,21.0,39673109.46795558,4.093385616931805e-162,21.0
density_curve,3,7,DRB15,,,,,,,,,,,,,21.0,40296113.20200404,9.012193865130032e-165,21.0
density_curve,3,7,DRB15,,,,,,,,,,,,,21.0,40928900.22901449,1.885795965673972e-167,21.0
density_curve,3,7,DRB15,,,,,,,,,,,,,21.0,41571624.180202775,3.7503792729778916e-170,21.0
density_curve,3,7,DRB15,,,,,,,,,,,,,21.0,42224441.09932146,7.088787993548743e-173,21.0
density_curve,3,7,DRB15,,,,,,,,,,,,,21.0,42887509.48054403,1.2734593803221106e-175,21.0
density_curve,3,7,DRB15,,,,,,,,,,,,,21.0,43560990.30694617,2.1742752197941073e-178,21.0
density_curve,3,7,DRB15,,,,,,,,,,,,,21.0,44245047.08958865,3.528257280223845e-181,21.0
density_curve,3,7,DRB15,,,,,,,,,,,,,21.0,44939845.907216705,5.441545777632263e-184,21.0
density_curve,3,7,DRB15,,,,,,,,,,,,,21.0,45645555.44658045,7.976284543482214e-187,21.0
density_curve,3,7,DRB15,,,,,,,,,,,,,21.0,46362347.04338999,1.1112078493259806e-189,21.0
density_curve,3,7,DRB15,,,,,,,,,,,,,21.0,47090394.72391306,1.471317068507426e-192,21.0
density_curve,3,7,DRB15,,,,,,,,,,,,,21.0,47829875.24722586,1.8515419512248167e-195,21.0
density_curve,3,7,DRB15,,,,,,,,,,,,,21.0,48580968.14812807,2.2145074744914456e-198,21.0
density_curve,3,7,DRB15,,,,,,,,,,,,,21.0,49343855.78073008,2.5173120521110045e-201,21.0
density_curve,3,7,DRB15,,,,,,,,,,,,,21.0,50118723.36272725,2.7196515867349322e-204,21.0
density_curve,4,4,DRB16,,,,,,,,,,,,,20.0,100000.0,0.0026781937254661534,20.001816246162576
density_curve,4,4,DRB16,,,,,,,,,,,,,20.0,101570.34258822507,0.002842189054591457,20.001927461376162
density_curve,4,4,DRB16,,,,,,,,,,,,,20.0,103165.34493489409,0.0029814456741459115,20.002021899765168
density_curve,4,4,DRB16,,,,,,,,,,,,,20.0,104785.39428269603,0.003092887986128384,20.002097475579404
density_curve,4,4,DRB16,,,,,,,,,,,,,20.0,106430.88395535655,0.0031750077759911013,20.0021531660068
density_curve,4,4,DRB16,,,,,,,,,,,,,20.0,108102.21345313193,0.0032280292496761533,20.00218912309504
density_curve,4,4,DRB16,,,,,,,,,,,,,20.0,109799.78854980043,0.0032539621872384383,20.002206709798305
density_curve,4,4,DRB16,,,,,,,,,,,,,20.0,111524.02139117903,0.0032565346873572394,20.0022084543672
density_curve,4,4,DRB16,,,,,,,,,,,,,20.0,113275.33059518597,0.003241008209542885,20.00219792491764
density_curve,4,4,DRB16,,,,,,,,,,,,,20.0,115054.14135347492,0.0032138887720994406,20.00217953357659
density_curve,4,4,DRB16,,,,,,,,,,,,,20.0,116860.88553466521,0.0031825577757449456,20.00215828612113
density_curve,4,4,DRB16,,,,,,,,,,,,,20.0,118696.00178919302,0.0031548527061128597,20.002139497627258
density_curve,4,4,DRB16,,,,,,,,,,,,,20.0,120559.93565580886,0.0031386310193997754,20.00212849671423
density_curve,4,4,DRB16,,,,,,,,,,,,,20.0,122453.13966974878,0.003141349484352631,20.002130340270764
density_curve,4,4,DRB16,,,,,,,,,,,,,20.0,124376.07347260158,0.003169686429680066,20.002149557278003
density_curve,4,4,DRB16,,,,,,,,,,,,,20.0,126329.20392390396,0.0032292266336094236,20.002189935113957
density_curve,4,4,DRB16,,,,,,,,,,,,,20.0,128313.00521448672,0.003324219374569666,20.00225435547295
density_curve,4,4,DRB16,,,,,,,,,,,,,20.0,130327.95898160127,0.00345741106403925,20.002344680863747
density_curve,4,4,DRB16,,,,,,,,,,,,,20.0,132374.55442585386,0.003629946476199123,20.0024616876274
density_curve,4,4,DRB16,,,,,,,,,,,,,20.0,134453.28842997624,0.0038413280914235347,20.002605038365562
density_curve,4,4,DRB16,,,,,,,,,,,,,20.0,136564.66567946097,0.004089422098953662,20.002773286011298
density_curve,4,4,DRB16,,,,,,,,,,,,,20.0,138709.19878509274,0.004370502039128453,20.002963903425513
density_curve,4,4,DRB16,,,,,,,,,,,,,20.0,140887.40840740083,0.004679326059454256,20.00317333578901
density_curve,4,4,DRB16,,,,,,,,,,,,,20.0,143099.82338306884,0.005009249892498097,20.003397077219667
density_curve,4,4,DRB16,,,,,,,,,,,,,20.0,145346.98085332804,0.005352383227611233,20.00362977681762
density_curve,4,4,DRB16,,,,,,,,,,,,,20.0,147629.42639436718,0.005699800493232456,20.00386538160957
density_curve,4,4,DRB16,,,,,,,,,,,,,20.0,149947.71414979032,0.006041816950886953,20.004097323784944
density_curve,4,4,DRB16,,,,,,,,,,,,,20.0,152302.40696515449,0.00636833686766498,20.00431875681281
density_curve,4,4,DRB16,,,,,,,,,,,,,20.0,154694.07652461986,0.006669272647180843,20.00452283968013
density_curve,4,4,DRB16,,,,,,,,,,,,,20.0,157123.30348974746,0.006935023229298753,20.004703061323692
density_curve,4,4,DRB16,,,,,,,,,,,,,20.0,159590.6776404731,0.007156988508550325,20.00485358948856
density_curve,4,4,DRB16,,,,,,,,,,,,,20.0,162096.79801829843,0.007328085982325372,20.004969621098677
density_curve,4,4,DRB16,,,,,,,,,,,,,20.0,164642.27307172897,0.0074432282907259985,20.00504770610567
density_curve,4,4,DRB16,,,,,,,,,,,,,20.0,167227.72080399614,0.007499717321276646,20.005086014755264
density_curve,4,4,DRB16,,,,,,,,,,,,,20.0,169853.76892309941,0.007497513020795958,20.005084519884953
density_curve,4,4,DRB16,,,,,,,,,,,,,20.0,172521.0549942039,0.007439343056020936,20.00504507129156
density_curve,4,4,DRB16,,,,,,,,,,,,,20.0,175230.2265944331,0.0073306322353098845,20.004971347867794
density_curve,4,4,DRB16,,,,,,,,,,,,,20.0,177981.9414700888,0.0071792466870777265,20.004868684114076
density_curve,4,4,DRB16,,,,,,,,,,,,,20.0,180776.86769634343,0.006995065262874664,20.004743779480872
density_curve,4,4,DRB16,,,,,,,,,,,,,20.0,183615.6838394384,0.006789407397662897,20.004604310365945
density_curve,4,4,DRB16,,,,,,,,,,,,,20.0,186499.07912142982,0.00657436074376199,20.004458474141998
density_curve,4,4,DRB16,,,,,,,,,,,,,20.0,189427.7535875212,0.006362061702968942,20.00431450124172
density_curve,4,4,DRB16,,,,,,,,,,,,,20.0,192402.4182760241,0.006163986476091963,20.004180174375335
density_curve,4,4,DRB16,,,,,,,,,,,,,20.0,195423.79539098707,0.005990309039770188,20.004062393135595
density_curve,4,4,DRB16,,,,,,,,,,,,,20.0,198492.61847753756,0.005849375801167366,20.00396681772917
density_curve,4,4,DRB16,,,,,,,,,,,,,20.0,201609.63259997344,0.005747335392623893,20.003897617917865
density_curve,4,4,DRB16,,,,,,,,,,,,,20.0,204775.59452265495,0.005687947404616725,20.00385734330879
density_curve,4,4,DRB16,,,,,,,,,,,,,20.0,207991.2728937353,0.0056725773409867985,20.003846919933206
density_curve,4,4,DRB16,,,,,,,,,,,,,20.0,211257.44843177704,0.005700368341959552,20.00386576670235
density_curve,4,4,DRB16,,,,,,,,,,,,,20.0,214574.91411529886,0.005768564831050721,20.003912014892105
density_curve,4,4,DRB16,,,,,,,,,,,,,20.0,217944.4753752988,0.005872950590221039,20.003982805228414
density_curve,4,4,DRB16,,,,,,,,,,,,,20.0,221366.95029080036,0.006008354957015756,20.004074631170372
density_curve,4,4,DRB16,,,,,,,,,,,,,20.0,224843.16978747185,0.006169176614025806,20.004183694123743
density_curve,4,4,DRB16,,,,,,,,,,,,,20.0,228373.97783935972,0.0063498751466721706,20.00430623679621
density_curve,4,4,DRB16,,,,,,,,,,,,,20.0,231960.2316737949,0.006545386091240405,20.004438824666696
density_curve,4,4,DRB16,,,,,,,,,,,,,20.0,235602.80197951404,0.006751425054645607,20.004578552227503
density_curve,4,4,DRB16,,,,,,,,,,,,,20.0,239302.57311804994,0.006964659711333795,20.00472315962586
density_curve,4,4,DRB16,,,,,,,,,,,,,20.0,243060.44333844114,0.007182743744774518,20.004871055681733
density_curve,4,4,DRB16,,,,,,,,,,,,,20.0,246877.32499531287,0.007404222484687071,20.005021253894668
density_curve,4,4,DRB16,,,,,,,,,,,,,20.0,250754.1447703851,0.00762833432633291,20.00517323777414
density_curve,4,4,DRB16,,,,,,,,,,,,,20.0,254691.843897454,0.007854743268668196,20.005326779457395
density_curve,4,4,DRB16,,,,,,,,,,,,,20.0,258691.37839091144,0.008083244598114913,20.005481740115695
density_curve,4,4,DRB16,,,,,,,,,,,,,20.0,262753.7192778504,0.008313486896766403,20.00563788143117
density_curve,4,4,DRB16,,,,,,,,,,,,,20.0,266879.85283381585,0.008544748896254197,20.00579471426784
density_curve,4,4,DRB16,,,,,,,,,,,,,20.0,271070.7808222577,0.008775799792726685,20.00595140394271
density_curve,4,4,DRB16,,,,,,,,,,,,,20.0,275327.5207377438,0.009004857881755741,20.006106742173564
density_curve,4,4,DRB16,,,,,,,,,,,,,20.0,279651.1060529923,0.009229646847978522,20.006259185252425
density_curve,4,4,DRB16,,,,,,,,,,,,,20.0,284042.5864697849,0.009447534222558146,20.006406947941954
density_curve,4,4,DRB16,,,,,,,,,,,,,20.0,288503.028173816,0.00965572484551838,20.006548134674055
density_curve,4,4,DRB16,,,,,,,,,,,,,20.0,293033.5140935484,0.009851475603266092,20.006680885176458
density_curve,4,4,DRB16,,,,,,,,,,,,,20.0,297635.14416313195,0.010032297335617623,20.00680351139814
density_curve,4,4,DRB16,,,,,,,,,,,,,20.0,302309.0355894507,0.010196115563426235,20.006914606508545
density_curve,4,4,DRB16,,,,,,,,,,,,,20.0,307056.3231233643,0.010341372339321664,20.007013113968743
density_curve,4,4,DRB16,,,,,,,,,,,,,20.0,311878.15933520853,0.010467064856313121,20.007098353714277
density_curve,4,4,DRB16,,,,,,,,,,,,,20.0,316775.7148946211,0.01057272969635318,20.007170011473168
density_curve,4,4,DRB16,,,,,,,,,,,,,20.0,321750.1788547658,0.010658392008984123,20.00722810430085
density_curve,4,4,DRB16,,,,,,,,,,,,,20.0,326802.75894101255,0.010724504320086124,20.007272939082664
density_curve,4,4,DRB16,,,,,,,,,,,,,20.0,331934.6818441578,0.010771898994001751,20.00730508029553
density_curve,4,4,DRB16,,,,,,,,,,,,,20.0,337147.193518246,0.010801771843782337,20.007325338893054
density_curve,4,4,DRB16,,,,,,,,,,,,,20.0,342441.55948306865,0.010815703528898183,20.007334786816628
density_curve,4,4,DRB16,,,,,,,,,,,,,20.0,347819.06513141334,0.010815712692691173,20.007334793031152
density_curve,4,4,DRB16,,,,,,,,,,,,,20.0,353281.01604113757,0.010804323199358963,20.00732706912255
density_curve,4,4,DRB16,,,,,,,,,,,,,20.0,358828.7382921458,0.010784620049887826,20.00731370721774
density_curve,4,4,DRB16,,,,,,,,,,,,,20.0,364463.57878833805,0.010760266500233819,20.00729719159354
density_curve,4,4,DRB16,,,,,,,,,,,,,20.0,370186.9055846206,0.010735459259707668,20.007280368293948
density_curve,4,4,DRB16,,,,,,,,,,,,,20.0,376000.1082190484,0.010714808722153652,20.007266363907622
density_curve,4,4,DRB16,,,,,,,,,,,,,20.0,381904.59805018455,0.010703145055281409,20.007258454065255
density_curve,4,4,DRB16,,,,,,,,,,,,,20.0,387901.8085997564,0.010705265897480226,20.007259892337427
density_curve,4,4,DRB16,,,,,,,,,,,,,20.0,393993.19590069365,0.010725654385662312,20.007273719012126
density_curve,4,4,DRB16,,,,,,,,,,,,,20.0,400180.2388506313,0.010768204616768402,20.007302574913485
density_curve,4,4,DRB16,,,,,,,,,,,,,20.0,406464.4395709628,0.010835993659826019,20.007348546789284
density_curve,4,4,DRB16,,,,,,,,,,,,,20.0,412847.323771536,0.010931134320361366,20.007413067461542
density_curve,4,4,DRB16,,,,,,,,,,,,,20.0,419330.44112106785,0.011054731739647865,20.007496886393813
density_curve,4,4,DRB16,,,,,,,,,,,,,20.0,425915.3656233841,0.011206951440976998,20.007600115837516
density_curve,4,4,DRB16,,,,,,,,,,,,,20.0,432603.6959995626,0.011387189234662856,20.00772234605485
density_curve,4,4,DRB16,,,,,,,,,,,,,20.0,439397.0560760795,0.011594317370990159,20.007862812250107
density_curve,4,4,DRB16,,,,,,,,,,,,,20.0,446297.0951790494,0.011826969173982375,20.008020587597116
density_curve,4,4,DRB16,,,,,,,,,,,,,20.0,453305.48853465647,0.012083818119762838,20.008194772499316
density_curve,4,4,DRB16,,,,,,,,,,,,,20.0,460423.93767587794,0.012363807976518969,20.008384650661622
density_curve,4,4,DRB16,,,,,,,,,,,,,20.0,467654.17085558514,0.012666298099229333,20.00858978762366
density_curve,4,4,DRB16,,,,,,,,,,,,,20.0,474997.94346614124,0.01299110107282064,20.00881005628786
density_curve,4,4,DRB16,,,,,,,,,,,,,20.0,482457.03846558335,0.013338406531474653,20.009045585256704
density_curve,4,4,DRB16,,,,,,,,,,,,,20.0,490033.26681049785,0.013708602509825717,20.00929663768009
density_curve,4,4,DRB16,,,,,,,,,,,,,20.0,497728.46789569367,0.014102021342698398,20.009563438934496
density_curve,4,4,DRB16,,,,,,,,,,,,,20.0,505544.5100007789,0.014518648487355632,20.0098459791576
density_curve,4,4,DRB16,,,,,,,,,,,,,20.0,513483.29074375494,0.014957837978979493,20.010143820281346
density_curve,4,4,DRB16,,,,,,,,,,,,,20.0,521546.7375417237,0.015418076826932988,20.010455936254704
density_curve,4,4,DRB16,,,,,,,,,,,,,20.0,529736.8080788398,0.015896832905957555,20.010780609889427
density_curve,4,4,DRB16,,,,,,,,,,,,,20.0,538055.490781606,0.01639050821259833,20.011115401160392
density_curve,4,4,DRB16,,,,,,,,,,,,,20.0,546504.805301633,0.016894503933282554,20.011457191332234
density_curve,4,4,DRB16,,,,,,,,,,,,,20.0,555086.803005981,0.017403388172907038,20.011802296706286
density_curve,4,4,DRB16,,,,,,,,,,,,,20.0,563803.567475201,0.017911143906442294,20.01214663677168
density_curve,4,4,DRB16,,,,,,,,,,,,,20.0,572657.2150091964,0.01841146571221837,20.01248593543822
density_curve,4,4,DRB16,,,,,,,,,,,,,20.0,581649.8951410283,0.018898070257670582,20.012815931595693
density_curve,4,4,DRB16,,,,,,,,,,,,,20.0,590783.7911587943,0.019364987476638295,20.013132576578887
density_curve,4,4,DRB16,,,,,,,,,,,,,20.0,600061.1206356916,0.019806806086900025,20.013432200667992
density_curve,4,4,DRB16,,,,,,,,,,,,,20.0,609484.1359684145,0.020218856992629916,20.013711637464965
density_curve,4,4,DRB16,,,,,,,,,,,,,20.0,619055.1249240021,0.0205973292436075,20.013968302532525
density_curve,4,4,DRB16,,,,,,,,,,,,,20.0,628776.4111952737,0.020939323613454075,20.01420022972881
density_curve,4,4,DRB16,,,,,,,,,,,,,20.0,638650.3549649863,0.021242856886843842,20.01440607411481
density_curve,4,4,DRB16,,,,,,,,,,,,,20.0,648679.3534788508,0.021506834578516435,20.01458509345346
density_curve,4,4,DRB16,,,,,,,,,,,,,20.0,658865.8416275523,0.021731010715819874,20.01473712093573
density_curve,4,4,DRB16,,,,,,,,,,,,,20.0,669212.2925378972,0.02191595083400828,20.0148625400855
density_curve,4,4,DRB16,,,,,,,,,,,,,20.0,679721.2181732573,0.022063009290502082,20.014962269374962
density_curve,4,4,DRB16,,,,,,,,,,,,,20.0,690395.1699434342,0.02217432549700342,20.015037759669397
density_curve,4,4,DRB16,,,,,,,,,,,,,20.0,701236.7393241049,0.022252836819377567,20.01509100297537
density_curve,4,4,DRB16,,,,,,,,,,,,,20.0,712248.5584859921,0.022302299666699516,20.015124546742495
density_curve,4,4,DRB16,,,,,,,,,,,,,20.0,723433.3009339154,0.02232730538675558,20.015141504643136
density_curve,4,4,DRB16,,,,,,,,,,,,,20.0,734793.6821558832,0.022333274449902647,20.015145552628137
density_curve,4,4,DRB16,,,,,,,,,,,,,20.0,746332.4602823642,0.022326411291998437,20.015140898303066
density_curve,4,4,DRB16,,,,,,,,,,,,,20.0,758052.4367559261,0.022313603262412246,20.015132212398694
density_curve,4,4,DRB16,,,,,,,,,,,,,20.0,769956.4570113824,0.022302250519782924,20.015124513412978
density_curve,4,4,DRB16,,,,,,,,,,,,,20.0,782047.411166621,0.022300019536585634,20.015123000447492
density_curve,4,4,DRB16,,,,,,,,,,,,,20.0,794328.2347242822,0.02231452108536228,20.015132834830297
density_curve,4,4,DRB16,,,,,,,,,,,,,20.0,806801.909284454,0.02235292386963692,20.01515887809554
density_curve,4,4,DRB16,,,,,,,,,,,,,20.0,819471.4632685608,0.022421526565288948,20.015205401758685
density_curve,4,4,DRB16,,,,,,,,,,,,,20.0,832339.9726546166,0.022525322642803075,20.015275792195972
density_curve,4,4,DRB16,,,,,,,,,,,,,20.0,845410.561724033,0.022667602137181164,20.015372280580372
density_curve,4,4,DRB16,,,,,,,,,,,,,20.0,858686.4038201383,0.022849640432684868,20.01549573182757
density_curve,4,4,DRB16,,,,,,,,,,,,,20.0,872170.7221186243,0.023070524152647372,20.015645526521265
density_curve,4,4,DRB16,,,,,,,,,,,,,20.0,885866.7904100833,0.023327156990502383,20.015819564867524
density_curve,4,4,DRB16,,,,,,,,,,,,,20.0,899777.9338948353,0.023614473421605862,20.0160144116258
density_curve,4,4,DRB16,,,,,,,,,,,,,20.0,913907.5299902376,0.02392586666875769,20.016225586338372
density_curve,4,4,DRB16,,,,,,,,,,,,,20.0,928259.0091506683,0.024253811415252964,20.01644798562999
density_curve,4,4,DRB16,,,,,,,,,,,,,20.0,942835.8557003973,0.024590635051794173,20.016676406237327
density_curve,4,4,DRB16,,,,,,,,,,,,,20.0,957641.6086795169,0.024929367775997368,20.016906121513195
density_curve,4,4,DRB16,,,,,,,,,,,,,20.0,972679.8627031752,0.02526458556143101,20.01713345309516
density_curve,4,4,DRB16,,,,,,,,,,,,,20.0,987954.2688342923,0.025593153900741336,20.017356275283017
density_curve,4,4,DRB16,,,,,,,,,,,,,20.0,1003468.5354699849,0.02591478580208652,20.017574393450133
density_curve,4,4,DRB16,,,,,,,,,,,,,20.0,1019226.4292419085,0.02623234440860181,20.017789749268122
density_curve,4,4,DRB16,,,,,,,,,,,,,20.0,1035231.7759307377,0.026551846598921403,20.018006423148574
density_curve,4,4,DRB16,,,,,,,,,,,,,20.0,1051488.4613950192,0.02688215533707484,20.01823042560681
density_curve,4,4,DRB16,,,,,,,,,,,,,20.0,1068000.4325145755,0.027234380914095756,20.018469291207364
density_curve,4,4,DRB16,,,,,,,,,,,,,20.0,1084771.6981487798,0.027621040138148242,20.01873150835963
density_curve,4,4,DRB16,,,,,,,,,,,,,20.0,1101806.3301098226,0.02805504438198031,20.01902583305127
density_curve,4,4,DRB16,,,,,,,,,,,,,20.0,1119108.4641512968,0.02854859999348247,20.019360543149677
density_curve,4,4,DRB16,,,,,,,,,,,,,20.0,1136682.3009722962,0.029112107412608206,20.019742691826167
density_curve,4,4,DRB16,,,,,,,,,,,,,20.0,1154532.1072372785,0.02975313952092975,20.020177414712627
density_curve,4,4,DRB16,,,,,,,,,,,,,20.0,1172662.2166119604,0.030475567593364755,20.020667337156183
density_curve,4,4,DRB16,,,,,,,,,,,,,20.0,1191077.0308154398,0.03127888763373511,20.021212117366353
density_curve,4,4,DRB16,,,,,,,,,,,,,20.0,1209781.0206889012,0.03215778367656532,20.02180815026342
density_curve,4,4,DRB16,,,,,,,,,,,,,20.0,1228778.727281043,0.033101949965406295,20.022448446886713
density_curve,4,4,DRB16,,,,,,,,,,,,,20.0,1248074.7629505873,0.03409618185830718,20.02312269604316
density_curve,4,4,DRB16,,,,,,,,,,,,,20.0,1267673.8124860895,0.03512073581670257,20.023817508437645
density_curve,4,4,DRB16,,,,,,,,,,,,,20.0,1287580.634243335,0.036151950939379986,20.024516838173035
density_curve,4,4,DRB16,,,,,,,,,,,,,20.0,1307800.061300597,0.03716311676127653,20.025202571257346
density_curve,4,4,DRB16,,,,,,,,,,,,,20.0,1328337.002632031,0.03812556305827053,20.025855264666706
density_curve,4,4,DRB16,,,,,,,,,,,,,20.0,1349196.4442995142,0.039009936352683086,20.026455012021422
density_curve,4,4,DRB16,,,,,,,,,,,,,20.0,1370383.450663168,0.03978761476358925,20.02698240308208
density_curve,4,4,DRB16,,,,,,,,,,,,,20.0,1391903.1656109202,0.04043219884361203,20.027419534776726
density_curve,4,4,DRB16,,,,,,,,,,,,,20.0,1413760.8138073613,0.04092100296531993,20.027751022600725
density_curve,4,4,DRB16,,,,,,,,,,,,,20.0,1435961.7019622158,0.04123646198827079,20.027964954563313
density_curve,4,4,DRB16,,,,,,,,,,,,,20.0,1458511.22011873,0.041367363629758874,20.0280537269332
density_curve,4,4,DRB16,,,,,,,,,,,,,20.0,1481414.8429622927,0.041309819920602564,20.02801470304186
density_curve,4,4,DRB16,,,,,,,,,,,,,20.0,1504678.1311496203,0.041067902176558875,20.027850643896286
density_curve,4,4,DRB16,,,,,,,,,,,,,20.0,1528306.7326587688,0.04065388276362288,20.027569872134773
density_curve,4,4,DRB16,,,,,,,,,,,,,20.0,1552306.3841604206,0.04008805217974221,20.027186147978874
density_curve,4,4,DRB16,,,,,,,,,,,,,20.0,1576682.9124106285,0.039398109300996575,20.026718255722237
density_curve,4,4,DRB16,,,,,,,,,,,,,20.0,1601442.23566548,0.03861815314723617,20.02618931998552
density_curve,4,4,DRB16,,,,,,,,,,,,,20.0,1626590.3651179587,0.037787333120016836,20.02562589036059
density_curve,4,4,DRB16,,,,,,,,,,,,,20.0,1652133.4063573685,0.03694823846641746,20.02505684920791
density_curve,4,4,DRB16,,,,,,,,,,,,,20.0,1678077.5608516952,0.03614512438475941,20.024512208670878
density_curve,4,4,DRB16,,,,,,,,,,,,,20.0,1704429.1274531947,0.035422080183831396,20.024021868393092
density_curve,4,4,DRB16,,,,,,,,,,,,,20.0,1731194.503927705,0.03482124369393186,20.023614404601826
density_curve,4,4,DRB16,,,,,,,,,,,,,20.0,1758380.1885078938,0.034381156224810534,20.023315954504888
density_curve,4,4,DRB16,,,,,,,,,,,,,20.0,1785992.7814709456,0.0341353353195938,20.023149248388172
density_curve,4,4,DRB16,,,,,,,,,,,,,20.0,1814038.9867410094,0.03411112079131348,20.02313282704283
density_curve,4,4,DRB16,,,,,,,,,,,,,20.0,1842525.6135168101,0.03432882608383425,20.023280466251432
density_curve,4,4,DRB16,,,,,,,,,,,,,20.0,1871459.5779248201,0.034801205130177405,20.02360081523218
density_curve,4,4,DRB16,,,,,,,,,,,,,20.0,1900847.9046983868,0.03553322761064325,20.024097244227747
density_curve,4,4,DRB16,,,,,,,,,,,,,20.0,1930697.7288832497,0.036522145156445654,20.02476788940199
density_curve,4,4,DRB16,,,,,,,,,,,,,20.0,1961016.2975697976,0.037757828822068594,20.025605881700493
density_curve,4,4,DRB16,,,,,,,,,,,,,20.0,1991810.9716525706,0.03922336397685344,20.026599750282774
density_curve,4,4,DRB16,,,,,,,,,,,,,20.0,2023089.2276173707,0.04089590130061277,20.027733999634176
density_curve,4,4,DRB16,,,,,,,,,,,,,20.0,2054858.65935644,0.04274777953534705,20.028989870972165
density_curve,4,4,DRB16,,,,,,,,,,,,,20.0,2087126.9800121451,0.04474795440083361,20.030346311280937
density_curve,4,4,DRB16,,,,,,,,,,,,,20.0,2119902.0238496074,0.04686378627993142,20.03178118564963
density_curve,4,4,DRB16,,,,,,,,,,,,,20.0,2153191.7481587674,0.04906325546536342,20.033272779565994
density_curve,4,4,DRB16,,,,,,,,,,,,,20.0,2187004.235186248,0.05131768768116229,20.034801647258348
density_curve,4,4,DRB16,,,,,,,,,,,,,20.0,2221347.6940976637,0.05360508505316611,20.036352870629415
density_curve,4,4,DRB16,,,,,,,,,,,,,20.0,2256230.462970635,0.055914169876645985,20.037918801581245
density_curve,4,4,DRB16,,,,,,,,,,,,,20.0,2291661.0108191706,0.05824926077414949,20.039502368834626
density_curve,4,4,DRB16,,,,,,,,,,,,,20.0,2327647.9396498133,0.06063611122438202,20.041121037390848
density_curve,4,4,DRB16,,,,,,,,,,,,,20.0,2364199.9865500783,0.06312884334560476,20.042811510752223
density_curve,4,4,DRB16,,,,,,,,,,,,,20.0,2401326.0258096857,0.06581809501144491,20.044635255977163
density_curve,4,4,DRB16,,,,,,,,,,,,,20.0,2439035.071075103,0.068840451147235,20.04668489961622
density_curve,4,4,DRB16,,,,,,,,,,,,,20.0,2477336.2775379405,0.07238913269891734,20.049091476552444
density_curve,4,4,DRB16,,,,,,,,,,,,,20.0,2516238.944157669,0.07672575172180555,20.052032401842496
density_curve,4,4,DRB16,,,,,,,,,,,,,20.0,2555752.5159192816,0.08219269553488044,20.05573986916538
density_curve,4,4,DRB16,,,,,,,,,,,,,20.0,2595886.586126396,0.0892253746568739,20.060509156893332
density_curve,4,4,DRB16,,,,,,,,,,,,,20.0,2636650.898730361,0.09836317235562185,20.06670605364764
density_curve,4,4,DRB16,,,,,,,,,,,,,20.0,2678055.350695943,0.11025750322624707,20.074772323310945
density_curve,4,4,DRB16,,,,,,,,,,,,,20.0,2720109.994404156,0.1256749825058284,20.085227854332423
density_curve,4,4,DRB16,,,,,,,,,,,,,20.0,2762825.0400928515,0.1454934061341086,20.09866793356228
density_curve,4,4,DRB16,,,,,,,,,,,,,20.0,2806210.858335576,0.1706881369979722,20.1157540139356
density_curve,4,4,DRB16,,,,,,,,,,,,,20.0,2850277.982559416,0.20230667954118006,20.137196471967776
density_curve,4,4,DRB16,,,,,,,,,,,,,20.0,2895037.1116023487,0.24142978083508695,20.163728228023164
density_curve,4,4,DRB16,,,,,,,,,,,,,20.0,2940499.1123107616,0.28911836288294,20.19606875788085
density_curve,4,4,DRB16,,,,,,,,,,,,,20.0,2986675.022177758,0.34634695462912,20.234878948928756
density_curve,4,4,DRB16,,,,,,,,,,,,,20.0,3033576.0520228897,0.4139259698023953,20.28070839203888
density_curve,4,4,DRB16,,,,,,,,,,,,,20.0,3081213.5887140087,0.49241701135368465,20.333937944351913
density_curve,4,4,DRB16,,,,,,,,,,,,,20.0,3129599.1979317563,0.582047152186822,20.39472159782381
density_curve,4,4,DRB16,,,,,,,,,,,,,20.0,3178744.626977629,0.6826295794001774,20.462932663256375
density_curve,4,4,DRB16,,,,,,,,,,,,,20.0,3228661.807625975,0.7934988224206992,20.538119844552863
density_curve,4,4,DRB16,,,,,,,,,,,,,20.0,3279362.859020883,0.9134687789195662,20.619478773536827
density_curve,4,4,DRB16,,,,,,,,,,,,,20.0,3330860.090618524,1.0408207554001918,20.70584389954696
density_curve,4,4,DRB16,,,,,,,,,,,,,20.0,3383166.005175699,1.1733267255103081,20.795704262314047
density_curve,4,4,DRB16,,,,,,,,,,,,,20.0,3436293.3017853256,1.3083101009772204,20.887244704430753
density_curve,4,4,DRB16,,,,,,,,,,,,,20.0,3490254.8789595794,1.4427427805339739,20.97841168613492
density_curve,4,4,DRB16,,,,,,,,,,,,,20.0,3545063.837761485,1.573373489794303,21.067000320389663
density_curve,4,4,DRB16,,,,,,,,,,,,,20.0,3600733.4849856202,1.6968789239040183,21.15075687191397
density_curve,4,4,DRB16,,,,,,,,,,,,,20.0,3657277.33638883,1.8100264362212528,21.22748908627813
density_curve,4,4,DRB16,,,,,,,,,,,,,20.0,3714709.119971648,1.9098353923158802,21.295175613870917
density_curve,4,4,DRB16,,,,,,,,,,,,,20.0,3773042.7793112434,1.9937241013365952,21.352065653001983
density_curve,4,4,DRB16,,,,,,,,,,,,,20.0,3832292.476946719,2.0596305266566457,21.396760811137273
density_curve,4,4,DRB16,,,,,,,,,,,,,20.0,3892472.597817551,2.1060976312488133,21.42827298279202
density_curve,4,4,DRB16,,,,,,,,,,,,,20.0,3953597.752756071,2.1323178963929625,21.446054540375762
density_curve,4,4,DRB16,,,,,,,,,,,,,20.0,4015682.782034709,2.138135778036677,21.45
density_curve,4,4,DRB16,,,,,,,,,,,,,20.0,4078742.7589690215,2.124011068080378,21.44042117453577
density_curve,4,4,DRB16,,,,,,,,,,,,,20.0,4142792.9935772587,2.090949753466691,21.418000284954164
density_curve,4,4,DRB16,,,,,,,,,,,,,20.0,4207849.036297407,2.0404115580525697,21.383727258842715
density_curve,4,4,DRB16,,,,,,,,,,,,,20.0,4273926.681762604,1.974204623668033,21.338828307221537
density_curve,4,4,DRB16,,,,,,,,,,,,,20.0,4341041.972635828,1.894377660316987,21.284692785030657
density_curve,4,4,DRB16,,,,,,,,,,,,,20.0,4409211.203504863,1.8031185082487338,21.222804399897104
density_curve,4,4,DRB16,,,,,,,,,,,,,20.0,4478450.924838282,1.7026657255952244,21.154681254330857
density_curve,4,4,DRB16,,,,,,,,,,,,,20.0,4548777.947003777,1.595236982947554,21.08182728572922
density_curve,4,4,DRB16,,,,,,,,,,,,,20.0,4620209.3443493685,1.4829751887015825,21.005695730694804
density_curve,4,4,DRB16,,,,,,,,,,,,,20.0,4692762.459348841,1.3679108214409976,20.927663580332
density_curve,4,4,DRB16,,,,,,,,,,,,,20.0,4766454.906812234,1.2519372307190006,20.849014830203835
density_curve,4,4,DRB16,,,,,,,,,,,,,20.0,4841304.57816245,1.136794850631261,20.770929774595004
density_curve,4,4,DRB16,,,,,,,,,,,,,20.0,4917329.645779026,1.0240603461201891,20.694477645960237
density_curve,4,4,DRB16,,,,,,,,,,,,,20.0,4994548.567410101,0.9151375223929242,20.620610450047376
density_curve,4,4,DRB16,,,,,,,,,,,,,20.0,5072980.090653727,0.8112481077513454,20.550156715173433
density_curve,4,4,DRB16,,,,,,,,,,,,,20.0,5152643.257509442,0.7134219560804014,20.483814847935648
density_curve,4,4,DRB16,,,,,,,,,,,,,20.0,5233557.40900142,0.622487508149479,20.42214666443941
density_curve,4,4,DRB16,,,,,,,,,,,,,20.0,5315742.189874179,0.5390642688864342,20.36557228867994
density_curve,4,4,DRB16,,,,,,,,,,,,,20.0,5399217.553362021,0.4635594703260271,20.314367889484522
density_curve,4,4,DRB16,,,,,,,,,,,,,20.0,5484003.766033389,0.39617097858850403,20.268667651911617
density_curve,4,4,DRB16,,,,,,,,,,,,,20.0,5570121.412711266,0.33689794984917,20.228471003712336
density_curve,4,4,DRB16,,,,,,,,,,,,,20.0,5657591.401470916,0.2855598974249754,20.193655545882322
density_curve,4,4,DRB16,,,,,,,,,,,,,20.0,5746434.968715974,0.24182388407235872,20.163995493413847
density_curve,4,4,DRB16,,,,,,,,,,,,,20.0,5836673.684334379,0.20523867637242377,20.139184837463073
density_curve,4,4,DRB16,,,,,,,,,,,,,20.0,5928329.456935207,0.17527402676531773,20.11886398488831
density_curve,4,4,DRB16,,,,,,,,,,,,,20.0,6021424.539167753,0.15136285742744823,20.102648365704507
density_curve,4,4,DRB16,,,,,,,,,,,,,20.0,6115981.53312414,0.13294401640511908,20.090157428619634
density_curve,4,4,DRB16,,,,,,,,,,,,,20.0,6212023.395826757,0.11950340990977032,20.081042535347443
density_curve,4,4,DRB16,,,,,,,,,,,,,20.0,6309573.444801942,0.11061159600621515,20.075012455175454
density_curve,4,4,DRB16,,,,,,,,,,,,,20.0,6408655.363740995,0.1059562499618421,20.071855381694117
density_curve,4,4,DRB16,,,,,,,,,,,,,20.0,6509293.20825039,0.10536818640133083,20.071456580003645
density_curve,4,4,DRB16,,,,,,,,,,,,,20.0,6611511.411691989,0.10883978550819294,20.073810882642725
density_curve,4,4,DRB16,,,,,,,,,,,,,20.0,6715334.791115149,0.11653470223890539,20.079029273997545
density_curve,4,4,DRB16,,,,,,,,,,,,,20.0,6820788.553281926,0.12878767101726132,20.087338757853114
density_curve,4,4,DRB16,,,,,,,,,,,,,20.0,6927898.300786892,0.1460931307239462,20.09907464330644
density_curve,4,4,DRB16,,,,,,,,,,,,,20.0,7036690.03827307,0.1690813943812991,20.114664383979395
density_curve,4,4,DRB16,,,,,,,,,,,,,20.0,7147190.1787454495,0.19848129390818178,20.13460224515355
density_curve,4,4,DRB16,,,,,,,,,,,,,20.0,7259425.549983729,0.2350687477830406,20.15941442437224
density_curve,4,4,DRB16,,,,,,,,,,,,,20.0,7373423.401055615,0.2796015938549175,20.18961485760362
density_curve,4,4,DRB16,,,,,,,,,,,,,20.0,7489211.408932546,0.3327423043353115,20.225652807572974
density_curve,4,4,DRB16,,,,,,,,,,,,,20.0,7606817.685209225,0.39497178172277997,20.26785440353274
density_curve,4,4,DRB16,,,,,,,,,,,,,20.0,7726270.782928702,0.4664991689612025,20.316361478041802
density_curve,4,4,DRB16,,,,,,,,,,,,,20.0,7847599.7035146225,0.5471742699013205,20.371072173950267
density_curve,4,4,DRB16,,,,,,,,,,,,,20.0,7970833.903812322,0.6364104966583854,20.431588690313205
density_curve,4,4,DRB16,,,,,,,,,,,,,20.0,8096003.303240569,0.7331269598224713,20.49717801023783
density_curve,4,4,DRB16,,,,,,,,,,,,,20.0,8223138.291055465,0.8357181539803519,20.56675134279088
density_curve,4,4,DRB16,,,,,,,,,,,,,20.0,8352269.733728553,0.9420585072357539,20.63886720830524
density_curve,4,4,DRB16,,,,,,,,,,,,,20.0,8483428.982440725,1.049546826473466,20.71176157941847
density_curve,4,4,DRB16,,,,,,,,,,,,,20.0,8616647.880693821,1.1551924967845104,20.783406338149216
density_curve,4,4,DRB16,,,,,,,,,,,,,20.0,8751958.77204175,1.2557414536928095,20.85159470533089
density_curve,4,4,DRB16,,,,,,,,,,,,,20.0,8889394.507943004,1.3478358420870944,20.91404951505038
density_curve,4,4,DRB16,,,,,,,,,,,,,20.0,9028988.455736592,1.4281973932530694,20.968547573774067
density_curve,4,4,DRB16,,,,,,,,,,,,,20.0,9170774.50674293,1.4938213992051197,21.013051206147615
density_curve,4,4,DRB16,,,,,,,,,,,,,20.0,9314787.084492404,1.542166196188748,21.0458367552911
density_curve,4,4,DRB16,,,,,,,,,,,,,20.0,9461061.153082676,1.571322615468697,21.06560949769137
density_curve,4,4,DRB16,,,,,,,,,,,,,20.0,9609632.225667553,1.5801490643263512,21.071595249847554
density_curve,4,4,DRB16,,,,,,,,,,,,,20.0,9760536.373079011,1.5683606919895916,21.063600837114798
density_curve,4,4,DRB16,,,,,,,,,,,,,20.0,9913810.23258467,1.5365651849980224,21.042038368719965
density_curve,4,4,DRB16,,,,,,,,,,,,,20.0,10069491.016782762,1.4862426506677413,21.0079115955148
density_curve,4,4,DRB16,,,,,,,,,,,,,20.0,10227616.522636779,1.4196721904973473,20.962766114933718
density_curve,4,4,DRB16,,,,,,,,,,,,,20.0,10388225.14065211,1.3398125041670281,20.908608401299045
density_curve,4,4,DRB16,,,,,,,,,,,,,20.0,10551355.864196453,1.2501476197649544,20.847801186098522
density_curve,4,4,DRB16,,,,,,,,,,,,,20.0,10717048.298967114,1.1545111770828886,20.782944293793804
density_curve,4,4,DRB16,,,,,,,,,,,,,20.0,10885342.672606446,1.0569033632665767,20.716750494743486
density_curve,4,4,DRB16,,,,,,,,,,,,,20.0,11056279.844468623,0.9613136181996773,20.65192527093367
density_curve,4,4,DRB16,,,,,,,,,,,,,20.0,11229901.315539658,0.871559832075284,20.591057766064605
density_curve,4,4,DRB16,,,,,,,,,,,,,20.0,11406249.238513203,0.7911513884314142,20.536527906697735
density_curve,4,4,DRB16,,,,,,,,,,,,,20.0,11585366.428024698,0.7231796281990361,20.49043211926021
density_curve,4,4,DRB16,,,,,,,,,,,,,20.0,11767296.371045876,0.670235726185273,20.45452763709002
density_curve,4,4,DRB16,,,,,,,,,,,,,20.0,11952083.237443073,0.6343531234002577,20.43019346029324
density_curve,4,4,DRB16,,,,,,,,,,,,,20.0,12139771.890700752,0.616969943286565,20.418404867901785
density_curve,4,4,DRB16,,,,,,,,,,,,,20.0,12330407.898813803,0.6189064251993145,20.419718114142896
density_curve,4,4,DRB16,,,,,,,,,,,,,20.0,12524037.545350743,0.640353285154034,20.434262535153845
density_curve,4,4,DRB16,,,,,,,,,,,,,20.0,12720707.84069066,0.6808687855618014,20.461738561791037
density_curve,4,4,DRB16,,,,,,,,,,,,,20.0,12920466.533436738,0.7393847067204464,20.501421769261587
density_curve,4,4,DRB16,,,,,,,,,,,,,20.0,13123362.122008637,0.8142238062112345,20.552174717402835
density_curve,4,4,DRB16,,,,,,,,,,,,,20.0,13329443.866417537,0.9031331658141806,20.61246956525513
density_curve,4,4,DRB16,,,,,,,,,,,,,20.0,13538761.800225446,1.003338590432617,20.680424962283354
density_curve,4,4,DRB16,,,,,,,,,,,,,20.0,13751366.742692733,1.1116246501661737,20.75386032977804
density_curve,4,4,DRB16,,,,,,,,,,,,,20.0,13967310.311116258,1.2244429921590045,20.83036931371161
density_curve,4,4,DRB16,,,,,,,,,,,,,20.0,14186644.93336124,1.3380483965979426,20.907412052591233
density_curve,4,4,DRB16,,,,,,,,,,,,,20.0,14409423.860590115,1.4486581480915945,20.98242325689046
density_curve,4,4,DRB16,,,,,,,,,,,,,20.0,14635701.180190798,1.5526262467184375,21.052930352163592
density_curve,4,4,DRB16,,,,,,,,,,,,,20.0,14865531.828908725,1.6466204751160074,21.11667355901532
density_curve,4,4,DRB16,,,,,,,,,,,,,20.0,15098971.606184201,1.7277880162557524,21.171718208593518
density_curve,4,4,DRB16,,,,,,,,,,,,,20.0,15336077.187700124,1.793894682116961,21.216549162026592
density_curve,4,4,DRB16,,,,,,,,,,,,,20.0,15576906.139141649,1.8434241303336774,21.2501380952702
density_curve,4,4,DRB16,,,,,,,,,,,,,20.0,15821516.930172438,1.875626685301658,21.27197660767115
density_curve,4,4,DRB16,,,,,,,,,,,,,20.0,16069968.948630175,1.8905122110817574,21.28207138864945
density_curve,4,4,DRB16,,,,,,,,,,,,,20.0,16322322.514945026,1.8887873120405334,21.280901629630648
density_curve,4,4,DRB16,,,,,,,,,,,,,20.0,16578638.896784693,1.8717431915432854,21.269342974200587
density_curve,4,4,DRB16,,,,,,,,,,,,,20.0,16838980.323928915,1.8411059449548042,21.248565992677886
density_curve,4,4,DRB16,,,,,,,,,,,,,20.0,17103410.003378414,1.7988651335930514,21.219919927678784
density_curve,4,4,DRB16,,,,,,,,,,,,,20.0,17371992.134700213,1.747098602227752,21.184813892201184
density_curve,4,4,DRB16,,,,,,,,,,,,,20.0,17644791.92561452,1.6878113659975729,21.14460760903768
density_curve,4,4,DRB16,,,,,,,,,,,,,20.0,17921875.607826144,1.6228040334670588,21.10052218044259
density_curve,4,4,DRB16,,,,,,,,,,,,,20.0,18203310.453104522,1.5535820044047914,21.053578509619
density_curve,4,4,DRB16,,,,,,,,,,,,,20.0,18489164.789616488,1.4813112029553042,21.004567280688544
density_curve,4,4,DRB16,,,,,,,,,,,,,20.0,18779508.018514913,1.4068201645542593,20.95405037395557
density_curve,4,4,DRB16,,,,,,,,,,,,,20.0,19074410.630788796,1.3306427152260127,20.902389809336338
density_curve,4,4,DRB16,,,,,,,,,,,,,20.0,19373944.224377003,1.2530910057119298,20.84979727524635
density_curve,4,4,DRB16,,,,,,,,,,,,,20.0,19678181.521551367,1.1743458354933216,20.7963953828175
density_curve,4,4,DRB16,,,,,,,,,,,,,20.0,19987196.386572525,1.0945502994297276,20.74228117338294
density_curve,4,4,DRB16,,,,,,,,,,,,,20.0,20301063.843623016,1.0138937929813645,20.68758308753101
density_curve,4,4,DRB16,,,,,,,,,,,,,20.0,20619860.095022235,0.9326760279005145,20.632504378041677
density_curve,4,4,DRB16,,,,,,,,,,,,,20.0,20943662.539726753,0.8513444368557902,20.577348476238686
density_curve,4,4,DRB16,,,,,,,,,,,,,20.0,21272549.792122267,0.7705025645607475,20.52252468252459
density_curve,4,4,DRB16,,,,,,,,,,,,,20.0,21606601.701109305,0.6908911241999534,20.46853531959033
density_curve,4,4,DRB16,,,,,,,,,,,,,20.0,21945899.369489986,0.6133467950960183,20.41594779060564
density_curve,4,4,DRB16,,,,,,,,,,,,,20.0,22290525.173658106,0.5387461625354585,20.365356561403097
density_curve,4,4,DRB16,,,,,,,,,,,,,20.0,22640562.78359909,0.46794326449977397,20.317340807115492
density_curve,4,4,DRB16,,,,,,,,,,,,,20.0,22996097.183203783,0.40170902792469,20.27242334021727
density_curve,4,4,DRB16,,,,,,,,,,,,,20.0,23357214.690901212,0.3406796405072128,20.231035598304732
density_curve,4,4,DRB16,,,,,,,,,,,,,20.0,23724002.980615646,0.2853189286183762,20.193492130268982
density_curve,4,4,DRB16,,,,,,,,,,,,,20.0,24096551.10305199,0.23589747259697866,20.159976433105527
density_curve,4,4,DRB16,,,,,,,,,,,,,20.0,24474949.507316638,0.1924888571604056,20.13053840908966
density_curve,4,4,DRB16,,,,,,,,,,,,,20.0,24859290.062876612,0.15498143663026495,20.105102344492
density_curve,4,4,DRB16,,,,,,,,,,,,,20.0,25249666.08186437,0.12310250571350045,20.083483301256237
density_curve,4,4,DRB16,,,,,,,,,,,,,20.0,25646172.341732506,0.09645090884854092,20.06540923138137
density_curve,4,4,DRB16,,,,,,,,,,,,,20.0,26048905.10826428,0.07453389018640544,20.050545967136628
density_curve,4,4,DRB16,,,,,,,,,,,,,20.0,26457962.158945747,0.05680429177488363,20.03852244741408
density_curve,4,4,DRB16,,,,,,,,,,,,,20.0,26873442.80670409,0.042694903317951664,20.028954012391054
density_curve,4,4,DRB16,,,,,,,,,,,,,20.0,27295447.924020074,0.03164768391785994,20.0214622205719
density_curve,4,4,DRB16,,,,,,,,,,,,,20.0,27724079.967417758,0.023136552029206066,20.015690304042877
density_curve,4,4,DRB16,,,,,,,,,,,,,20.0,28159443.002339695,0.016683340766292482,20.01131398873711
density_curve,4,4,DRB16,,,,,,,,,,,,,20.0,28601642.7284124,0.011867249432479849,20.0080479040919
density_curve,4,4,DRB16,,,,,,,,,,,,,20.0,29050786.505108584,0.008328641122651515,20.00564815843404
density_curve,4,4,DRB16,,,,,,,,,,,,,20.0,29506983.377812706,0.005768333263622869,20.003911857852138
density_curve,4,4,DRB16,,,,,,,,,,,,,20.0,29970344.104294933,0.003943626673204768,20.002674413259854
density_curve,4,4,DRB16,,,,,,,,,,,,,20.0,30440981.18160234,0.002662262046255524,20.001805441921288
density_curve,4,4,DRB16,,,,,,,,,,,,,20.0,30919008.873370558,0.00177533147682941,20.001203960322748
density_curve,4,4,DRB16,,,,,,,,,,,,,20.0,31404543.237566188,0.0011699559667491207,20.00079341834565
density_curve,4,4,DRB16,,,,,,,,,,,,,20.0,31897702.154663246,0.0007623092423197559,20.00051696829206
density_curve,4,4,DRB16,,,,,,,,,,,,,20.0,32398605.356263112,0.0004913538408818074,20.000333216943748
density_curve,4,4,DRB16,,,,,,,,,,,,,20.0,32907374.454163484,0.00031347583150729224,20.000212587039773
density_curve,4,4,DRB16,,,,,,,,,,,,,20.0,33424132.969883844,0.00019806778192925758,20.000134321817512
density_curve,4,4,DRB16,,,,,,,,,,,,,20.0,33949006.36465498,0.00012401576807779133,20.00008410264005
density_curve,4,4,DRB16,,,,,,,,,,,,,20.0,34482122.069878325,7.699020308267704e-05,20.000052211742403
density_curve,4,4,DRB16,,,,,,,,,,,,,20.0,35023609.518065386,4.7414216365965363e-05,20.000032154465792
density_curve,4,4,DRB16,,,,,,,,,,,,,20.0,35573600.17426121,2.897875000525966e-05,20.000019652254053
density_curve,4,4,DRB16,,,,,,,,,,,,,20.0,36132227.56796255,1.7582664166856517e-05,20.00001192387467
density_curve,4,4,DRB16,,,,,,,,,,,,,20.0,36699627.32553667,1.0592602429349623e-05,20.000007183488382
density_curve,4,4,DRB16,,,,,,,,,,,,,20.0,37275937.20314938,6.336499106470274e-06,20.000004297165688
density_curve,4,4,DRB16,,,,,,,,,,,,,20.0,37861297.12021055,3.7633559655464994e-06,20.000002552160723
density_curve,4,4,DRB16,,,,,,,,,,,,,20.0,38455849.19334357,2.218544624794999e-06,20.000001504530132
density_curve,4,4,DRB16,,,,,,,,,,,,,20.0,39059737.77089033,1.297656017232521e-06,20.00000088001952
density_curve,4,4,DRB16,,,,,,,,,,,,,20.0,39673109.46795558,7.527224578727709e-07,20.00000051046691
density_curve,4,4,DRB16,,,,,,,,,,,,,20.0,40296113.20200404,4.32757821787283e-07,20.000000293479417
density_curve,4,4,DRB16,,,,,,,,,,,,,20.0,40928900.22901449,2.4644423340715564e-07,20.000000167128835
density_curve,4,4,DRB16,,,,,,,,,,,,,20.0,41571624.180202775,1.3892324155618085e-07,20.000000094212304
density_curve,4,4,DRB16,,,,,,,,,,,,,20.0,42224441.09932146,7.746987150551261e-08,20.000000052537036
density_curve,4,4,DRB16,,,,,,,,,,,,,20.0,42887509.48054403,4.270909510986997e-08,20.000000028963637
density_curve,4,4,DRB16,,,,,,,,,,,,,20.0,43560990.30694617,2.3263789262933173e-08,20.000000015776592
density_curve,4,4,DRB16,,,,,,,,,,,,,20.0,44245047.08958865,1.2513396873924908e-08,20.000000008486097
density_curve,4,4,DRB16,,,,,,,,,,,,,20.0,44939845.907216705,6.643368105682905e-09,20.00000000450527
density_curve,4,4,DRB16,,,,,,,,,,,,,20.0,45645555.44658045,3.479571784378716e-09,20.00000000235971
density_curve,4,4,DRB16,,,,,,,,,,,,,20.0,46362347.04338999,1.7972805196280763e-09,20.000000001218844
density_curve,4,4,DRB16,,,,,,,,,,,,,20.0,47090394.72391306,9.151827772374784e-10,20.00000000062064
density_curve,4,4,DRB16,,,,,,,,,,,,,20.0,47829875.24722586,4.592727127092345e-10,20.00000000031146
density_curve,4,4,DRB16,,,,,,,,,,,,,20.0,48580968.14812807,2.2708634954750914e-10,20.000000000154
density_curve,4,4,DRB16,,,,,,,,,,,,,20.0,49343855.78073008,1.1060421527962972e-10,20.00000000007501
density_curve,4,4,DRB16,,,,,,,,,,,,,20.0,50118723.36272725,5.3055368547126535e-11,20.00000000003598
density_curve,5,13,DRB14,,,,,,,,,,,,,19.0,100000.0,0.002917074912830721,19.00199553560667
density_curve,5,13,DRB14,,,,,,,,,,,,,19.0,101570.34258822507,0.0029503911884184273,19.002018326867166
density_curve,5,13,DRB14,,,,,,,,,,,,,19.0,103165.34493489409,0.0030085458463564637,19.0020581097641
density_curve,5,13,DRB14,,,,,,,,,,,,,19.0,104785.39428269603,0.003096409121906973,19.002118215966416
density_curve,5,13,DRB14,,,,,,,,,,,,,19.0,106430.88395535655,0.003217691626521054,19.00220118385845
density_curve,5,13,DRB14,,,,,,,,,,,,,19.0,108102.21345313193,0.0033748110392536708,19.002308667345154
density_curve,5,13,DRB14,,,,,,,,,,,,,19.0,109799.78854980043,0.0035688394372150357,19.002441399821492
density_curve,5,13,DRB14,,,,,,,,,,,,,19.0,111524.02139117903,0.0037995148746285063,19.002599202093528
density_curve,5,13,DRB14,,,,,,,,,,,,,19.0,113275.33059518597,0.004065297663555884,19.002781020879397
density_curve,5,13,DRB14,,,,,,,,,,,,,19.0,115054.14135347492,0.004363452754560003,19.002984985164918
density_curve,5,13,DRB14,,,,,,,,,,,,,19.0,116860.88553466521,0.004690143864477684,19.003208470595258
density_curve,5,13,DRB14,,,,,,,,,,,,,19.0,118696.00178919302,0.0050405312471472905,19.003448166358698
density_curve,5,13,DRB14,,,,,,,,,,,,,19.0,120559.93565580886,0.005408871733867746,19.003700143623114
density_curve,5,13,DRB14,,,,,,,,,,,,,19.0,122453.13966974878,0.0057886254511052525,19.00395992854025
density_curve,5,13,DRB14,,,,,,,,,,,,,19.0,124376.07347260158,0.006172577353969174,19.004222585385314
density_curve,5,13,DRB14,,,,,,,,,,,,,19.0,126329.20392390396,0.006552982785885855,19.00448281613257
density_curve,5,13,DRB14,,,,,,,,,,,,,19.0,128313.00521448672,0.006921744618786931,19.004735081634802
density_curve,5,13,DRB14,,,,,,,,,,,,,19.0,130327.95898160127,0.007270625565775385,19.004973746863843
density_curve,5,13,DRB14,,,,,,,,,,,,,19.0,132374.55442585386,0.007591493777275295,19.00519324891992
density_curve,5,13,DRB14,,,,,,,,,,,,,19.0,134453.28842997624,0.007876593820454986,19.00538828240539
density_curve,5,13,DRB14,,,,,,,,,,,,,19.0,136564.66567946097,0.00811882961839933,19.00555399298001
density_curve,5,13,DRB14,,,,,,,,,,,,,19.0,138709.19878509274,0.008312041788935763,19.005686167085052
density_curve,5,13,DRB14,,,,,,,,,,,,,19.0,140887.40840740083,0.008451259740958967,19.005781404399368
density_curve,5,13,DRB14,,,,,,,,,,,,,19.0,143099.82338306884,0.008532909225543986,19.005837259822563
density_curve,5,13,DRB14,,,,,,,,,,,,,19.0,145346.98085332804,0.008554958835328016,19.00585234369348
density_curve,5,13,DRB14,,,,,,,,,,,,,19.0,147629.42639436718,0.008516993904423875,19.005826372344206
density_curve,5,13,DRB14,,,,,,,,,,,,,19.0,149947.71414979032,0.008420212790948872,19.005760165557007
density_curve,5,13,DRB14,,,,,,,,,,,,,19.0,152302.40696515449,0.008267347798090206,19.005655592467395
density_curve,5,13,DRB14,,,,,,,,,,,,,19.0,154694.07652461986,0.008062520038751981,19.00551547227878
density_curve,5,13,DRB14,,,,,,,,,,,,,19.0,157123.30348974746,0.007811043387681214,19.005343440148494
density_curve,5,13,DRB14,,,,,,,,,,,,,19.0,159590.6776404731,0.007519196438428269,19.005143791186317
density_curve,5,13,DRB14,,,,,,,,,,,,,19.0,162096.79801829843,0.0071939825159892425,19.004921316282037
density_curve,5,13,DRB14,,,,,,,,,,,,,19.0,164642.27307172897,0.006842896119317658,19.004681142331588
density_curve,5,13,DRB14,,,,,,,,,,,,,19.0,167227.72080399614,0.006473709980520057,19.00442858656683
density_curve,5,13,DRB14,,,,,,,,,,,,,19.0,169853.76892309941,0.00609429097921976,19.00416903062481
density_curve,5,13,DRB14,,,,,,,,,,,,,19.0,172521.0549942039,0.0057124465280650166,19.00390781546193
density_curve,5,13,DRB14,,,,,,,,,,,,,19.0,175230.2265944331,0.005335796978530822,19.00365015406831
density_curve,5,13,DRB14,,,,,,,,,,,,,19.0,177981.9414700888,0.004971665219727461,19.003401055943673
density_curve,5,13,DRB14,,,,,,,,,,,,,19.0,180776.86769634343,0.004626972765671533,19.0031652560119
density_curve,5,13,DRB14,,,,,,,,,,,,,19.0,183615.6838394384,0.004308132562129482,19.002947141291497
density_curve,5,13,DRB14,,,,,,,,,,,,,19.0,186499.07912142982,0.004020932245470314,19.002750671034384
density_curve,5,13,DRB14,,,,,,,,,,,,,19.0,189427.7535875212,0.0037704068987829786,19.0025792896799
density_curve,5,13,DRB14,,,,,,,,,,,,,19.0,192402.4182760241,0.0035607063745955124,19.002435836091887
density_curve,5,13,DRB14,,,,,,,,,,,,,19.0,195423.79539098707,0.0033949677706010305,19.002322456320865
density_curve,5,13,DRB14,,,,,,,,,,,,,19.0,198492.61847753756,0.003275207558948446,19.002240529811
density_curve,5,13,DRB14,,,,,,,,,,,,,19.0,201609.63259997344,0.0032022494055170456,19.002190620022148
density_curve,5,13,DRB14,,,,,,,,,,,,,19.0,204775.59452265495,0.0031757025347714397,19.002172459629495
density_curve,5,13,DRB14,,,,,,,,,,,,,19.0,207991.2728937353,0.0031940017165237727,19.00218497787803
density_curve,5,13,DRB14,,,,,,,,,,,,,19.0,211257.44843177704,0.0032545140820061788,19.002226373654135
density_curve,5,13,DRB14,,,,,,,,,,,,,19.0,214574.91411529886,0.0033537107962114056,19.002294232924523
density_curve,5,13,DRB14,,,,,,,,,,,,,19.0,217944.4753752988,0.003487394031043472,19.002385684005862
density_curve,5,13,DRB14,,,,,,,,,,,,,19.0,221366.95029080036,0.003650962618938418,19.002497579295163
density_curve,5,13,DRB14,,,,,,,,,,,,,19.0,224843.16978747185,0.0038396940620304375,19.002626688188847
density_curve,5,13,DRB14,,,,,,,,,,,,,19.0,228373.97783935972,0.004049016941632858,19.002769883434777
density_curve,5,13,DRB14,,,,,,,,,,,,,19.0,231960.2316737949,0.004274746769901954,19.002924302475513
density_curve,5,13,DRB14,,,,,,,,,,,,,19.0,235602.80197951404,0.004513260309806721,19.003087466698503
density_curve,5,13,DRB14,,,,,,,,,,,,,19.0,239302.57311804994,0.004761588479413666,19.003257344990764
density_curve,5,13,DRB14,,,,,,,,,,,,,19.0,243060.44333844114,0.005017415964806746,19.0034323534741
density_curve,5,13,DRB14,,,,,,,,,,,,,19.0,246877.32499531287,0.00527898603518094,19.003611290390246
density_curve,5,13,DRB14,,,,,,,,,,,,,19.0,250754.1447703851,0.005544920820571758,19.003793213155056
density_curve,5,13,DRB14,,,,,,,,,,,,,19.0,254691.843897454,0.005813979135614503,19.003977272688658
density_curve,5,13,DRB14,,,,,,,,,,,,,19.0,258691.37839091144,0.006084784205538631,19.00416252715611
density_curve,5,13,DRB14,,,,,,,,,,,,,19.0,262753.7192778504,0.006355560707529935,19.004347762080588
density_curve,5,13,DRB14,,,,,,,,,,,,,19.0,266879.85283381585,0.00662392292920072,19.00453134542515
density_curve,5,13,DRB14,,,,,,,,,,,,,19.0,271070.7808222577,0.0068867526202484475,19.004711144032537
density_curve,5,13,DRB14,,,,,,,,,,,,,19.0,275327.5207377438,0.007140196084006886,19.004884521635557
density_curve,5,13,DRB14,,,,,,,,,,,,,19.0,279651.1060529923,0.007379795932301647,19.005048428988953
density_curve,5,13,DRB14,,,,,,,,,,,,,19.0,284042.5864697849,0.007600755307176233,19.00519958462032
density_curve,5,13,DRB14,,,,,,,,,,,,,19.0,288503.028173816,0.007798313558754325,19.00533473182675
density_curve,5,13,DRB14,,,,,,,,,,,,,19.0,293033.5140935484,0.00796819503395565,19.005450945685773
density_curve,5,13,DRB14,,,,,,,,,,,,,19.0,297635.14416313195,0.008107079396372736,19.00554595479548
density_curve,5,13,DRB14,,,,,,,,,,,,,19.0,302309.0355894507,0.008213034891245892,19.00561843766584
density_curve,5,13,DRB14,,,,,,,,,,,,,19.0,307056.3231233643,0.008285856461254047,19.00566825401963
density_curve,5,13,DRB14,,,,,,,,,,,,,19.0,311878.15933520853,0.008327258801297987,19.005696576858853
density_curve,5,13,DRB14,,,,,,,,,,,,,19.0,316775.7148946211,0.008340889395538696,19.005705901383234
density_curve,5,13,DRB14,,,,,,,,,,,,,19.0,321750.1788547658,0.008332146434483264,19.0056999204295
density_curve,5,13,DRB14,,,,,,,,,,,,,19.0,326802.75894101255,0.00830780874240069,19.005683271309202
density_curve,5,13,DRB14,,,,,,,,,,,,,19.0,331934.6818441578,0.00827550667876546,19.00566117385882
density_curve,5,13,DRB14,,,,,,,,,,,,,19.0,337147.193518246,0.008243081780876368,19.00563899237901
density_curve,5,13,DRB14,,,,,,,,,,,,,19.0,342441.55948306865,0.008217896543893167,19.005621763463516
density_curve,5,13,DRB14,,,,,,,,,,,,,19.0,347819.06513141334,0.008206162762004037,19.005613736525483
density_curve,5,13,DRB14,,,,,,,,,,,,,19.0,353281.01604113757,0.00821235667208813,19.005617973704332
density_curve,5,13,DRB14,,,,,,,,,,,,,19.0,358828.7382921458,0.00823878194305465,19.00563605091205
density_curve,5,13,DRB14,,,,,,,,,,,,,19.0,364463.57878833805,0.008285328230462387,19.005667892663343
density_curve,5,13,DRB14,,,,,,,,,,,,,19.0,370186.9055846206,0.008349454997170078,19.005711761007536
density_curve,5,13,DRB14,,,,,,,,,,,,,19.0,376000.1082190484,0.00842640938188168,19.005764404569792
density_curve,5,13,DRB14,,,,,,,,,,,,,19.0,381904.59805018455,0.00850966506735448,19.005821358775556
density_curve,5,13,DRB14,,,,,,,,,,,,,19.0,387901.8085997564,0.008591548379335888,19.005877374157244
density_curve,5,13,DRB14,,,,,,,,,,,,,19.0,393993.19590069365,0.008664000133513795,19.005926937524503
density_curve,5,13,DRB14,,,,,,,,,,,,,19.0,400180.2388506313,0.008719408663348647,19.005964841828472
density_curve,5,13,DRB14,,,,,,,,,,,,,19.0,406464.4395709628,0.008751442207353707,19.00598675558783
density_curve,5,13,DRB14,,,,,,,,,,,,,19.0,412847.323771536,0.008755808061650158,19.005989742215863
density_curve,5,13,DRB14,,,,,,,,,,,,,19.0,419330.44112106785,0.008730871629012708,19.005972683504407
density_curve,5,13,DRB14,,,,,,,,,,,,,19.0,425915.3656233841,0.008678080082788135,19.00593656944722
density_curve,5,13,DRB14,,,,,,,,,,,,,19.0,432603.6959995626,0.008602151591126312,19.00588462768597
density_curve,5,13,DRB14,,,,,,,,,,,,,19.0,439397.0560760795,0.00851101026034675,19.005822279005784
density_curve,5,13,DRB14,,,,,,,,,,,,,19.0,446297.0951790494,0.008415467290751794,19.005756919217816
density_curve,5,13,DRB14,,,,,,,,,,,,,19.0,453305.48853465647,0.008328668463779597,19.00569754119188
density_curve,5,13,DRB14,,,,,,,,,,,,,19.0,460423.93767587794,0.008265345425775002,19.005654222668756
density_curve,5,13,DRB14,,,,,,,,,,,,,19.0,467654.17085558514,0.008240922146750145,19.005637514999467
density_curve,5,13,DRB14,,,,,,,,,,,,,19.0,474997.94346614124,0.008270537733907332,19.00565777466384
density_curve,5,13,DRB14,,,,,,,,,,,,,19.0,482457.03846558335,0.008368052226058454,19.005724483146505
density_curve,5,13,DRB14,,,,,,,,,,,,,19.0,490033.26681049785,0.008545103161208914,19.00584560154622
density_curve,5,13,DRB14,,,,,,,,,,,,,19.0,497728.46789569367,0.00881027783961296,19.00602700433105
density_curve,5,13,DRB14,,,,,,,,,,,,,19.0,505544.5100007789,0.00916845958271728,19.006272032122034
density_curve,5,13,DRB14,,,,,,,,,,,,,19.0,513483.29074375494,0.009620396172416272,19.006581196467707
density_curve,5,13,DRB14,,,,,,,,,,,,,19.0,521546.7375417237,0.010162525294774358,19.006952060432262
density_curve,5,13,DRB14,,,,,,,,,,,,,19.0,529736.8080788398,0.010787075546109285,19.007379307692595
density_curve,5,13,DRB14,,,,,,,,,,,,,19.0,538055.490781606,0.011482442954251913,19.00785500011193
density_curve,5,13,DRB14,,,,,,,,,,,,,19.0,546504.805301633,0.012233822952441945,19.00836901006551
density_curve,5,13,DRB14,,,,,,,,,,,,,19.0,555086.803005981,0.013024057676252108,19.00890960006615
density_curve,5,13,DRB14,,,,,,,,,,,,,19.0,563803.567475201,0.013834640085875486,19.009464109672134
density_curve,5,13,DRB14,,,,,,,,,,,,,19.0,572657.2150091964,0.014646801728122716,19.010019699612027
density_curve,5,13,DRB14,,,,,,,,,,,,,19.0,581649.8951410283,0.015442601885940047,19.010564096858644
density_curve,5,13,DRB14,,,,,,,,,,,,,19.0,590783.7911587943,0.016205933987950786,19.011086283101644
density_curve,5,13,DRB14,,,,,,,,,,,,,19.0,600061.1206356916,0.01692337133863774,19.01157707330129
density_curve,5,13,DRB14,,,,,,,,,,,,,19.0,609484.1359684145,0.01758478840932153,19.012029540706088
density_curve,5,13,DRB14,,,,,,,,,,,,,19.0,619055.1249240021,0.018183714978665624,19.01243925911601
density_curve,5,13,DRB14,,,,,,,,,,,,,19.0,628776.4111952737,0.01871740622482005,19.012804350831683
density_curve,5,13,DRB14,,,,,,,,,,,,,19.0,638650.3549649863,0.01918663960397789,19.013125347701468
density_curve,5,13,DRB14,,,,,,,,,,,,,19.0,648679.3534788508,0.01959527578991601,19.013404890765525
density_curve,5,13,DRB14,,,,,,,,,,,,,19.0,658865.8416275523,0.0199496429599625,19.013647309053294
density_curve,5,13,DRB14,,,,,,,,,,,,,19.0,669212.2925378972,0.02025781866856771,19.013858128321914
density_curve,5,13,DRB14,,,,,,,,,,,,,19.0,679721.2181732573,0.020528889687022902,19.014043564721536
density_curve,5,13,DRB14,,,,,,,,,,,,,19.0,690395.1699434342,0.020772266828776812,19.014210056075626
density_curve,5,13,DRB14,,,,,,,,,,,,,19.0,701236.7393241049,0.020997119401028025,19.01436387499615
density_curve,5,13,DRB14,,,,,,,,,,,,,19.0,712248.5584859921,0.02121197408087031,19.014510854479607
density_curve,5,13,DRB14,,,,,,,,,,,,,19.0,723433.3009339154,0.021424498150332028,19.014656239620734
density_curve,5,13,DRB14,,,,,,,,,,,,,19.0,734793.6821558832,0.021641460192339753,19.014804660725115
density_curve,5,13,DRB14,,,,,,,,,,,,,19.0,746332.4602823642,0.021868835889621643,19.014960205684904
density_curve,5,13,DRB14,,,,,,,,,,,,,19.0,758052.4367559261,0.022112005760892076,19.015126555247768
density_curve,5,13,DRB14,,,,,,,,,,,,,19.0,769956.4570113824,0.022375978376266897,19.01530713571584
density_curve,5,13,DRB14,,,,,,,,,,,,,19.0,782047.411166621,0.022665568913108478,19.015505241093624
density_curve,5,13,DRB14,,,,,,,,,,,,,19.0,794328.2347242822,0.02298546985593463,19.01572408145292
density_curve,5,13,DRB14,,,,,,,,,,,,,19.0,806801.909284454,0.023340167888514857,19.01596672607974
density_curve,5,13,DRB14,,,,,,,,,,,,,19.0,819471.4632685608,0.023733686795043427,19.016235927596103
density_curve,5,13,DRB14,,,,,,,,,,,,,19.0,832339.9726546166,0.024169167302746486,19.01653383453545
density_curve,5,13,DRB14,,,,,,,,,,,,,19.0,845410.561724033,0.024648326963674146,19.016861621854336
density_curve,5,13,DRB14,,,,,,,,,,,,,19.0,858686.4038201383,0.025170871485682013,19.017219088231066
density_curve,5,13,DRB14,,,,,,,,,,,,,19.0,872170.7221186243,0.02573394857623686,19.017604282446875
density_curve,5,13,DRB14,,,,,,,,,,,,,19.0,885866.7904100833,0.02633174244964465,19.01801322599323
density_curve,5,13,DRB14,,,,,,,,,,,,,19.0,899777.9338948353,0.026955299415464366,19.018439793758976
density_curve,5,13,DRB14,,,,,,,,,,,,,19.0,913907.5299902376,0.027592652374134354,19.018875799196287
density_curve,5,13,DRB14,,,,,,,,,,,,,19.0,928259.0091506683,0.02822927699147199,19.01931130638412
density_curve,5,13,DRB14,,,,,,,,,,,,,19.0,942835.8557003973,0.02884886943520066,19.019735162068336
density_curve,5,13,DRB14,,,,,,,,,,,,,19.0,957641.6086795169,0.029434391060050417,19.020135710318133
density_curve,5,13,DRB14,,,,,,,,,,,,,19.0,972679.8627031752,0.02996928616509799,19.02050162557909
density_curve,5,13,DRB14,,,,,,,,,,,,,19.0,987954.2688342923,0.030438751212210693,19.020822780930118
density_curve,5,13,DRB14,,,,,,,,,,,,,19.0,1003468.5354699849,0.03083092230793344,19.021091060425437
density_curve,5,13,DRB14,,,,,,,,,,,,,19.0,1019226.4292419085,0.03113785439388065,19.021301028946862
density_curve,5,13,DRB14,,,,,,,,,,,,,19.0,1035231.7759307377,0.031356189584845394,19.02145038940581
density_curve,5,13,DRB14,,,,,,,,,,,,,19.0,1051488.4613950192,0.03148744972746169,19.021540182879118
density_curve,5,13,DRB14,,,,,,,,,,,,,19.0,1068000.4325145755,0.031537933636220525,19.021574718309473
density_curve,5,13,DRB14,,,,,,,,,,,,,19.0,1084771.6981487798,0.031518245596674786,19.021561249960147
density_curve,5,13,DRB14,,,,,,,,,,,,,19.0,1101806.3301098226,0.03144252175476146,19.02150944819731
density_curve,5,13,DRB14,,,,,,,,,,,,,19.0,1119108.4641512968,0.031327449432406715,19.02143072861572
density_curve,5,13,DRB14,,,,,,,,,,,,,19.0,1136682.3009722962,0.03119118796833589,19.021337513798997
density_curve,5,13,DRB14,,,,,,,,,,,,,19.0,1154532.1072372785,0.031052297801223587,19.02124250071837
density_curve,5,13,DRB14,,,,,,,,,,,,,19.0,1172662.2166119604,0.030928769177196443,19.021157996283257
density_curve,5,13,DRB14,,,,,,,,,,,,,19.0,1191077.0308154398,0.030837217031938854,19.021095366569867
density_curve,5,13,DRB14,,,,,,,,,,,,,19.0,1209781.0206889012,0.030792279272288784,19.021064625192924
density_curve,5,13,DRB14,,,,,,,,,,,,,19.0,1228778.727281043,0.030806226881708657,19.02107416658355
density_curve,5,13,DRB14,,,,,,,,,,,,,19.0,1248074.7629505873,0.030888770120479584,19.021130633413158
density_curve,5,13,DRB14,,,,,,,,,,,,,19.0,1267673.8124860895,0.031047028198744966,19.021238895847155
density_curve,5,13,DRB14,,,,,,,,,,,,,19.0,1287580.634243335,0.031285621056762726,19.021402114330705
density_curve,5,13,DRB14,,,,,,,,,,,,,19.0,1307800.061300597,0.031606840625031205,19.021621856745693
density_curve,5,13,DRB14,,,,,,,,,,,,,19.0,1328337.002632031,0.03201086339788142,19.021898243829746
density_curve,5,13,DRB14,,,,,,,,,,,,,19.0,1349196.4442995142,0.032495974087360276,19.022230102175165
density_curve,5,13,DRB14,,,,,,,,,,,,,19.0,1370383.450663168,0.03305877936501996,19.022615110447067
density_curve,5,13,DRB14,,,,,,,,,,,,,19.0,1391903.1656109202,0.03369439958689313,19.02304993054013
density_curve,5,13,DRB14,,,,,,,,,,,,,19.0,1413760.8138073613,0.03439663396422325,19.02353032056989
density_curve,5,13,DRB14,,,,,,,,,,,,,19.0,1435961.7019622158,0.035158100576925984,19.024051230654255
density_curve,5,13,DRB14,,,,,,,,,,,,,19.0,1458511.22011873,0.035970357065926974,19.024606885477663
density_curve,5,13,DRB14,,,,,,,,,,,,,19.0,1481414.8429622927,0.03682401109897964,19.02519085985941
density_curve,5,13,DRB14,,,,,,,,,,,,,19.0,1504678.1311496203,0.037708832030767137,19.025796155138988
density_curve,5,13,DRB14,,,,,,,,,,,,,19.0,1528306.7326587688,0.03861387661351557,19.026415285173172
density_curve,5,13,DRB14,,,,,,,,,,,,,19.0,1552306.3841604206,0.03952764198140858,19.027040380990822
density_curve,5,13,DRB14,,,,,,,,,,,,,19.0,1576682.9124106285,0.040438258131677084,19.027663322466847
density_curve,5,13,DRB14,,,,,,,,,,,,,19.0,1601442.23566548,0.04133372949165263,19.028275903575313
density_curve,5,13,DRB14,,,,,,,,,,,,,19.0,1626590.3651179587,0.04220223081099977,19.02887003480574
density_curve,5,13,DRB14,,,,,,,,,,,,,19.0,1652133.4063573685,0.04303245674334801,19.029437982307634
density_curve,5,13,DRB14,,,,,,,,,,,,,19.0,1678077.5608516952,0.04381401755970858,19.02997263859327
density_curve,5,13,DRB14,,,,,,,,,,,,,19.0,1704429.1274531947,0.04453786617140081,19.0304678146589
density_curve,5,13,DRB14,,,,,,,,,,,,,19.0,1731194.503927705,0.04519673485997651,19.03091853874637
density_curve,5,13,DRB14,,,,,,,,,,,,,19.0,1758380.1885078938,0.045785554659569176,19.031321343237554
density_curve,5,13,DRB14,,,,,,,,,,,,,19.0,1785992.7814709456,0.0463018269899942,19.03167451888401
density_curve,5,13,DRB14,,,,,,,,,,,,,19.0,1814038.9867410094,0.04674591655437116,19.03197831517473
density_curve,5,13,DRB14,,,,,,,,,,,,,19.0,1842525.6135168101,0.04712123719743212,19.03223506747953
density_curve,5,13,DRB14,,,,,,,,,,,,,19.0,1871459.5779248201,0.04743430868476211,19.03244923589106
density_curve,5,13,DRB14,,,,,,,,,,,,,19.0,1900847.9046983868,0.047694672279833296,19.032627347472072
density_curve,5,13,DRB14,,,,,,,,,,,,,19.0,1930697.7288832497,0.047914666326317606,19.03277784273398
density_curve,5,13,DRB14,,,,,,,,,,,,,19.0,1961016.2975697976,0.04810907919330667,19.03291083822092
density_curve,5,13,DRB14,,,,,,,,,,,,,19.0,1991810.9716525706,0.0482947149783284,19.03303782941242
density_curve,5,13,DRB14,,,,,,,,,,,,,19.0,2023089.2276173707,0.04848992614014965,19.033171371003185
density_curve,5,13,DRB14,,,,,,,,,,,,,19.0,2054858.65935644,0.04871418562568094,19.03332478420027
density_curve,5,13,DRB14,,,,,,,,,,,,,19.0,2087126.9800121451,0.04898778827343496,19.033511952456823
density_curve,5,13,DRB14,,,,,,,,,,,,,19.0,2119902.0238496074,0.04933178715945081,19.0337472779271
density_curve,5,13,DRB14,,,,,,,,,,,,,19.0,2153191.7481587674,0.04976828571215592,19.034045881298706
density_curve,5,13,DRB14,,,,,,,,,,,,,19.0,2187004.235186248,0.05032122210160722,19.034424138383745
density_curve,5,13,DRB14,,,,,,,,,,,,,19.0,2221347.6940976637,0.05101779995361184,19.03490065885306
density_curve,5,13,DRB14,,,,,,,,,,,,,19.0,2256230.462970635,0.05189073939099523,19.035497826146266
density_curve,5,13,DRB14,,,,,,,,,,,,,19.0,2291661.0108191706,0.0529815433000898,19.036244031885076
density_curve,5,13,DRB14,,,,,,,,,,,,,19.0,2327647.9396498133,0.054344990846536156,19.037176749833044
density_curve,5,13,DRB14,,,,,,,,,,,,,19.0,2364199.9865500783,0.056055074695416374,19.03834659747591
density_curve,5,13,DRB14,,,,,,,,,,,,,19.0,2401326.0258096857,0.058212576714797945,19.03982251846862
density_curve,5,13,DRB14,,,,,,,,,,,,,19.0,2439035.071075103,0.06095441205999113,19.041698174810147
density_curve,5,13,DRB14,,,,,,,,,,,,,19.0,2477336.2775379405,0.0644647448252923,19.044099550926205
density_curve,5,13,DRB14,,,,,,,,,,,,,19.0,2516238.944157669,0.06898767338489763,19.04719363155726
density_curve,5,13,DRB14,,,,,,,,,,,,,19.0,2555752.5159192816,0.07484099058069343,19.051197814936298
density_curve,5,13,DRB14,,,,,,,,,,,,,19.0,2595886.586126396,0.08243014608131147,19.056389464269486
density_curve,5,13,DRB14,,,,,,,,,,,,,19.0,2636650.898730361,0.09226109650290217,19.063114698348127
density_curve,5,13,DRB14,,,,,,,,,,,,,19.0,2678055.350695943,0.10495026602866696,19.071795205487792
density_curve,5,13,DRB14,,,,,,,,,,,,,19.0,2720109.994404156,0.12122942182962625,19.082931578744613
density_curve,5,13,DRB14,,,,,,,,,,,,,19.0,2762825.0400928515,0.14194297953595583,19.09710147262085
density_curve,5,13,DRB14,,,,,,,,,,,,,19.0,2806210.858335576,0.16803519020181973,19.11495083782279
density_curve,5,13,DRB14,,,,,,,,,,,,,19.0,2850277.982559416,0.20052491461832359,19.137176664673838
density_curve,5,13,DRB14,,,,,,,,,,,,,19.0,2895037.1116023487,0.24046633551342042,19.164500106806464
density_curve,5,13,DRB14,,,,,,,,,,,,,19.0,2940499.1123107616,0.28889502438261916,19.1976295861345
density_curve,5,13,DRB14,,,,,,,,,,,,,19.0,2986675.022177758,0.3467602396236165,19.237214478827273
density_curve,5,13,DRB14,,,,,,,,,,,,,19.0,3033576.0520228897,0.4148460871345333,19.283791182230022
density_curve,5,13,DRB14,,,,,,,,,,,,,19.0,3081213.5887140087,0.4936860508090368,19.337724646211093
density_curve,5,13,DRB14,,,,,,,,,,,,,19.0,3129599.1979317563,0.5834771630704658,19.399149658264193
density_curve,5,13,DRB14,,,,,,,,,,,,,19.0,3178744.626977629,0.6840014621720127,19.467917113398993
density_curve,5,13,DRB14,,,,,,,,,,,,,19.0,3228661.807625975,0.7945631017089311,19.54355099152039
density_curve,5,13,DRB14,,,,,,,,,,,,,19.0,3279362.859020883,0.9139493136622932,19.625221652719663
density_curve,5,13,DRB14,,,,,,,,,,,,,19.0,3330860.090618524,1.0404222475210065,19.71174025451673
density_curve,5,13,DRB14,,,,,,,,,,,,,19.0,3383166.005175699,1.171746514021386,19.80157759419868
density_curve,5,13,DRB14,,,,,,,,,,,,,19.0,3436293.3017853256,1.3052542042419888,19.892908587594835
density_curve,5,13,DRB14,,,,,,,,,,,,,19.0,3490254.8789595794,1.4379455336797373,19.98368111846988
density_curve,5,13,DRB14,,,,,,,,,,,,,19.0,3545063.837761485,1.5666194963718216,20.071705417425765
density_curve,5,13,DRB14,,,,,,,,,,,,,19.0,3600733.4849856202,1.6880254912299326,20.15475778763993
density_curve,5,13,DRB14,,,,,,,,,,,,,19.0,3657277.33638883,1.79902428054065,20.23069071462539
density_curve,5,13,DRB14,,,,,,,,,,,,,19.0,3714709.119971648,1.8967452549346189,20.297540449290814
density_curve,5,13,DRB14,,,,,,,,,,,,,19.0,3773042.7793112434,1.9787270536274018,20.353623204543663
density_curve,5,13,DRB14,,,,,,,,,,,,,19.0,3832292.476946719,2.0430301667365796,20.39761218517109
density_curve,5,13,DRB14,,,,,,,,,,,,,19.0,3892472.597817551,2.0883130544247215,20.428589660023444
density_curve,5,13,DRB14,,,,,,,,,,,,,19.0,3953597.752756071,2.1138671843963213,20.44607093074144
density_curve,5,13,DRB14,,,,,,,,,,,,,19.0,4015682.782034709,2.1196106997345594,20.45
density_curve,5,13,DRB14,,,,,,,,,,,,,19.0,4078742.7589690215,2.106044603232821,20.44071959774029
density_curve,5,13,DRB14,,,,,,,,,,,,,19.0,4142792.9935772587,2.0741788289287073,20.418920607601795
density_curve,5,13,DRB14,,,,,,,,,,,,,19.0,4207849.036297407,2.025437927317924,20.385577547319787
density_curve,5,13,DRB14,,,,,,,,,,,,,19.0,4273926.681762604,1.9615570606841595,20.341877420390556
density_curve,5,13,DRB14,,,,,,,,,,,,,19.0,4341041.972635828,1.8844785505649515,20.289148945446147
density_curve,5,13,DRB14,,,,,,,,,,,,,19.0,4409211.203504863,1.7962575189577756,20.22879800654665
density_curve,5,13,DRB14,,,,,,,,,,,,,19.0,4478450.924838282,1.6989825753341932,20.162253396127454
density_curve,5,13,DRB14,,,,,,,,,,,,,19.0,4548777.947003777,1.5947144906530764,20.090924862634697
density_curve,5,13,DRB14,,,,,,,,,,,,,19.0,4620209.3443493685,1.4854428624129123,20.016173465612557
density_curve,5,13,DRB14,,,,,,,,,,,,,19.0,4692762.459348841,1.3730583497089734,19.93929258204223
density_curve,5,13,DRB14,,,,,,,,,,,,,19.0,4766454.906812234,1.2593364568732475,19.86149681292649
density_curve,5,13,DRB14,,,,,,,,,,,,,19.0,4841304.57816245,1.1459282130700943,19.783915607313986
density_curve,5,13,DRB14,,,,,,,,,,,,,19.0,4917329.645779026,1.0343534001182242,19.707588629534303
density_curve,5,13,DRB14,,,,,,,,,,,,,19.0,4994548.567410101,0.925993034081859,19.63346061594558
density_curve,5,13,DRB14,,,,,,,,,,,,,19.0,5072980.090653727,0.8220793141389179,19.56237449907698
density_curve,5,13,DRB14,,,,,,,,,,,,,19.0,5152643.257509442,0.7236828785506827,19.49506268959196
density_curve,5,13,DRB14,,,,,,,,,,,,,19.0,5233557.40900142,0.6316986379365765,19.432137385003173
density_curve,5,13,DRB14,,,,,,,,,,,,,19.0,5315742.189874179,0.5468324520553406,19.374081455419876
density_curve,5,13,DRB14,,,,,,,,,,,,,19.0,5399217.553362021,0.4695913490176487,19.321241752629792
density_curve,5,13,DRB14,,,,,,,,,,,,,19.0,5484003.766033389,0.4002798453182506,19.27382659267768
density_curve,5,13,DRB14,,,,,,,,,,,,,19.0,5570121.412711266,0.33900430609896554,19.231908738668405
density_curve,5,13,DRB14,,,,,,,,,,,,,19.0,5657591.401470916,0.28568635519229607,19.19543457441534
density_curve,5,13,DRB14,,,,,,,,,,,,,19.0,5746434.968715974,0.24008530239762246,19.164239446668272
density_curve,5,13,DRB14,,,,,,,,,,,,,19.0,5836673.684334379,0.20182858887597097,19.13806849243911
density_curve,5,13,DRB14,,,,,,,,,,,,,19.0,5928329.456935207,0.17044850330698902,19.11660175608006
density_curve,5,13,DRB14,,,,,,,,,,,,,19.0,6021424.539167753,0.14542296864786675,19.099482091011247
density_curve,5,13,DRB14,,,,,,,,,,,,,19.0,6115981.53312414,0.1262180483686567,19.086344237721327
density_curve,5,13,DRB14,,,,,,,,,,,,,19.0,6212023.395826757,0.11232991711900657,19.076843535392115
density_curve,5,13,DRB14,,,,,,,,,,,,,19.0,6309573.444801942,0.10332428840474478,19.07068289389445
density_curve,5,13,DRB14,,,,,,,,,,,,,19.0,6408655.363740995,0.09887158110456819,19.067636850776218
density_curve,5,13,DRB14,,,,,,,,,,,,,19.0,6509293.20825039,0.09877633990799185,19.067571697427514
density_curve,5,13,DRB14,,,,,,,,,,,,,19.0,6611511.411691989,0.10299953894625835,19.070460736724332
density_curve,5,13,DRB14,,,,,,,,,,,,,19.0,6715334.791115149,0.11167237888731107,19.076393721454075
density_curve,5,13,DRB14,,,,,,,,,,,,,19.0,6820788.553281926,0.12510007483259597,19.085579445569877
density_curve,5,13,DRB14,,,,,,,,,,,,,19.0,6927898.300786892,0.1437540122524883,19.09834037816105
density_curve,5,13,DRB14,,,,,,,,,,,,,19.0,7036690.03827307,0.1682506399131042,19.115098224360047
density_curve,5,13,DRB14,,,,,,,,,,,,,19.0,7147190.1787454495,0.19931570087172817,19.136349456199763
density_curve,5,13,DRB14,,,,,,,,,,,,,19.0,7259425.549983729,0.23773298646534768,19.162630255837982
density_curve,5,13,DRB14,,,,,,,,,,,,,19.0,7373423.401055615,0.28427780047226014,19.194470999196408
density_curve,5,13,DRB14,,,,,,,,,,,,,19.0,7489211.408932546,0.33963673985042064,19.23234137893566
density_curve,5,13,DRB14,,,,,,,,,,,,,19.0,7606817.685209225,0.40431714982933864,19.276588463780616
density_curve,5,13,DRB14,,,,,,,,,,,,,19.0,7726270.782928702,0.47855152337175205,19.327371299350364
density_curve,5,13,DRB14,,,,,,,,,,,,,19.0,7847599.7035146225,0.5622039420748259,19.38459690551222
density_curve,5,13,DRB14,,,,,,,,,,,,,19.0,7970833.903812322,0.6546871037479253,19.447863515952893
density_curve,5,13,DRB14,,,,,,,,,,,,,19.0,8096003.303240569,0.7548992503546568,19.516417431347808
density_curve,5,13,DRB14,,,,,,,,,,,,,19.0,8223138.291055465,0.8611901398569909,19.5891297411119
density_curve,5,13,DRB14,,,,,,,,,,,,,19.0,8352269.733728553,0.9713639301539958,19.664498296267176
density_curve,5,13,DRB14,,,,,,,,,,,,,19.0,8483428.982440725,1.0827244312523707,19.74067866590433
density_curve,5,13,DRB14,,,,,,,,,,,,,19.0,8616647.880693821,1.192164763077876,19.81554547100531
density_curve,5,13,DRB14,,,,,,,,,,,,,19.0,8751958.77204175,1.2962993256145294,19.8867826636167
density_curve,5,13,DRB14,,,,,,,,,,,,,19.0,8889394.507943004,1.3916315807646218,19.951998304387406
density_curve,5,13,DRB14,,,,,,,,,,,,,19.0,9028988.455736592,1.4747469876110466,20.008856547244175
density_curve,5,13,DRB14,,,,,,,,,,,,,19.0,9170774.50674293,1.5425170712506335,20.055217240408115
density_curve,5,13,DRB14,,,,,,,,,,,,,19.0,9314787.084492404,1.5922985266738687,20.089272130946615
density_curve,5,13,DRB14,,,,,,,,,,,,,19.0,9461061.153082676,1.6221108120854355,20.109666354212322
density_curve,5,13,DRB14,,,,,,,,,,,,,19.0,9609632.225667553,1.6307770198028257,20.11559480191821
density_curve,5,13,DRB14,,,,,,,,,,,,,19.0,9760536.373079011,1.618015842755076,20.106865035305148
density_curve,5,13,DRB14,,,,,,,,,,,,,19.0,9913810.23258467,1.584476862650765,20.083921425350102
density_curve,5,13,DRB14,,,,,,,,,,,,,19.0,10069491.016782762,1.5317166579057715,20.047828808488987
density_curve,5,13,DRB14,,,,,,,,,,,,,19.0,10227616.522636779,1.4621187241241518,20.000217705187804
density_curve,5,13,DRB14,,,,,,,,,,,,,19.0,10388225.14065211,1.3787652398514778,19.943196596448114
density_curve,5,13,DRB14,,,,,,,,,,,,,19.0,10551355.864196453,1.2852726804603898,19.879239469257705
density_curve,5,13,DRB14,,,,,,,,,,,,,19.0,10717048.298967114,1.1856057213351048,19.811058510013744
density_curve,5,13,DRB14,,,,,,,,,,,,,19.0,10885342.672606446,1.0838845366341487,19.741472279940997
density_curve,5,13,DRB14,,,,,,,,,,,,,19.0,11056279.844468623,0.9841995049736453,19.67327895749465
density_curve,5,13,DRB14,,,,,,,,,,,,,19.0,11229901.315539658,0.8904447404324102,19.60914245893771
density_curve,5,13,DRB14,,,,,,,,,,,,,19.0,11406249.238513203,0.8061782430783385,19.551496769010452
density_curve,5,13,DRB14,,,,,,,,,,,,,19.0,11585366.428024698,0.7345124036110993,19.502471036483005
density_curve,5,13,DRB14,,,,,,,,,,,,,19.0,11767296.371045876,0.6780347318683932,19.463835345486928
density_curve,5,13,DRB14,,,,,,,,,,,,,19.0,11952083.237443073,0.6387555744923471,19.436964949804175
density_curve,5,13,DRB14,,,,,,,,,,,,,19.0,12139771.890700752,0.6180776569078763,19.42281943690351
density_curve,5,13,DRB14,,,,,,,,,,,,,19.0,12330407.898813803,0.6167817291576382,19.421932908430108
density_curve,5,13,DRB14,,,,,,,,,,,,,19.0,12524037.545350743,0.6350233734447577,19.4344117962842
density_curve,5,13,DRB14,,,,,,,,,,,,,19.0,12720707.84069066,0.6723378735226777,19.45993819371169
density_curve,5,13,DRB14,,,,,,,,,,,,,19.0,12920466.533436738,0.727652501368678,19.49777826046864
density_curve,5,13,DRB14,,,,,,,,,,,,,19.0,13123362.122008637,0.7993080901392263,19.546796980618666
density_curve,5,13,DRB14,,,,,,,,,,,,,19.0,13329443.866417537,0.8850937699112298,19.60548192483271
density_curve,5,13,DRB14,,,,,,,,,,,,,19.0,13538761.800225446,0.9822997666510488,19.67197936952403
density_curve,5,13,DRB14,,,,,,,,,,,,,19.0,13751366.742692733,1.087792897929284,19.744145942552088
density_curve,5,13,DRB14,,,,,,,,,,,,,19.0,13967310.311116258,1.1981177610668068,19.81961784480727
density_curve,5,13,DRB14,,,,,,,,,,,,,19.0,14186644.93336124,1.3096237689172607,19.895897753850665
density_curve,5,13,DRB14,,,,,,,,,,,,,19.0,14409423.860590115,1.4186145427402204,19.970457021768627
density_curve,5,13,DRB14,,,,,,,,,,,,,19.0,14635701.180190798,1.5215122895275677,20.04084812371029
density_curve,5,13,DRB14,,,,,,,,,,,,,19.0,14865531.828908725,1.6150263252760957,20.104819942616633
density_curve,5,13,DRB14,,,,,,,,,,,,,19.0,15098971.606184201,1.6963124870505186,20.160426821081472
density_curve,5,13,DRB14,,,,,,,,,,,,,19.0,15336077.187700124,1.7631093087610419,20.20612171755109
density_curve,5,13,DRB14,,,,,,,,,,,,,19.0,15576906.139141649,1.813837804947385,20.24082446720196
density_curve,5,13,DRB14,,,,,,,,,,,,,19.0,15821516.930172438,1.8476545256248664,20.263958076118204
density_curve,5,13,DRB14,,,,,,,,,,,,,19.0,16069968.948630175,1.8644519362117193,20.27544898119525
density_curve,5,13,DRB14,,,,,,,,,,,,,19.0,16322322.514945026,1.8648056052089854,20.27569092187148
density_curve,5,13,DRB14,,,,,,,,,,,,,19.0,16578638.896784693,1.849873432020747,20.265476003100943
density_curve,5,13,DRB14,,,,,,,,,,,,,19.0,16838980.323928915,1.821257426672899,20.24590014053355
density_curve,5,13,DRB14,,,,,,,,,,,,,19.0,17103410.003378414,1.7808426184709565,20.218252859879534
density_curve,5,13,DRB14,,,,,,,,,,,,,19.0,17371992.134700213,1.730629943118835,20.183902977012036
density_curve,5,13,DRB14,,,,,,,,,,,,,19.0,17644791.92561452,1.6725801162418679,20.144191793735718
density_curve,5,13,DRB14,,,,,,,,,,,,,19.0,17921875.607826144,1.608483533294483,20.100344097889803
density_curve,5,13,DRB14,,,,,,,,,,,,,19.0,18203310.453104522,1.5398674396142185,20.05340465950669
density_curve,5,13,DRB14,,,,,,,,,,,,,19.0,18489164.789616488,1.4679465496581856,20.004204450029867
density_curve,5,13,DRB14,,,,,,,,,,,,,19.0,18779508.018514913,1.393617692003831,19.953356979023845
density_curve,5,13,DRB14,,,,,,,,,,,,,19.0,19074410.630788796,1.3174937017915251,19.901281479583467
density_curve,5,13,DRB14,,,,,,,,,,,,,19.0,19373944.224377003,1.2399673925584673,19.84824667069049
density_curve,5,13,DRB14,,,,,,,,,,,,,19.0,19678181.521551367,1.1612935578066024,19.794426853492695
density_curve,5,13,DRB14,,,,,,,,,,,,,19.0,19987196.386572525,1.0816758731085292,19.73996135998171
density_curve,5,13,DRB14,,,,,,,,,,,,,19.0,20301063.843623016,1.0013463064047086,19.685008876615246
density_curve,5,13,DRB14,,,,,,,,,,,,,19.0,20619860.095022235,0.9206269480835003,19.629789741525766
density_curve,5,13,DRB14,,,,,,,,,,,,,19.0,20943662.539726753,0.8399675876144463,19.57461165024005
density_curve,5,13,DRB14,,,,,,,,,,,,,19.0,21272549.792122267,0.7599563133374753,19.519876906866592
density_curve,5,13,DRB14,,,,,,,,,,,,,19.0,21606601.701109305,0.6813042972381372,19.466072015544654
density_curve,5,13,DRB14,,,,,,,,,,,,,19.0,21945899.369489986,0.6048092181298481,19.41374265868638
density_curve,5,13,DRB14,,,,,,,,,,,,,19.0,22290525.173658106,0.5313040886639376,19.36345869015437
density_curve,5,13,DRB14,,,,,,,,,,,,,19.0,22640562.78359909,0.461599383685395,19.31577454597094
density_curve,5,13,DRB14,,,,,,,,,,,,,19.0,22996097.183203783,0.3964263134966282,19.271190438245142
density_curve,5,13,DRB14,,,,,,,,,,,,,19.0,23357214.690901212,0.33638801036788313,19.230118962455943
density_curve,5,13,DRB14,,,,,,,,,,,,,19.0,23724002.980615646,0.28192358860891836,19.192860511382644
density_curve,5,13,DRB14,,,,,,,,,,,,,19.0,24096551.10305199,0.23328784932769353,19.159589391376215
density_curve,5,13,DRB14,,,,,,,,,,,,,19.0,24474949.507316638,0.19054718350139327,19.130351019699805
density_curve,5,13,DRB14,,,,,,,,,,,,,19.0,24859290.062876612,0.15359028225917742,19.10506925130341
density_curve,5,13,DRB14,,,,,,,,,,,,,19.0,25249666.08186437,0.12215080405642051,19.083561885163153
density_curve,5,13,DRB14,,,,,,,,,,,,,19.0,25646172.341732506,0.09583828238089966,19.065561807868637
density_curve,5,13,DRB14,,,,,,,,,,,,,19.0,26048905.10826428,0.07417329004552893,19.050741049089574
density_curve,5,13,DRB14,,,,,,,,,,,,,19.0,26457962.158945747,0.056623128112420935,19.038735195936354
density_curve,5,13,DRB14,,,,,,,,,,,,,19.0,26873442.80670409,0.04263494401700129,19.02916604866752
density_curve,5,13,DRB14,,,,,,,,,,,,,19.0,27295447.924020074,0.031664044566473946,19.02166098926899
density_curve,5,13,DRB14,,,,,,,,,,,,,19.0,27724079.967417758,0.023196099008614517,19.015868170304437
density_curve,5,13,DRB14,,,,,,,,,,,,,19.0,28159443.002339695,0.016762794862076952,19.011467224879105
density_curve,5,13,DRB14,,,,,,,,,,,,,19.0,28601642.7284124,0.011951222965897675,19.008175686838495
density_curve,5,13,DRB14,,,,,,,,,,,,,19.0,29050786.505108584,0.00840777925919968,19.005751659928574
density_curve,5,13,DRB14,,,,,,,,,,,,,19.0,29506983.377812706,0.005837669293117453,19.003993478838392
density_curve,5,13,DRB14,,,,,,,,,,,,,19.0,29970344.104294933,0.004001207999704699,19.00273717791682
density_curve,5,13,DRB14,,,,,,,,,,,,,19.0,30440981.18160234,0.0027080617615793884,19.001852552242156
density_curve,5,13,DRB14,,,,,,,,,,,,,19.0,30919008.873370558,0.0018104306671611415,19.00123849368552
density_curve,5,13,DRB14,,,,,,,,,,,,,19.0,31404543.237566188,0.0011959635140581966,19.00081814415053
density_curve,5,13,DRB14,,,,,,,,,,,,,19.0,31897702.154663246,0.0007809769694720807,19.000534256883057
density_curve,5,13,DRB14,,,,,,,,,,,,,19.0,32398605.356263112,0.000504343091286213,19.000345014998487
density_curve,5,13,DRB14,,,,,,,,,,,,,19.0,32907374.454163484,0.00032223464180264664,19.00022043681449
density_curve,5,13,DRB14,,,,,,,,,,,,,19.0,33424132.969883844,0.00020378365104577266,19.000139405926785
density_curve,5,13,DRB14,,,,,,,,,,,,,19.0,33949006.36465498,0.00012761602733978508,19.000087300578198
density_curve,5,13,DRB14,,,,,,,,,,,,,19.0,34482122.069878325,7.916899498448048e-05,19.000054158550313
density_curve,5,13,DRB14,,,,,,,,,,,,,19.0,35023609.518065386,4.867136969886094e-05,19.000033295494344
density_curve,5,13,DRB14,,,,,,,,,,,,,19.0,35573600.17426121,2.9661025856222395e-05,19.000020290748438
density_curve,5,13,DRB14,,,,,,,,,,,,,19.0,36132227.56796255,1.7921833786776635e-05,19.000012260109365
density_curve,5,13,DRB14,,,,,,,,,,,,,19.0,36699627.32553667,1.0737671411514843e-05,19.000007345510923
density_curve,5,13,DRB14,,,,,,,,,,,,,19.0,37275937.20314938,6.3792787755739815e-06,19.000004363987323
density_curve,5,13,DRB14,,,,,,,,,,,,,19.0,37861297.12021055,3.7577087892341784e-06,19.00000257060306
density_curve,5,13,DRB14,,,,,,,,,,,,,19.0,38455849.19334357,2.194202303044961e-06,19.000001501027214
density_curve,5,13,DRB14,,,,,,,,,,,,,19.0,39059737.77089033,1.269708876418766e-06,19.00000086859246
density_curve,5,13,DRB14,,,,,,,,,,,,,19.0,39673109.46795558,7.278532357435751e-07,19.00000049791558
density_curve,5,13,DRB14,,,,,,,,,,,,,19.0,40296113.20200404,4.131499962648143e-07,19.000000282630907
density_curve,5,13,DRB14,,,,,,,,,,,,,19.0,40928900.22901449,2.3210797259355138e-07,19.000000158782253
density_curve,5,13,DRB14,,,,,,,,,,,,,19.0,41571624.180202775,1.2899556443591117e-07,19.000000088244303
density_curve,5,13,DRB14,,,,,,,,,,,,,19.0,42224441.09932146,7.088317347814432e-08,19.00000004849032
density_curve,5,13,DRB14,,,,,,,,,,,,,19.0,42887509.48054403,3.849282500502886e-08,19.000000026332476
density_curve,5,13,DRB14,,,,,,,,,,,,,19.0,43560990.30694617,2.0647977450354388e-08,19.000000014125032
density_curve,5,13,DRB14,,,,,,,,,,,,,19.0,44245047.08958865,1.0935559738261229e-08,19.000000007480885
density_curve,5,13,DRB14,,,,,,,,,,,,,19.0,44939845.907216705,5.715959591172025e-09,19.00000000391022
density_curve,5,13,DRB14,,,,,,,,,,,,,19.0,45645555.44658045,2.947516829735448e-09,19.00000000201636
density_curve,5,13,DRB14,,,,,,,,,,,,,19.0,46362347.04338999,1.498969535147447e-09,19.000000001025427
density_curve,5,13,DRB14,,,,,,,,,,,,,19.0,47090394.72391306,7.515620423272763e-10,19.000000000514135
density_curve,5,13,DRB14,,,,,,,,,,,,,19.0,47829875.24722586,3.7141006786813425e-10,19.000000000254076
density_curve,5,13,DRB14,,,,,,,,,,,,,19.0,48580968.14812807,1.8086509514643083e-10,19.000000000123727
density_curve,5,13,DRB14,,,,,,,,,,,,,19.0,49343855.78073008,8.677139483899242e-11,19.00000000005936
density_curve,5,13,DRB14,,,,,,,,,,,,,19.0,50118723.36272725,4.1005242925843306e-11,19.000000000028052
density_curve,6,6,DRB40,,,,,,,,,,,,,18.0,100000.0,0.002908481117075132,18.0019926544165
density_curve,6,6,DRB40,,,,,,,,,,,,,18.0,101570.34258822507,0.003197013238507066,18.00219033313021
density_curve,6,6,DRB40,,,,,,,,,,,,,18.0,103165.34493489409,0.003478504254476535,18.00238318785183
density_curve,6,6,DRB40,,,,,,,,,,,,,18.0,104785.39428269603,0.00374576738752347,18.00256629478669
density_curve,6,6,DRB40,,,,,,,,,,,,,18.0,106430.88395535655,0.003992409879289887,18.00273527413733
density_curve,6,6,DRB40,,,,,,,,,,,,,18.0,108102.21345313193,0.0042131571133796975,18.002886512166125
density_curve,6,6,DRB40,,,,,,,,,,,,,18.0,109799.78854980043,0.0044040752937334745,18.003017313756356
density_curve,6,6,DRB40,,,,,,,,,,,,,18.0,111524.02139117903,0.00456267520711201,18.003125973501813
density_curve,6,6,DRB40,,,,,,,,,,,,,18.0,113275.33059518597,0.0046878947437039116,18.003211763731347
density_curve,6,6,DRB40,,,,,,,,,,,,,18.0,115054.14135347492,0.004779973474121792,18.003274848579228
density_curve,6,6,DRB40,,,,,,,,,,,,,18.0,116860.88553466521,0.004840246152281676,18.003316142510148
density_curve,6,6,DRB40,,,,,,,,,,,,,18.0,118696.00178919302,0.00487089123782733,18.003337138027256
density_curve,6,6,DRB40,,,,,,,,,,,,,18.0,120559.93565580886,0.00487467380169105,18.00333972953199
density_curve,6,6,DRB40,,,,,,,,,,,,,18.0,122453.13966974878,0.004854718908086728,18.00332605806387
density_curve,6,6,DRB40,,,,,,,,,,,,,18.0,124376.07347260158,0.004814342335503251,18.0032983953243
density_curve,6,6,DRB40,,,,,,,,,,,,,18.0,126329.20392390396,0.00475695197249416,18.003259076121008
density_curve,6,6,DRB40,,,,,,,,,,,,,18.0,128313.00521448672,0.00468601785498322,18.003210477840035
density_curve,6,6,DRB40,,,,,,,,,,,,,18.0,130327.95898160127,0.004605094391742801,18.003155035672822
density_curve,6,6,DRB40,,,,,,,,,,,,,18.0,132374.55442585386,0.004517867464860152,18.00309527488563
density_curve,6,6,DRB40,,,,,,,,,,,,,18.0,134453.28842997624,0.0044281937435441815,18.003033837754142
density_curve,6,6,DRB40,,,,,,,,,,,,,18.0,136564.66567946097,0.00434010065536582,18.002973483543762
density_curve,6,6,DRB40,,,,,,,,,,,,,18.0,138709.19878509274,0.004257722801014882,18.002917044946198
density_curve,6,6,DRB40,,,,,,,,,,,,,18.0,140887.40840740083,0.004185162863527884,18.00286733278577
density_curve,6,6,DRB40,,,,,,,,,,,,,18.0,143099.82338306884,0.0041262801023592985,18.002826991112787
density_curve,6,6,DRB40,,,,,,,,,,,,,18.0,145346.98085332804,0.0040844247492452,18.00279831523322
density_curve,6,6,DRB40,,,,,,,,,,,,,18.0,147629.42639436718,0.004062149460318875,18.00278305401918
density_curve,6,6,DRB40,,,,,,,,,,,,,18.0,149947.71414979032,0.004060937282917245,18.002782223533934
density_curve,6,6,DRB40,,,,,,,,,,,,,18.0,152302.40696515449,0.004080987974791827,18.00279596063523
density_curve,6,6,DRB40,,,,,,,,,,,,,18.0,154694.07652461986,0.004121100509473025,18.002823442477528
density_curve,6,6,DRB40,,,,,,,,,,,,,18.0,157123.30348974746,0.004178679712936457,18.00286289105892
density_curve,6,6,DRB40,,,,,,,,,,,,,18.0,159590.6776404731,0.00424988054356036,18.002911672070002
density_curve,6,6,DRB40,,,,,,,,,,,,,18.0,162096.79801829843,0.004329886508986136,18.00296648564243
density_curve,6,6,DRB40,,,,,,,,,,,,,18.0,164642.27307172897,0.004413301402163579,18.003023634734546
density_curve,6,6,DRB40,,,,,,,,,,,,,18.0,167227.72080399614,0.004494618251575417,18.00307934641793
density_curve,6,6,DRB40,,,,,,,,,,,,,18.0,169853.76892309941,0.004568718165656441,18.003130113644914
density_curve,6,6,DRB40,,,,,,,,,,,,,18.0,172521.0549942039,0.004631346138533541,18.003173021231976
density_curve,6,6,DRB40,,,,,,,,,,,,,18.0,175230.2265944331,0.004679511700671987,18.003206020352913
density_curve,6,6,DRB40,,,,,,,,,,,,,18.0,177981.9414700888,0.004711769566506206,18.003228120815745
density_curve,6,6,DRB40,,,,,,,,,,,,,18.0,180776.86769634343,0.004728348360605427,18.003239479255406
density_curve,6,6,DRB40,,,,,,,,,,,,,18.0,183615.6838394384,0.004731112577289432,18.00324137307158
density_curve,6,6,DRB40,,,,,,,,,,,,,18.0,186499.07912142982,0.0047233620819215885,18.003236063063298
density_curve,6,6,DRB40,,,,,,,,,,,,,18.0,189427.7535875212,0.004709492338014416,18.003226560644222
density_curve,6,6,DRB40,,,,,,,,,,,,,18.0,192402.4182760241,0.00469455479050891,18.00321632665307
density_curve,6,6,DRB40,,,,,,,,,,,,,18.0,195423.79539098707,0.0046837684097171105,18.003208936703317
density_curve,6,6,DRB40,,,,,,,,,,,,,18.0,198492.61847753756,0.0046820388384537686,18.00320775174193
density_curve,6,6,DRB40,,,,,,,,,,,,,18.0,201609.63259997344,0.004693540194553157,18.003215631534545
density_curve,6,6,DRB40,,,,,,,,,,,,,18.0,204775.59452265495,0.004721406531465717,18.00323472327937
density_curve,6,6,DRB40,,,,,,,,,,,,,18.0,207991.2728937353,0.004767566255442356,18.003266348163336
density_curve,6,6,DRB40,,,,,,,,,,,,,18.0,211257.44843177704,0.00483273514205591,18.00331099657758
density_curve,6,6,DRB40,,,,,,,,,,,,,18.0,214574.91411529886,0.004916564163702697,18.003368429396804
density_curve,6,6,DRB40,,,,,,,,,,,,,18.0,217944.4753752988,0.005017919501608504,18.00343786982072
density_curve,6,6,DRB40,,,,,,,,,,,,,18.0,221366.95029080036,0.005135256133890807,18.003518259326142
density_curve,6,6,DRB40,,,,,,,,,,,,,18.0,224843.16978747185,0.00526703514864665,18.003608543575954
density_curve,6,6,DRB40,,,,,,,,,,,,,18.0,228373.97783935972,0.005412129712355382,18.003707950555594
density_curve,6,6,DRB40,,,,,,,,,,,,,18.0,231960.2316737949,0.0055701659761171,18.003816224134233
density_curve,6,6,DRB40,,,,,,,,,,,,,18.0,235602.80197951404,0.0057417528890627125,18.00393378151423
density_curve,6,6,DRB40,,,,,,,,,,,,,18.0,239302.57311804994,0.005928567938205619,18.004061771973085
density_curve,6,6,DRB40,,,,,,,,,,,,,18.0,243060.44333844114,0.006133282672853158,18.00420202583883
density_curve,6,6,DRB40,,,,,,,,,,,,,18.0,246877.32499531287,0.006359330520230421,18.00435689541621
density_curve,6,6,DRB40,,,,,,,,,,,,,18.0,250754.1447703851,0.006610537710881446,18.004529002126812
density_curve,6,6,DRB40,,,,,,,,,,,,,18.0,254691.843897454,0.00689065404423634,18.00472091502785
density_curve,6,6,DRB40,,,,,,,,,,,,,18.0,258691.37839091144,0.007202831989669212,18.004934793934627
density_curve,6,6,DRB40,,,,,,,,,,,,,18.0,262753.7192778504,0.007549108998674819,18.00517203474299
density_curve,6,6,DRB40,,,,,,,,,,,,,18.0,266879.85283381585,0.007929948301292473,18.005432954820446
density_curve,6,6,DRB40,,,,,,,,,,,,,18.0,271070.7808222577,0.0083438879705656,18.005716552573684
density_curve,6,6,DRB40,,,,,,,,,,,,,18.0,275327.5207377438,0.008787337424743476,18.006020368028484
density_curve,6,6,DRB40,,,,,,,,,,,,,18.0,279651.1060529923,0.009254546117750104,18.006340461378954
density_curve,6,6,DRB40,,,,,,,,,,,,,18.0,284042.5864697849,0.009737752643775396,18.006671515141868
density_curve,6,6,DRB40,,,,,,,,,,,,,18.0,288503.028173816,0.010227505706258482,18.00700705405846
density_curve,6,6,DRB40,,,,,,,,,,,,,18.0,293033.5140935484,0.010713133142699054,18.007339766432047
density_curve,6,6,DRB40,,,,,,,,,,,,,18.0,297635.14416313195,0.0111833229129652,18.007661902173897
density_curve,6,6,DRB40,,,,,,,,,,,,,18.0,302309.0355894507,0.0116267716322075,18.00796571712518
density_curve,6,6,DRB40,,,,,,,,,,,,,18.0,307056.3231233643,0.012032852283265593,18.008243930519118
density_curve,6,6,DRB40,,,,,,,,,,,,,18.0,311878.15933520853,0.012392253056106457,18.00849016266176
density_curve,6,6,DRB40,,,,,,,,,,,,,18.0,316775.7148946211,0.012697543271712297,18.008699322656945
density_curve,6,6,DRB40,,,,,,,,,,,,,18.0,321750.1788547658,0.01294362921973898,18.008867920709136
density_curve,6,6,DRB40,,,,,,,,,,,,,18.0,326802.75894101255,0.013128071550743123,18.00899428557474
density_curve,6,6,DRB40,,,,,,,,,,,,,18.0,331934.6818441578,0.01325124576444867,18.009078674515585
density_curve,6,6,DRB40,,,,,,,,,,,,,18.0,337147.193518246,0.013316337642084949,18.009123270169546
density_curve,6,6,DRB40,,,,,,,,,,,,,18.0,342441.55948306865,0.013329175681136653,18.00913206574847
density_curve,6,6,DRB40,,,,,,,,,,,,,18.0,347819.06513141334,0.013297912326905772,18.009110646644004
density_curve,6,6,DRB40,,,,,,,,,,,,,18.0,353281.01604113757,0.01323257470887411,18.009065882628736
density_curve,6,6,DRB40,,,,,,,,,,,,,18.0,358828.7382921458,0.013144513277572151,18.009005550107073
density_curve,6,6,DRB40,,,,,,,,,,,,,18.0,364463.57878833805,0.013045782709211402,18.00893790796151
density_curve,6,6,DRB40,,,,,,,,,,,,,18.0,370186.9055846206,0.012948493169793986,18.00887125309163
density_curve,6,6,DRB40,,,,,,,,,,,,,18.0,376000.1082190484,0.012864171055464484,18.008813482445454
density_curve,6,6,DRB40,,,,,,,,,,,,,18.0,381904.59805018455,0.0128031664343851,18.00877168704685
density_curve,6,6,DRB40,,,,,,,,,,,,,18.0,387901.8085997564,0.012774139762947737,18.008751800335297
density_curve,6,6,DRB40,,,,,,,,,,,,,18.0,393993.19590069365,0.012783653623363695,18.008758318457716
density_curve,6,6,DRB40,,,,,,,,,,,,,18.0,400180.2388506313,0.012835887191380046,18.00879410464501
density_curve,6,6,DRB40,,,,,,,,,,,,,18.0,406464.4395709628,0.01293248304329161,18.0088602842567
density_curve,6,6,DRB40,,,,,,,,,,,,,18.0,412847.323771536,0.013072528822602162,18.008956232220402
density_curve,6,6,DRB40,,,,,,,,,,,,,18.0,419330.44112106785,0.013252670916540697,18.009079650913744
density_curve,6,6,DRB40,,,,,,,,,,,,,18.0,425915.3656233841,0.01346735377189562,18.00922673412407
density_curve,6,6,DRB40,,,,,,,,,,,,,18.0,432603.6959995626,0.013709176297432272,18.00939241122635
density_curve,6,6,DRB40,,,,,,,,,,,,,18.0,439397.0560760795,0.013969354928514213,18.00957066443737
density_curve,6,6,DRB40,,,,,,,,,,,,,18.0,446297.0951790494,0.014238280123905968,18.009754910082
density_curve,6,6,DRB40,,,,,,,,,,,,,18.0,453305.48853465647,0.014506148273113566,18.00993843152466
density_curve,6,6,DRB40,,,,,,,,,,,,,18.0,460423.93767587794,0.014763643765405194,18.010114846467474
density_curve,6,6,DRB40,,,,,,,,,,,,,18.0,467654.17085558514,0.015002636752205287,18.01027858500023
density_curve,6,6,DRB40,,,,,,,,,,,,,18.0,474997.94346614124,0.015216852332155412,18.0104253480715
density_curve,6,6,DRB40,,,,,,,,,,,,,18.0,482457.03846558335,0.015402458686359321,18.01055251043101
density_curve,6,6,DRB40,,,,,,,,,,,,,18.0,490033.26681049785,0.01555851761347795,18.0106594292996
density_curve,6,6,DRB40,,,,,,,,,,,,,18.0,497728.46789569367,0.015687243234885375,18.01074762161294
density_curve,6,6,DRB40,,,,,,,,,,,,,18.0,505544.5100007789,0.01579402477874339,18.0108207796313
density_curve,6,6,DRB40,,,,,,,,,,,,,18.0,513483.29074375494,0.015887187400676128,18.010884607073383
density_curve,6,6,DRB40,,,,,,,,,,,,,18.0,521546.7375417237,0.015977489508317146,18.010946474724012
density_curve,6,6,DRB40,,,,,,,,,,,,,18.0,529736.8080788398,0.01607738315001431,18.01101491371271
density_curve,6,6,DRB40,,,,,,,,,,,,,18.0,538055.490781606,0.016200091832397005,18.011098983709402
density_curve,6,6,DRB40,,,,,,,,,,,,,18.0,546504.805301633,0.016358583450523396,18.011207569259774
density_curve,6,6,DRB40,,,,,,,,,,,,,18.0,555086.803005981,0.016564531093970183,18.01134866781423
density_curve,6,6,DRB40,,,,,,,,,,,,,18.0,563803.567475201,0.016827358725464342,18.011528735904616
density_curve,6,6,DRB40,,,,,,,,,,,,,18.0,572657.2150091964,0.017153461149790623,18.011752154730424
density_curve,6,6,DRB40,,,,,,,,,,,,,18.0,581649.8951410283,0.017545669162343694,18.012020863722142
density_curve,6,6,DRB40,,,,,,,,,,,,,18.0,590783.7911587943,0.018003003829426458,18.012334192194118
density_curve,6,6,DRB40,,,,,,,,,,,,,18.0,600061.1206356916,0.018520732278412062,18.012688897567436
density_curve,6,6,DRB40,,,,,,,,,,,,,18.0,609484.1359684145,0.01909070552471358,18.013079396821446
density_curve,6,6,DRB40,,,,,,,,,,,,,18.0,619055.1249240021,0.01970193096883237,18.013498158722136
density_curve,6,6,DRB40,,,,,,,,,,,,,18.0,628776.4111952737,0.020341311721822887,18.013936210347705
density_curve,6,6,DRB40,,,,,,,,,,,,,18.0,638650.3549649863,0.020994474070245295,18.014383704000192
density_curve,6,6,DRB40,,,,,,,,,,,,,18.0,648679.3534788508,0.021646603883093963,18.01483049024339
density_curve,6,6,DRB40,,,,,,,,,,,,,18.0,658865.8416275523,0.022283221809032895,18.015266649004847
density_curve,6,6,DRB40,,,,,,,,,,,,,18.0,669212.2925378972,0.02289084365601377,18.015682942014227
density_curve,6,6,DRB40,,,,,,,,,,,,,18.0,679721.2181732573,0.023457493444298018,18.01607116430544
density_curve,6,6,DRB40,,,,,,,,,,,,,18.0,690395.1699434342,0.023973058926668792,18.01642438779017
density_curve,6,6,DRB40,,,,,,,,,,,,,18.0,701236.7393241049,0.02442949961372632,18.016737103779832
density_curve,6,6,DRB40,,,,,,,,,,,,,18.0,712248.5584859921,0.024820932808167284,18.017005281929276
density_curve,6,6,DRB40,,,,,,,,,,,,,18.0,723433.3009339154,0.025143632023438632,18.01722636915337
density_curve,6,6,DRB40,,,,,,,,,,,,,18.0,734793.6821558832,0.02539597375262326,18.01739925315739
density_curve,6,6,DRB40,,,,,,,,,,,,,18.0,746332.4602823642,0.025578363373686158,18.017524211673294
density_curve,6,6,DRB40,,,,,,,,,,,,,18.0,758052.4367559261,0.025693160630064344,18.017602861405138
density_curve,6,6,DRB40,,,,,,,,,,,,,18.0,769956.4570113824,0.02574461203228778,18.017638111716124
density_curve,6,6,DRB40,,,,,,,,,,,,,18.0,782047.411166621,0.025738784512295488,18.017634119173973
density_curve,6,6,DRB40,,,,,,,,,,,,,18.0,794328.2347242822,0.0256834844556964,18.017596232078414
density_curve,6,6,DRB40,,,,,,,,,,,,,18.0,806801.909284454,0.025588140959852217,18.017530910479124
density_curve,6,6,DRB40,,,,,,,,,,,,,18.0,819471.4632685608,0.025463632907392973,18.01744560770058
density_curve,6,6,DRB40,,,,,,,,,,,,,18.0,832339.9726546166,0.025322046017239076,18.017348603893225
density_curve,6,6,DRB40,,,,,,,,,,,,,18.0,845410.561724033,0.02517635697089764,18.017248789622496
density_curve,6,6,DRB40,,,,,,,,,,,,,18.0,858686.4038201383,0.02504005453455675,18.017155406292563
density_curve,6,6,DRB40,,,,,,,,,,,,,18.0,872170.7221186243,0.024926719330987064,18.017077758240248
density_curve,6,6,DRB40,,,,,,,,,,,,,18.0,885866.7904100833,0.024849591737493626,18.01702491669388
density_curve,6,6,DRB40,,,,,,,,,,,,,18.0,899777.9338948353,0.024821159293011517,18.017005437098245
density_curve,6,6,DRB40,,,,,,,,,,,,,18.0,913907.5299902376,0.024852790321276297,18.01702710810302
density_curve,6,6,DRB40,,,,,,,,,,,,,18.0,928259.0091506683,0.024954430125703555,18.01709674342023
density_curve,6,6,DRB40,,,,,,,,,,,,,18.0,942835.8557003973,0.025134362448038572,18.01722001839515
density_curve,6,6,DRB40,,,,,,,,,,,,,18.0,957641.6086795169,0.02539902524519695,18.017401343791608
density_curve,6,6,DRB40,,,,,,,,,,,,,18.0,972679.8627031752,0.025752859790106497,18.017643762408145
density_curve,6,6,DRB40,,,,,,,,,,,,,18.0,987954.2688342923,0.02619816857143496,18.0179488517225
density_curve,6,6,DRB40,,,,,,,,,,,,,18.0,1003468.5354699849,0.026734961980873335,18.01831661885421
density_curve,6,6,DRB40,,,,,,,,,,,,,18.0,1019226.4292419085,0.027360785978576482,18.01874538249502
density_curve,6,6,DRB40,,,,,,,,,,,,,18.0,1035231.7759307377,0.028070540516613784,18.019231648507386
density_curve,6,6,DRB40,,,,,,,,,,,,,18.0,1051488.4613950192,0.02885631763378648,18.01976999900027
density_curve,6,6,DRB40,,,,,,,,,,,,,18.0,1068000.4325145755,0.029707304222848854,18.02035302571312
density_curve,6,6,DRB40,,,,,,,,,,,,,18.0,1084771.6981487798,0.030609803195017066,18.02097134451609
density_curve,6,6,DRB40,,,,,,,,,,,,,18.0,1101806.3301098226,0.031547425091156975,18.02161372668642
density_curve,6,6,DRB40,,,,,,,,,,,,,18.0,1119108.4641512968,0.03250148912291244,18.022267373669152
density_curve,6,6,DRB40,,,,,,,,,,,,,18.0,1136682.3009722962,0.03345164954640946,18.022918346217384
density_curve,6,6,DRB40,,,,,,,,,,,,,18.0,1154532.1072372785,0.034376733715998704,18.023552138558458
density_curve,6,6,DRB40,,,,,,,,,,,,,18.0,1172662.2166119604,0.03525574714440012,18.024154366979328
density_curve,6,6,DRB40,,,,,,,,,,,,,18.0,1191077.0308154398,0.03606897385530338,18.024711523698546
density_curve,6,6,DRB40,,,,,,,,,,,,,18.0,1209781.0206889012,0.036799082011441636,18.02521173435259
density_curve,6,6,DRB40,,,,,,,,,,,,,18.0,1228778.727281043,0.03743213833837289,18.02564545299644
density_curve,6,6,DRB40,,,,,,,,,,,,,18.0,1248074.7629505873,0.03795844111421255,18.02600603280029
density_curve,6,6,DRB40,,,,,,,,,,,,,18.0,1267673.8124860895,0.03837309903391606,18.026290122640233
density_curve,6,6,DRB40,,,,,,,,,,,,,18.0,1287580.634243335,0.038676308802874905,18.02649785728279
density_curve,6,6,DRB40,,,,,,,,,,,,,18.0,1307800.061300597,0.03887331355114347,18.026632828893714
density_curve,6,6,DRB40,,,,,,,,,,,,,18.0,1328337.002632031,0.038974052711555324,18.026701847162986
density_curve,6,6,DRB40,,,,,,,,,,,,,18.0,1349196.4442995142,0.038992538329753426,18.026714512003245
density_curve,6,6,DRB40,,,,,,,,,,,,,18.0,1370383.450663168,0.03894601074865947,18.026682635093536
density_curve,6,6,DRB40,,,,,,,,,,,,,18.0,1391903.1656109202,0.038853937692606734,18.02661955413327
density_curve,6,6,DRB40,,,,,,,,,,,,,18.0,1413760.8138073613,0.0387369257436862,18.026539387074447
density_curve,6,6,DRB40,,,,,,,,,,,,,18.0,1435961.7019622158,0.03861561357625491,18.026456273856077
density_curve,6,6,DRB40,,,,,,,,,,,,,18.0,1458511.22011873,0.03850961367570327,18.026383651356056
density_curve,6,6,DRB40,,,,,,,,,,,,,18.0,1481414.8429622927,0.03843656467313571,18.02633360412806
density_curve,6,6,DRB40,,,,,,,,,,,,,18.0,1504678.1311496203,0.038411350113272784,18.026316329164928
density_curve,6,6,DRB40,,,,,,,,,,,,,18.0,1528306.7326587688,0.03844553090836403,18.026339747062295
density_curve,6,6,DRB40,,,,,,,,,,,,,18.0,1552306.3841604206,0.03854702700682919,18.026409283923883
density_curve,6,6,DRB40,,,,,,,,,,,,,18.0,1576682.9124106285,0.03872006820885601,18.026527837664332
density_curve,6,6,DRB40,,,,,,,,,,,,,18.0,1601442.23566548,0.0389654146430134,18.02669592906184
density_curve,6,6,DRB40,,,,,,,,,,,,,18.0,1626590.3651179587,0.03928082535315899,18.026912022795745
density_curve,6,6,DRB40,,,,,,,,,,,,,18.0,1652133.4063573685,0.03966173105027591,18.027172988361304
density_curve,6,6,DRB40,,,,,,,,,,,,,18.0,1678077.5608516952,0.040102047458025265,18.02747465730782
density_curve,6,6,DRB40,,,,,,,,,,,,,18.0,1704429.1274531947,0.04059505204949152,18.027812423907292
density_curve,6,6,DRB40,,,,,,,,,,,,,18.0,1731194.503927705,0.04113424191331497,18.0281818328944
density_curve,6,6,DRB40,,,,,,,,,,,,,18.0,1758380.1885078938,0.04171409525019101,18.028579101181915
density_curve,6,6,DRB40,,,,,,,,,,,,,18.0,1785992.7814709456,0.04233067312198045,18.02900153013018
density_curve,6,6,DRB40,,,,,,,,,,,,,18.0,1814038.9867410094,0.04298201940233138,18.029447779560712
density_curve,6,6,DRB40,,,,,,,,,,,,,18.0,1842525.6135168101,0.04366834200899037,18.029917991921824
density_curve,6,6,DRB40,,,,,,,,,,,,,18.0,1871459.5779248201,0.0443919835369762,18.030413772168853
density_curve,6,6,DRB40,,,,,,,,,,,,,18.0,1900847.9046983868,0.045157210838169155,18.03093804360125
density_curve,6,6,DRB40,,,,,,,,,,,,,18.0,1930697.7288832497,0.04596986853961703,18.031494810481526
density_curve,6,6,DRB40,,,,,,,,,,,,,18.0,1961016.2975697976,0.046836950241661374,18.032088864255126
density_curve,6,6,DRB40,,,,,,,,,,,,,18.0,1991810.9716525706,0.04776614422780634,18.03272547230783
density_curve,6,6,DRB40,,,,,,,,,,,,,18.0,2023089.2276173707,0.04876541046907768,18.033410088163592
density_curve,6,6,DRB40,,,,,,,,,,,,,18.0,2054858.65935644,0.04984264593314992,18.034148122181584
density_curve,6,6,DRB40,,,,,,,,,,,,,18.0,2087126.9800121451,0.0510054992951704,18.034944814611173
density_curve,6,6,DRB40,,,,,,,,,,,,,18.0,2119902.0238496074,0.05226140710980022,18.03580526037403
density_curve,6,6,DRB40,,,,,,,,,,,,,18.0,2153191.7481587674,0.053617943177664266,18.036734648421593
density_curve,6,6,DRB40,,,,,,,,,,,,,18.0,2187004.235186248,0.055083601426196824,18.037738798101255
density_curve,6,6,DRB40,,,,,,,,,,,,,18.0,2221347.6940976637,0.05666916838729083,18.038825099466298
density_curve,6,6,DRB40,,,,,,,,,,,,,18.0,2256230.462970635,0.05838988039666572,18.040003991213222
density_curve,6,6,DRB40,,,,,,,,,,,,,18.0,2291661.0108191706,0.06026859672820254,18.041291134655005
density_curve,6,6,DRB40,,,,,,,,,,,,,18.0,2327647.9396498133,0.062340244301596584,18.04271045887283
density_curve,6,6,DRB40,,,,,,,,,,,,,18.0,2364199.9865500783,0.06465779118742283,18.044298253275336
density_curve,6,6,DRB40,,,,,,,,,,,,,18.0,2401326.0258096857,0.06729997158277949,18.046108460122852
density_curve,6,6,DRB40,,,,,,,,,,,,,18.0,2439035.071075103,0.07038089976631817,18.048219261226492
density_curve,6,6,DRB40,,,,,,,,,,,,,18.0,2477336.2775379405,0.07406156089226952,18.05074095050452
density_curve,6,6,DRB40,,,,,,,,,,,,,18.0,2516238.944157669,0.07856294185126313,18.053824930178866
density_curve,6,6,DRB40,,,,,,,,,,,,,18.0,2555752.5159192816,0.08418026236499011,18.05767346076236
density_curve,6,6,DRB40,,,,,,,,,,,,,18.0,2595886.586126396,0.09129739281012177,18.06254953897756
density_curve,6,6,DRB40,,,,,,,,,,,,,18.0,2636650.898730361,0.10040012410205153,18.068785989200524
density_curve,6,6,DRB40,,,,,,,,,,,,,18.0,2678055.350695943,0.11208652756915599,18.076792561203007
density_curve,6,6,DRB40,,,,,,,,,,,,,18.0,2720109.994404156,0.127072268970287,18.087059570884513
density_curve,6,6,DRB40,,,,,,,,,,,,,18.0,2762825.0400928515,0.14618849604885978,18.10015645299638
density_curve,6,6,DRB40,,,,,,,,,,,,,18.0,2806210.858335576,0.17036988685541452,18.11672357282566
density_curve,6,6,DRB40,,,,,,,,,,,,,18.0,2850277.982559416,0.20063070651207845,18.13745582223988
density_curve,6,6,DRB40,,,,,,,,,,,,,18.0,2895037.1116023487,0.23802733426394368,18.16307694627416
density_curve,6,6,DRB40,,,,,,,,,,,,,18.0,2940499.1123107616,0.2836067159055712,18.19430422693151
density_curve,6,6,DRB40,,,,,,,,,,,,,18.0,2986675.022177758,0.33834154296624136,18.23180407323908
density_curve,6,6,DRB40,,,,,,,,,,,,,18.0,3033576.0520228897,0.40305457133763567,18.27614017053477
density_curve,6,6,DRB40,,,,,,,,,,,,,18.0,3081213.5887140087,0.4783362160615581,18.327717023126247
density_curve,6,6,DRB40,,,,,,,,,,,,,18.0,3129599.1979317563,0.564461188289445,18.386722840724055
density_curve,6,6,DRB40,,,,,,,,,,,,,18.0,3178744.626977629,0.661311233620615,18.4530766050426
density_curve,6,6,DRB40,,,,,,,,,,,,,18.0,3228661.807625975,0.7683117452337876,18.526384642279616
density_curve,6,6,DRB40,,,,,,,,,,,,,18.0,3279362.859020883,0.8843899556002595,18.605911979482592
density_curve,6,6,DRB40,,,,,,,,,,,,,18.0,3330860.090618524,1.0079614309339981,18.690573091645756
density_curve,6,6,DRB40,,,,,,,,,,,,,18.0,3383166.005175699,1.136949689571717,18.778945342626542
density_curve,6,6,DRB40,,,,,,,,,,,,,18.0,3436293.3017853256,1.2688410588116021,18.86930656858435
density_curve,6,6,DRB40,,,,,,,,,,,,,18.0,3490254.8789595794,1.400773627012652,18.95969602071541
density_curve,6,6,DRB40,,,,,,,,,,,,,18.0,3545063.837761485,1.5296557017093095,19.047995523106604
density_curve,6,6,DRB40,,,,,,,,,,,,,18.0,3600733.4849856202,1.6523059783268195,19.132025504924933
density_curve,6,6,DRB40,,,,,,,,,,,,,18.0,3657277.33638883,1.7656050906941254,19.209648830487808
density_curve,6,6,DRB40,,,,,,,,,,,,,18.0,3714709.119971648,1.8666467240297442,19.278874329575466
density_curve,6,6,DRB40,,,,,,,,,,,,,18.0,3773042.7793112434,1.952876267991272,19.337951791209626
density_curve,6,6,DRB40,,,,,,,,,,,,,18.0,3832292.476946719,2.022206144547212,19.385450976919827
density_curve,6,6,DRB40,,,,,,,,,,,,,18.0,3892472.597817551,2.0730993435916982,19.42031885254412
density_curve,6,6,DRB40,,,,,,,,,,,,,18.0,3953597.752756071,2.1046160378156658,19.44191152494284
density_curve,6,6,DRB40,,,,,,,,,,,,,18.0,4015682.782034709,2.1164219870936214,19.45
density_curve,6,6,DRB40,,,,,,,,,,,,,18.0,4078742.7589690215,2.108761267848988,19.444751499005182
density_curve,6,6,DRB40,,,,,,,,,,,,,18.0,4142792.9935772587,2.0823991675670017,19.42669033462398
density_curve,6,6,DRB40,,,,,,,,,,,,,18.0,4207849.036297407,2.038543448755755,19.396643967375816
density_curve,6,6,DRB40,,,,,,,,,,,,,18.0,4273926.681762604,1.978753342929703,19.35568065572225
density_curve,6,6,DRB40,,,,,,,,,,,,,18.0,4341041.972635828,1.9048455089277756,19.305045026364628
density_curve,6,6,DRB40,,,,,,,,,,,,,18.0,4409211.203504863,1.8188049055231836,19.24609701141418
density_curve,6,6,DRB40,,,,,,,,,,,,,18.0,4478450.924838282,1.722706381568265,19.180258128344366
density_curve,6,6,DRB40,,,,,,,,,,,,,18.0,4548777.947003777,1.6186501881274205,19.108967298155807
density_curve,6,6,DRB40,,,,,,,,,,,,,18.0,4620209.3443493685,1.5087120161900796,19.03364661528573
density_curve,6,6,DRB40,,,,,,,,,,,,,18.0,4692762.459348841,1.394905971624043,18.955675981061045
density_curve,6,6,DRB40,,,,,,,,,,,,,18.0,4766454.906812234,1.2791574200906082,18.87637449924552
density_curve,6,6,DRB40,,,,,,,,,,,,,18.0,4841304.57816245,1.1632820208873382,18.79698611173615
density_curve,6,6,DRB40,,,,,,,,,,,,,18.0,4917329.645779026,1.0489675059329142,18.718667115007364
density_curve,6,6,DRB40,,,,,,,,,,,,,18.0,4994548.567410101,0.9377556848317352,18.642473831446672
density_curve,6,6,DRB40,,,,,,,,,,,,,18.0,5072980.090653727,0.8310234996939858,18.569349629660117
density_curve,6,6,DRB40,,,,,,,,,,,,,18.0,5152643.257509442,0.7299633984124851,18.50011147783983
density_curve,6,6,DRB40,,,,,,,,,,,,,18.0,5233557.40900142,0.6355645435342452,18.43543706961304
density_curve,6,6,DRB40,,,,,,,,,,,,,18.0,5315742.189874179,0.5485971976655727,18.37585412619317
density_curve,6,6,DRB40,,,,,,,,,,,,,18.0,5399217.553362021,0.46960290331812293,18.32173366841003
density_curve,6,6,DRB40,,,,,,,,,,,,,18.0,5484003.766033389,0.39889279985230225,18.27328886361652
density_curve,6,6,DRB40,,,,,,,,,,,,,18.0,5570121.412711266,0.33655569127072593,18.2305805530837
density_curve,6,6,DRB40,,,,,,,,,,,,,18.0,5657591.401470916,0.28247646702073836,18.193529872434627
density_curve,6,6,DRB40,,,,,,,,,,,,,18.0,5746434.968715974,0.2363643851614928,18.161937628967284
density_curve,6,6,DRB40,,,,,,,,,,,,,18.0,5836673.684334379,0.19778974258446164,18.135509425103503
density_curve,6,6,DRB40,,,,,,,,,,,,,18.0,5928329.456935207,0.16622672281754342,18.11388501421516
density_curve,6,6,DRB40,,,,,,,,,,,,,18.0,6021424.539167753,0.1410998025634333,18.096670094605255
density_curve,6,6,DRB40,,,,,,,,,,,,,18.0,6115981.53312414,0.1218310147398974,18.083468690294342
density_curve,6,6,DRB40,,,,,,,,,,,,,18.0,6212023.395826757,0.10788554669827716,18.073914391206703
density_curve,6,6,DRB40,,,,,,,,,,,,,18.0,6309573.444801942,0.09881349428393289,18.0676989596524
density_curve,6,6,DRB40,,,,,,,,,,,,,18.0,6408655.363740995,0.09428597806429348,18.064597074225716
density_curve,6,6,DRB40,,,,,,,,,,,,,18.0,6509293.20825039,0.09412415330406658,18.064486205077806
density_curve,6,6,DRB40,,,,,,,,,,,,,18.0,6611511.411691989,0.09831984211595815,18.06736074938624
density_curve,6,6,DRB40,,,,,,,,,,,,,18.0,6715334.791115149,0.10704656719433249,18.073339590770807
density_curve,6,6,DRB40,,,,,,,,,,,,,18.0,6820788.553281926,0.12065970896616592,18.08266620696055
density_curve,6,6,DRB40,,,,,,,,,,,,,18.0,6927898.300786892,0.13968442772813042,18.09570039502563
density_curve,6,6,DRB40,,,,,,,,,,,,,18.0,7036690.03827307,0.1647900081421716,18.11290069431488
density_curve,6,6,DRB40,,,,,,,,,,,,,18.0,7147190.1787454495,0.1967495241530241,18.13479675214188
density_curve,6,6,DRB40,,,,,,,,,,,,,18.0,7259425.549983729,0.2363842998686955,18.161951272902954
density_curve,6,6,DRB40,,,,,,,,,,,,,18.0,7373423.401055615,0.2844936238514422,18.194911864032882
density_curve,6,6,DRB40,,,,,,,,,,,,,18.0,7489211.408932546,0.3417715605131476,18.234154041947278
density_curve,6,6,DRB40,,,,,,,,,,,,,18.0,7606817.685209225,0.40871440979022405,18.280017830947628
density_curve,6,6,DRB40,,,,,,,,,,,,,18.0,7726270.782928702,0.4855242256425613,18.33264166195348
density_curve,6,6,DRB40,,,,,,,,,,,,,18.0,7847599.7035146225,0.5720155711061968,18.391898488657734
density_curve,6,6,DRB40,,,,,,,,,,,,,18.0,7970833.903812322,0.6675340708003042,18.457339986336866
density_curve,6,6,DRB40,,,,,,,,,,,,,18.0,8096003.303240569,0.7708960218793649,18.528155178193032
density_curve,6,6,DRB40,,,,,,,,,,,,,18.0,8223138.291055465,0.8803580844389248,18.603149669688236
density_curve,6,6,DRB40,,,,,,,,,,,,,18.0,8352269.733728553,0.9936247281770572,18.680750750390406
density_curve,6,6,DRB40,,,,,,,,,,,,,18.0,8483428.982440725,1.1078986356625442,18.759041926188242
density_curve,6,6,DRB40,,,,,,,,,,,,,18.0,8616647.880693821,1.2199757887937517,18.83582806478975
density_curve,6,6,DRB40,,,,,,,,,,,,,18.0,8751958.77204175,1.3263827948418099,18.9087294803442
density_curve,6,6,DRB40,,,,,,,,,,,,,18.0,8889394.507943004,1.423549584177399,18.975300251861313
density_curve,6,6,DRB40,,,,,,,,,,,,,18.0,9028988.455736592,1.5080064658741212,19.033163229663966
density_curve,6,6,DRB40,,,,,,,,,,,,,18.0,9170774.50674293,1.5765912106082796,19.08015191172784
density_curve,6,6,DRB40,,,,,,,,,,,,,18.0,9314787.084492404,1.6266498295251768,19.114448001010665
density_curve,6,6,DRB40,,,,,,,,,,,,,18.0,9461061.153082676,1.6562143770405344,19.13470322145285
density_curve,6,6,DRB40,,,,,,,,,,,,,18.0,9609632.225667553,1.664142564033395,19.140134969568184
density_curve,6,6,DRB40,,,,,,,,,,,,,18.0,9760536.373079011,1.6502071264564349,19.130587542538123
density_curve,6,6,DRB40,,,,,,,,,,,,,18.0,9913810.23258467,1.615127418352494,19.106553783174018
density_curve,6,6,DRB40,,,,,,,,,,,,,18.0,10069491.016782762,1.560541057334047,19.069155653708616
density_curve,6,6,DRB40,,,,,,,,,,,,,18.0,10227616.522636779,1.4889189910484562,19.020086046254423
density_curve,6,6,DRB40,,,,,,,,,,,,,18.0,10388225.14065211,1.4034323914121756,18.9615175895721
density_curve,6,6,DRB40,,,,,,,,,,,,,18.0,10551355.864196453,1.3077837060366595,18.895986899265413
density_curve,6,6,DRB40,,,,,,,,,,,,,18.0,10717048.298967114,1.2060165505741365,18.826264331497487
density_curve,6,6,DRB40,,,,,,,,,,,,,18.0,10885342.672606446,1.1023196858898983,18.755219684111914
density_curve,6,6,DRB40,,,,,,,,,,,,,18.0,11056279.844468623,1.0008391222705249,18.68569346573702
density_curve,6,6,DRB40,,,,,,,,,,,,,18.0,11229901.315539658,0.9055097106231023,18.62038151578956
density_curve,6,6,DRB40,,,,,,,,,,,,,18.0,11406249.238513203,0.8199139005903723,18.56173823703687
density_curve,6,6,DRB40,,,,,,,,,,,,,18.0,11585366.428024698,0.7471712735123055,18.51190091257775
density_curve,6,6,DRB40,,,,,,,,,,,,,18.0,11767296.371045876,0.6898586263608638,18.472634953862347
density_curve,6,6,DRB40,,,,,,,,,,,,,18.0,11952083.237443073,0.6499573501950128,18.445297848694615
density_curve,6,6,DRB40,,,,,,,,,,,,,18.0,12139771.890700752,0.6288230126870038,18.430818321656297
density_curve,6,6,DRB40,,,,,,,,,,,,,18.0,12330407.898813803,0.6271715984604352,18.429686907107058
density_curve,6,6,DRB40,,,,,,,,,,,,,18.0,12524037.545350743,0.645077718940772,18.44195472271983
density_curve,6,6,DRB40,,,,,,,,,,,,,18.0,12720707.84069066,0.6819819819362624,18.467238518517544
density_curve,6,6,DRB40,,,,,,,,,,,,,18.0,12920466.533436738,0.7367071405472054,18.504731740790685
density_curve,6,6,DRB40,,,,,,,,,,,,,18.0,13123362.122008637,0.8074850562493329,18.55322300500639
density_curve,6,6,DRB40,,,,,,,,,,,,,18.0,13329443.866417537,0.8919983491615744,18.611124631180214
density_curve,6,6,DRB40,,,,,,,,,,,,,18.0,13538761.800225446,0.9874414067712222,18.676514442086514
density_curve,6,6,DRB40,,,,,,,,,,,,,18.0,13751366.742692733,1.090604901151944,18.747193667573804
density_curve,6,6,DRB40,,,,,,,,,,,,,18.0,13967310.311116258,1.1979860819088315,18.820762508309247
density_curve,6,6,DRB40,,,,,,,,,,,,,18.0,14186644.93336124,1.3059240792162972,18.89471283440218
density_curve,6,6,DRB40,,,,,,,,,,,,,18.0,14409423.860590115,1.410755707421128,18.966534929345425
density_curve,6,6,DRB40,,,,,,,,,,,,,18.0,14635701.180190798,1.5089834062158662,19.033832549631427
density_curve,6,6,DRB40,,,,,,,,,,,,,18.0,14865531.828908725,1.5974436623174295,19.094438313571445
density_curve,6,6,DRB40,,,,,,,,,,,,,18.0,15098971.606184201,1.6734621462788684,19.1465199884058
density_curve,6,6,DRB40,,,,,,,,,,,,,18.0,15336077.187700124,1.7349813526369007,19.18866793893888
density_curve,6,6,DRB40,,,,,,,,,,,,,18.0,15576906.139141649,1.7806479856617459,19.219954997138913
density_curve,6,6,DRB40,,,,,,,,,,,,,18.0,15821516.930172438,1.8098506371057395,19.239962275863107
density_curve,6,6,DRB40,,,,,,,,,,,,,18.0,16069968.948630175,1.822703111236378,19.24876774452818
density_curve,6,6,DRB40,,,,,,,,,,,,,18.0,16322322.514945026,1.8199744684182089,19.246898300669404
density_curve,6,6,DRB40,,,,,,,,,,,,,18.0,16578638.896784693,1.8029727170026117,19.235250085094744
density_curve,6,6,DRB40,,,,,,,,,,,,,18.0,16838980.323928915,1.7733942683670736,19.214985340737016
density_curve,6,6,DRB40,,,,,,,,,,,,,18.0,17103410.003378414,1.7331550414400392,19.1874166992279
density_curve,6,6,DRB40,,,,,,,,,,,,,18.0,17371992.134700213,1.684220914228683,19.153891020091525
density_curve,6,6,DRB40,,,,,,,,,,,,,18.0,17644791.92561452,1.6284548057252153,19.115684623719186
density_curve,6,6,DRB40,,,,,,,,,,,,,18.0,17921875.607826144,1.567495092375329,19.073919992234366
density_curve,6,6,DRB40,,,,,,,,,,,,,18.0,18203310.453104522,1.5026756956445877,19.029511020000694
density_curve,6,6,DRB40,,,,,,,,,,,,,18.0,18489164.789616488,1.4349926538830347,18.983140111385715
density_curve,6,6,DRB40,,,,,,,,,,,,,18.0,18779508.018514913,1.365116100525956,18.93526638724864
density_curve,6,6,DRB40,,,,,,,,,,,,,18.0,19074410.630788796,1.2934411301194881,18.886160534198936
density_curve,6,6,DRB40,,,,,,,,,,,,,18.0,19373944.224377003,1.2201667662290885,18.83595890697667
density_curve,6,6,DRB40,,,,,,,,,,,,,18.0,19678181.521551367,1.1453896704486548,18.784727730234586
density_curve,6,6,DRB40,,,,,,,,,,,,,18.0,19987196.386572525,1.0691985957529042,18.732527810283578
density_curve,6,6,DRB40,,,,,,,,,,,,,18.0,20301063.843623016,0.9917568404803789,18.679471025847427
density_curve,6,6,DRB40,,,,,,,,,,,,,18.0,20619860.095022235,0.91336278129675,18.625761800319882
density_curve,6,6,DRB40,,,,,,,,,,,,,18.0,20943662.539726753,0.8344824321098535,18.571719408481915
density_curve,6,6,DRB40,,,,,,,,,,,,,18.0,21272549.792122267,0.7557522615208648,18.517779906789816
density_curve,6,6,DRB40,,,,,,,,,,,,,18.0,21606601.701109305,0.6779545723263432,18.464479265414905
density_curve,6,6,DRB40,,,,,,,,,,,,,18.0,21945899.369489986,0.6019710652558298,18.412421553897957
density_curve,6,6,DRB40,,,,,,,,,,,,,18.0,22290525.173658106,0.5287224041564472,18.362237536135055
density_curve,6,6,DRB40,,,,,,,,,,,,,18.0,22640562.78359909,0.45910250422597937,18.314539650025957
density_curve,6,6,DRB40,,,,,,,,,,,,,18.0,22996097.183203783,0.39391591749867216,18.26987910910784
density_curve,6,6,DRB40,,,,,,,,,,,,,18.0,23357214.690901212,0.3338253038359612,18.228709913955704
density_curve,6,6,DRB40,,,,,,,,,,,,,18.0,23724002.980615646,0.2793138836204569,18.191363127825863
density_curve,6,6,DRB40,,,,,,,,,,,,,18.0,24096551.10305199,0.23066535517266798,18.158033117705262
density_curve,6,6,DRB40,,,,,,,,,,,,,18.0,24474949.507316638,0.18796139757915947,18.128775843452683
density_curve,6,6,DRB40,,,,,,,,,,,,,18.0,24859290.062876612,0.15109487345546824,18.103517903256755
density_curve,6,6,DRB40,,,,,,,,,,,,,18.0,25249666.08186437,0.11979540018193449,18.08207405296443
density_curve,6,6,DRB40,,,,,,,,,,,,,18.0,25646172.341732506,0.09366316215142528,18.064170371479683
density_curve,6,6,DRB40,,,,,,,,,,,,,18.0,26048905.10826428,0.07220667344558508,18.04947013267419
density_curve,6,6,DRB40,,,,,,,,,,,,,18.0,26457962.158945747,0.05488056883700047,18.037599696704593
density_curve,6,6,DRB40,,,,,,,,,,,,,18.0,26873442.80670409,0.04112024719609637,18.02817224485379
density_curve,6,6,DRB40,,,,,,,,,,,,,18.0,27295447.924020074,0.030371142154096035,18.020807833405623
density_curve,6,6,DRB40,,,,,,,,,,,,,18.0,27724079.967417758,0.022111387299607235,18.015148921991905
density_curve,6,6,DRB40,,,,,,,,,,,,,18.0,28159443.002339695,0.015867545856693546,18.010871150286906
density_curve,6,6,DRB40,,,,,,,,,,,,,18.0,28601642.7284124,0.01122379942114543,18.0076896333812
density_curve,6,6,DRB40,,,,,,,,,,,,,18.0,29050786.505108584,0.007825493941705543,18.005361391199237
density_curve,6,6,DRB40,,,,,,,,,,,,,18.0,29506983.377812706,0.005378220745803362,18.003684718893005
density_curve,6,6,DRB40,,,,,,,,,,,,,18.0,29970344.104294933,0.0036436929849870065,18.002496361718244
density_curve,6,6,DRB40,,,,,,,,,,,,,18.0,30440981.18160234,0.0024336083807921017,18.00166731028768
density_curve,6,6,DRB40,,,,,,,,,,,,,18.0,30919008.873370558,0.0016025192029107654,18.001097915660672
density_curve,6,6,DRB40,,,,,,,,,,,,,18.0,31404543.237566188,0.001040509162047512,18.00071287214656
density_curve,6,6,DRB40,,,,,,,,,,,,,18.0,31897702.154663246,0.000666244997553654,18.00045645681832
density_curve,6,6,DRB40,,,,,,,,,,,,,18.0,32398605.356263112,0.0004207571957767836,18.000288268567232
density_curve,6,6,DRB40,,,,,,,,,,,,,18.0,32907374.454163484,0.00026212695091702704,18.000179588041114
density_curve,6,6,DRB40,,,,,,,,,,,,,18.0,33424132.969883844,0.00016112240598258062,18.000110387951977
density_curve,6,6,DRB40,,,,,,,,,,,,,18.0,33949006.36465498,9.773589030283392e-05,18.000066960673156
density_curve,6,6,DRB40,,,,,,,,,,,,,18.0,34482122.069878325,5.8519841963350134e-05,18.000040093030297
density_curve,6,6,DRB40,,,,,,,,,,,,,18.0,35023609.518065386,3.4594445862335456e-05,18.00002370129719
density_curve,6,6,DRB40,,,,,,,,,,,,,18.0,35573600.17426121,2.0196289176983938e-05,18.00001383685271
density_curve,6,6,DRB40,,,,,,,,,,,,,18.0,36132227.56796255,1.164686685019458e-05,18.00000797948473
density_curve,6,6,DRB40,,,,,,,,,,,,,18.0,36699627.32553667,6.636352091780771e-06,18.00000454668804
density_curve,6,6,DRB40,,,,,,,,,,,,,18.0,37275937.20314938,3.7371470525853626e-06,18.000002560388836
density_curve,6,6,DRB40,,,,,,,,,,,,,18.0,37861297.12021055,2.0803822857147345e-06,18.000001425308533
density_curve,6,6,DRB40,,,,,,,,,,,,,18.0,38455849.19334357,1.1450665450984463e-06,18.00000078450635
density_curve,6,6,DRB40,,,,,,,,,,,,,18.0,39059737.77089033,6.23279256762001e-07,18.00000042702019
density_curve,6,6,DRB40,,,,,,,,,,,,,18.0,39673109.46795558,3.3555435511371664e-07,18.000000229894518
density_curve,6,6,DRB40,,,,,,,,,,,,,18.0,40296113.20200404,1.786967310292312e-07,18.00000012242845
density_curve,6,6,DRB40,,,,,,,,,,,,,18.0,40928900.22901449,9.41387301895835e-08,18.00000006449619
density_curve,6,6,DRB40,,,,,,,,,,,,,18.0,41571624.180202775,4.905919183109208e-08,18.000000033611364
density_curve,6,6,DRB40,,,,,,,,,,,,,18.0,42224441.09932146,2.5290212128768567e-08,18.000000017326794
density_curve,6,6,DRB40,,,,,,,,,,,,,18.0,42887509.48054403,1.2895023325242419e-08,18.00000000883462
density_curve,6,6,DRB40,,,,,,,,,,,,,18.0,43560990.30694617,6.502286894964746e-09,18.000000004454836
density_curve,6,6,DRB40,,,,,,,,,,,,,18.0,44245047.08958865,3.2419220694549647e-09,18.0000000022211
density_curve,6,6,DRB40,,,,,,,,,,,,,18.0,44939845.907216705,1.5978414379764771e-09,18.000000001094712
density_curve,6,6,DRB40,,,,,,,,,,,,,18.0,45645555.44658045,7.78303402567136e-10,18.00000000053323
density_curve,6,6,DRB40,,,,,,,,,,,,,18.0,46362347.04338999,3.74566025990033e-10,18.000000000256623
density_curve,6,6,DRB40,,,,,,,,,,,,,18.0,47090394.72391306,1.780516525930475e-10,18.000000000121986
density_curve,6,6,DRB40,,,,,,,,,,,,,18.0,47829875.24722586,8.357430874665985e-11,18.00000000005726
density_curve,6,6,DRB40,,,,,,,,,,,,,18.0,48580968.14812807,3.872394017883591e-11,18.00000000002653
density_curve,6,6,DRB40,,,,,,,,,,,,,18.0,49343855.78073008,1.770676666334445e-11,18.000000000012133
density_curve,6,6,DRB40,,,,,,,,,,,,,18.0,50118723.36272725,7.987835858867663e-12,18.00000000000547
density_curve,7,23,DRB03,,,,,,,,,,,,,17.0,100000.0,0.0011797539018838408,17.000808297594865
density_curve,7,23,DRB03,,,,,,,,,,,,,17.0,101570.34258822507,0.001259807314087798,17.000863145458002
density_curve,7,23,DRB03,,,,,,,,,,,,,17.0,103165.34493489409,0.0013724955822823973,17.000940352794213
density_curve,7,23,DRB03,,,,,,,,,,,,,17.0,104785.39428269603,0.0015155139442038351,17.00103834051672
density_curve,7,23,DRB03,,,,,,,,,,,,,17.0,106430.88395535655,0.0016859643832695054,17.001155123075964
density_curve,7,23,DRB03,,,,,,,,,,,,,17.0,108102.21345313193,0.0018804767453652418,17.001288391441683
density_curve,7,23,DRB03,,,,,,,,,,,,,17.0,109799.78854980043,0.0020953526210504836,17.001435611682474
density_curve,7,23,DRB03,,,,,,,,,,,,,17.0,111524.02139117903,0.00232672679842986,17.001594135583765
density_curve,7,23,DRB03,,,,,,,,,,,,,17.0,113275.33059518597,0.0025707379603040967,17.001761317599392
density_curve,7,23,DRB03,,,,,,,,,,,,,17.0,115054.14135347492,0.0028236975155341865,17.001934630524882
density_curve,7,23,DRB03,,,,,,,,,,,,,17.0,116860.88553466521,0.0030822435832592644,17.002111770998305
density_curve,7,23,DRB03,,,,,,,,,,,,,17.0,118696.00178919302,0.003343466678354612,17.002290745612548
density_curve,7,23,DRB03,,,,,,,,,,,,,17.0,120559.93565580886,0.003604994894448096,17.002469929277648
density_curve,7,23,DRB03,,,,,,,,,,,,,17.0,122453.13966974878,0.0038650294133586905,17.002648089549787
density_curve,7,23,DRB03,,,,,,,,,,,,,17.0,124376.07347260158,0.004122325757870569,17.002824373786783
density_curve,7,23,DRB03,,,,,,,,,,,,,17.0,126329.20392390396,0.004376121827963865,17.002998259842776
density_curve,7,23,DRB03,,,,,,,,,,,,,17.0,128313.00521448672,0.004626019668120449,17.003169475062187
density_curve,7,23,DRB03,,,,,,,,,,,,,17.0,130327.95898160127,0.004871833237451342,17.0033378919808
density_curve,7,23,DRB03,,,,,,,,,,,,,17.0,132374.55442585386,0.005113418361390555,17.003503411818727
density_curve,7,23,DRB03,,,,,,,,,,,,,17.0,134453.28842997624,0.0053505028942717765,17.00366584811786
density_curve,7,23,DRB03,,,,,,,,,,,,,17.0,136564.66567946097,0.005582534608000598,17.003824822524166
density_curve,7,23,DRB03,,,,,,,,,,,,,17.0,138709.19878509274,0.005808561545432064,17.003979682812915
density_curve,7,23,DRB03,,,,,,,,,,,,,17.0,140887.40840740083,0.006027155048724192,17.00412945015226
density_curve,7,23,DRB03,,,,,,,,,,,,,17.0,143099.82338306884,0.00623638022174769,17.00427279886581
density_curve,7,23,DRB03,,,,,,,,,,,,,17.0,145346.98085332804,0.006433813193057974,17.004408068260215
density_curve,7,23,DRB03,,,,,,,,,,,,,17.0,147629.42639436718,0.006616600138784381,17.004533303064157
density_curve,7,23,DRB03,,,,,,,,,,,,,17.0,149947.71414979032,0.006781550272958116,17.004646317139816
density_curve,7,23,DRB03,,,,,,,,,,,,,17.0,152302.40696515449,0.006925254180998392,17.004744774557974
density_curve,7,23,DRB03,,,,,,,,,,,,,17.0,154694.07652461986,0.007044219764131849,17.0048262827391
density_curve,7,23,DRB03,,,,,,,,,,,,,17.0,157123.30348974746,0.007135020075556178,17.004888493741937
density_curve,7,23,DRB03,,,,,,,,,,,,,17.0,159590.6776404731,0.007194449607875504,17.004929211342414
density_curve,7,23,DRB03,,,,,,,,,,,,,17.0,162096.79801829843,0.007219687246878155,17.004946502679932
density_curve,7,23,DRB03,,,,,,,,,,,,,17.0,164642.27307172897,0.007208464447119705,17.00493881348133
density_curve,7,23,DRB03,,,,,,,,,,,,,17.0,167227.72080399614,0.007159235899876914,17.004905084992473
density_curve,7,23,DRB03,,,,,,,,,,,,,17.0,169853.76892309941,0.007071347218528734,17.00484486886635
density_curve,7,23,DRB03,,,,,,,,,,,,,17.0,172521.0549942039,0.006945190576902211,17.00475843379727
density_curve,7,23,DRB03,,,,,,,,,,,,,17.0,175230.2265944331,0.006782335737033643,17.00464685529334
density_curve,7,23,DRB03,,,,,,,,,,,,,17.0,177981.9414700888,0.006585621532857701,17.004512078355663
density_curve,7,23,DRB03,,,,,,,,,,,,,17.0,180776.86769634343,0.006359192535870441,17.004356942599486
density_curve,7,23,DRB03,,,,,,,,,,,,,17.0,183615.6838394384,0.006108467864084508,17.004185160883946
density_curve,7,23,DRB03,,,,,,,,,,,,,17.0,186499.07912142982,0.00584003395840511,17.00400124584879
density_curve,7,23,DRB03,,,,,,,,,,,,,17.0,189427.7535875212,0.005561460162498281,17.003810383560594
density_curve,7,23,DRB03,,,,,,,,,,,,,17.0,192402.4182760241,0.005281044168587051,17.003618259107284
density_curve,7,23,DRB03,,,,,,,,,,,,,17.0,195423.79539098707,0.005007502606055278,17.003430844607752
density_curve,7,23,DRB03,,,,,,,,,,,,,17.0,198492.61847753756,0.00474962895323688,17.00325416483325
density_curve,7,23,DRB03,,,,,,,,,,,,,17.0,201609.63259997344,0.004515945402095029,17.00309405868565
density_curve,7,23,DRB03,,,,,,,,,,,,,17.0,204775.59452265495,0.004314376508737302,17.002955955602083
density_curve,7,23,DRB03,,,,,,,,,,,,,17.0,207991.2728937353,0.004151970109791164,17.00284468434335
density_curve,7,23,DRB03,,,,,,,,,,,,,17.0,211257.44843177704,0.00403468529622186,17.00276432772612
density_curve,7,23,DRB03,,,,,,,,,,,,,17.0,214574.91411529886,0.003967258930309455,17.00271813116825
density_curve,7,23,DRB03,,,,,,,,,,,,,17.0,217944.4753752988,0.003953152380645552,17.00270846619478
density_curve,7,23,DRB03,,,,,,,,,,,,,17.0,221366.95029080036,0.003994570188281459,17.002736843226838
density_curve,7,23,DRB03,,,,,,,,,,,,,17.0,224843.16978747185,0.004092533680674257,17.002803962017595
density_curve,7,23,DRB03,,,,,,,,,,,,,17.0,228373.97783935972,0.0042469864111216015,17.00290978389311
density_curve,7,23,DRB03,,,,,,,,,,,,,17.0,231960.2316737949,0.004456905713878238,17.003053608183297
density_curve,7,23,DRB03,,,,,,,,,,,,,17.0,235602.80197951404,0.004720396176319509,17.003234136263533
density_curve,7,23,DRB03,,,,,,,,,,,,,17.0,239302.57311804994,0.005034746431939612,17.003449510465863
density_curve,7,23,DRB03,,,,,,,,,,,,,17.0,243060.44333844114,0.005396439757597101,17.00369732133959
density_curve,7,23,DRB03,,,,,,,,,,,,,17.0,246877.32499531287,0.0058011203147656,17.00397458452179
density_curve,7,23,DRB03,,,,,,,,,,,,,17.0,250754.1447703851,0.006243528826894065,17.004277696667238
density_curve,7,23,DRB03,,,,,,,,,,,,,17.0,254691.843897454,0.006717432069772171,17.004602387139382
density_curve,7,23,DRB03,,,,,,,,,,,,,17.0,258691.37839091144,0.007215577801168735,17.00494368713079
density_curve,7,23,DRB03,,,,,,,,,,,,,17.0,262753.7192778504,0.007729709026882866,17.005295939437417
density_curve,7,23,DRB03,,,,,,,,,,,,,17.0,266879.85283381585,0.008250667803287889,17.00565286957795
density_curve,7,23,DRB03,,,,,,,,,,,,,17.0,271070.7808222577,0.008768609039313716,17.00600773227829
density_curve,7,23,DRB03,,,,,,,,,,,,,17.0,275327.5207377438,0.009273329961348234,17.006353537201427
density_curve,7,23,DRB03,,,,,,,,,,,,,17.0,279651.1060529923,0.009754703021625179,17.006683345550634
density_curve,7,23,DRB03,,,,,,,,,,,,,17.0,284042.5864697849,0.010203181795780114,17.00699061668059
density_curve,7,23,DRB03,,,,,,,,,,,,,17.0,288503.028173816,0.010610333888075238,17.007269573212472
density_curve,7,23,DRB03,,,,,,,,,,,,,17.0,293033.5140935484,0.010969344897888261,17.007515546322033
density_curve,7,23,DRB03,,,,,,,,,,,,,17.0,297635.14416313195,0.011275435205216539,17.00772526129634
density_curve,7,23,DRB03,,,,,,,,,,,,,17.0,302309.0355894507,0.01152613762494324,17.007897027766084
density_curve,7,23,DRB03,,,,,,,,,,,,,17.0,307056.3231233643,0.011721398350875677,17.00803080886644
density_curve,7,23,DRB03,,,,,,,,,,,,,17.0,311878.15933520853,0.01186348414817527,17.008128157650823
density_curve,7,23,DRB03,,,,,,,,,,,,,17.0,316775.7148946211,0.01195670243234053,17.00819202530557
density_curve,7,23,DRB03,,,,,,,,,,,,,17.0,321750.1788547658,0.012006964071469886,17.008226461607883
density_curve,7,23,DRB03,,,,,,,,,,,,,17.0,326802.75894101255,0.012021237880036801,17.00823624117726
density_curve,7,23,DRB03,,,,,,,,,,,,,17.0,331934.6818441578,0.012006957920874969,17.00822645739386
density_curve,7,23,DRB03,,,,,,,,,,,,,17.0,337147.193518246,0.011971448158801835,17.008202128205177
density_curve,7,23,DRB03,,,,,,,,,,,,,17.0,342441.55948306865,0.011921423437268533,17.008167854224787
density_curve,7,23,DRB03,,,,,,,,,,,,,17.0,347819.06513141334,0.011862612374940108,17.008127560363366
density_curve,7,23,DRB03,,,,,,,,,,,,,17.0,353281.01604113757,0.0117995290168863,17.00808433937761
density_curve,7,23,DRB03,,,,,,,,,,,,,17.0,358828.7382921458,0.011735399094251458,17.008040401347703
density_curve,7,23,DRB03,,,,,,,,,,,,,17.0,364463.57878833805,0.011672226892821137,17.007997119491716
density_curve,7,23,DRB03,,,,,,,,,,,,,17.0,370186.9055846206,0.01161097294753575,17.007955151911386
density_curve,7,23,DRB03,,,,,,,,,,,,,17.0,376000.1082190484,0.011551803128815515,17.007914612251305
density_curve,7,23,DRB03,,,,,,,,,,,,,17.0,381904.59805018455,0.011494367053488578,17.00787526044965
density_curve,7,23,DRB03,,,,,,,,,,,,,17.0,387901.8085997564,0.011438067775496106,17.007836687514295
density_curve,7,23,DRB03,,,,,,,,,,,,,17.0,393993.19590069365,0.011382293927877428,17.007798474572756
density_curve,7,23,DRB03,,,,,,,,,,,,,17.0,400180.2388506313,0.011326597670183356,17.007760314791238
density_curve,7,23,DRB03,,,,,,,,,,,,,17.0,406464.4395709628,0.011270814398635719,17.007722095392978
density_curve,7,23,DRB03,,,,,,,,,,,,,17.0,412847.323771536,0.011215130816251952,17.007683944295838
density_curve,7,23,DRB03,,,,,,,,,,,,,17.0,419330.44112106785,0.011160114843053966,17.00764625060502
density_curve,7,23,DRB03,,,,,,,,,,,,,17.0,425915.3656233841,0.011106723072120711,17.007609669721532
density_curve,7,23,DRB03,,,,,,,,,,,,,17.0,432603.6959995626,0.01105629916742757,17.00757512224445
density_curve,7,23,DRB03,,,,,,,,,,,,,17.0,439397.0560760795,0.011010570831210216,17.007543791893163
density_curve,7,23,DRB03,,,,,,,,,,,,,17.0,446297.0951790494,0.010971645524869312,17.007517122575564
density_curve,7,23,DRB03,,,,,,,,,,,,,17.0,453305.48853465647,0.010941998109710338,17.007496809920248
density_curve,7,23,DRB03,,,,,,,,,,,,,17.0,460423.93767587794,0.010924438948902413,17.00748477942183
density_curve,7,23,DRB03,,,,,,,,,,,,,17.0,467654.17085558514,0.010922050179826384,17.00748314277855
density_curve,7,23,DRB03,,,,,,,,,,,,,17.0,474997.94346614124,0.0109380813363913,17.007494126378834
density_curve,7,23,DRB03,,,,,,,,,,,,,17.0,482457.03846558335,0.010975802751774674,17.007519970861555
density_curve,7,23,DRB03,,,,,,,,,,,,,17.0,490033.26681049785,0.011038324726918425,17.007562807220946
density_curve,7,23,DRB03,,,,,,,,,,,,,17.0,497728.46789569367,0.011128400170657115,17.007624521587317
density_curve,7,23,DRB03,,,,,,,,,,,,,17.0,505544.5100007789,0.011248235957946055,17.007706625980862
density_curve,7,23,DRB03,,,,,,,,,,,,,17.0,513483.29074375494,0.01139934158467481,17.007810154618877
density_curve,7,23,DRB03,,,,,,,,,,,,,17.0,521546.7375417237,0.011582441588924302,17.007935603912003
density_curve,7,23,DRB03,,,,,,,,,,,,,17.0,529736.8080788398,0.01179747054709839,17.00808292903586
density_curve,7,23,DRB03,,,,,,,,,,,,,17.0,538055.490781606,0.012043657332359002,17.008251601659953
density_curve,7,23,DRB03,,,,,,,,,,,,,17.0,546504.805301633,0.012319690858153083,17.00844072350532
density_curve,7,23,DRB03,,,,,,,,,,,,,17.0,555086.803005981,0.012623945440653917,17.008649180749554
density_curve,7,23,DRB03,,,,,,,,,,,,,17.0,563803.567475201,0.012954732956261959,17.008875816790216
density_curve,7,23,DRB03,,,,,,,,,,,,,17.0,572657.2150091964,0.013310543347791623,17.009119597025435
density_curve,7,23,DRB03,,,,,,,,,,,,,17.0,581649.8951410283,0.013690235923650491,17.0093797399208
density_curve,7,23,DRB03,,,,,,,,,,,,,17.0,590783.7911587943,0.014093151200084024,17.00965579363705
density_curve,7,23,DRB03,,,,,,,,,,,,,17.0,600061.1206356916,0.014519125413720293,17.00994764597321
density_curve,7,23,DRB03,,,,,,,,,,,,,17.0,609484.1359684145,0.014968404992337349,17.010255465767013
density_curve,7,23,DRB03,,,,,,,,,,,,,17.0,619055.1249240021,0.015441473481329175,17.010579584315167
density_curve,7,23,DRB03,,,,,,,,,,,,,17.0,628776.4111952737,0.0159388160738298,17.01092033404331
density_curve,7,23,DRB03,,,,,,,,,,,,,17.0,638650.3549649863,0.016460655017791467,17.011277867222592
density_curve,7,23,DRB03,,,,,,,,,,,,,17.0,648679.3534788508,0.017006691791600442,17.01165197932366
density_curve,7,23,DRB03,,,,,,,,,,,,,17.0,658865.8416275523,0.017575889156008967,17.012041959691533
density_curve,7,23,DRB03,,,,,,,,,,,,,17.0,669212.2925378972,0.018166319054722848,17.012446487336074
density_curve,7,23,DRB03,,,,,,,,,,,,,17.0,679721.2181732573,0.018775092515005608,17.012863582904036
density_curve,7,23,DRB03,,,,,,,,,,,,,17.0,690395.1699434342,0.01939837705349148,17.0132906206045
density_curve,7,23,DRB03,,,,,,,,,,,,,17.0,701236.7393241049,0.02003149727349062,17.01372439713219
density_curve,7,23,DRB03,,,,,,,,,,,,,17.0,712248.5584859921,0.020669106504165737,17.014161249264482
density_curve,7,23,DRB03,,,,,,,,,,,,,17.0,723433.3009339154,0.021305412017294707,17.014597208166624
density_curve,7,23,DRB03,,,,,,,,,,,,,17.0,734793.6821558832,0.021934433536228922,17.015028176506767
density_curve,7,23,DRB03,,,,,,,,,,,,,17.0,746332.4602823642,0.022550274012391354,17.01545011397602
density_curve,7,23,DRB03,,,,,,,,,,,,,17.0,758052.4367559261,0.023147382431820566,17.01585921734794
density_curve,7,23,DRB03,,,,,,,,,,,,,17.0,769956.4570113824,0.023720790248347334,17.01625208246857
density_curve,7,23,DRB03,,,,,,,,,,,,,17.0,782047.411166621,0.024266305653245973,17.016625837358497
density_curve,7,23,DRB03,,,,,,,,,,,,,17.0,794328.2347242822,0.02478065324833317,17.01697823790862
density_curve,7,23,DRB03,,,,,,,,,,,,,17.0,806801.909284454,0.025261550899795922,17.01730772053583
density_curve,7,23,DRB03,,,,,,,,,,,,,17.0,819471.4632685608,0.025707720710149075,17.017613409700353
density_curve,7,23,DRB03,,,,,,,,,,,,,17.0,832339.9726546166,0.02611883707085303,17.017895082314478
density_curve,7,23,DRB03,,,,,,,,,,,,,17.0,845410.561724033,0.02649542126130218,17.01815309552801
density_curve,7,23,DRB03,,,,,,,,,,,,,17.0,858686.4038201383,0.026838698323242993,17.018388288667104
density_curve,7,23,DRB03,,,,,,,,,,,,,17.0,872170.7221186243,0.02715043699540482,17.01860187356691
density_curve,7,23,DRB03,,,,,,,,,,,,,17.0,885866.7904100833,0.027432796301306295,17.01879532946266
density_curve,7,23,DRB03,,,,,,,,,,,,,17.0,899777.9338948353,0.02768820206731487,17.018970318387087
density_curve,7,23,DRB03,,,,,,,,,,,,,17.0,913907.5299902376,0.027919272732276124,17.01912863433962
density_curve,7,23,DRB03,,,,,,,,,,,,,17.0,928259.0091506683,0.02812880639967004,17.019272194415265
density_curve,7,23,DRB03,,,,,,,,,,,,,17.0,942835.8557003973,0.028319830939740043,17.019403073131624
density_curve,7,23,DRB03,,,,,,,,,,,,,17.0,957641.6086795169,0.02849570743294968,17.019523573302234
density_curve,7,23,DRB03,,,,,,,,,,,,,17.0,972679.8627031752,0.028660266129311187,17.019636319187857
density_curve,7,23,DRB03,,,,,,,,,,,,,17.0,987954.2688342923,0.028817945274722465,17.01974435161207
density_curve,7,23,DRB03,,,,,,,,,,,,,17.0,1003468.5354699849,0.028973898304415418,17.01985120140389
density_curve,7,23,DRB03,,,,,,,,,,,,,17.0,1019226.4292419085,0.029134035168468693,17.019960917711547
density_curve,7,23,DRB03,,,,,,,,,,,,,17.0,1035231.7759307377,0.02930496930462457,17.02007803167143
density_curve,7,23,DRB03,,,,,,,,,,,,,17.0,1051488.4613950192,0.02949385249866371,17.020207443264145
density_curve,7,23,DRB03,,,,,,,,,,,,,17.0,1068000.4325145755,0.029708094231976498,17.02035422902809
density_curve,7,23,DRB03,,,,,,,,,,,,,17.0,1084771.6981487798,0.029954978140642845,17.020523379279908
density_curve,7,23,DRB03,,,,,,,,,,,,,17.0,1101806.3301098226,0.030241203616429332,17.020719484046584
density_curve,7,23,DRB03,,,,,,,,,,,,,17.0,1119108.4641512968,0.03057239313635238,17.020946395516827
density_curve,7,23,DRB03,,,,,,,,,,,,,17.0,1136682.3009722962,0.030952613786412307,17.0212069002174
density_curve,7,23,DRB03,,,,,,,,,,,,,17.0,1154532.1072372785,0.03138396349518424,17.02150243552488
density_curve,7,23,DRB03,,,,,,,,,,,,,17.0,1172662.2166119604,0.03186626838689124,17.021832882309873
density_curve,7,23,DRB03,,,,,,,,,,,,,17.0,1191077.0308154398,0.03239692790753801,17.02219645882659
density_curve,7,23,DRB03,,,,,,,,,,,,,17.0,1209781.0206889012,0.03297093019405894,17.022589731242896
density_curve,7,23,DRB03,,,,,,,,,,,,,17.0,1228778.727281043,0.03358104327643184,17.023007744640683
density_curve,7,23,DRB03,,,,,,,,,,,,,17.0,1248074.7629505873,0.03421817011615037,17.023444266267223
density_curve,7,23,DRB03,,,,,,,,,,,,,17.0,1267673.8124860895,0.03487183919197606,17.023892121655525
density_curve,7,23,DRB03,,,,,,,,,,,,,17.0,1287580.634243335,0.03553078914405739,17.02434359518789
density_curve,7,23,DRB03,,,,,,,,,,,,,17.0,1307800.061300597,0.036183597312462214,17.024790860733344
density_curve,7,23,DRB03,,,,,,,,,,,,,17.0,1328337.002632031,0.0368192988035744,17.025226405795326
density_curve,7,23,DRB03,,,,,,,,,,,,,17.0,1349196.4442995142,0.03742794536802903,17.025643414421772
density_curve,7,23,DRB03,,,,,,,,,,,,,17.0,1370383.450663168,0.038001061634144004,17.026036079789304
density_curve,7,23,DRB03,,,,,,,,,,,,,17.0,1391903.1656109202,0.038531969219817414,17.026399826265504
density_curve,7,23,DRB03,,,,,,,,,,,,,17.0,1413760.8138073613,0.03901596542685529,17.026731431839725
density_curve,7,23,DRB03,,,,,,,,,,,,,17.0,1435961.7019622158,0.03945036056267109,17.02702905369369
density_curve,7,23,DRB03,,,,,,,,,,,,,17.0,1458511.22011873,0.03983439407019067,17.027292170738676
density_curve,7,23,DRB03,,,,,,,,,,,,,17.0,1481414.8429622927,0.04016906220021841,17.027521465546812
density_curve,7,23,DRB03,,,,,,,,,,,,,17.0,1504678.1311496203,0.04045689693406909,17.027718672881935
density_curve,7,23,DRB03,,,,,,,,,,,,,17.0,1528306.7326587688,0.040701736050160815,17.027886422162823
density_curve,7,23,DRB03,,,,,,,,,,,,,17.0,1552306.3841604206,0.04090851754164055,17.028028096610313
density_curve,7,23,DRB03,,,,,,,,,,,,,17.0,1576682.9124106285,0.04108311922712407,17.02814772335807
density_curve,7,23,DRB03,,,,,,,,,,,,,17.0,1601442.23566548,0.04123224872736266,17.028249898071095
density_curve,7,23,DRB03,,,,,,,,,,,,,17.0,1626590.3651179587,0.04136337318172059,17.028339736791626
density_curve,7,23,DRB03,,,,,,,,,,,,,17.0,1652133.4063573685,0.04148466551196338,17.028422839122253
density_curve,7,23,DRB03,,,,,,,,,,,,,17.0,1678077.5608516952,0.04160493752896229,17.02850524239459
density_curve,7,23,DRB03,,,,,,,,,,,,,17.0,1704429.1274531947,0.041733531327139604,17.028593347259186
density_curve,7,23,DRB03,,,,,,,,,,,,,17.0,1731194.503927705,0.04188014916789393,17.02869380113169
density_curve,7,23,DRB03,,,,,,,,,,,,,17.0,1758380.1885078938,0.042054616622745226,17.028813335912556
density_curve,7,23,DRB03,,,,,,,,,,,,,17.0,1785992.7814709456,0.04226659093554892,17.02895856817408
density_curve,7,23,DRB03,,,,,,,,,,,,,17.0,1814038.9867410094,0.04252524248446411,17.029135780916977
density_curve,7,23,DRB03,,,,,,,,,,,,,17.0,1842525.6135168101,0.042838948222414124,17.02935071353392
density_curve,7,23,DRB03,,,,,,,,,,,,,17.0,1871459.5779248201,0.04321503954309461,17.02960838906224
density_curve,7,23,DRB03,,,,,,,,,,,,,17.0,1900847.9046983868,0.04365964248701198,17.029913004702557
density_curve,7,23,DRB03,,,,,,,,,,,,,17.0,1930697.7288832497,0.04417763700419851,17.030267903907998
density_curve,7,23,DRB03,,,,,,,,,,,,,17.0,1961016.2975697976,0.04477274744510566,17.03067563838321
density_curve,7,23,DRB03,,,,,,,,,,,,,17.0,1991810.9716525706,0.045447763079779054,17.031138119171054
density_curve,7,23,DRB03,,,,,,,,,,,,,17.0,2023089.2276173707,0.04620487999410677,17.031656850899683
density_curve,7,23,DRB03,,,,,,,,,,,,,17.0,2054858.65935644,0.04704615810630108,17.032233244903225
density_curve,7,23,DRB03,,,,,,,,,,,,,17.0,2087126.9800121451,0.047974101522044246,17.032869016846778
density_curve,7,23,DRB03,,,,,,,,,,,,,17.0,2119902.0238496074,0.048992397046356856,17.03356669271108
density_curve,7,23,DRB03,,,,,,,,,,,,,17.0,2153191.7481587674,0.050106882199901684,17.034330272020025
density_curve,7,23,DRB03,,,,,,,,,,,,,17.0,2187004.235186248,0.05132685648115469,17.035166126239925
density_curve,7,23,DRB03,,,,,,,,,,,,,17.0,2221347.6940976637,0.05266689255258056,17.03608423969718
density_curve,7,23,DRB03,,,,,,,,,,,,,17.0,2256230.462970635,0.05414934156702871,17.037099926079716
density_curve,7,23,DRB03,,,,,,,,,,,,,17.0,2291661.0108191706,0.055807752850205616,17.038236171401174
density_curve,7,23,DRB03,,,,,,,,,,,,,17.0,2327647.9396498133,0.057691436344073636,17.039526759917262
density_curve,7,23,DRB03,,,,,,,,,,,,,17.0,2364199.9865500783,0.05987137990722021,17.041020328309973
density_curve,7,23,DRB03,,,,,,,,,,,,,17.0,2401326.0258096857,0.062447685225017764,17.04278546033343
density_curve,7,23,DRB03,,,,,,,,,,,,,17.0,2439035.071075103,0.06555859709517735,17.04491687314628
density_curve,7,23,DRB03,,,,,,,,,,,,,17.0,2477336.2775379405,0.06939106198121338,17.047542651408037
density_curve,7,23,DRB03,,,,,,,,,,,,,17.0,2516238.944157669,0.07419255461076314,17.050832350164725
density_curve,7,23,DRB03,,,,,,,,,,,,,17.0,2555752.5159192816,0.08028365137344211,17.055005609397433
density_curve,7,23,DRB03,,,,,,,,,,,,,17.0,2595886.586126396,0.08807050933108033,17.06034070390203
density_curve,7,23,DRB03,,,,,,,,,,,,,17.0,2636650.898730361,0.09805604495205915,17.067182202296724
density_curve,7,23,DRB03,,,,,,,,,,,,,17.0,2678055.350695943,0.11084822859499498,17.075946649911725
density_curve,7,23,DRB03,,,,,,,,,,,,,17.0,2720109.994404156,0.1271635690679921,17.08712495620312
density_curve,7,23,DRB03,,,,,,,,,,,,,17.0,2762825.0400928515,0.14782362432892612,17.10128000409109
density_curve,7,23,DRB03,,,,,,,,,,,,,17.0,2806210.858335576,0.173742318312634,17.11903796020009
density_curve,7,23,DRB03,,,,,,,,,,,,,17.0,2850277.982559416,0.20590204988962987,17.141071906130403
density_curve,7,23,DRB03,,,,,,,,,,,,,17.0,2895037.1116023487,0.24531711430288214,17.168076776990166
density_curve,7,23,DRB03,,,,,,,,,,,,,17.0,2940499.1123107616,0.2929838552346443,17.200735208539886
density_curve,7,23,DRB03,,,,,,,,,,,,,17.0,2986675.022177758,0.34981821405701924,17.239674749632698
density_curve,7,23,DRB03,,,,,,,,,,,,,17.0,3033576.0520228897,0.4165828682816555,17.28541794178963
density_curve,7,23,DRB03,,,,,,,,,,,,,17.0,3081213.5887140087,0.4938078150408011,17.338327907698034
density_curve,7,23,DRB03,,,,,,,,,,,,,17.0,3129599.1979317563,0.58170986052655,17.398553190137346
density_curve,7,23,DRB03,,,,,,,,,,,,,17.0,3178744.626977629,0.6801177867758488,17.465976480686273
density_curve,7,23,DRB03,,,,,,,,,,,,,17.0,3228661.807625975,0.7884107395814481,17.540172406763574
density_curve,7,23,DRB03,,,,,,,,,,,,,17.0,3279362.859020883,0.9054774041115388,17.62037956117724
density_curve,7,23,DRB03,,,,,,,,,,,,,17.0,3330860.090618524,1.0297026698287637,17.70549136571575
density_curve,7,23,DRB03,,,,,,,,,,,,,17.0,3383166.005175699,1.1589867043884046,17.794069139454933
density_curve,7,23,DRB03,,,,,,,,,,,,,17.0,3436293.3017853256,1.2907987595681827,17.88437896339862
density_curve,7,23,DRB03,,,,,,,,,,,,,17.0,3490254.8789595794,1.422264856941637,17.974451757515723
density_curve,7,23,DRB03,,,,,,,,,,,,,17.0,3545063.837761485,1.5502850961802797,18.062163653450447
density_curve,7,23,DRB03,,,,,,,,,,,,,17.0,3600733.4849856202,1.671673114332552,18.145331543771654
density_curve,7,23,DRB03,,,,,,,,,,,,,17.0,3657277.33638883,1.7833076310948266,18.221816911829148
density_curve,7,23,DRB03,,,,,,,,,,,,,17.0,3714709.119971648,1.8822844180677294,18.28962995209958
density_curve,7,23,DRB03,,,,,,,,,,,,,17.0,3773042.7793112434,1.96605668563011,18.34702575496908
density_curve,7,23,DRB03,,,,,,,,,,,,,17.0,3832292.476946719,2.032552879627331,18.392585014056756
density_curve,7,23,DRB03,,,,,,,,,,,,,17.0,3892472.597817551,2.0802631235997007,18.42527325131683
density_curve,7,23,DRB03,,,,,,,,,,,,,17.0,3953597.752756071,2.1082887529185492,18.444474754898916
density_curve,7,23,DRB03,,,,,,,,,,,,,17.0,4015682.782034709,2.116353145919691,18.45
density_curve,7,23,DRB03,,,,,,,,,,,,,17.0,4078742.7589690215,2.104775866985834,18.442067933233893
density_curve,7,23,DRB03,,,,,,,,,,,,,17.0,4142792.9935772587,2.074415499968028,18.421266805472825
density_curve,7,23,DRB03,,,,,,,,,,,,,17.0,4207849.036297407,2.0265890470439576,18.38849894871243
density_curve,7,23,DRB03,,,,,,,,,,,,,17.0,4273926.681762604,1.9629771197591765,18.344915818580883
density_curve,7,23,DRB03,,,,,,,,,,,,,17.0,4341041.972635828,1.885524259339331,18.291849699712536
density_curve,7,23,DRB03,,,,,,,,,,,,,17.0,4409211.203504863,1.7963426867952255,18.23074776101281
density_curve,7,23,DRB03,,,,,,,,,,,,,17.0,4478450.924838282,1.6976258608475632,18.163112830661
density_curve,7,23,DRB03,,,,,,,,,,,,,17.0,4548777.947003777,1.591575789201826,18.090453594095123
density_curve,7,23,DRB03,,,,,,,,,,,,,17.0,4620209.3443493685,1.4803455179367804,18.014245191142493
density_curve,7,23,DRB03,,,,,,,,,,,,,17.0,4692762.459348841,1.3659960087811134,17.935899670880247
density_curve,7,23,DRB03,,,,,,,,,,,,,17.0,4766454.906812234,1.2504650069807912,17.85674466173943
density_curve,7,23,DRB03,,,,,,,,,,,,,17.0,4841304.57816245,1.1355446698674159,17.77800804392323
density_curve,7,23,DRB03,,,,,,,,,,,,,17.0,4917329.645779026,1.0228646829650887,17.70080638156202
density_curve,7,23,DRB03,,,,,,,,,,,,,17.0,4994548.567410101,0.9138782122188294,17.62613529801117
density_curve,7,23,DRB03,,,,,,,,,,,,,17.0,5072980.090653727,0.8098491011775639,17.55486070411806
density_curve,7,23,DRB03,,,,,,,,,,,,,17.0,5152643.257509442,0.7118399443347345,17.487710626780494
density_curve,7,23,DRB03,,,,,,,,,,,,,17.0,5233557.40900142,0.6207017824942764,17.42526814882097
density_curve,7,23,DRB03,,,,,,,,,,,,,17.0,5315742.189874179,0.537066958987579,17.367966514489044
density_curve,7,23,DRB03,,,,,,,,,,,,,17.0,5399217.553362021,0.46134702183648096,17.31608769214752
density_curve,7,23,DRB03,,,,,,,,,,,,,17.0,5484003.766033389,0.3937374329209534,17.269765600715605
density_curve,7,23,DRB03,,,,,,,,,,,,,17.0,5570121.412711266,0.33423031992411906,17.228994846547394
density_curve,7,23,DRB03,,,,,,,,,,,,,17.0,5657591.401470916,0.2826357164734161,17.193645275920318
density_curve,7,23,DRB03,,,,,,,,,,,,,17.0,5746434.968715974,0.2386108484226222,17.163482040263393
density_curve,7,23,DRB03,,,,,,,,,,,,,17.0,5836673.684334379,0.20169620242337835,17.13819030820908
density_curve,7,23,DRB03,,,,,,,,,,,,,17.0,5928329.456935207,0.17135648348146107,17.11740332728834
density_curve,7,23,DRB03,,,,,,,,,,,,,17.0,6021424.539167753,0.1470242019299145,17.10073228714659
density_curve,7,23,DRB03,,,,,,,,,,,,,17.0,6115981.53312414,0.1281435362177972,17.087796371732214
density_curve,7,23,DRB03,,,,,,,,,,,,,17.0,6212023.395826757,0.11421225044622804,17.078251478712954
density_curve,7,23,DRB03,,,,,,,,,,,,,17.0,6309573.444801942,0.10481972152277226,17.071816273432933
density_curve,7,23,DRB03,,,,,,,,,,,,,17.0,6408655.363740995,0.09967945234073065,17.06829446502004
density_curve,7,23,DRB03,,,,,,,,,,,,,17.0,6509293.20825039,0.0986547257188962,17.06759238294809
density_curve,7,23,DRB03,,,,,,,,,,,,,17.0,6611511.411691989,0.10177622928754015,17.06973105256628
density_curve,7,23,DRB03,,,,,,,,,,,,,17.0,6715334.791115149,0.10925053689107861,17.074852006054606
density_curve,7,23,DRB03,,,,,,,,,,,,,17.0,6820788.553281926,0.12145829740544127,17.083216041508685
density_curve,7,23,DRB03,,,,,,,,,,,,,17.0,6927898.300786892,0.1389409298897118,17.09519410724458
density_curve,7,23,DRB03,,,,,,,,,,,,,17.0,7036690.03827307,0.16237465730138922,17.11124951123632
density_curve,7,23,DRB03,,,,,,,,,,,,,17.0,7147190.1787454495,0.1925309424431545,17.131910814166723
density_curve,7,23,DRB03,,,,,,,,,,,,,17.0,7259425.549983729,0.2302229187970694,17.15773512700343
density_curve,7,23,DRB03,,,,,,,,,,,,,17.0,7373423.401055615,0.27623829704713654,17.189262142516526
density_curve,7,23,DRB03,,,,,,,,,,,,,17.0,7489211.408932546,0.3312604778867112,17.22696008644011
density_curve,7,23,DRB03,,,,,,,,,,,,,17.0,7606817.685209225,0.3957811422791979,17.27116582948894
density_curve,7,23,DRB03,,,,,,,,,,,,,17.0,7726270.782928702,0.4700092737837715,17.32202255483704
density_curve,7,23,DRB03,,,,,,,,,,,,,17.0,7847599.7035146225,0.553783178339099,17.379419479277285
density_curve,7,23,DRB03,,,,,,,,,,,,,17.0,7970833.903812322,0.646493345025114,17.44293900197788
density_curve,7,23,DRB03,,,,,,,,,,,,,17.0,8096003.303240569,0.7470246676693453,17.511817118144446
density_curve,7,23,DRB03,,,,,,,,,,,,,17.0,8223138.291055465,0.8537263868437124,17.584922825054054
density_curve,7,23,DRB03,,,,,,,,,,,,,17.0,8352269.733728553,0.9644169592266297,17.660761458254132
density_curve,7,23,DRB03,,,,,,,,,,,,,17.0,8483428.982440725,1.0764288792545822,17.737505400707057
density_curve,7,23,DRB03,,,,,,,,,,,,,17.0,8616647.880693821,1.1866953727845475,17.81305348016001
density_curve,7,23,DRB03,,,,,,,,,,,,,17.0,8751958.77204175,1.2918771089546595,17.885117784617282
density_curve,7,23,DRB03,,,,,,,,,,,,,17.0,8889394.507943004,1.3885230190004074,17.951333845881216
density_curve,7,23,DRB03,,,,,,,,,,,,,17.0,9028988.455736592,1.4732554411713,18.009387489898366
density_curve,7,23,DRB03,,,,,,,,,,,,,17.0,9170774.50674293,1.5429666268887363,18.057149471156155
density_curve,7,23,DRB03,,,,,,,,,,,,,17.0,9314787.084492404,1.595011597184442,18.092807606507655
density_curve,7,23,DRB03,,,,,,,,,,,,,17.0,9461061.153082676,1.6273817661596999,18.11498573169655
density_curve,7,23,DRB03,,,,,,,,,,,,,17.0,9609632.225667553,1.6388448108694138,18.122839531928868
density_curve,7,23,DRB03,,,,,,,,,,,,,17.0,9760536.373079011,1.6290389158468213,18.11612111264701
density_curve,7,23,DRB03,,,,,,,,,,,,,17.0,9913810.23258467,1.598513491869533,18.095206897619903
density_curve,7,23,DRB03,,,,,,,,,,,,,17.0,10069491.016782762,1.5487133123792336,18.061086760156
density_curve,7,23,DRB03,,,,,,,,,,,,,17.0,10227616.522636779,1.4819081488291375,18.01531581340527
density_curve,7,23,DRB03,,,,,,,,,,,,,17.0,10388225.14065211,1.4010747919373951,17.959933578300035
density_curve,7,23,DRB03,,,,,,,,,,,,,17.0,10551355.864196453,1.3097422357231798,17.89735791281342
density_curve,7,23,DRB03,,,,,,,,,,,,,17.0,10717048.298967114,1.2118133203641641,17.830262812194537
density_curve,7,23,DRB03,,,,,,,,,,,,,17.0,10885342.672606446,1.1113770200854536,17.761449799732553
density_curve,7,23,DRB03,,,,,,,,,,,,,17.0,11056279.844468623,1.0125248002360225,17.69372210548737
density_curve,7,23,DRB03,,,,,,,,,,,,,17.0,11229901.315539658,0.9191822671851972,17.629769322756076
density_curve,7,23,DRB03,,,,,,,,,,,,,17.0,11406249.238513203,0.834964111047496,17.572068023407663
density_curve,7,23,DRB03,,,,,,,,,,,,,17.0,11585366.428024698,0.7630566440156853,17.522801280096346
density_curve,7,23,DRB03,,,,,,,,,,,,,17.0,11767296.371045876,0.706128660859408,17.483797593147525
density_curve,7,23,DRB03,,,,,,,,,,,,,17.0,11952083.237443073,0.6662684364255945,17.456487724971478
density_curve,7,23,DRB03,,,,,,,,,,,,,17.0,12139771.890700752,0.6449428324072735,17.441876682440046
density_curve,7,23,DRB03,,,,,,,,,,,,,17.0,12330407.898813803,0.6429739132654336,17.440527695499387
density_curve,7,23,DRB03,,,,,,,,,,,,,17.0,12524037.545350743,0.6605291355314942,17.452555495460306
density_curve,7,23,DRB03,,,,,,,,,,,,,17.0,12720707.84069066,0.6971228162191284,17.47762732106719
density_curve,7,23,DRB03,,,,,,,,,,,,,17.0,12920466.533436738,0.7516287658097652,17.514971573872444
density_curve,7,23,DRB03,,,,,,,,,,,,,17.0,13123362.122008637,0.8223061487326224,17.563395536307883
density_curve,7,23,DRB03,,,,,,,,,,,,,17.0,13329443.866417537,0.9068422636002188,17.621314682171768
density_curve,7,23,DRB03,,,,,,,,,,,,,17.0,13538761.800225446,1.0024165644306715,17.68679654018367
density_curve,7,23,DRB03,,,,,,,,,,,,,17.0,13751366.742692733,1.1057895989678546,17.757621629261035
density_curve,7,23,DRB03,,,,,,,,,,,,,17.0,13967310.311116258,1.2134185820571213,17.831362642560407
density_curve,7,23,DRB03,,,,,,,,,,,,,17.0,14186644.93336124,1.3215982639424237,17.905480962102736
density_curve,7,23,DRB03,,,,,,,,,,,,,17.0,14409423.860590115,1.4266220345453586,17.977437037896543
density_curve,7,23,DRB03,,,,,,,,,,,,,17.0,14635701.180190798,1.524954424612619,18.044808575521262
density_curve,7,23,DRB03,,,,,,,,,,,,,17.0,14865531.828908725,1.6134029861966346,18.10540829846641
density_curve,7,23,DRB03,,,,,,,,,,,,,17.0,15098971.606184201,1.6892755738584302,18.15739170790907
density_curve,7,23,DRB03,,,,,,,,,,,,,17.0,15336077.187700124,1.7505087644114978,18.199345068326792
density_curve,7,23,DRB03,,,,,,,,,,,,,17.0,15576906.139141649,1.7957547656144537,18.23034495219342
density_curve,7,23,DRB03,,,,,,,,,,,,,17.0,15821516.930172438,1.8244176013184121,18.24998303190184
density_curve,7,23,DRB03,,,,,,,,,,,,,17.0,16069968.948630175,1.8366342581412163,18.258353162580278
density_curve,7,23,DRB03,,,,,,,,,,,,,17.0,16322322.514945026,1.8332022268706756,18.256001737747482
density_curve,7,23,DRB03,,,,,,,,,,,,,17.0,16578638.896784693,1.815460703344372,18.24384629518217
density_curve,7,23,DRB03,,,,,,,,,,,,,17.0,16838980.323928915,1.7851378209961977,18.22307084969963
density_curve,7,23,DRB03,,,,,,,,,,,,,17.0,17103410.003378414,1.7441799487407654,18.195008938158605
density_curve,7,23,DRB03,,,,,,,,,,,,,17.0,17371992.134700213,1.694580781362423,18.16102652230459
density_curve,7,23,DRB03,,,,,,,,,,,,,17.0,17644791.92561452,1.638227435894253,18.12241654311166
density_curve,7,23,DRB03,,,,,,,,,,,,,17.0,17921875.607826144,1.576778127970642,18.0803151118543
density_curve,7,23,DRB03,,,,,,,,,,,,,17.0,18203310.453104522,1.5115816248016494,18.035646324049534
density_curve,7,23,DRB03,,,,,,,,,,,,,17.0,18489164.789616488,1.4436431879156326,17.989098925438554
density_curve,7,23,DRB03,,,,,,,,,,,,,17.0,18779508.018514913,1.37363590362489,17.941134074951627
density_curve,7,23,DRB03,,,,,,,,,,,,,17.0,19074410.630788796,1.301950948277718,17.89201978348576
density_curve,7,23,DRB03,,,,,,,,,,,,,17.0,19373944.224377003,1.2287761452727004,17.84188473652451
density_curve,7,23,DRB03,,,,,,,,,,,,,17.0,19678181.521551367,1.1541896378987586,17.790782473227512
density_curve,7,23,DRB03,,,,,,,,,,,,,17.0,19987196.386572525,1.078254858144856,17.738756453441805
density_curve,7,23,DRB03,,,,,,,,,,,,,17.0,20301063.843623016,1.0011041646596404,17.68589736148485
density_curve,7,23,DRB03,,,,,,,,,,,,,17.0,20619860.095022235,0.9230012436903842,17.63238585957707
density_curve,7,23,DRB03,,,,,,,,,,,,,17.0,20943662.539726753,0.8443761135864912,17.57851657085725
density_curve,7,23,DRB03,,,,,,,,,,,,,17.0,21272549.792122267,0.7658307430067782,17.524701928645875
density_curve,7,23,DRB03,,,,,,,,,,,,,17.0,21606601.701109305,0.6881172790591414,17.47145725965416
density_curve,7,23,DRB03,,,,,,,,,,,,,17.0,21945899.369489986,0.6120941654382409,17.419370718727453
density_curve,7,23,DRB03,,,,,,,,,,,,,17.0,22290525.173658106,0.5386676489597967,17.369063212582265
density_curve,7,23,DRB03,,,,,,,,,,,,,17.0,22640562.78359909,0.4687271547584799,17.32114412271419
density_curve,7,23,DRB03,,,,,,,,,,,,,17.0,22996097.183203783,0.40308277995634173,17.276168479756578
density_curve,7,23,DRB03,,,,,,,,,,,,,17.0,23357214.690901212,0.3424119042237176,17.234600384194685
density_curve,7,23,DRB03,,,,,,,,,,,,,17.0,23724002.980615646,0.28721995175770937,17.196786122794123
density_curve,7,23,DRB03,,,,,,,,,,,,,17.0,24096551.10305199,0.23781802651661624,17.162938845586304
density_curve,7,23,DRB03,,,,,,,,,,,,,17.0,24474949.507316638,0.19431783850111065,17.133135089656395
density_curve,7,23,DRB03,,,,,,,,,,,,,17.0,24859290.062876612,0.15664234311464242,17.107322068603786
density_curve,7,23,DRB03,,,,,,,,,,,,,17.0,25249666.08186437,0.12454903548805675,17.08533363243553
density_curve,7,23,DRB03,,,,,,,,,,,,,17.0,25646172.341732506,0.0976619774985434,17.066912210585418
density_curve,7,23,DRB03,,,,,,,,,,,,,17.0,26048905.10826428,0.07550838487326787,17.051733879233403
density_curve,7,23,DRB03,,,,,,,,,,,,,17.0,26457962.158945747,0.05755587991603343,17.0394338846705
density_curve,7,23,DRB03,,,,,,,,,,,,,17.0,26873442.80670409,0.04324718208045036,17.029630411227707
density_curve,7,23,DRB03,,,,,,,,,,,,,17.0,27295447.924020074,0.03202990055459526,17.021944993392857
density_curve,7,23,DRB03,,,,,,,,,,,,,17.0,27724079.967417758,0.02338005201886036,17.01601862878731
density_curve,7,23,DRB03,,,,,,,,,,,,,17.0,28159443.002339695,0.01681882118364862,17.011523261495043
density_curve,7,23,DRB03,,,,,,,,,,,,,17.0,28601642.7284124,0.011922819226736039,17.00816881053717
density_curve,7,23,DRB03,,,,,,,,,,,,,17.0,29050786.505108584,0.00832862638716311,17.00570628218862
density_curve,7,23,DRB03,,,,,,,,,,,,,17.0,29506983.377812706,0.005732719530371943,17.00392772035001
density_curve,7,23,DRB03,,,,,,,,,,,,,17.0,29970344.104294933,0.0038880038263349737,17.002663830258694
density_curve,7,23,DRB03,,,,,,,,,,,,,17.0,30440981.18160234,0.0025981296774996183,17.00178008478388
density_curve,7,23,DRB03,,,,,,,,,,,,,17.0,30919008.873370558,0.00171063020755695,17.00117202263986
density_curve,7,23,DRB03,,,,,,,,,,,,,17.0,31404543.237566188,0.0011097089580646244,17.000760306942297
density_curve,7,23,DRB03,,,,,,,,,,,,,17.0,31897702.154663246,0.0007092829921898325,17.000485958754407
density_curve,7,23,DRB03,,,,,,,,,,,,,17.0,32398605.356263112,0.00044667404574189545,17.000306034636786
density_curve,7,23,DRB03,,,,,,,,,,,,,17.0,32907374.454163484,0.0002771591271902737,17.000189893040865
density_curve,7,23,DRB03,,,,,,,,,,,,,17.0,33424132.969883844,0.0001694512951166062,17.000116098004906
density_curve,7,23,DRB03,,,,,,,,,,,,,17.0,33949006.36465498,0.00010208247150636138,17.000069940871622
density_curve,7,23,DRB03,,,,,,,,,,,,,17.0,34482122.069878325,6.05989055097969e-05,17.00004151878582
density_curve,7,23,DRB03,,,,,,,,,,,,,17.0,35023609.518065386,3.5449153584799405e-05,17.00002428766333
density_curve,7,23,DRB03,,,,,,,,,,,,,17.0,35573600.17426121,2.0436100320516792e-05,17.00001400160721
density_curve,7,23,DRB03,,,,,,,,,,,,,17.0,36132227.56796255,1.1610962280831689e-05,17.000007955144603
density_curve,7,23,DRB03,,,,,,,,,,,,,17.0,36699627.32553667,6.501996346147637e-06,17.000004454783323
density_curve,7,23,DRB03,,,,,,,,,,,,,17.0,37275937.20314938,3.5889469848508974e-06,17.000002458934198
density_curve,7,23,DRB03,,,,,,,,,,,,,17.0,37861297.12021055,1.9528357733626777e-06,17.000001337967568
density_curve,7,23,DRB03,,,,,,,,,,,,,17.0,38455849.19334357,1.0475677431463003e-06,17.000000717731456
density_curve,7,23,DRB03,,,,,,,,,,,,,17.0,39059737.77089033,5.540616625477561e-07,17.00000037961028
density_curve,7,23,DRB03,,,,,,,,,,,,,17.0,39673109.46795558,2.8895996591583033e-07,17.000000197978277
density_curve,7,23,DRB03,,,,,,,,,,,,,17.0,40296113.20200404,1.4861632284562064e-07,17.000000101823115
density_curve,7,23,DRB03,,,,,,,,,,,,,17.0,40928900.22901449,7.538611610539235e-08,17.000000051650108
density_curve,7,23,DRB03,,,,,,,,,,,,,17.0,41571624.180202775,3.771893902319497e-08,17.000000025842787
density_curve,7,23,DRB03,,,,,,,,,,,,,17.0,42224441.09932146,1.861734504025681e-08,17.000000012755503
density_curve,7,23,DRB03,,,,,,,,,,,,,17.0,42887509.48054403,9.065923740173369e-09,17.000000006211433
density_curve,7,23,DRB03,,,,,,,,,,,,,17.0,43560990.30694617,4.355984408946813e-09,17.000000002984464
density_curve,7,23,DRB03,,,,,,,,,,,,,17.0,44245047.08958865,2.065292531693816e-09,17.000000001415017
density_curve,7,23,DRB03,,,,,,,,,,,,,17.0,44939845.907216705,9.663515432189892e-10,17.000000000662087
density_curve,7,23,DRB03,,,,,,,,,,,,,17.0,45645555.44658045,4.4625150845453347e-10,17.000000000305747
density_curve,7,23,DRB03,,,,,,,,,,,,,17.0,46362347.04338999,2.033960120017649e-10,17.000000000139355
density_curve,7,23,DRB03,,,,,,,,,,,,,17.0,47090394.72391306,9.150489819019474e-11,17.000000000062695
density_curve,7,23,DRB03,,,,,,,,,,,,,17.0,47829875.24722586,4.063493586394039e-11,17.00000000002784
density_curve,7,23,DRB03,,,,,,,,,,,,,17.0,48580968.14812807,1.7812094599604674e-11,17.000000000012204
density_curve,7,23,DRB03,,,,,,,,,,,,,17.0,49343855.78073008,7.707079356086887e-12,17.00000000000528
density_curve,7,23,DRB03,,,,,,,,,,,,,17.0,50118723.36272725,3.2916649225582127e-12,17.000000000002256
density_curve,8,3,DRB27,,,,,,,,,,,,,16.0,100000.0,0.0024632757072899337,16.001713297293836
density_curve,8,3,DRB27,,,,,,,,,,,,,16.0,101570.34258822507,0.002658894125748852,16.001849356974844
density_curve,8,3,DRB27,,,,,,,,,,,,,16.0,103165.34493489409,0.002870788641838732,16.001996737270083
density_curve,8,3,DRB27,,,,,,,,,,,,,16.0,104785.39428269603,0.0030955987153168697,16.002153100802342
density_curve,8,3,DRB27,,,,,,,,,,,,,16.0,106430.88395535655,0.0033294934524257832,16.002315783046534
density_curve,8,3,DRB27,,,,,,,,,,,,,16.0,108102.21345313193,0.0035684164138440983,16.00248196260249
density_curve,8,3,DRB27,,,,,,,,,,,,,16.0,109799.78854980043,0.003808345978291674,16.002648842287236
density_curve,8,3,DRB27,,,,,,,,,,,,,16.0,111524.02139117903,0.004045550434728813,16.00281382656086
density_curve,8,3,DRB27,,,,,,,,,,,,,16.0,113275.33059518597,0.0042768178491005395,16.00297468140712
density_curve,8,3,DRB27,,,,,,,,,,,,,16.0,115054.14135347492,0.004499643062449507,16.003129664397413
density_curve,8,3,DRB27,,,,,,,,,,,,,16.0,116860.88553466521,0.0047123575128911995,16.003277614986633
density_curve,8,3,DRB27,,,,,,,,,,,,,16.0,118696.00178919302,0.004914191573272785,16.003417997871274
density_curve,8,3,DRB27,,,,,,,,,,,,,16.0,120559.93565580886,0.005105263516564904,16.00355089531446
density_curve,8,3,DRB27,,,,,,,,,,,,,16.0,122453.13966974878,0.00528649394019958,16.003676947624992
density_curve,8,3,DRB27,,,,,,,,,,,,,16.0,124376.07347260158,0.005459449441422285,16.003797244427872
density_curve,8,3,DRB27,,,,,,,,,,,,,16.0,126329.20392390396,0.005626124456294844,16.003913172925476
density_curve,8,3,DRB27,,,,,,,,,,,,,16.0,128313.00521448672,0.005788675261988448,16.00402623288652
density_curve,8,3,DRB27,,,,,,,,,,,,,16.0,130327.95898160127,0.005949124842535634,16.004137831369523
density_curve,8,3,DRB27,,,,,,,,,,,,,16.0,132374.55442585386,0.006109061132678222,16.004249072840494
density_curve,8,3,DRB27,,,,,,,,,,,,,16.0,134453.28842997624,0.0062693535137827465,16.0043605619856
density_curve,8,3,DRB27,,,,,,,,,,,,,16.0,136564.66567946097,0.006429912824573575,16.00447223678995
density_curve,8,3,DRB27,,,,,,,,,,,,,16.0,138709.19878509274,0.006589518240611263,16.004583248126025
density_curve,8,3,DRB27,,,,,,,,,,,,,16.0,140887.40840740083,0.006745730137805982,16.004691899147076
density_curve,8,3,DRB27,,,,,,,,,,,,,16.0,143099.82338306884,0.006894901794362069,16.00479565342628
density_curve,8,3,DRB27,,,,,,,,,,,,,16.0,145346.98085332804,0.007032295116920163,16.004891215448442
density_curve,8,3,DRB27,,,,,,,,,,,,,16.0,147629.42639436718,0.007152297317265137,16.004974681316472
density_curve,8,3,DRB27,,,,,,,,,,,,,16.0,149947.71414979032,0.00724872748565626,16.005041751984226
density_curve,8,3,DRB27,,,,,,,,,,,,,16.0,152302.40696515449,0.007315215073363941,16.005087996504788
density_curve,8,3,DRB27,,,,,,,,,,,,,16.0,154694.07652461986,0.007345626956129401,16.00510914906854
density_curve,8,3,DRB27,,,,,,,,,,,,,16.0,157123.30348974746,0.007334516270361931,16.005101421184975
density_curve,8,3,DRB27,,,,,,,,,,,,,16.0,159590.6776404731,0.007277564604448816,16.005061809242715
density_curve,8,3,DRB27,,,,,,,,,,,,,16.0,162096.79801829843,0.007171989218675011,16.0049883777457
density_curve,8,3,DRB27,,,,,,,,,,,,,16.0,164642.27307172897,0.007016888519158211,16.004880499602802
density_curve,8,3,DRB27,,,,,,,,,,,,,16.0,167227.72080399614,0.0068135018151969364,16.004739036798426
density_curve,8,3,DRB27,,,,,,,,,,,,,16.0,169853.76892309941,0.0065653633264014305,16.00456644751007
density_curve,8,3,DRB27,,,,,,,,,,,,,16.0,172521.0549942039,0.0062783354444184555,16.004366809243024
density_curve,8,3,DRB27,,,,,,,,,,,,,16.0,175230.2265944331,0.005960512390732114,16.004145751820914
density_curve,8,3,DRB27,,,,,,,,,,,,,16.0,177981.9414700888,0.005621992578544303,16.003910299055146
density_curve,8,3,DRB27,,,,,,,,,,,,,16.0,180776.86769634343,0.005274525957474424,16.003668623460403
density_curve,8,3,DRB27,,,,,,,,,,,,,16.0,183615.6838394384,0.004931050956806681,16.003429724181935
density_curve,8,3,DRB27,,,,,,,,,,,,,16.0,186499.07912142982,0.004605143702447977,16.003203043906037
density_curve,8,3,DRB27,,,,,,,,,,,,,16.0,189427.7535875212,0.004310409188352215,16.00299804539779
density_curve,8,3,DRB27,,,,,,,,,,,,,16.0,192402.4182760241,0.00405984925100826,16.00282377190444
density_curve,8,3,DRB27,,,,,,,,,,,,,16.0,195423.79539098707,0.0038652448792254883,16.002688417529548
density_curve,8,3,DRB27,,,,,,,,,,,,,16.0,198492.61847753756,0.0037365902097289973,16.002598933556463
density_curve,8,3,DRB27,,,,,,,,,,,,,16.0,201609.63259997344,0.003681612473951716,16.002560694553964
density_curve,8,3,DRB27,,,,,,,,,,,,,16.0,204775.59452265495,0.0037054064868704325,16.002577244150025
density_curve,8,3,DRB27,,,,,,,,,,,,,16.0,207991.2728937353,0.003810204610180564,16.0026501350329
density_curve,8,3,DRB27,,,,,,,,,,,,,16.0,211257.44843177704,0.003995294263077268,16.00277887157688
density_curve,8,3,DRB27,,,,,,,,,,,,,16.0,214574.91411529886,0.004257085818880374,16.002960957066854
density_curve,8,3,DRB27,,,,,,,,,,,,,16.0,217944.4753752988,0.0045893248515852,16.003192041323462
density_curve,8,3,DRB27,,,,,,,,,,,,,16.0,221366.95029080036,0.004983434740662411,16.003466158997107
density_curve,8,3,DRB27,,,,,,,,,,,,,16.0,224843.16978747185,0.005428968945391185,16.003776044141112
density_curve,8,3,DRB27,,,,,,,,,,,,,16.0,228373.97783935972,0.00591414696380372,16.004113502990528
density_curve,8,3,DRB27,,,,,,,,,,,,,16.0,231960.2316737949,0.006426444104444115,16.004469824169718
density_curve,8,3,DRB27,,,,,,,,,,,,,16.0,235602.80197951404,0.00695320268440152,16.00483620380269
density_curve,8,3,DRB27,,,,,,,,,,,,,16.0,239302.57311804994,0.007482231125150209,16.005204162205892
density_curve,8,3,DRB27,,,,,,,,,,,,,16.0,243060.44333844114,0.008002357739561695,16.005565929067103
density_curve,8,3,DRB27,,,,,,,,,,,,,16.0,246877.32499531287,0.008503907972590598,16.005914775383584
density_curve,8,3,DRB27,,,,,,,,,,,,,16.0,250754.1447703851,0.008979077696965813,16.00624527310273
density_curve,8,3,DRB27,,,,,,,,,,,,,16.0,254691.843897454,0.009422181035223028,16.006553467491234
density_curve,8,3,DRB27,,,,,,,,,,,,,16.0,258691.37839091144,0.009829759060268527,16.006836952740276
density_curve,8,3,DRB27,,,,,,,,,,,,,16.0,262753.7192778504,0.010200545309161486,16.007094847979097
density_curve,8,3,DRB27,,,,,,,,,,,,,16.0,266879.85283381585,0.010535294674179607,16.00732767826257
density_curve,8,3,DRB27,,,,,,,,,,,,,16.0,271070.7808222577,0.010836492932710188,16.00753717253872
density_curve,8,3,DRB27,,,,,,,,,,,,,16.0,275327.5207377438,0.011107973750477326,16.007725997260625
density_curve,8,3,DRB27,,,,,,,,,,,,,16.0,279651.1060529923,0.011354477220631435,16.007897449334415
density_curve,8,3,DRB27,,,,,,,,,,,,,16.0,284042.5864697849,0.011581187862731771,16.00805513478085
density_curve,8,3,DRB27,,,,,,,,,,,,,16.0,288503.028173816,0.011793289894985437,16.008202659411083
density_curve,8,3,DRB27,,,,,,,,,,,,,16.0,293033.5140935484,0.011995573474003448,16.008343354952185
density_curve,8,3,DRB27,,,,,,,,,,,,,16.0,297635.14416313195,0.01219211804908564,16.0084800588086
density_curve,8,3,DRB27,,,,,,,,,,,,,16.0,302309.0355894507,0.012386069120425672,16.00861495878942
density_curve,8,3,DRB27,,,,,,,,,,,,,16.0,307056.3231233643,0.012579513982650694,16.0087495066835
density_curve,8,3,DRB27,,,,,,,,,,,,,16.0,311878.15933520853,0.012773452006697768,16.008884397589455
density_curve,8,3,DRB27,,,,,,,,,,,,,16.0,316775.7148946211,0.01296784697429695,16.009019606316166
density_curve,8,3,DRB27,,,,,,,,,,,,,16.0,321750.1788547658,0.013161743779580133,16.009154468552982
density_curve,8,3,DRB27,,,,,,,,,,,,,16.0,326802.75894101255,0.013353429703927572,16.009287793042187
density_curve,8,3,DRB27,,,,,,,,,,,,,16.0,331934.6818441578,0.013540621109090588,16.00941799143084
density_curve,8,3,DRB27,,,,,,,,,,,,,16.0,337147.193518246,0.013720658975618217,16.009543214274792
density_curve,8,3,DRB27,,,,,,,,,,,,,16.0,342441.55948306865,0.01389070021105983,16.00966148410048
density_curve,8,3,DRB27,,,,,,,,,,,,,16.0,347819.06513141334,0.01404789509155633,16.009770818821952
density_curve,8,3,DRB27,,,,,,,,,,,,,16.0,353281.01604113757,0.014189543907284396,16.009869340693434
density_curve,8,3,DRB27,,,,,,,,,,,,,16.0,358828.7382921458,0.014313227632634115,16.00995536719518
density_curve,8,3,DRB27,,,,,,,,,,,,,16.0,364463.57878833805,0.014416908475552732,16.010027480969157
density_curve,8,3,DRB27,,,,,,,,,,,,,16.0,370186.9055846206,0.014498997053617154,16.010084576542436
density_curve,8,3,DRB27,,,,,,,,,,,,,16.0,376000.1082190484,0.01455838437702467,16.010125882572524
density_curve,8,3,DRB27,,,,,,,,,,,,,16.0,381904.59805018455,0.01459443929986382,16.010150960074625
density_curve,8,3,DRB27,,,,,,,,,,,,,16.0,387901.8085997564,0.014606975734126315,16.010159679617807
density_curve,8,3,DRB27,,,,,,,,,,,,,16.0,393993.19590069365,0.014596198282524614,16.010152183510648
density_curve,8,3,DRB27,,,,,,,,,,,,,16.0,400180.2388506313,0.014562639124831236,16.01012884190342
density_curve,8,3,DRB27,,,,,,,,,,,,,16.0,406464.4395709628,0.01450710179085244,16.010090213680144
density_curve,8,3,DRB27,,,,,,,,,,,,,16.0,412847.323771536,0.014430627710384647,16.010037023192886
density_curve,8,3,DRB27,,,,,,,,,,,,,16.0,419330.44112106785,0.014334498382809127,16.009970161770795
density_curve,8,3,DRB27,,,,,,,,,,,,,16.0,425915.3656233841,0.014220279589323882,16.009890718471286
density_curve,8,3,DRB27,,,,,,,,,,,,,16.0,432603.6959995626,0.014089905056033143,16.009800038270768
density_curve,8,3,DRB27,,,,,,,,,,,,,16.0,439397.0560760795,0.013945786924519433,16.009699798900897
density_curve,8,3,DRB27,,,,,,,,,,,,,16.0,446297.0951790494,0.01379093136113471,16.009592091259037
density_curve,8,3,DRB27,,,,,,,,,,,,,16.0,453305.48853465647,0.013629031765916812,16.00947948423842
density_curve,8,3,DRB27,,,,,,,,,,,,,16.0,460423.93767587794,0.013464511019289837,16.00936505411225
density_curve,8,3,DRB27,,,,,,,,,,,,,16.0,467654.17085558514,0.01330248884222058,16.009252361831525
density_curve,8,3,DRB27,,,,,,,,,,,,,16.0,474997.94346614124,0.013148660305682191,16.00914536852396
density_curve,8,3,DRB27,,,,,,,,,,,,,16.0,482457.03846558335,0.01300908530002691,16.009048289062342
density_curve,8,3,DRB27,,,,,,,,,,,,,16.0,490033.26681049785,0.012889903934356885,16.0089653941145
density_curve,8,3,DRB27,,,,,,,,,,,,,16.0,497728.46789569367,0.012797006500408508,16.008900780591247
density_curve,8,3,DRB27,,,,,,,,,,,,,16.0,505544.5100007789,0.012735696068896052,16.00885813696996
density_curve,8,3,DRB27,,,,,,,,,,,,,16.0,513483.29074375494,0.012710384980435745,16.00884053219302
density_curve,8,3,DRB27,,,,,,,,,,,,,16.0,521546.7375417237,0.012724362609695727,16.008850254139418
density_curve,8,3,DRB27,,,,,,,,,,,,,16.0,529736.8080788398,0.012779661352411957,16.008888716413846
density_curve,8,3,DRB27,,,,,,,,,,,,,16.0,538055.490781606,0.012877032627183661,16.008956441655105
density_curve,8,3,DRB27,,,,,,,,,,,,,16.0,546504.805301633,0.013016027546043831,16.009053117645387
density_curve,8,3,DRB27,,,,,,,,,,,,,16.0,555086.803005981,0.013195160927494202,16.009177711387277
density_curve,8,3,DRB27,,,,,,,,,,,,,16.0,563803.567475201,0.013412125414693651,16.009328618030686
density_curve,8,3,DRB27,,,,,,,,,,,,,16.0,572657.2150091964,0.013664016745119982,16.00950381755605
density_curve,8,3,DRB27,,,,,,,,,,,,,16.0,581649.8951410283,0.01394753264147075,16.00970101311014
density_curve,8,3,DRB27,,,,,,,,,,,,,16.0,590783.7911587943,0.014259115966663868,16.009917730575538
density_curve,8,3,DRB27,,,,,,,,,,,,,16.0,600061.1206356916,0.0145950260869199,16.010151368206234
density_curve,8,3,DRB27,,,,,,,,,,,,,16.0,609484.1359684145,0.014951338294676592,16.01039919622626
density_curve,8,3,DRB27,,,,,,,,,,,,,16.0,619055.1249240021,0.015323886722921532,16.01065831712452
density_curve,8,3,DRB27,,,,,,,,,,,,,16.0,628776.4111952737,0.015708178630809623,16.010925606037357
density_curve,8,3,DRB27,,,,,,,,,,,,,16.0,638650.3549649863,0.01609931508438024,16.011197655579128
density_curve,8,3,DRB27,,,,,,,,,,,,,16.0,648679.3534788508,0.016491953721563864,16.0114707499439
density_curve,8,3,DRB27,,,,,,,,,,,,,16.0,658865.8416275523,0.016880343477055238,16.011740889057872
density_curve,8,3,DRB27,,,,,,,,,,,,,16.0,669212.2925378972,0.017258449982353753,16.012003875799632
density_curve,8,3,DRB27,,,,,,,,,,,,,16.0,679721.2181732573,0.01762017587123106,16.01225546923056
density_curve,8,3,DRB27,,,,,,,,,,,,,16.0,690395.1699434342,0.0179596649266013,16.01249159614
density_curve,8,3,DRB27,,,,,,,,,,,,,16.0,701236.7393241049,0.018271665437729248,16.01270860377329
density_curve,8,3,DRB27,,,,,,,,,,,,,16.0,712248.5584859921,0.018551918394856072,16.012903529835206
density_curve,8,3,DRB27,,,,,,,,,,,,,16.0,723433.3009339154,0.01879753153299781,16.0130743626509
density_curve,8,3,DRB27,,,,,,,,,,,,,16.0,734793.6821558832,0.019007301065465748,16.01322026494322
density_curve,8,3,DRB27,,,,,,,,,,,,,16.0,746332.4602823642,0.019181948573542548,16.01334173859803
density_curve,8,3,DRB27,,,,,,,,,,,,,16.0,758052.4367559261,0.01932424954725976,16.013440714068967
density_curve,8,3,DRB27,,,,,,,,,,,,,16.0,769956.4570113824,0.019439040723429536,16.01352055548132
density_curve,8,3,DRB27,,,,,,,,,,,,,16.0,782047.411166621,0.019533103894424156,16.013585979816824
density_curve,8,3,DRB27,,,,,,,,,,,,,16.0,794328.2347242822,0.019614932924001988,16.013642894864752
density_curve,8,3,DRB27,,,,,,,,,,,,,16.0,806801.909284454,0.01969439760423286,16.01369816542224
density_curve,8,3,DRB27,,,,,,,,,,,,,16.0,819471.4632685608,0.01978232270005793,16.013759320504594
density_curve,8,3,DRB27,,,,,,,,,,,,,16.0,832339.9726546166,0.019890003559191037,16.013834216434436
density_curve,8,3,DRB27,,,,,,,,,,,,,16.0,845410.561724033,0.02002868174489392,16.01393067212536
density_curve,8,3,DRB27,,,,,,,,,,,,,16.0,858686.4038201383,0.020209005890238864,16.014056094086577
density_curve,8,3,DRB27,,,,,,,,,,,,,16.0,872170.7221186243,0.02044050459335002,16.014217109802516
density_curve,8,3,DRB27,,,,,,,,,,,,,16.0,885866.7904100833,0.02073109938101919,16.0144192289814
density_curve,8,3,DRB27,,,,,,,,,,,,,16.0,899777.9338948353,0.02108668584473278,16.014666552220206
density_curve,8,3,DRB27,,,,,,,,,,,,,16.0,913907.5299902376,0.021510809121767546,16.014961545290063
density_curve,8,3,DRB27,,,,,,,,,,,,,16.0,928259.0091506683,0.022004455284256055,16.01530489403978
density_curve,8,3,DRB27,,,,,,,,,,,,,16.0,942835.8557003973,0.02256597278846459,16.01569544976099
density_curve,8,3,DRB27,,,,,,,,,,,,,16.0,957641.6086795169,0.0231911285464986,16.01613026818805
density_curve,8,3,DRB27,,,,,,,,,,,,,16.0,972679.8627031752,0.023873292747220068,16.016604738047672
density_curve,8,3,DRB27,,,,,,,,,,,,,16.0,987954.2688342923,0.024603737044888246,16.01711278845989
density_curve,8,3,DRB27,,,,,,,,,,,,,16.0,1003468.5354699849,0.02537202391113251,16.01764715974644
density_curve,8,3,DRB27,,,,,,,,,,,,,16.0,1019226.4292419085,0.026166462045516464,16.018199720185258
density_curve,8,3,DRB27,,,,,,,,,,,,,16.0,1035231.7759307377,0.026974604070282446,16.018761812175192
density_curve,8,3,DRB27,,,,,,,,,,,,,16.0,1051488.4613950192,0.02778376749938843,16.019324614588765
density_curve,8,3,DRB27,,,,,,,,,,,,,16.0,1068000.4325145755,0.02858156639950357,16.019879512561634
density_curve,8,3,DRB27,,,,,,,,,,,,,16.0,1084771.6981487798,0.029356446928168856,16.020418469978736
density_curve,8,3,DRB27,,,,,,,,,,,,,16.0,1101806.3301098226,0.030098222782725028,16.020934401898366
density_curve,8,3,DRB27,,,,,,,,,,,,,16.0,1119108.4641512968,0.03079860497592024,16.021421543030275
density_curve,8,3,DRB27,,,,,,,,,,,,,16.0,1136682.3009722962,0.03145171393716293,16.021875803920587
density_curve,8,3,DRB27,,,,,,,,,,,,,16.0,1154532.1072372785,0.03205455181234629,16.02229509945341
density_curve,8,3,DRB27,,,,,,,,,,,,,16.0,1172662.2166119604,0.03260740135905547,16.02267962629686
density_curve,8,3,DRB27,,,,,,,,,,,,,16.0,1191077.0308154398,0.033114108141767414,16.02303205918004
density_curve,8,3,DRB27,,,,,,,,,,,,,16.0,1209781.0206889012,0.03358219801384048,16.023357632605993
density_curve,8,3,DRB27,,,,,,,,,,,,,16.0,1228778.727281043,0.03402278460835693,16.023664076508254
density_curve,8,3,DRB27,,,,,,,,,,,,,16.0,1248074.7629505873,0.034450232885846116,16.023961382236116
density_curve,8,3,DRB27,,,,,,,,,,,,,16.0,1267673.8124860895,0.034881564162066614,16.02426138872995
density_curve,8,3,DRB27,,,,,,,,,,,,,16.0,1287580.634243335,0.0353356132744249,16.024577196299997
density_curve,8,3,DRB27,,,,,,,,,,,,,16.0,1307800.061300597,0.03583197619253902,16.02492243465145
density_curve,8,3,DRB27,,,,,,,,,,,,,16.0,1328337.002632031,0.036389812374976176,16.025310429880303
density_curve,8,3,DRB27,,,,,,,,,,,,,16.0,1349196.4442995142,0.03702658659824421,16.025753329369905
density_curve,8,3,DRB27,,,,,,,,,,,,,16.0,1370383.450663168,0.037756846747926454,16.026261251700543
density_curve,8,3,DRB27,,,,,,,,,,,,,16.0,1391903.1656109202,0.038591135409453595,16.02684152962146
density_curve,8,3,DRB27,,,,,,,,,,,,,16.0,1413760.8138073613,0.03953512382356035,16.027498107685584
density_curve,8,3,DRB27,,,,,,,,,,,,,16.0,1435961.7019622158,0.04058903815871252,16.028231143201264
density_curve,8,3,DRB27,,,,,,,,,,,,,16.0,1458511.22011873,0.04174742255612696,16.029036841421497
density_curve,8,3,DRB27,,,,,,,,,,,,,16.0,1481414.8429622927,0.04299925420038386,16.029907535579724
density_curve,8,3,DRB27,,,,,,,,,,,,,16.0,1504678.1311496203,0.04432839615868607,16.030832001855888
density_curve,8,3,DRB27,,,,,,,,,,,,,16.0,1528306.7326587688,0.04571434707622662,16.03179598081666
density_curve,8,3,DRB27,,,,,,,,,,,,,16.0,1552306.3841604206,0.0471332255838646,16.032782862106572
density_curve,8,3,DRB27,,,,,,,,,,,,,16.0,1576682.9124106285,0.048558913219041946,16.033774479390814
density_curve,8,3,DRB27,,,,,,,,,,,,,16.0,1601442.23566548,0.04996427361426951,16.03475195834491
density_curve,8,3,DRB27,,,,,,,,,,,,,16.0,1626590.3651179587,0.051322367588699395,16.03569656179481
density_curve,8,3,DRB27,,,,,,,,,,,,,16.0,1652133.4063573685,0.05260759268195947,16.036590482303886
density_curve,8,3,DRB27,,,,,,,,,,,,,16.0,1678077.5608516952,0.05379669001803104,16.03741754248313
density_curve,8,3,DRB27,,,,,,,,,,,,,16.0,1704429.1274531947,0.05486957913328667,16.038163775644247
density_curve,8,3,DRB27,,,,,,,,,,,,,16.0,1731194.503927705,0.05581000027183891,16.03881787253928
density_curve,8,3,DRB27,,,,,,,,,,,,,16.0,1758380.1885078938,0.05660596140783484,16.03937149228077
density_curve,8,3,DRB27,,,,,,,,,,,,,16.0,1785992.7814709456,0.057250001975725134,16.039819445775716
density_curve,8,3,DRB27,,,,,,,,,,,,,16.0,1814038.9867410094,0.05773929561346167,16.040159767187138
density_curve,8,3,DRB27,,,,,,,,,,,,,16.0,1842525.6135168101,0.05807561953614823,16.04039369263238
density_curve,8,3,DRB27,,,,,,,,,,,,,16.0,1871459.5779248201,0.05826521868883515,16.04052556569647
density_curve,8,3,DRB27,,,,,,,,,,,,,16.0,1900847.9046983868,0.05831858963286659,16.04056268711723
density_curve,8,3,DRB27,,,,,,,,,,,,,16.0,1930697.7288832497,0.05825020394770018,16.040515122401274
density_curve,8,3,DRB27,,,,,,,,,,,,,16.0,1961016.2975697976,0.05807818598565953,16.040395477690787
density_curve,8,3,DRB27,,,,,,,,,,,,,16.0,1991810.9716525706,0.05782395747216703,16.04021865257012
density_curve,8,3,DRB27,,,,,,,,,,,,,16.0,2023089.2276173707,0.05751186392760521,16.040001580228708
density_curve,8,3,DRB27,,,,,,,,,,,,,16.0,2054858.65935644,0.057168807007167526,16.03976297174015
density_curve,8,3,DRB27,,,,,,,,,,,,,16.0,2087126.9800121451,0.0568239237800553,16.039523092989285
density_curve,8,3,DRB27,,,,,,,,,,,,,16.0,2119902.0238496074,0.05650837907225245,16.039303620239092
density_curve,8,3,DRB27,,,,,,,,,,,,,16.0,2153191.7481587674,0.05625536974292586,16.03912764310508
density_curve,8,3,DRB27,,,,,,,,,,,,,16.0,2187004.235186248,0.0561004785961906,16.039019910713712
density_curve,8,3,DRB27,,,,,,,,,,,,,16.0,2221347.6940976637,0.05608255780426587,16.03900744615515
density_curve,8,3,DRB27,,,,,,,,,,,,,16.0,2256230.462970635,0.05624536305835647,16.03912068309425
density_curve,8,3,DRB27,,,,,,,,,,,,,16.0,2291661.0108191706,0.056640194239088795,16.039395302452316
density_curve,8,3,DRB27,,,,,,,,,,,,,16.0,2327647.9396498133,0.05732981820343161,16.039874960847182
density_curve,8,3,DRB27,,,,,,,,,,,,,16.0,2364199.9865500783,0.058393944069650205,16.04061509885183
density_curve,8,3,DRB27,,,,,,,,,,,,,16.0,2401326.0258096857,0.05993647885463168,16.041687987552407
density_curve,8,3,DRB27,,,,,,,,,,,,,16.0,2439035.071075103,0.06209469798262719,16.043189106968537
density_curve,8,3,DRB27,,,,,,,,,,,,,16.0,2477336.2775379405,0.06505030804891195,16.045244840605342
density_curve,8,3,DRB27,,,,,,,,,,,,,16.0,2516238.944157669,0.06904214851420624,16.04802130994102
density_curve,8,3,DRB27,,,,,,,,,,,,,16.0,2555752.5159192816,0.07437997182864811,16.051733959001186
density_curve,8,3,DRB27,,,,,,,,,,,,,16.0,2595886.586126396,0.08145836604802212,16.05665723804172
density_curve,8,3,DRB27,,,,,,,,,,,,,16.0,2636650.898730361,0.09076946373899315,16.063133443051726
density_curve,8,3,DRB27,,,,,,,,,,,,,16.0,2678055.350695943,0.10291265748837057,16.071579473241425
density_curve,8,3,DRB27,,,,,,,,,,,,,16.0,2720109.994404156,0.11859917602970524,16.082490013903612
density_curve,8,3,DRB27,,,,,,,,,,,,,16.0,2762825.0400928515,0.13864914207629786,16.096435490030157
density_curve,8,3,DRB27,,,,,,,,,,,,,16.0,2806210.858335576,0.16397871797946648,16.1140531256527
density_curve,8,3,DRB27,,,,,,,,,,,,,16.0,2850277.982559416,0.19557522922720227,16.13602964133674
density_curve,8,3,DRB27,,,,,,,,,,,,,16.0,2895037.1116023487,0.234458799979105,16.163074570309462
density_curve,8,3,DRB27,,,,,,,,,,,,,16.0,2940499.1123107616,0.2816300636084581,16.195883889251622
density_curve,8,3,DRB27,,,,,,,,,,,,,16.0,2986675.022177758,0.3380048955008001,16.23509462259979
density_curve,8,3,DRB27,,,,,,,,,,,,,16.0,3033576.0520228897,0.40433876149350034,16.281232224151488
density_curve,8,3,DRB27,,,,,,,,,,,,,16.0,3081213.5887140087,0.4811450229589515,16.33465375529756
density_curve,8,3,DRB27,,,,,,,,,,,,,16.0,3129599.1979317563,0.5686131713110799,16.39549101416589
density_curve,8,3,DRB27,,,,,,,,,,,,,16.0,3178744.626977629,0.6665342292817757,16.463598649512665
density_curve,8,3,DRB27,,,,,,,,,,,,,16.0,3228661.807625975,0.7742412028953408,16.538512742918115
density_curve,8,3,DRB27,,,,,,,,,,,,,16.0,3279362.859020883,0.8905722886940101,16.619425218081947
density_curve,8,3,DRB27,,,,,,,,,,,,,16.0,3330860.090618524,1.013863413294104,16.70517865181496
density_curve,8,3,DRB27,,,,,,,,,,,,,16.0,3383166.005175699,1.1419746061495728,16.7942846172494
density_curve,8,3,DRB27,,,,,,,,,,,,,16.0,3436293.3017853256,1.272351822411197,16.884966683872204
density_curve,8,3,DRB27,,,,,,,,,,,,,16.0,3490254.8789595794,1.4021224216207913,16.975226826408086
density_curve,8,3,DRB27,,,,,,,,,,,,,16.0,3545063.837761485,1.5282189631655867,17.062931529032852
density_curve,8,3,DRB27,,,,,,,,,,,,,16.0,3600733.4849856202,1.6475227572837976,17.145911630286673
density_curve,8,3,DRB27,,,,,,,,,,,,,16.0,3657277.33638883,1.7570161634429287,17.222068252101298
density_curve,8,3,DRB27,,,,,,,,,,,,,16.0,3714709.119971648,1.853931331872496,17.28947625491258
density_curve,8,3,DRB27,,,,,,,,,,,,,16.0,3773042.7793112434,1.935883171831932,17.346476721897165
density_curve,8,3,DRB27,,,,,,,,,,,,,16.0,3832292.476946719,2.000975845111494,17.39175102905179
density_curve,8,3,DRB27,,,,,,,,,,,,,16.0,3892472.597817551,2.047874861525514,17.424370990214836
density_curve,8,3,DRB27,,,,,,,,,,,,,16.0,3953597.752756071,2.0758405408602547,17.44382213106061
density_curve,8,3,DRB27,,,,,,,,,,,,,16.0,4015682.782034709,2.0847227089089513,17.45
density_curve,8,3,DRB27,,,,,,,,,,,,,16.0,4078742.7589690215,2.0749204554485465,17.44318217839867
density_curve,8,3,DRB27,,,,,,,,,,,,,16.0,4142792.9935772587,2.047314064930733,17.42398093591219
density_curve,8,3,DRB27,,,,,,,,,,,,,16.0,4207849.036297407,2.003178411797883,17.393282993797804
density_curve,8,3,DRB27,,,,,,,,,,,,,16.0,4273926.681762604,1.9440879447592845,17.352183438044026
density_curve,8,3,DRB27,,,,,,,,,,,,,16.0,4341041.972635828,1.8718228358412332,17.301920442642583
density_curve,8,3,DRB27,,,,,,,,,,,,,16.0,4409211.203504863,1.788284122871954,17.243816248119348
density_curve,8,3,DRB27,,,,,,,,,,,,,16.0,4478450.924838282,1.6954230878788958,17.179228041656913
density_curve,8,3,DRB27,,,,,,,,,,,,,16.0,4548777.947003777,1.5951871583553507,17.109510329470048
density_curve,8,3,DRB27,,,,,,,,,,,,,16.0,4620209.3443493685,1.4894817889850875,17.035988424167304
density_curve,8,3,DRB27,,,,,,,,,,,,,16.0,4692762.459348841,1.3801455139425076,16.95994109272402
density_curve,8,3,DRB27,,,,,,,,,,,,,16.0,4766454.906812234,1.2689339594067222,16.882589436607947
density_curve,8,3,DRB27,,,,,,,,,,,,,16.0,4841304.57816245,1.1575082031180302,16.805088795430034
density_curve,8,3,DRB27,,,,,,,,,,,,,16.0,4917329.645779026,1.0474234093042702,16.728520842124873
density_curve,8,3,DRB27,,,,,,,,,,,,,16.0,4994548.567410101,0.940114940168378,16.653883922988285
density_curve,8,3,DRB27,,,,,,,,,,,,,16.0,5072980.090653727,0.8368808287469073,16.582080866916872
density_curve,8,3,DRB27,,,,,,,,,,,,,16.0,5152643.257509442,0.7388612316904163,16.51390469407406
density_curve,8,3,DRB27,,,,,,,,,,,,,16.0,5233557.40900142,0.6470169330234001,16.450023664478106
density_curve,8,3,DRB27,,,,,,,,,,,,,16.0,5315742.189874179,0.56210989663142,16.390967751553934
density_curve,8,3,DRB27,,,,,,,,,,,,,16.0,5399217.553362021,0.48468914391075696,16.337118819527998
density_curve,8,3,DRB27,,,,,,,,,,,,,16.0,5484003.766033389,0.4150848728218548,16.288706533017372
density_curve,8,3,DRB27,,,,,,,,,,,,,16.0,5570121.412711266,0.3534128590491127,16.245811418195473
density_curve,8,3,DRB27,,,,,,,,,,,,,16.0,5657591.401470916,0.2995899903855158,16.208375667518077
density_curve,8,3,DRB27,,,,,,,,,,,,,16.0,5746434.968715974,0.25336051378788094,16.176221395499017
density_curve,8,3,DRB27,,,,,,,,,,,,,16.0,5836673.684334379,0.21433143624068504,16.149075261290573
density_curve,8,3,DRB27,,,,,,,,,,,,,16.0,5928329.456935207,0.18201467651281766,16.126597786753955
density_curve,8,3,DRB27,,,,,,,,,,,,,16.0,6021424.539167753,0.15587309868492508,16.108415374441538
density_curve,8,3,DRB27,,,,,,,,,,,,,16.0,6115981.53312414,0.13536747131564958,16.09415296939439
density_curve,8,3,DRB27,,,,,,,,,,,,,16.0,6212023.395826757,0.12000161892881106,16.083465463633694
density_curve,8,3,DRB27,,,,,,,,,,,,,16.0,6309573.444801942,0.1093634488119289,16.07606623178211
density_curve,8,3,DRB27,,,,,,,,,,,,,16.0,6408655.363740995,0.10316001275679236,16.071751517771702
density_curve,8,3,DRB27,,,,,,,,,,,,,16.0,6509293.20825039,0.10124518060413056,16.07041968279456
density_curve,8,3,DRB27,,,,,,,,,,,,,16.0,6611511.411691989,0.10363877895601532,16.072084516969102
density_curve,8,3,DRB27,,,,,,,,,,,,,16.0,6715334.791115149,0.11053615717052234,16.07688189283511
density_curve,8,3,DRB27,,,,,,,,,,,,,16.0,6820788.553281926,0.12230711579468108,16.08506902004013
density_curve,8,3,DRB27,,,,,,,,,,,,,16.0,6927898.300786892,0.1394830544556467,16.09701550623322
density_curve,8,3,DRB27,,,,,,,,,,,,,16.0,7036690.03827307,0.1627311873680946,16.11318542301831
density_curve,8,3,DRB27,,,,,,,,,,,,,16.0,7147190.1787454495,0.1928148673705857,16.13410970988735
density_curve,8,3,DRB27,,,,,,,,,,,,,16.0,7259425.549983729,0.23053956997909233,16.16034860417702
density_curve,8,3,DRB27,,,,,,,,,,,,,16.0,7373423.401055615,0.2766849894512119,16.19244441142689
density_curve,8,3,DRB27,,,,,,,,,,,,,16.0,7489211.408932546,0.3319249938128691,16.230865831207137
density_curve,8,3,DRB27,,,,,,,,,,,,,16.0,7606817.685209225,0.396738797401722,16.27594617441164
density_curve,8,3,DRB27,,,,,,,,,,,,,16.0,7726270.782928702,0.4713184752037177,16.327819036136013
density_curve,8,3,DRB27,,,,,,,,,,,,,16.0,7847599.7035146225,0.5554796281045231,16.38635616013081
density_curve,8,3,DRB27,,,,,,,,,,,,,16.0,7970833.903812322,0.6485833317826205,16.451113151435372
density_curve,8,3,DRB27,,,,,,,,,,,,,16.0,8096003.303240569,0.7494781783005068,16.52128916420951
density_curve,8,3,DRB27,,,,,,,,,,,,,16.0,8223138.291055465,0.8564710041407386,16.595706542024487
density_curve,8,3,DRB27,,,,,,,,,,,,,16.0,8352269.733728553,0.9673336366566371,16.672815510263327
density_curve,8,3,DRB27,,,,,,,,,,,,,16.0,8483428.982440725,1.0793506573692124,16.75072739722034
density_curve,8,3,DRB27,,,,,,,,,,,,,16.0,8616647.880693821,1.1894099034296723,16.827277581139615
density_curve,8,3,DRB27,,,,,,,,,,,,,16.0,8751958.77204175,1.29413349110249,16.900116621783567
density_curve,8,3,DRB27,,,,,,,,,,,,,16.0,8889394.507943004,1.3900429616684695,16.96682512537801
density_curve,8,3,DRB27,,,,,,,,,,,,,16.0,9028988.455736592,1.4737482181615824,17.02504515694208
density_curve,8,3,DRB27,,,,,,,,,,,,,16.0,9170774.50674293,1.5421467549128007,17.07261881163747
density_curve,8,3,DRB27,,,,,,,,,,,,,16.0,9314787.084492404,1.592617736428042,17.107723203643346
density_curve,8,3,DRB27,,,,,,,,,,,,,16.0,9461061.153082676,1.6231950823190893,17.128990852982295
density_curve,8,3,DRB27,,,,,,,,,,,,,16.0,9609632.225667553,1.6327049978953225,17.13560534301812
density_curve,8,3,DRB27,,,,,,,,,,,,,16.0,9760536.373079011,1.620856273925138,17.127364127203975
density_curve,8,3,DRB27,,,,,,,,,,,,,16.0,9913810.23258467,1.5882758646114588,17.10470327485035
density_curve,8,3,DRB27,,,,,,,,,,,,,16.0,10069491.016782762,1.5364872574591102,17.068682426585976
density_curve,8,3,DRB27,,,,,,,,,,,,,16.0,10227616.522636779,1.467834370655603,17.020931862235294
density_curve,8,3,DRB27,,,,,,,,,,,,,16.0,10388225.14065211,1.3853585158629012,16.963566923992737
density_curve,8,3,DRB27,,,,,,,,,,,,,16.0,10551355.864196453,1.2926397662584874,16.899077682161263
density_curve,8,3,DRB27,,,,,,,,,,,,,16.0,10717048.298967114,1.1936164315819615,16.83020337352186
density_curve,8,3,DRB27,,,,,,,,,,,,,16.0,10885342.672606446,1.0923970295107803,16.759801620628775
density_curve,8,3,DRB27,,,,,,,,,,,,,16.0,11056279.844468623,0.9930781605741372,16.69072175722886
density_curve,8,3,DRB27,,,,,,,,,,,,,16.0,11229901.315539658,0.899579282902949,16.625689908127846
density_curve,8,3,DRB27,,,,,,,,,,,,,16.0,11406249.238513203,0.8155019813239203,16.5672111057583
density_curve,8,3,DRB27,,,,,,,,,,,,,16.0,11585366.428024698,0.7440174978741597,16.517491063587126
density_curve,8,3,DRB27,,,,,,,,,,,,,16.0,11767296.371045876,0.6877826408014115,16.478377687785624
density_curve,8,3,DRB27,,,,,,,,,,,,,16.0,11952083.237443073,0.6488812621699378,16.451320372788967
density_curve,8,3,DRB27,,,,,,,,,,,,,16.0,12139771.890700752,0.6287866926269496,16.437343873318405
density_curve,8,3,DRB27,,,,,,,,,,,,,16.0,12330407.898813803,0.6283400418398093,16.437033211550972
density_curve,8,3,DRB27,,,,,,,,,,,,,16.0,12524037.545350743,0.6477400750106675,16.450526635869483
density_curve,8,3,DRB27,,,,,,,,,,,,,16.0,12720707.84069066,0.686542193189747,16.47751491163356
density_curve,8,3,DRB27,,,,,,,,,,,,,16.0,12920466.533436738,0.7436664304940489,16.517246883534316
density_curve,8,3,DRB27,,,,,,,,,,,,,16.0,13123362.122008637,0.8174167831080469,16.568542919613023
density_curve,8,3,DRB27,,,,,,,,,,,,,16.0,13329443.866417537,0.9055160419968996,16.629819138672246
density_curve,8,3,DRB27,,,,,,,,,,,,,16.0,13538761.800225446,1.0051611413297084,16.69912590710486
density_curve,8,3,DRB27,,,,,,,,,,,,,16.0,13751366.742692733,1.1131035598180956,16.774203760931318
density_curve,8,3,DRB27,,,,,,,,,,,,,16.0,13967310.311116258,1.2257574575494894,16.852558618875957
density_curve,8,3,DRB27,,,,,,,,,,,,,16.0,14186644.93336124,1.3393351854044189,16.931556034064972
density_curve,8,3,DRB27,,,,,,,,,,,,,16.0,14409423.860590115,1.4500059895942765,17.00853157876908
density_curve,8,3,DRB27,,,,,,,,,,,,,16.0,14635701.180190798,1.5540697436686461,17.08091168129447
density_curve,8,3,DRB27,,,,,,,,,,,,,16.0,14865531.828908725,1.6481340469797772,17.146336804366364
density_curve,8,3,DRB27,,,,,,,,,,,,,16.0,15098971.606184201,1.7292806737217725,17.20277721645238
density_curve,8,3,DRB27,,,,,,,,,,,,,16.0,15336077.187700124,1.7952066417943358,17.248631110256436
density_curve,8,3,DRB27,,,,,,,,,,,,,16.0,15576906.139141649,1.8443263665214549,17.282795654322634
density_curve,8,3,DRB27,,,,,,,,,,,,,16.0,15821516.930172438,1.8758244544058367,17.30470371299978
density_curve,8,3,DRB27,,,,,,,,,,,,,16.0,16069968.948630175,1.8896533626063716,17.31432221852336
density_curve,8,3,DRB27,,,,,,,,,,,,,16.0,16322322.514945026,1.8864758269550186,17.31211212762025
density_curve,8,3,DRB27,,,,,,,,,,,,,16.0,16578638.896784693,1.8675578936294068,17.298954021170452
density_curve,8,3,DRB27,,,,,,,,,,,,,16.0,16838980.323928915,1.8346237615108891,17.276047141820133
density_curve,8,3,DRB27,,,,,,,,,,,,,16.0,17103410.003378414,1.789687700974965,17.24479248742478
density_curve,8,3,DRB27,,,,,,,,,,,,,16.0,17371992.134700213,1.7348804893098644,17.20667209060904
density_curve,8,3,DRB27,,,,,,,,,,,,,16.0,17644791.92561452,1.672287794638713,17.16313660894267
density_curve,8,3,DRB27,,,,,,,,,,,,,16.0,17921875.607826144,1.603815770200429,17.11551184090459
density_curve,8,3,DRB27,,,,,,,,,,,,,16.0,18203310.453104522,1.5310951247499982,17.064932003378708
density_curve,8,3,DRB27,,,,,,,,,,,,,16.0,18489164.789616488,1.4554297068031326,17.012303970137598
density_curve,8,3,DRB27,,,,,,,,,,,,,16.0,18779508.018514913,1.3777899360746593,16.958302703170443
density_curve,8,3,DRB27,,,,,,,,,,,,,16.0,19074410.630788796,1.2988460309392262,16.903394363583022
density_curve,8,3,DRB27,,,,,,,,,,,,,16.0,19373944.224377003,1.2190316293344015,16.84788056223552
density_curve,8,3,DRB27,,,,,,,,,,,,,16.0,19678181.521551367,1.1386256073277885,16.791955267513423
density_curve,8,3,DRB27,,,,,,,,,,,,,16.0,19987196.386572525,1.0578389317119343,16.7357652144467
density_curve,8,3,DRB27,,,,,,,,,,,,,16.0,20301063.843623016,0.9768942252025692,16.67946524518124
density_curve,8,3,DRB27,,,,,,,,,,,,,16.0,20619860.095022235,0.8960880998669011,16.62326166413135
density_curve,8,3,DRB27,,,,,,,,,,,,,16.0,20943662.539726753,0.8158297535052497,16.567439083158312
density_curve,8,3,DRB27,,,,,,,,,,,,,16.0,21272549.792122267,0.7366532433904106,16.512368958399804
density_curve,8,3,DRB27,,,,,,,,,,,,,16.0,21606601.701109305,0.6592046602698535,16.458500669324764
density_curve,8,3,DRB27,,,,,,,,,,,,,16.0,21945899.369489986,0.5842086113156945,16.406338206413597
density_curve,8,3,DRB27,,,,,,,,,,,,,16.0,22290525.173658106,0.5124206209196528,16.356407064190496
density_curve,8,3,DRB27,,,,,,,,,,,,,16.0,22640562.78359909,0.44457309602922024,16.309216658161574
density_curve,8,3,DRB27,,,,,,,,,,,,,16.0,22996097.183203783,0.38132239083452224,16.265223506391134
density_curve,8,3,DRB27,,,,,,,,,,,,,16.0,23357214.690901212,0.3232034195493,16.22479966105025
density_curve,8,3,DRB27,,,,,,,,,,,,,16.0,23724002.980615646,0.2705964952582291,16.188209643636384
density_curve,8,3,DRB27,,,,,,,,,,,,,16.0,24096551.10305199,0.2237089608720229,16.155597668638723
density_curve,8,3,DRB27,,,,,,,,,,,,,16.0,24474949.507316638,0.18257206320862526,16.126985469348607
density_curve,8,3,DRB27,,,,,,,,,,,,,16.0,24859290.062876612,0.14705168621858775,16.102279763205797
density_curve,8,3,DRB27,,,,,,,,,,,,,16.0,25249666.08186437,0.11687019968988951,16.081287448362392
density_curve,8,3,DRB27,,,,,,,,,,,,,16.0,25646172.341732506,0.09163588932140077,16.063736073362758
density_curve,8,3,DRB27,,,,,,,,,,,,,16.0,26048905.10826428,0.07087621004194612,16.04929696602893
density_curve,8,3,DRB27,,,,,,,,,,,,,16.0,26457962.158945747,0.054071366215052784,16.03760858970681
density_curve,8,3,DRB27,,,,,,,,,,,,,16.0,26873442.80670409,0.04068533871076805,16.02829812371617
density_curve,8,3,DRB27,,,,,,,,,,,,,16.0,27295447.924020074,0.030192297652893087,16.020999834371068
density_curve,8,3,DRB27,,,,,,,,,,,,,16.0,27724079.967417758,0.022097214621591973,16.015369411511845
density_curve,8,3,DRB27,,,,,,,,,,,,,16.0,28159443.002339695,0.015950298527840665,16.01109400917759
density_curve,8,3,DRB27,,,,,,,,,,,,,16.0,28601642.7284124,0.01135554168165324,16.007898189705532
density_curve,8,3,DRB27,,,,,,,,,,,,,16.0,29050786.505108584,0.007974133249621023,16.005546297914126
density_curve,8,3,DRB27,,,,,,,,,,,,,16.0,29506983.377812706,0.005523769068925152,16.003841981053746
density_curve,8,3,DRB27,,,,,,,,,,,,,16.0,29970344.104294933,0.0037749802108479383,16.002625635189915
density_curve,8,3,DRB27,,,,,,,,,,,,,16.0,30440981.18160234,0.002545555746698677,16.0017705260354
density_curve,8,3,DRB27,,,,,,,,,,,,,16.0,30919008.873370558,0.001693993086116958,16.00117823342374
density_curve,8,3,DRB27,,,,,,,,,,,,,16.0,31404543.237566188,0.0011127161197219736,16.00077393428234
density_curve,8,3,DRB27,,,,,,,,,,,,,16.0,31897702.154663246,0.0007215944116656673,16.000501894996606
density_curve,8,3,DRB27,,,,,,,,,,,,,16.0,32398605.356263112,0.0004621031994694649,16.00032140947876
density_curve,8,3,DRB27,,,,,,,,,,,,,16.0,32907374.454163484,0.0002923008694858634,16.000203305820456
density_curve,8,3,DRB27,,,,,,,,,,,,,16.0,33424132.969883844,0.00018267548087903617,16.000127057400075
density_curve,8,3,DRB27,,,,,,,,,,,,,16.0,33949006.36465498,0.00011282521805643141,16.000078474017425
density_curve,8,3,DRB27,,,,,,,,,,,,,16.0,34482122.069878325,6.888502221402179e-05,16.000047912022918
density_curve,8,3,DRB27,,,,,,,,,,,,,16.0,35023609.518065386,4.158626479628496e-05,16.000028924750374
density_curve,8,3,DRB27,,,,,,,,,,,,,16.0,35573600.17426121,2.4830674214286574e-05,16.000017270631464
density_curve,8,3,DRB27,,,,,,,,,,,,,16.0,36132227.56796255,1.4666853370322081e-05,16.000010201326678
density_curve,8,3,DRB27,,,,,,,,,,,,,16.0,36699627.32553667,8.571900649580152e-06,16.000005962066748
density_curve,8,3,DRB27,,,,,,,,,,,,,16.0,37275937.20314938,4.957616695169419e-06,16.000003448201614
density_curve,8,3,DRB27,,,,,,,,,,,,,16.0,37861297.12021055,2.8377052257313356e-06,16.000001973726558
density_curve,8,3,DRB27,,,,,,,,,,,,,16.0,38455849.19334357,1.6076064497999088e-06,16.000001118148397
density_curve,8,3,DRB27,,,,,,,,,,,,,16.0,39059737.77089033,9.013746983522903e-07,16.000000626938686
density_curve,8,3,DRB27,,,,,,,,,,,,,16.0,39673109.46795558,5.001662466560148e-07,16.000000347883702
density_curve,8,3,DRB27,,,,,,,,,,,,,16.0,40296113.20200404,2.746332134169607e-07,16.000000191017328
density_curve,8,3,DRB27,,,,,,,,,,,,,16.0,40928900.22901449,1.4919200382443068e-07,16.000000103768432
density_curve,8,3,DRB27,,,,,,,,,,,,,16.0,41571624.180202775,8.016717161414276e-08,16.000000055759166
density_curve,8,3,DRB27,,,,,,,,,,,,,16.0,42224441.09932146,4.259853679423571e-08,16.000000029628822
density_curve,8,3,DRB27,,,,,,,,,,,,,16.0,42887509.48054403,2.237772912766365e-08,16.00000001556452
density_curve,8,3,DRB27,,,,,,,,,,,,,16.0,43560990.30694617,1.1617908416074296e-08,16.000000008080676
density_curve,8,3,DRB27,,,,,,,,,,,,,16.0,44245047.08958865,5.9592667127307055e-09,16.000000004144887
density_curve,8,3,DRB27,,,,,,,,,,,,,16.0,44939845.907216705,3.0190566006264663e-09,16.000000002099863
density_curve,8,3,DRB27,,,,,,,,,,,,,16.0,45645555.44658045,1.510167329912233e-09,16.000000001050378
density_curve,8,3,DRB27,,,,,,,,,,,,,16.0,46362347.04338999,7.456237388925387e-10,16.000000000518607
density_curve,8,3,DRB27,,,,,,,,,,,,,16.0,47090394.72391306,3.6326722167574876e-10,16.000000000252665
density_curve,8,3,DRB27,,,,,,,,,,,,,16.0,47829875.24722586,1.745912406042428e-10,16.000000000121435
density_curve,8,3,DRB27,,,,,,,,,,,,,16.0,48580968.14812807,8.275499866651296e-11,16.000000000057558
density_curve,8,3,DRB27,,,,,,,,,,,,,16.0,49343855.78073008,3.8675485277062014e-11,16.0000000000269
density_curve,8,3,DRB27,,,,,,,,,,,,,16.0,50118723.36272725,1.781762771701239e-11,16.000000000012392
density_curve,9,12,DRB32,,,,,,,,,,,,,15.0,100000.0,0.0033541148468331453,15.002304766026063
density_curve,9,12,DRB32,,,,,,,,,,,,,15.0,101570.34258822507,0.0033554775606472018,15.002305702409176
density_curve,9,12,DRB32,,,,,,,,,,,,,15.0,103165.34493489409,0.0033701567354166378,15.002315789142887
density_curve,9,12,DRB32,,,,,,,,,,,,,15.0,104785.39428269603,0.0033980400363574728,15.00233494903682
density_curve,9,12,DRB32,,,,,,,,,,,,,15.0,106430.88395535655,0.003439012923598647,15.00236310338538
density_curve,9,12,DRB32,,,,,,,,,,,,,15.0,108102.21345313193,0.0034929178713095257,15.002400143945346
density_curve,9,12,DRB32,,,,,,,,,,,,,15.0,109799.78854980043,0.003559494589224105,15.00244589185935
density_curve,9,12,DRB32,,,,,,,,,,,,,15.0,111524.02139117903,0.0036383137488468424,15.00250005211611
density_curve,9,12,DRB32,,,,,,,,,,,,,15.0,113275.33059518597,0.003728716586106901,15.002562172048638
density_curve,9,12,DRB32,,,,,,,,,,,,,15.0,115054.14135347492,0.00382977068649027,15.002631610952191
density_curve,9,12,DRB32,,,,,,,,,,,,,15.0,116860.88553466521,0.003940248825522064,15.002707525544592
density_curve,9,12,DRB32,,,,,,,,,,,,,15.0,118696.00178919302,0.004058633666716826,15.002788873194403
density_curve,9,12,DRB32,,,,,,,,,,,,,15.0,120559.93565580886,0.004183147137317355,15.002874432106346
density_curve,9,12,DRB32,,,,,,,,,,,,,15.0,122453.13966974878,0.004311799994577296,15.002962835380567
density_curve,9,12,DRB32,,,,,,,,,,,,,15.0,124376.07347260158,0.004442454825783089,15.003052614302831
density_curve,9,12,DRB32,,,,,,,,,,,,,15.0,126329.20392390396,0.004572894624355162,15.00314224546632
density_curve,9,12,DRB32,,,,,,,,,,,,,15.0,128313.00521448672,0.00470088909624966,15.003230196333782
density_curve,9,12,DRB32,,,,,,,,,,,,,15.0,130327.95898160127,0.00482425181046175,15.003314964508274
density_curve,9,12,DRB32,,,,,,,,,,,,,15.0,132374.55442585386,0.004940883016291109,15.003395107154859
density_curve,9,12,DRB32,,,,,,,,,,,,,15.0,134453.28842997624,0.005048795222738633,15.003469258577386
density_curve,9,12,DRB32,,,,,,,,,,,,,15.0,136564.66567946097,0.0051461213039118705,15.00353613578809
density_curve,9,12,DRB32,,,,,,,,,,,,,15.0,138709.19878509274,0.005231107776339127,15.003594533888117
density_curve,9,12,DRB32,,,,,,,,,,,,,15.0,140887.40840740083,0.005302098747124913,15.00364331503757
density_curve,9,12,DRB32,,,,,,,,,,,,,15.0,143099.82338306884,0.005357518521469147,15.003681396504339
density_curve,9,12,DRB32,,,,,,,,,,,,,15.0,145346.98085332804,0.005395862564908887,15.003707744453845
density_curve,9,12,DRB32,,,,,,,,,,,,,15.0,147629.42639436718,0.005415706992247833,15.003721380469315
density_curve,9,12,DRB32,,,,,,,,,,,,,15.0,149947.71414979032,0.005415745624295517,15.003721407015165
density_curve,9,12,DRB32,,,,,,,,,,,,,15.0,152302.40696515449,0.005394860723781318,15.003707056042893
density_curve,9,12,DRB32,,,,,,,,,,,,,15.0,154694.07652461986,0.0053522288860311075,15.003677761753412
density_curve,9,12,DRB32,,,,,,,,,,,,,15.0,157123.30348974746,0.005287457644824135,15.003633254465196
density_curve,9,12,DRB32,,,,,,,,,,,,,15.0,159590.6776404731,0.005200741899251122,15.00357366810234
density_curve,9,12,DRB32,,,,,,,,,,,,,15.0,162096.79801829843,0.005093023234136635,15.003499649670932
density_curve,9,12,DRB32,,,,,,,,,,,,,15.0,164642.27307172897,0.004966130627819942,15.003412455945805
density_curve,9,12,DRB32,,,,,,,,,,,,,15.0,167227.72080399614,0.004822878847972445,15.003314021082826
density_curve,9,12,DRB32,,,,,,,,,,,,,15.0,169853.76892309941,0.0046671016925750024,15.003206979460284
density_curve,9,12,DRB32,,,,,,,,,,,,,15.0,172521.0549942039,0.004503601410900161,15.003094630923735
density_curve,9,12,DRB32,,,,,,,,,,,,,15.0,175230.2265944331,0.00433800295394942,15.002980840634798
density_curve,9,12,DRB32,,,,,,,,,,,,,15.0,177981.9414700888,0.004176511519282947,15.002869872469093
density_curve,9,12,DRB32,,,,,,,,,,,,,15.0,180776.86769634343,0.0040255831518532445,15.002766162670978
density_curve,9,12,DRB32,,,,,,,,,,,,,15.0,183615.6838394384,0.003891529654711189,15.00267404836959
density_curve,9,12,DRB32,,,,,,,,,,,,,15.0,186499.07912142982,0.003780089349498216,15.002597472628711
density_curve,9,12,DRB32,,,,,,,,,,,,,15.0,189427.7535875212,0.003696002951722984,15.002539693011228
density_curve,9,12,DRB32,,,,,,,,,,,,,15.0,192402.4182760241,0.003642637841835282,15.00250302339857
density_curve,9,12,DRB32,,,,,,,,,,,,,15.0,195423.79539098707,0.0036217035194744873,15.002488638466282
density_curve,9,12,DRB32,,,,,,,,,,,,,15.0,198492.61847753756,0.0036330956809843135,15.002496466542544
density_curve,9,12,DRB32,,,,,,,,,,,,,15.0,201609.63259997344,0.0036748963379997974,15.00252518968965
density_curve,9,12,DRB32,,,,,,,,,,,,,15.0,204775.59452265495,0.003743543413681334,15.00257236024136
density_curve,9,12,DRB32,,,,,,,,,,,,,15.0,207991.2728937353,0.003834166525430605,15.002634631534583
density_curve,9,12,DRB32,,,,,,,,,,,,,15.0,211257.44843177704,0.003941067801389506,15.002708088300443
density_curve,9,12,DRB32,,,,,,,,,,,,,15.0,214574.91411529886,0.004058309450863021,15.002788650410832
density_curve,9,12,DRB32,,,,,,,,,,,,,15.0,217944.4753752988,0.004180355357743176,15.002872513746658
density_curve,9,12,DRB32,,,,,,,,,,,,,15.0,221366.95029080036,0.00430270400306031,15.002956585107937
density_curve,9,12,DRB32,,,,,,,,,,,,,15.0,224843.16978747185,0.004422446023843334,15.003038865338041
density_curve,9,12,DRB32,,,,,,,,,,,,,15.0,228373.97783935972,0.0045386826299833125,15.003118736837095
density_curve,9,12,DRB32,,,,,,,,,,,,,15.0,231960.2316737949,0.004652751197071343,15.003197118577159
density_curve,9,12,DRB32,,,,,,,,,,,,,15.0,235602.80197951404,0.0047682211183931,15.003276463251938
density_curve,9,12,DRB32,,,,,,,,,,,,,15.0,239302.57311804994,0.004890645112286597,15.003360586388677
density_curve,9,12,DRB32,,,,,,,,,,,,,15.0,243060.44333844114,0.005027076573462437,15.00345433469813
density_curve,9,12,DRB32,,,,,,,,,,,,,15.0,246877.32499531287,0.005185389571677572,15.003563118814487
density_curve,9,12,DRB32,,,,,,,,,,,,,15.0,250754.1447703851,0.005373461749265548,15.003692351826816
density_curve,9,12,DRB32,,,,,,,,,,,,,15.0,254691.843897454,0.00559829866888553,15.003846847578275
density_curve,9,12,DRB32,,,,,,,,,,,,,15.0,258691.37839091144,0.005865188531566111,15.004030239834146
density_curve,9,12,DRB32,,,,,,,,,,,,,15.0,262753.7192778504,0.0061769768321993,15.00424448386437
density_curve,9,12,DRB32,,,,,,,,,,,,,15.0,266879.85283381585,0.0065335407815209435,15.00448949529482
density_curve,9,12,DRB32,,,,,,,,,,,,,15.0,271070.7808222577,0.006931523873329334,15.004762967716259
density_curve,9,12,DRB32,,,,,,,,,,,,,15.0,275327.5207377438,0.0073643638512444435,15.005060391901589
density_curve,9,12,DRB32,,,,,,,,,,,,,15.0,279651.1060529923,0.007822615747505056,15.005375277780608
density_curve,9,12,DRB32,,,,,,,,,,,,,15.0,284042.5864697849,0.008294539624160454,15.005699558303927
density_curve,9,12,DRB32,,,,,,,,,,,,,15.0,288503.028173816,0.008766894354863518,15.00602413488681
density_curve,9,12,DRB32,,,,,,,,,,,,,15.0,293033.5140935484,0.009225858015584655,15.00633950985181
density_curve,9,12,DRB32,,,,,,,,,,,,,15.0,297635.14416313195,0.009657984915521474,15.00663644404858
density_curve,9,12,DRB32,,,,,,,,,,,,,15.0,302309.0355894507,0.01005111016850547,15.006906578426333
density_curve,9,12,DRB32,,,,,,,,,,,,,15.0,307056.3231233643,0.010395124391277263,15.007142966364533
density_curve,9,12,DRB32,,,,,,,,,,,,,15.0,311878.15933520853,0.010682561353961647,15.007340477474463
density_curve,9,12,DRB32,,,,,,,,,,,,,15.0,316775.7148946211,0.010908966660542701,15.007496050936481
density_curve,9,12,DRB32,,,,,,,,,,,,,15.0,321750.1788547658,0.011073041636356218,15.00760879437171
density_curve,9,12,DRB32,,,,,,,,,,,,,15.0,326802.75894101255,0.011176579524861563,15.00767993999991
density_curve,9,12,DRB32,,,,,,,,,,,,,15.0,331934.6818441578,0.011224227715863464,15.007712681255605
density_curve,9,12,DRB32,,,,,,,,,,,,,15.0,337147.193518246,0.011223118356847892,15.007711918964183
density_curve,9,12,DRB32,,,,,,,,,,,,,15.0,342441.55948306865,0.011182410349635569,15.007683946626832
density_curve,9,12,DRB32,,,,,,,,,,,,,15.0,347819.06513141334,0.01111278000242293,15.007636100424193
density_curve,9,12,DRB32,,,,,,,,,,,,,15.0,353281.01604113757,0.011025888225429282,15.007576393102081
density_curve,9,12,DRB32,,,,,,,,,,,,,15.0,358828.7382921458,0.010933842314170564,15.007513144138109
density_curve,9,12,DRB32,,,,,,,,,,,,,15.0,364463.57878833805,0.01084866293995437,15.007454613486422
density_curve,9,12,DRB32,,,,,,,,,,,,,15.0,370186.9055846206,0.01078176387680834,15.007408644074236
density_curve,9,12,DRB32,,,,,,,,,,,,,15.0,376000.1082190484,0.010743453769282905,15.007382319443652
density_curve,9,12,DRB32,,,,,,,,,,,,,15.0,381904.59805018455,0.01074247495907671,15.0073816468583
density_curve,9,12,DRB32,,,,,,,,,,,,,15.0,387901.8085997564,0.010785601926223203,15.007411281373882
density_curve,9,12,DRB32,,,,,,,,,,,,,15.0,393993.19590069365,0.010877328510214631,15.007474310913455
density_curve,9,12,DRB32,,,,,,,,,,,,,15.0,400180.2388506313,0.011019676055729205,15.007572124435583
density_curve,9,12,DRB32,,,,,,,,,,,,,15.0,406464.4395709628,0.01121215198936477,15.00770438347051
density_curve,9,12,DRB32,,,,,,,,,,,,,15.0,412847.323771536,0.011451879293707083,15.007869111087722
density_curve,9,12,DRB32,,,,,,,,,,,,,15.0,419330.44112106785,0.011733902527567414,15.008062902176473
density_curve,9,12,DRB32,,,,,,,,,,,,,15.0,425915.3656233841,0.012051657367658094,15.008281246089398
density_curve,9,12,DRB32,,,,,,,,,,,,,15.0,432603.6959995626,0.012397570946021431,15.008518939161869
density_curve,9,12,DRB32,,,,,,,,,,,,,15.0,439397.0560760795,0.012763742697876031,15.008770552553752
density_curve,9,12,DRB32,,,,,,,,,,,,,15.0,446297.0951790494,0.013142642912880696,15.009030912255994
density_curve,9,12,DRB32,,,,,,,,,,,,,15.0,453305.48853465647,0.01352776079927878,15.0092955444052
density_curve,9,12,DRB32,,,,,,,,,,,,,15.0,460423.93767587794,0.013914136592123804,15.009561040919573
density_curve,9,12,DRB32,,,,,,,,,,,,,15.0,467654.17085558514,0.014298722798343367,15.009825307726963
density_curve,9,12,DRB32,,,,,,,,,,,,,15.0,474997.94346614124,0.014680536703722224,15.010087669559393
density_curve,9,12,DRB32,,,,,,,,,,,,,15.0,482457.03846558335,0.015060587598586977,15.010348819946502
density_curve,9,12,DRB32,,,,,,,,,,,,,15.0,490033.26681049785,0.015441585226050561,15.010610620876967
density_curve,9,12,DRB32,,,,,,,,,,,,,15.0,497728.46789569367,0.015827458113150797,15.010875771821755
density_curve,9,12,DRB32,,,,,,,,,,,,,15.0,505544.5100007789,0.016222729405664427,15.01114738084162
density_curve,9,12,DRB32,,,,,,,,,,,,,15.0,513483.29074375494,0.016631811803476188,15.01142848010488
density_curve,9,12,DRB32,,,,,,,,,,,,,15.0,521546.7375417237,0.017058291020275403,15.011721533519742
density_curve,9,12,DRB32,,,,,,,,,,,,,15.0,529736.8080788398,0.017504268345464973,15.012027984978452
density_curve,9,12,DRB32,,,,,,,,,,,,,15.0,538055.490781606,0.017969827447627415,15.012347891973528
density_curve,9,12,DRB32,,,,,,,,,,,,,15.0,546504.805301633,0.01845267914903687,15.012679681506043
density_curve,9,12,DRB32,,,,,,,,,,,,,15.0,555086.803005981,0.0189480216114408,15.013020054012873
density_curve,9,12,DRB32,,,,,,,,,,,,,15.0,563803.567475201,0.01944863368895085,15.013364047513743
density_curve,9,12,DRB32,,,,,,,,,,,,,15.0,572657.2150091964,0.01994519790400979,15.013705259542816
density_curve,9,12,DRB32,,,,,,,,,,,,,15.0,581649.8951410283,0.020426828532521108,15.014036210020182
density_curve,9,12,DRB32,,,,,,,,,,,,,15.0,590783.7911587943,0.020881761588643404,15.014348815372045
density_curve,9,12,DRB32,,,,,,,,,,,,,15.0,600061.1206356916,0.02129814882692449,15.014634934125965
density_curve,9,12,DRB32,,,,,,,,,,,,,15.0,609484.1359684145,0.021664888585796363,15.014886937821501
density_curve,9,12,DRB32,,,,,,,,,,,,,15.0,619055.1249240021,0.021972423184404496,15.015098258938123
density_curve,9,12,DRB32,,,,,,,,,,,,,15.0,628776.4111952737,0.02221343581027765,15.01526386975866
density_curve,9,12,DRB32,,,,,,,,,,,,,15.0,638650.3549649863,0.022383388907634628,15.015380652320589
density_curve,9,12,DRB32,,,,,,,,,,,,,15.0,648679.3534788508,0.022480859951554424,15.015447629141839
density_curve,9,12,DRB32,,,,,,,,,,,,,15.0,658865.8416275523,0.022507647743093783,15.015466036261056
density_curve,9,12,DRB32,,,,,,,,,,,,,15.0,669212.2925378972,0.022468641374091002,15.015439233197302
density_curve,9,12,DRB32,,,,,,,,,,,,,15.0,679721.2181732573,0.022371463189063353,15.015372457612818
density_curve,9,12,DRB32,,,,,,,,,,,,,15.0,690395.1699434342,0.02222591497403618,15.015272444763983
density_curve,9,12,DRB32,,,,,,,,,,,,,15.0,701236.7393241049,0.022043272021439523,15.01514694242096
density_curve,9,12,DRB32,,,,,,,,,,,,,15.0,712248.5584859921,0.02183548169428801,15.015004160164409
density_curve,9,12,DRB32,,,,,,,,,,,,,15.0,723433.3009339154,0.02161433089295228,15.014852197313752
density_curve,9,12,DRB32,,,,,,,,,,,,,15.0,734793.6821558832,0.021390649842134818,15.014698495812718
density_curve,9,12,DRB32,,,,,,,,,,,,,15.0,746332.4602823642,0.021173617464892956,15.014549362919999
density_curve,9,12,DRB32,,,,,,,,,,,,,15.0,758052.4367559261,0.020970226117591226,15.014409603404102
density_curve,9,12,DRB32,,,,,,,,,,,,,15.0,769956.4570113824,0.02078495077182319,15.014282292223092
density_curve,9,12,DRB32,,,,,,,,,,,,,15.0,782047.411166621,0.020619650445152567,15.014168706793134
density_curve,9,12,DRB32,,,,,,,,,,,,,15.0,794328.2347242822,0.02047370895568621,15.014068423707409
density_curve,9,12,DRB32,,,,,,,,,,,,,15.0,806801.909284454,0.020344399642179337,15.013979569352017
density_curve,9,12,DRB32,,,,,,,,,,,,,15.0,819471.4632685608,0.020227436778670834,15.013899198808243
density_curve,9,12,DRB32,,,,,,,,,,,,,15.0,832339.9726546166,0.020117657512597902,15.01382376444348
density_curve,9,12,DRB32,,,,,,,,,,,,,15.0,845410.561724033,0.020009764685135406,15.01374962633714
density_curve,9,12,DRB32,,,,,,,,,,,,,15.0,858686.4038201383,0.0198990547967997,15.01367355249917
density_curve,9,12,DRB32,,,,,,,,,,,,,15.0,872170.7221186243,0.019782057757102622,15.013593158471371
density_curve,9,12,DRB32,,,,,,,,,,,,,15.0,885866.7904100833,0.01965702588708656,15.013507243343431
density_curve,9,12,DRB32,,,,,,,,,,,,,15.0,899777.9338948353,0.01952422770921449,15.013415991629444
density_curve,9,12,DRB32,,,,,,,,,,,,,15.0,913907.5299902376,0.019386025066848063,15.013321026260224
density_curve,9,12,DRB32,,,,,,,,,,,,,15.0,928259.0091506683,0.019246737027611326,15.013225315065071
density_curve,9,12,DRB32,,,,,,,,,,,,,15.0,942835.8557003973,0.01911231753703649,15.013132949272823
density_curve,9,12,DRB32,,,,,,,,,,,,,15.0,957641.6086795169,0.01898989286533698,15.013048825670332
density_curve,9,12,DRB32,,,,,,,,,,,,,15.0,972679.8627031752,0.018887217251508527,15.012978272550578
density_curve,9,12,DRB32,,,,,,,,,,,,,15.0,987954.2688342923,0.01881210961706277,15.012926662652864
density_curve,9,12,DRB32,,,,,,,,,,,,,15.0,1003468.5354699849,0.018771930857006038,15.012899053985487
density_curve,9,12,DRB32,,,,,,,,,,,,,15.0,1019226.4292419085,0.018773151225880913,15.012899892556868
density_curve,9,12,DRB32,,,,,,,,,,,,,15.0,1035231.7759307377,0.0188210427830522,15.012932801040611
density_curve,9,12,DRB32,,,,,,,,,,,,,15.0,1051488.4613950192,0.0189195152296046,15.013000465971503
density_curve,9,12,DRB32,,,,,,,,,,,,,15.0,1068000.4325145755,0.01907109719621943,15.013104624887573
density_curve,9,12,DRB32,,,,,,,,,,,,,15.0,1084771.6981487798,0.019277051094897166,15.013246145249958
density_curve,9,12,DRB32,,,,,,,,,,,,,15.0,1101806.3301098226,0.019537599238583135,15.013425179820073
density_curve,9,12,DRB32,,,,,,,,,,,,,15.0,1119108.4641512968,0.019852232412511595,15.013641378693118
density_curve,9,12,DRB32,,,,,,,,,,,,,15.0,1136682.3009722962,0.020220069029298283,15.013894136089993
density_curve,9,12,DRB32,,,,,,,,,,,,,15.0,1154532.1072372785,0.02064023247692006,15.014182849650409
density_curve,9,12,DRB32,,,,,,,,,,,,,15.0,1172662.2166119604,0.021112215164917982,15.014507170585697
density_curve,9,12,DRB32,,,,,,,,,,,,,15.0,1191077.0308154398,0.02163619917157603,15.01486722401019
density_curve,9,12,DRB32,,,,,,,,,,,,,15.0,1209781.0206889012,0.02221330485531703,15.015263779773505
density_curve,9,12,DRB32,,,,,,,,,,,,,15.0,1228778.727281043,0.022845740500023606,15.015698355288702
density_curve,9,12,DRB32,,,,,,,,,,,,,15.0,1248074.7629505873,0.023536828775030084,15.016173233714152
density_curve,9,12,DRB32,,,,,,,,,,,,,15.0,1267673.8124860895,0.02429089060977851,15.0166913841585
density_curve,9,12,DRB32,,,,,,,,,,,,,15.0,1287580.634243335,0.025112975090104496,15.017256276080015
density_curve,9,12,DRB32,,,,,,,,,,,,,15.0,1307800.061300597,0.02600843580947056,15.017871588178114
density_curve,9,12,DRB32,,,,,,,,,,,,,15.0,1328337.002632031,0.026982369565848048,15.018540822696263
density_curve,9,12,DRB32,,,,,,,,,,,,,15.0,1349196.4442995142,0.028038951159050324,15.019266848330737
density_curve,9,12,DRB32,,,,,,,,,,,,,15.0,1370383.450663168,0.02918071607215229,15.02005140732816
density_curve,9,12,DRB32,,,,,,,,,,,,,15.0,1391903.1656109202,0.030407858036965014,15.020894632810533
density_curve,9,12,DRB32,,,,,,,,,,,,,15.0,1413760.8138073613,0.031717617690252956,15.02179462869292
density_curve,9,12,DRB32,,,,,,,,,,,,,15.0,1435961.7019622158,0.03310383896540796,15.022747164859831
density_curve,9,12,DRB32,,,,,,,,,,,,,15.0,1458511.22011873,0.034556759877908176,15.023745533404322
density_curve,9,12,DRB32,,,,,,,,,,,,,15.0,1481414.8429622927,0.03606308392181804,15.024780597687801
density_curve,9,12,DRB32,,,,,,,,,,,,,15.0,1504678.1311496203,0.03760634923916242,15.025841046013229
density_curve,9,12,DRB32,,,,,,,,,,,,,15.0,1528306.7326587688,0.03916757864981472,15.02691383829044
density_curve,9,12,DRB32,,,,,,,,,,,,,15.0,1552306.3841604206,0.04072615940074861,15.027984810552173
density_curve,9,12,DRB32,,,,,,,,,,,,,15.0,1576682.9124106285,0.04226087245320455,15.029039382224457
density_curve,9,12,DRB32,,,,,,,,,,,,,15.0,1601442.23566548,0.04375097214325959,15.03006329801086
density_curve,9,12,DRB32,,,,,,,,,,,,,15.0,1626590.3651179587,0.04517721158394944,15.031043332493292
density_curve,9,12,DRB32,,,,,,,,,,,,,15.0,1652133.4063573685,0.0465227185454442,15.031967891989403
density_curve,9,12,DRB32,,,,,,,,,,,,,15.0,1678077.5608516952,0.047773649570906435,15.032827464025571
density_curve,9,12,DRB32,,,,,,,,,,,,,15.0,1704429.1274531947,0.04891958316536917,15.033614887515
density_curve,9,12,DRB32,,,,,,,,,,,,,15.0,1731194.503927705,0.049953650581224,15.034325442626425
density_curve,9,12,DRB32,,,,,,,,,,,,,15.0,1758380.1885078938,0.05087243863688777,15.034956784006356
density_curve,9,12,DRB32,,,,,,,,,,,,,15.0,1785992.7814709456,0.05167572698530012,15.03550876024423
density_curve,9,12,DRB32,,,,,,,,,,,,,15.0,1814038.9867410094,0.05236613751354018,15.035983172958817
density_curve,9,12,DRB32,,,,,,,,,,,,,15.0,1842525.6135168101,0.05294877365037077,15.036383528949903
density_curve,9,12,DRB32,,,,,,,,,,,,,15.0,1871459.5779248201,0.05343091272097613,15.036714828801136
density_curve,9,12,DRB32,,,,,,,,,,,,,15.0,1900847.9046983868,0.05382178849651788,15.036983417459847
density_curve,9,12,DRB32,,,,,,,,,,,,,15.0,1930697.7288832497,0.054132469579476546,15.037196900670066
density_curve,9,12,DRB32,,,,,,,,,,,,,15.0,1961016.2975697976,0.05437580959334211,15.037364110745555
density_curve,9,12,DRB32,,,,,,,,,,,,,15.0,1991810.9716525706,0.054566424905568414,15.037495091262244
density_curve,9,12,DRB32,,,,,,,,,,,,,15.0,2023089.2276173707,0.05472065129746876,15.037601067284116
density_curve,9,12,DRB32,,,,,,,,,,,,,15.0,2054858.65935644,0.05485644677584875,15.037694378580644
density_curve,9,12,DRB32,,,,,,,,,,,,,15.0,2087126.9800121451,0.05499324459680133,15.03778837863269
density_curve,9,12,DRB32,,,,,,,,,,,,,15.0,2119902.0238496074,0.05515181602108679,15.037897340325443
density_curve,9,12,DRB32,,,,,,,,,,,,,15.0,2153191.7481587674,0.05535427051694895,15.038036456087783
density_curve,9,12,DRB32,,,,,,,,,,,,,15.0,2187004.235186248,0.05562439365051413,15.038222070072253
density_curve,9,12,DRB32,,,,,,,,,,,,,15.0,2221347.6940976637,0.05598858978290281,15.038472325925461
density_curve,9,12,DRB32,,,,,,,,,,,,,15.0,2256230.462970635,0.05647774753033991,15.038808448631201
density_curve,9,12,DRB32,,,,,,,,,,,,,15.0,2291661.0108191706,0.05713037088897038,15.039256896049812
density_curve,9,12,DRB32,,,,,,,,,,,,,15.0,2327647.9396498133,0.057997309295593644,15.039852609159682
density_curve,9,12,DRB32,,,,,,,,,,,,,15.0,2364199.9865500783,0.05914836837470818,15.040643554604511
density_curve,9,12,DRB32,,,,,,,,,,,,,15.0,2401326.0258096857,0.06068098366548093,15.041696684808604
density_curve,9,12,DRB32,,,,,,,,,,,,,15.0,2439035.071075103,0.06273098732919198,15.043105336274992
density_curve,9,12,DRB32,,,,,,,,,,,,,15.0,2477336.2775379405,0.06548528921130659,15.044997943324335
density_curve,9,12,DRB32,,,,,,,,,,,,,15.0,2516238.944157669,0.0691960276283588,15.047547761749097
density_curve,9,12,DRB32,,,,,,,,,,,,,15.0,2555752.5159192816,0.07419542538287818,15.050983077062249
density_curve,9,12,DRB32,,,,,,,,,,,,,15.0,2595886.586126396,0.08091022397107361,15.05559712290285
density_curve,9,12,DRB32,,,,,,,,,,,,,15.0,2636650.898730361,0.08987418626055271,15.061756672198904
density_curve,9,12,DRB32,,,,,,,,,,,,,15.0,2678055.350695943,0.10173679218074137,15.069908012374757
density_curve,9,12,DRB32,,,,,,,,,,,,,15.0,2720109.994404156,0.11726595639845722,15.080578812790531
density_curve,9,12,DRB32,,,,,,,,,,,,,15.0,2762825.0400928515,0.1373424392466668,15.094374284235128
density_curve,9,12,DRB32,,,,,,,,,,,,,15.0,2806210.858335576,0.16294367857054248,15.111966069046694
density_curve,9,12,DRB32,,,,,,,,,,,,,15.0,2850277.982559416,0.1951151146326962,15.134072537140863
density_curve,9,12,DRB32,,,,,,,,,,,,,15.0,2895037.1116023487,0.234927769466753,15.161429636840515
density_curve,9,12,DRB32,,,,,,,,,,,,,15.0,2940499.1123107616,0.28342189808571716,15.19475217503864
density_curve,9,12,DRB32,,,,,,,,,,,,,15.0,2986675.022177758,0.34153792244555603,15.234686358759527
density_curve,9,12,DRB32,,,,,,,,,,,,,15.0,3033576.0520228897,0.41003749762928665,15.281755556116394
density_curve,9,12,DRB32,,,,,,,,,,,,,15.0,3081213.5887140087,0.48941928490867403,15.336302420122083
density_curve,9,12,DRB32,,,,,,,,,,,,,15.0,3129599.1979317563,0.5798356028583362,15.398431615849777
density_curve,9,12,DRB32,,,,,,,,,,,,,15.0,3178744.626977629,0.681017346026585,15.467958228610863
density_curve,9,12,DRB32,,,,,,,,,,,,,15.0,3228661.807625975,0.7922151518231276,15.544367337027218
density_curve,9,12,DRB32,,,,,,,,,,,,,15.0,3279362.859020883,0.9121645543835342,15.62679006865454
density_curve,9,12,DRB32,,,,,,,,,,,,,15.0,3330860.090618524,1.0390816698650336,15.714000635151335
density_curve,9,12,DRB32,,,,,,,,,,,,,15.0,3383166.005175699,1.1706938139948786,15.80443737099958
density_curve,9,12,DRB32,,,,,,,,,,,,,15.0,3436293.3017853256,1.304306505134342,15.896248774380652
density_curve,9,12,DRB32,,,,,,,,,,,,,15.0,3490254.8789595794,1.4369048398896578,15.987363167003517
density_curve,9,12,DRB32,,,,,,,,,,,,,15.0,3545063.837761485,1.5652836408300732,16.075578124566313
density_curve,9,12,DRB32,,,,,,,,,,,,,15.0,3600733.4849856202,1.6861975258735475,16.15866359630875
density_curve,9,12,DRB32,,,,,,,,,,,,,15.0,3657277.33638883,1.7965195890987635,16.234470941870185
density_curve,9,12,DRB32,,,,,,,,,,,,,15.0,3714709.119971648,1.893396087050662,16.30103922333922
density_curve,9,12,DRB32,,,,,,,,,,,,,15.0,3773042.7793112434,1.9743846227169608,16.356690157796784
density_curve,9,12,DRB32,,,,,,,,,,,,,15.0,3832292.476946719,2.037564851251105,16.40010418829185
density_curve,9,12,DRB32,,,,,,,,,,,,,15.0,3892472.597817551,2.0816135315484847,16.430372055218992
density_curve,9,12,DRB32,,,,,,,,,,,,,15.0,3953597.752756071,2.1058394627730204,16.447018802806888
density_curve,9,12,DRB32,,,,,,,,,,,,,15.0,4015682.782034709,2.11017798462456,16.45
density_curve,9,12,DRB32,,,,,,,,,,,,,15.0,4078742.7589690215,2.095148732129171,16.439672711838952
density_curve,9,12,DRB32,,,,,,,,,,,,,15.0,4142792.9935772587,2.061783692125535,16.416746063775246
density_curve,9,12,DRB32,,,,,,,,,,,,,15.0,4207849.036297407,2.011534889277407,16.382217808499778
density_curve,9,12,DRB32,,,,,,,,,,,,,15.0,4273926.681762604,1.946171986985788,16.3373039628368
density_curve,9,12,DRB32,,,,,,,,,,,,,15.0,4341041.972635828,1.8676796836041656,16.283368303981177
density_curve,9,12,DRB32,,,,,,,,,,,,,15.0,4409211.203504863,1.7781631848116504,16.221857415233924
density_curve,9,12,DRB32,,,,,,,,,,,,,15.0,4478450.924838282,1.6797675782482135,16.154245284619087
density_curve,9,12,DRB32,,,,,,,,,,,,,15.0,4548777.947003777,1.574614073383406,16.081989492375527
density_curve,9,12,DRB32,,,,,,,,,,,,,15.0,4620209.3443493685,1.4647532724873555,16.006499101299525
density_curve,9,12,DRB32,,,,,,,,,,,,,15.0,4692762.459348841,1.3521333287371098,15.929112776720412
density_curve,9,12,DRB32,,,,,,,,,,,,,15.0,4766454.906812234,1.2385793260242028,15.851084617421325
density_curve,9,12,DRB32,,,,,,,,,,,,,15.0,4841304.57816245,1.125779621254205,15.77357477080732
density_curve,9,12,DRB32,,,,,,,,,,,,,15.0,4917329.645779026,1.0152751913975335,15.697642112775783
density_curve,9,12,DRB32,,,,,,,,,,,,,15.0,4994548.567410101,0.908449041580568,15.62423696953041
density_curve,9,12,DRB32,,,,,,,,,,,,,15.0,5072980.090653727,0.8065141710945953,15.554192848474452
density_curve,9,12,DRB32,,,,,,,,,,,,,15.0,5152643.257509442,0.7105001336558289,15.488217203149453
density_curve,9,12,DRB32,,,,,,,,,,,,,15.0,5233557.40900142,0.621239560647362,15.42688217273717
density_curve,9,12,DRB32,,,,,,,,,,,,,15.0,5315742.189874179,0.5393569103792558,15.370616851160575
density_curve,9,12,DRB32,,,,,,,,,,,,,15.0,5399217.553362021,0.46526204001760624,15.31970287006172
density_curve,9,12,DRB32,,,,,,,,,,,,,15.0,5484003.766033389,0.3991509651412685,15.274274920727985
density_curve,9,12,DRB32,,,,,,,,,,,,,15.0,5570121.412711266,0.3410154744679352,15.23432736081098
density_curve,9,12,DRB32,,,,,,,,,,,,,15.0,5657591.401470916,0.2906622761013043,15.199727370590438
density_curve,9,12,DRB32,,,,,,,,,,,,,15.0,5746434.968715974,0.2477412694102123,15.170234379878018
density_curve,9,12,DRB32,,,,,,,,,,,,,15.0,5836673.684334379,0.21178155468524662,15.145524811902652
density_curve,9,12,DRB32,,,,,,,,,,,,,15.0,5928329.456935207,0.18223305646351526,15.125220684604532
density_curve,9,12,DRB32,,,,,,,,,,,,,15.0,6021424.539167753,0.15851122419469538,15.10892032651132
density_curve,9,12,DRB32,,,,,,,,,,,,,15.0,6115981.53312414,0.14004219139672025,15.096229407663625
density_curve,9,12,DRB32,,,,,,,,,,,,,15.0,6212023.395826757,0.12630596369863792,15.086790616098485
density_curve,9,12,DRB32,,,,,,,,,,,,,15.0,6309573.444801942,0.11687556595822947,15.080310557627955
density_curve,9,12,DRB32,,,,,,,,,,,,,15.0,6408655.363740995,0.1114504907811831,15.076582739849533
density_curve,9,12,DRB32,,,,,,,,,,,,,15.0,6509293.20825039,0.1098831471923631,15.075505746240298
density_curve,9,12,DRB32,,,,,,,,,,,,,15.0,6611511.411691989,0.11219723400519,15.077095861341038
density_curve,9,12,DRB32,,,,,,,,,,,,,15.0,6715334.791115149,0.1185970312678535,15.081493455334757
density_curve,9,12,DRB32,,,,,,,,,,,,,15.0,6820788.553281926,0.12946654306126634,15.088962395023866
density_curve,9,12,DRB32,,,,,,,,,,,,,15.0,6927898.300786892,0.14535731385073591,15.09988167188706
density_curve,9,12,DRB32,,,,,,,,,,,,,15.0,7036690.03827307,0.16696369261009125,15.114728404925382
density_curve,9,12,DRB32,,,,,,,,,,,,,15.0,7147190.1787454495,0.19508446280912983,15.134051474868157
density_curve,9,12,DRB32,,,,,,,,,,,,,15.0,7259425.549983729,0.23057020947811988,15.15843535767091
density_curve,9,12,DRB32,,,,,,,,,,,,,15.0,7373423.401055615,0.27425663580854254,15.18845430329572
density_curve,9,12,DRB32,,,,,,,,,,,,,15.0,7489211.408932546,0.3268852873819529,15.224617861695757
density_curve,9,12,DRB32,,,,,,,,,,,,,15.0,7606817.685209225,0.3890147290900852,15.267309848406452
density_curve,9,12,DRB32,,,,,,,,,,,,,15.0,7726270.782928702,0.46092700032488076,15.31672406561951
density_curve,9,12,DRB32,,,,,,,,,,,,,15.0,7847599.7035146225,0.5425359241696245,15.372801297226083
density_curve,9,12,DRB32,,,,,,,,,,,,,15.0,7970833.903812322,0.6333052897001509,15.435173088126309
density_curve,9,12,DRB32,,,,,,,,,,,,,15.0,8096003.303240569,0.7321857712539451,15.503118398568219
density_curve,9,12,DRB32,,,,,,,,,,,,,15.0,8223138.291055465,0.8375794336345995,15.575539214047032
density_curve,9,12,DRB32,,,,,,,,,,,,,15.0,8352269.733728553,0.947339616377187,15.650960465778585
density_curve,9,12,DRB32,,,,,,,,,,,,,15.0,8483428.982440725,1.0588118350205986,15.727558135838017
density_curve,9,12,DRB32,,,,,,,,,,,,,15.0,8616647.880693821,1.1689181764784295,15.803217249086826
density_curve,9,12,DRB32,,,,,,,,,,,,,15.0,8751958.77204175,1.2742837527153004,15.875618765289094
density_curve,9,12,DRB32,,,,,,,,,,,,,15.0,8889394.507943004,1.3713995082306947,15.942351451594877
density_curve,9,12,DRB32,,,,,,,,,,,,,15.0,9028988.455736592,1.4568115482092807,16.001041978588972
density_curve,9,12,DRB32,,,,,,,,,,,,,15.0,9170774.50674293,1.5273236973152637,16.049494107721515
density_curve,9,12,DRB32,,,,,,,,,,,,,15.0,9314787.084492404,1.5801977053306873,16.085826261777232
density_curve,9,12,DRB32,,,,,,,,,,,,,15.0,9461061.153082676,1.6133347593173097,16.10859625020034
density_curve,9,12,DRB32,,,,,,,,,,,,,15.0,9609632.225667553,1.6254229350019822,16.116902589698945
density_curve,9,12,DRB32,,,,,,,,,,,,,15.0,9760536.373079011,1.61603789213324,16.110453696639293
density_curve,9,12,DRB32,,,,,,,,,,,,,15.0,9913810.23258467,1.5856882276251125,16.08959905126936
density_curve,9,12,DRB32,,,,,,,,,,,,,15.0,10069491.016782762,1.535801979780714,16.05531992415239
density_curve,9,12,DRB32,,,,,,,,,,,,,15.0,10227616.522636779,1.468656215655889,16.00918099241753
density_curve,9,12,DRB32,,,,,,,,,,,,,15.0,10388225.14065211,1.387256761152321,15.953247696794994
density_curve,9,12,DRB32,,,,,,,,,,,,,15.0,10551355.864196453,1.295179317105932,15.88997706519895
density_curve,9,12,DRB32,,,,,,,,,,,,,15.0,10717048.298967114,1.1963859439219053,15.822091610909972
density_curve,9,12,DRB32,,,,,,,,,,,,,15.0,10885342.672606446,1.095031899346337,15.752446601955564
density_curve,9,12,DRB32,,,,,,,,,,,,,15.0,11056279.844468623,0.995277037838914,15.683900464975796
density_curve,9,12,DRB32,,,,,,,,,,,,,15.0,11229901.315539658,0.9011136417934255,15.619196480164652
density_curve,9,12,DRB32,,,,,,,,,,,,,15.0,11406249.238513203,0.8162190919780995,15.560861544377648
density_curve,9,12,DRB32,,,,,,,,,,,,,15.0,11585366.428024698,0.7438377848263908,15.51112503109076
density_curve,9,12,DRB32,,,,,,,,,,,,,15.0,11767296.371045876,0.6866928106486037,15.471858100451954
density_curve,9,12,DRB32,,,,,,,,,,,,,15.0,11952083.237443073,0.646924713972526,15.444531618704692
density_curve,9,12,DRB32,,,,,,,,,,,,,15.0,12139771.890700752,0.6260526155168034,15.430189443314127
density_curve,9,12,DRB32,,,,,,,,,,,,,15.0,12330407.898813803,0.6249523195712975,15.429433379544811
density_curve,9,12,DRB32,,,,,,,,,,,,,15.0,12524037.545350743,0.6438467441464101,15.442416604577739
density_curve,9,12,DRB32,,,,,,,,,,,,,15.0,12720707.84069066,0.6823058318957181,15.468843606301206
density_curve,9,12,DRB32,,,,,,,,,,,,,15.0,12920466.533436738,0.7392555664980944,15.50797637888017
density_curve,9,12,DRB32,,,,,,,,,,,,,15.0,13123362.122008637,0.8129982525037135,15.558648357967835
density_curve,9,12,DRB32,,,,,,,,,,,,,15.0,13329443.866417537,0.9012482198667205,15.619288954926354
density_curve,9,12,DRB32,,,,,,,,,,,,,15.0,13538761.800225446,1.0011880788338903,15.687962212138912
density_curve,9,12,DRB32,,,,,,,,,,,,,15.0,13751366.742692733,1.1095502484410782,15.762422824975973
density_curve,9,12,DRB32,,,,,,,,,,,,,15.0,13967310.311116258,1.2227266292117658,15.840191502932631
density_curve,9,12,DRB32,,,,,,,,,,,,,15.0,14186644.93336124,1.336906173597328,15.918649500582779
density_curve,9,12,DRB32,,,,,,,,,,,,,15.0,14409423.860590115,1.4482361609620245,15.995149437012326
density_curve,9,12,DRB32,,,,,,,,,,,,,15.0,14635701.180190798,1.5529988278157143,16.06713666654684
density_curve,9,12,DRB32,,,,,,,,,,,,,15.0,14865531.828908725,1.6477913471856713,16.13227295082615
density_curve,9,12,DRB32,,,,,,,,,,,,,15.0,15098971.606184201,1.7296946740998642,16.188552480273856
density_curve,9,12,DRB32,,,,,,,,,,,,,15.0,15336077.187700124,1.7964160128132756,16.234399769857657
density_curve,9,12,DRB32,,,,,,,,,,,,,15.0,15576906.139141649,1.8463909085880201,16.26873981103019
density_curve,9,12,DRB32,,,,,,,,,,,,,15.0,15821516.930172438,1.8788342111921459,16.291033091084646
density_curve,9,12,DRB32,,,,,,,,,,,,,15.0,16069968.948630175,1.8937340697821161,16.30127146676332
density_curve,9,12,DRB32,,,,,,,,,,,,,15.0,16322322.514945026,1.8917890917570674,16.29993498322645
density_curve,9,12,DRB32,,,,,,,,,,,,,15.0,16578638.896784693,1.8742950318820402,16.287914012955873
density_curve,9,12,DRB32,,,,,,,,,,,,,15.0,16838980.323928915,1.8429930024612926,16.266404954008813
density_curve,9,12,DRB32,,,,,,,,,,,,,15.0,17103410.003378414,1.7998954069276063,16.236790621009806
density_curve,9,12,DRB32,,,,,,,,,,,,,15.0,17371992.134700213,1.7471079895108221,16.20051796732275
density_curve,9,12,DRB32,,,,,,,,,,,,,15.0,17644791.92561452,1.6866662485058865,16.15898567711039
density_curve,9,12,DRB32,,,,,,,,,,,,,15.0,17921875.607826144,1.6204020116602924,16.113452483168363
density_curve,9,12,DRB32,,,,,,,,,,,,,15.0,18203310.453104522,1.5498515913864612,16.064974056162473
density_curve,9,12,DRB32,,,,,,,,,,,,,15.0,18489164.789616488,1.4762112760950887,16.014372420684087
density_curve,9,12,DRB32,,,,,,,,,,,,,15.0,18779508.018514913,1.400339795823186,15.962237649496132
density_curve,9,12,DRB32,,,,,,,,,,,,,15.0,19074410.630788796,1.3228016892160694,15.908957662973894
density_curve,9,12,DRB32,,,,,,,,,,,,,15.0,19373944.224377003,1.2439409626278148,15.85476884364863
density_curve,9,12,DRB32,,,,,,,,,,,,,15.0,19678181.521551367,1.163971627307949,15.799818248457752
density_curve,9,12,DRB32,,,,,,,,,,,,,15.0,19987196.386572525,1.0830708972534397,15.74422764926007
density_curve,9,12,DRB32,,,,,,,,,,,,,15.0,20301063.843623016,1.0014619865808845,15.688150426704713
density_curve,9,12,DRB32,,,,,,,,,,,,,15.0,20619860.095022235,0.9194762352634971,15.631814259672167
density_curve,9,12,DRB32,,,,,,,,,,,,,15.0,20943662.539726753,0.8375881774066936,15.575545222293554
density_curve,9,12,DRB32,,,,,,,,,,,,,15.0,21272549.792122267,0.7564214968970551,15.519771876349981
density_curve,9,12,DRB32,,,,,,,,,,,,,15.0,21606601.701109305,0.6767279399134207,15.465010781092499
density_curve,9,12,DRB32,,,,,,,,,,,,,15.0,21945899.369489986,0.5993446200509539,15.411837155636189
density_curve,9,12,DRB32,,,,,,,,,,,,,15.0,22290525.173658106,0.5251373804387651,15.36084596047555
density_curve,9,12,DRB32,,,,,,,,,,,,,15.0,22640562.78359909,0.4549388003691072,15.312609298998336
density_curve,9,12,DRB32,,,,,,,,,,,,,15.0,22996097.183203783,0.3894890949336157,15.267635806917124
density_curve,9,12,DRB32,,,,,,,,,,,,,15.0,23357214.690901212,0.32938677544634076,15.226336748784805
density_curve,9,12,DRB32,,,,,,,,,,,,,15.0,23724002.980615646,0.2750538557158443,15.189002109629598
density_curve,9,12,DRB32,,,,,,,,,,,,,15.0,24096551.10305199,0.2267179945421629,15.15578832424632
density_curve,9,12,DRB32,,,,,,,,,,,,,15.0,24474949.507316638,0.18441163179821457,15.126717683558331
density_curve,9,12,DRB32,,,,,,,,,,,,,15.0,24859290.062876612,0.14798620758607536,15.101688105251457
density_curve,9,12,DRB32,,,,,,,,,,,,,15.0,25249666.08186437,0.11713815071512912,15.080490991648345
density_curve,9,12,DRB32,,,,,,,,,,,,,15.0,25646172.341732506,0.09144256806490603,15.062834379213612
density_curve,9,12,DRB32,,,,,,,,,,,,,15.0,26048905.10826428,0.07039043744418359,15.048368495471829
density_curve,9,12,DRB32,,,,,,,,,,,,,15.0,26457962.158945747,0.0534254977515662,15.036711107927493
density_curve,9,12,DRB32,,,,,,,,,,,,,15.0,26873442.80670409,0.039977785523193234,15.027470568563885
density_curve,9,12,DRB32,,,,,,,,,,,,,15.0,27295447.924020074,0.02949171339569224,15.020265107841773
density_curve,9,12,DRB32,,,,,,,,,,,,,15.0,27724079.967417758,0.02144756287884816,15.014737603368497
density_curve,9,12,DRB32,,,,,,,,,,,,,15.0,28159443.002339695,0.015376143254684026,15.010565652699318
density_curve,9,12,DRB32,,,,,,,,,,,,,15.0,28601642.7284124,0.010867066185021246,15.007467259199505
density_curve,9,12,DRB32,,,,,,,,,,,,,15.0,29050786.505108584,0.007571562587992813,15.005202767649262
density_curve,9,12,DRB32,,,,,,,,,,,,,15.0,29506983.377812706,0.005201024612610381,15.003573862367647
density_curve,9,12,DRB32,,,,,,,,,,,,,15.0,29970344.104294933,0.0035225200160425565,15.002420484935621
density_curve,9,12,DRB32,,,,,,,,,,,,,15.0,30440981.18160234,0.002352444706458507,15.001616472567347
density_curve,9,12,DRB32,,,,,,,,,,,,,15.0,30919008.873370558,0.0015493030846447182,15.001064597152043
density_curve,9,12,DRB32,,,,,,,,,,,,,15.0,31404543.237566188,0.0010063833538835473,15.000691532123719
density_curve,9,12,DRB32,,,,,,,,,,,,,15.0,31897702.154663246,0.0006448655245088645,15.000443116655255
density_curve,9,12,DRB32,,,,,,,,,,,,,15.0,32398605.356263112,0.0004076912386115951,15.000280143334018
density_curve,9,12,DRB32,,,,,,,,,,,,,15.0,32907374.454163484,0.0002543529832377695,15.000174777591456
density_curve,9,12,DRB32,,,,,,,,,,,,,15.0,33424132.969883844,0.00015663198455538076,15.000107629014831
density_curve,9,12,DRB32,,,,,,,,,,,,,15.0,33949006.36465498,9.522791291345389e-05,15.000065435463137
density_curve,9,12,DRB32,,,,,,,,,,,,,15.0,34482122.069878325,5.717365704848525e-05,15.000039286639954
density_curve,9,12,DRB32,,,,,,,,,,,,,15.0,35023609.518065386,3.3906813208582616e-05,15.000023298925262
density_curve,9,12,DRB32,,,,,,,,,,,,,15.0,35573600.17426121,1.986780972103438e-05,15.000013652082576
density_curve,9,12,DRB32,,,,,,,,,,,,,15.0,36132227.56796255,1.1505254365580136e-05,15.000007905787546
density_curve,9,12,DRB32,,,,,,,,,,,,,15.0,36699627.32553667,6.586157826389222e-06,15.000004525650878
density_curve,9,12,DRB32,,,,,,,,,,,,,15.0,37275937.20314938,3.727828953838387e-06,15.000002561562116
density_curve,9,12,DRB32,,,,,,,,,,,,,15.0,37861297.12021055,2.086672326791895e-06,15.000001433848185
density_curve,9,12,DRB32,,,,,,,,,,,,,15.0,38455849.19334357,1.1553093279178852e-06,15.000000793865986
density_curve,9,12,DRB32,,,,,,,,,,,,,15.0,39059737.77089033,6.327629946163424e-07,15.000000434800452
density_curve,9,12,DRB32,,,,,,,,,,,,,15.0,39673109.46795558,3.428584544592417e-07,15.000000235593756
density_curve,9,12,DRB32,,,,,,,,,,,,,15.0,40296113.20200404,1.8379315734090598e-07,15.0000001262927
density_curve,9,12,DRB32,,,,,,,,,,,,,15.0,40928900.22901449,9.746996733042174e-08,15.000000066976082
density_curve,9,12,DRB32,,,,,,,,,,,,,15.0,41571624.180202775,5.113313557964424e-08,15.00000003513592
density_curve,9,12,DRB32,,,,,,,,,,,,,15.0,42224441.09932146,2.6531707076002743e-08,15.000000018231152
density_curve,9,12,DRB32,,,,,,,,,,,,,15.0,42887509.48054403,1.3613822787363314e-08,15.000000009354682
density_curve,9,12,DRB32,,,,,,,,,,,,,15.0,43560990.30694617,6.906383978843331e-09,15.000000004745694
density_curve,9,12,DRB32,,,,,,,,,,,,,15.0,44245047.08958865,3.463111690889341e-09,15.000000002379663
density_curve,9,12,DRB32,,,,,,,,,,,,,15.0,44939845.907216705,1.715955922037435e-09,15.000000001179112
density_curve,9,12,DRB32,,,,,,,,,,,,,15.0,45645555.44658045,8.399260997237979e-10,15.000000000577153
density_curve,9,12,DRB32,,,,,,,,,,,,,15.0,46362347.04338999,4.0601203834027613e-10,15.00000000027899
density_curve,9,12,DRB32,,,,,,,,,,,,,15.0,47090394.72391306,1.9376097704626413e-10,15.000000000133141
density_curve,9,12,DRB32,,,,,,,,,,,,,15.0,47829875.24722586,9.126236298645553e-11,15.00000000006271
density_curve,9,12,DRB32,,,,,,,,,,,,,15.0,48580968.14812807,4.241186685053597e-11,15.000000000029143
density_curve,9,12,DRB32,,,,,,,,,,,,,15.0,49343855.78073008,1.9441564265451258e-11,15.00000000001336
density_curve,9,12,DRB32,,,,,,,,,,,,,15.0,50118723.36272725,8.788358748805322e-12,15.00000000000604
density_curve,10,9,DRB38,,,,,,,,,,,,,14.0,100000.0,0.0016436736574961467,14.00112224069287
density_curve,10,9,DRB38,,,,,,,,,,,,,14.0,101570.34258822507,0.0017210545693341155,14.001175073569835
density_curve,10,9,DRB38,,,,,,,,,,,,,14.0,103165.34493489409,0.001814300557427996,14.001238738544819
density_curve,10,9,DRB38,,,,,,,,,,,,,14.0,104785.39428269603,0.0019216996178931158,14.001312066723731
density_curve,10,9,DRB38,,,,,,,,,,,,,14.0,106430.88395535655,0.0020408980284311973,14.001393451070449
density_curve,10,9,DRB38,,,,,,,,,,,,,14.0,108102.21345313193,0.002169113054817387,14.00148099163508
density_curve,10,9,DRB38,,,,,,,,,,,,,14.0,109799.78854980043,0.0023033848352995777,14.001572667531493
density_curve,10,9,DRB38,,,,,,,,,,,,,14.0,111524.02139117903,0.002440847202359366,14.001666521844573
density_curve,10,9,DRB38,,,,,,,,,,,,,14.0,113275.33059518597,0.0025789948610917828,14.001760844049926
density_curve,10,9,DRB38,,,,,,,,,,,,,14.0,115054.14135347492,0.0027159237663741532,14.001854334134675
density_curve,10,9,DRB38,,,,,,,,,,,,,14.0,116860.88553466521,0.0028505227995477313,14.001946233467343
density_curve,10,9,DRB38,,,,,,,,,,,,,14.0,118696.00178919302,0.0029825978932844686,14.002036409545806
density_curve,10,9,DRB38,,,,,,,,,,,,,14.0,120559.93565580886,0.0031129144338358917,14.002125384948005
density_curve,10,9,DRB38,,,,,,,,,,,,,14.0,122453.13966974878,0.0032431498199187855,14.002214304940882
density_curve,10,9,DRB38,,,,,,,,,,,,,14.0,124376.07347260158,0.003375755110953767,14.002304843018809
density_curve,10,9,DRB38,,,,,,,,,,,,,14.0,126329.20392390396,0.0035137322923785596,14.002399048828446
density_curve,10,9,DRB38,,,,,,,,,,,,,14.0,128313.00521448672,0.0036603412814830575,14.00249914812295
density_curve,10,9,DRB38,,,,,,,,,,,,,14.0,130327.95898160127,0.0038187578023172446,14.0026073091714
density_curve,10,9,DRB38,,,,,,,,,,,,,14.0,132374.55442585386,0.003991709069387265,14.002725394016835
density_curve,10,9,DRB38,,,,,,,,,,,,,14.0,134453.28842997624,0.004181118265963295,14.00285471573896
density_curve,10,9,DRB38,,,,,,,,,,,,,14.0,136564.66567946097,0.00438779058973002,14.002995824097523
density_curve,10,9,DRB38,,,,,,,,,,,,,14.0,138709.19878509274,0.004611172791237259,14.003148341353885
density_curve,10,9,DRB38,,,,,,,,,,,,,14.0,140887.40840740083,0.004849214432660334,14.003310867543547
density_curve,10,9,DRB38,,,,,,,,,,,,,14.0,143099.82338306884,0.00509835252594954,14.003480969987642
density_curve,10,9,DRB38,,,,,,,,,,,,,14.0,145346.98085332804,0.005353631985458437,14.003655265533602
density_curve,10,9,DRB38,,,,,,,,,,,,,14.0,147629.42639436718,0.00560896293526562,14.00382959623527
density_curve,10,9,DRB38,,,,,,,,,,,,,14.0,149947.71414979032,0.005857503122997414,14.003999290451159
density_curve,10,9,DRB38,,,,,,,,,,,,,14.0,152302.40696515449,0.006092140576379805,14.004159492384831
density_curve,10,9,DRB38,,,,,,,,,,,,,14.0,154694.07652461986,0.006306039504487972,14.004305534806447
density_curve,10,9,DRB38,,,,,,,,,,,,,14.0,157123.30348974746,0.006493202740592743,14.004433323068312
density_curve,10,9,DRB38,,,,,,,,,,,,,14.0,159590.6776404731,0.006648998174019088,14.004539694533449
density_curve,10,9,DRB38,,,,,,,,,,,,,14.0,162096.79801829843,0.006770595823288035,14.004622716993257
density_curve,10,9,DRB38,,,,,,,,,,,,,14.0,164642.27307172897,0.006857267210544529,14.004681893069508
density_curve,10,9,DRB38,,,,,,,,,,,,,14.0,167227.72080399614,0.006910509608398381,14.004718245045574
density_curve,10,9,DRB38,,,,,,,,,,,,,14.0,169853.76892309941,0.006933973869660205,14.004734265591194
density_curve,10,9,DRB38,,,,,,,,,,,,,14.0,172521.0549942039,0.00693319444888321,14.004733733430989
density_curve,10,9,DRB38,,,,,,,,,,,,,14.0,175230.2265944331,0.006915141732405814,14.004721407691656
density_curve,10,9,DRB38,,,,,,,,,,,,,14.0,177981.9414700888,0.006887637323922602,14.004702628680208
density_curve,10,9,DRB38,,,,,,,,,,,,,14.0,180776.86769634343,0.006858689806576743,14.004682864366425
density_curve,10,9,DRB38,,,,,,,,,,,,,14.0,183615.6838394384,0.0068358193437599675,14.004667249244822
density_curve,10,9,DRB38,,,,,,,,,,,,,14.0,186499.07912142982,0.006825442593221363,14.004660164376325
density_curve,10,9,DRB38,,,,,,,,,,,,,14.0,189427.7535875212,0.00683238407010283,14.0046649037647
density_curve,10,9,DRB38,,,,,,,,,,,,,14.0,192402.4182760241,0.006859566706727873,14.004683463082008
density_curve,10,9,DRB38,,,,,,,,,,,,,14.0,195423.79539098707,0.006907914426416437,14.004716473149545
density_curve,10,9,DRB38,,,,,,,,,,,,,14.0,198492.61847753756,0.0069764754881410556,14.004763284153094
density_curve,10,9,DRB38,,,,,,,,,,,,,14.0,201609.63259997344,0.007062750147560641,14.004822189357983
density_curve,10,9,DRB38,,,,,,,,,,,,,14.0,204775.59452265495,0.007163182936124835,14.00489076121938
density_curve,10,9,DRB38,,,,,,,,,,,,,14.0,207991.2728937353,0.007273761400351581,14.004966260179739
density_curve,10,9,DRB38,,,,,,,,,,,,,14.0,211257.44843177704,0.007390651603075895,14.005046068565969
density_curve,10,9,DRB38,,,,,,,,,,,,,14.0,214574.91411529886,0.007510797260862509,14.005128099658714
density_curve,10,9,DRB38,,,,,,,,,,,,,14.0,217944.4753752988,0.0076324142245396895,14.005211135305698
density_curve,10,9,DRB38,,,,,,,,,,,,,14.0,221366.95029080036,0.007755324260784499,14.005295053815683
density_curve,10,9,DRB38,,,,,,,,,,,,,14.0,224843.16978747185,0.007881090120198267,14.005380922178034
density_curve,10,9,DRB38,,,,,,,,,,,,,14.0,228373.97783935972,0.008012935516938331,14.005470941427728
density_curve,10,9,DRB38,,,,,,,,,,,,,14.0,231960.2316737949,0.008155456514520558,14.005568249590054
density_curve,10,9,DRB38,,,,,,,,,,,,,14.0,235602.80197951404,0.008314152590542238,14.005676601508634
density_curve,10,9,DRB38,,,,,,,,,,,,,14.0,239302.57311804994,0.008494824293045074,14.00579995758706
density_curve,10,9,DRB38,,,,,,,,,,,,,14.0,243060.44333844114,0.008702898264378162,14.005942022939687
density_curve,10,9,DRB38,,,,,,,,,,,,,14.0,246877.32499531287,0.008942748326323004,14.00610578385322
density_curve,10,9,DRB38,,,,,,,,,,,,,14.0,250754.1447703851,0.009217082612072006,14.006293089342673
density_curve,10,9,DRB38,,,,,,,,,,,,,14.0,254691.843897454,0.00952646120821885,14.006504321814834
density_curve,10,9,DRB38,,,,,,,,,,,,,14.0,258691.37839091144,0.00986899675522223,14.006738192649138
density_curve,10,9,DRB38,,,,,,,,,,,,,14.0,262753.7192778504,0.010240272815662881,14.006991686462472
density_curve,10,9,DRB38,,,,,,,,,,,,,14.0,266879.85283381585,0.010633493004740473,14.007260162930066
density_curve,10,9,DRB38,,,,,,,,,,,,,14.0,271070.7808222577,0.011039849912117022,14.00753760867193
density_curve,10,9,DRB38,,,,,,,,,,,,,14.0,275327.5207377438,0.011449079240300983,14.007817015598427
density_curve,10,9,DRB38,,,,,,,,,,,,,14.0,279651.1060529923,0.01185014413008944,14.008090848142832
density_curve,10,9,DRB38,,,,,,,,,,,,,14.0,284042.5864697849,0.012231980064730546,14.00835155185485
density_curve,10,9,DRB38,,,,,,,,,,,,,14.0,288503.028173816,0.01258422427848205,14.008592051414293
density_curve,10,9,DRB38,,,,,,,,,,,,,14.0,293033.5140935484,0.012897856546226964,14.008806188138974
density_curve,10,9,DRB38,,,,,,,,,,,,,14.0,297635.14416313195,0.013165690613564467,14.008989055515313
density_curve,10,9,DRB38,,,,,,,,,,,,,14.0,302309.0355894507,0.013382675900515598,14.009137205190683
density_curve,10,9,DRB38,,,,,,,,,,,,,14.0,307056.3231233643,0.013545994676985324,14.009248713321282
density_curve,10,9,DRB38,,,,,,,,,,,,,14.0,311878.15933520853,0.013654966883640516,14.009323115587295
density_curve,10,9,DRB38,,,,,,,,,,,,,14.0,316775.7148946211,0.013710799005045043,14.00936123573257
density_curve,10,9,DRB38,,,,,,,,,,,,,14.0,321750.1788547658,0.013716231096642068,14.009364944567478
density_curve,10,9,DRB38,,,,,,,,,,,,,14.0,326802.75894101255,0.013675144483833912,14.009336892120073
density_curve,10,9,DRB38,,,,,,,,,,,,,14.0,331934.6818441578,0.013592190626547504,14.009280254238307
density_curve,10,9,DRB38,,,,,,,,,,,,,14.0,337147.193518246,0.013472489814366145,14.009198526869989
density_curve,10,9,DRB38,,,,,,,,,,,,,14.0,342441.55948306865,0.01332142904634957,14.009095388062482
density_curve,10,9,DRB38,,,,,,,,,,,,,14.0,347819.06513141334,0.013144565223851509,14.008974631866264
density_curve,10,9,DRB38,,,,,,,,,,,,,14.0,353281.01604113757,0.012947616801604406,14.008840162634591
density_curve,10,9,DRB38,,,,,,,,,,,,,14.0,358828.7382921458,0.012736508309055455,14.00869602542106
density_curve,10,9,DRB38,,,,,,,,,,,,,14.0,364463.57878833805,0.012517420848915108,14.008546440458165
density_curve,10,9,DRB38,,,,,,,,,,,,,14.0,370186.9055846206,0.012296799658044524,14.008395808319616
density_curve,10,9,DRB38,,,,,,,,,,,,,14.0,376000.1082190484,0.01208127736649779,14.008248657524389
density_curve,10,9,DRB38,,,,,,,,,,,,,14.0,381904.59805018455,0.011877487461389181,14.008109517176628
density_curve,10,9,DRB38,,,,,,,,,,,,,14.0,387901.8085997564,0.011691764111811156,14.007982712017002
density_curve,10,9,DRB38,,,,,,,,,,,,,14.0,393993.19590069365,0.011529748521521471,14.007872093654607
density_curve,10,9,DRB38,,,,,,,,,,,,,14.0,400180.2388506313,0.011395944549169444,14.0077807371606
density_curve,10,9,DRB38,,,,,,,,,,,,,14.0,406464.4395709628,0.01129328380279239,14.007710644130503
density_curve,10,9,DRB38,,,,,,,,,,,,,14.0,412847.323771536,0.011222769712228813,14.007662499669776
density_curve,10,9,DRB38,,,,,,,,,,,,,14.0,419330.44112106785,0.01118326915671174,14.007635530124702
density_curve,10,9,DRB38,,,,,,,,,,,,,14.0,425915.3656233841,0.011171508344052375,14.007627500268844
density_curve,10,9,DRB38,,,,,,,,,,,,,14.0,432603.6959995626,0.011182307582360823,14.007634873596649
density_curve,10,9,DRB38,,,,,,,,,,,,,14.0,439397.0560760795,0.01120905967801967,14.007653138956218
density_curve,10,9,DRB38,,,,,,,,,,,,,14.0,446297.0951790494,0.011244422638585012,14.00767728350169
density_curve,10,9,DRB38,,,,,,,,,,,,,14.0,453305.48853465647,0.011281163860663733,14.007702369074083
density_curve,10,9,DRB38,,,,,,,,,,,,,14.0,460423.93767587794,0.011313065150597218,14.00772415011654
density_curve,10,9,DRB38,,,,,,,,,,,,,14.0,467654.17085558514,0.011335780519395048,14.007739659345578
density_curve,10,9,DRB38,,,,,,,,,,,,,14.0,474997.94346614124,0.011347535307217117,14.007747685087896
density_curve,10,9,DRB38,,,,,,,,,,,,,14.0,482457.03846558335,0.011349567528331286,14.007749072614684
density_curve,10,9,DRB38,,,,,,,,,,,,,14.0,490033.26681049785,0.011346239710668777,14.007746800501614
density_curve,10,9,DRB38,,,,,,,,,,,,,14.0,497728.46789569367,0.011344788780885962,14.00774580985944
density_curve,10,9,DRB38,,,,,,,,,,,,,14.0,505544.5100007789,0.011354727427757868,14.00775259560666
density_curve,10,9,DRB38,,,,,,,,,,,,,14.0,513483.29074375494,0.011386956214818505,14.007774600252263
density_curve,10,9,DRB38,,,,,,,,,,,,,14.0,521546.7375417237,0.011452684582431894,14.007819477195126
density_curve,10,9,DRB38,,,,,,,,,,,,,14.0,529736.8080788398,0.011562284776379475,14.007894308228058
density_curve,10,9,DRB38,,,,,,,,,,,,,14.0,538055.490781606,0.011724211656993725,14.008004866022707
density_curve,10,9,DRB38,,,,,,,,,,,,,14.0,546504.805301633,0.011944111998291634,14.008155005991341
density_curve,10,9,DRB38,,,,,,,,,,,,,14.0,555086.803005981,0.01222422095549232,14.008346254216788
density_curve,10,9,DRB38,,,,,,,,,,,,,14.0,563803.567475201,0.012563105173054243,14.008577632055925
density_curve,10,9,DRB38,,,,,,,,,,,,,14.0,572657.2150091964,0.012955767665243841,14.008845727748334
density_curve,10,9,DRB38,,,,,,,,,,,,,14.0,581649.8951410283,0.01339408597276031,14.00914499557372
density_curve,10,9,DRB38,,,,,,,,,,,,,14.0,590783.7911587943,0.01386751851609323,14.009468238124354
density_curve,10,9,DRB38,,,,,,,,,,,,,14.0,600061.1206356916,0.014363989286941777,14.009807210340236
density_curve,10,9,DRB38,,,,,,,,,,,,,14.0,609484.1359684145,0.014870850511136515,14.010153276780393
density_curve,10,9,DRB38,,,,,,,,,,,,,14.0,619055.1249240021,0.015375826613210889,14.010498056127613
density_curve,10,9,DRB38,,,,,,,,,,,,,14.0,628776.4111952737,0.015867858352025702,14.0108339975336
density_curve,10,9,DRB38,,,,,,,,,,,,,14.0,638650.3549649863,0.016337789362539688,14.011154849364761
density_curve,10,9,DRB38,,,,,,,,,,,,,14.0,648679.3534788508,0.01677886374630764,14.011455998938942
density_curve,10,9,DRB38,,,,,,,,,,,,,14.0,658865.8416275523,0.017187028186866463,14.011734678798835
density_curve,10,9,DRB38,,,,,,,,,,,,,14.0,669212.2925378972,0.017561051683850526,14.011990048462083
density_curve,10,9,DRB38,,,,,,,,,,,,,14.0,679721.2181732573,0.017902488265629585,14.012223168962834
density_curve,10,9,DRB38,,,,,,,,,,,,,14.0,690395.1699434342,0.018215512514356207,14.012436890554206
density_curve,10,9,DRB38,,,,,,,,,,,,,14.0,701236.7393241049,0.018506655526803972,14.012635672431937
density_curve,10,9,DRB38,,,,,,,,,,,,,14.0,712248.5584859921,0.01878446227785916,14.012825348794617
density_curve,10,9,DRB38,,,,,,,,,,,,,14.0,723433.3009339154,0.019059083049678235,14.013012849886357
density_curve,10,9,DRB38,,,,,,,,,,,,,14.0,734793.6821558832,0.019341804396439496,14.01320588175654
density_curve,10,9,DRB38,,,,,,,,,,,,,14.0,746332.4602823642,0.019644521231790012,14.013412565820314
density_curve,10,9,DRB38,,,,,,,,,,,,,14.0,758052.4367559261,0.01997915233735916,14.013641039789011
density_curve,10,9,DRB38,,,,,,,,,,,,,14.0,769956.4570113824,0.020357007104132515,14.01389902530416
density_curve,10,9,DRB38,,,,,,,,,,,,,14.0,782047.411166621,0.02078812079857507,14.014193374081335
density_curve,10,9,DRB38,,,,,,,,,,,,,14.0,794328.2347242822,0.021280587403104338,14.014529612397842
density_curve,10,9,DRB38,,,,,,,,,,,,,14.0,806801.909284454,0.02183993087042888,14.01491151180802
density_curve,10,9,DRB38,,,,,,,,,,,,,14.0,819471.4632685608,0.022468565003261703,14.015340720368718
density_curve,10,9,DRB38,,,,,,,,,,,,,14.0,832339.9726546166,0.023165396830739437,14.015816491839118
density_curve,10,9,DRB38,,,,,,,,,,,,,14.0,845410.561724033,0.0239256264970109,14.01633554905192
density_curve,10,9,DRB38,,,,,,,,,,,,,14.0,858686.4038201383,0.02474078727707885,14.01689211123472
density_curve,10,9,DRB38,,,,,,,,,,,,,14.0,872170.7221186243,0.02559905234829239,14.01747810346243
density_curve,10,9,DRB38,,,,,,,,,,,,,14.0,885866.7904100833,0.02648581143759497,14.018083550371097
density_curve,10,9,DRB38,,,,,,,,,,,,,14.0,899777.9338948353,0.02738449260839651,14.01869713724413
density_curve,10,9,DRB38,,,,,,,,,,,,,14.0,913907.5299902376,0.028277575389940617,14.019306901740253
density_curve,10,9,DRB38,,,,,,,,,,,,,14.0,928259.0091506683,0.02914771500015934,14.019901001472041
density_curve,10,9,DRB38,,,,,,,,,,,,,14.0,942835.8557003973,0.029978877597322418,14.020468489114538
density_curve,10,9,DRB38,,,,,,,,,,,,,14.0,957641.6086795169,0.03075737697188661,14.021000020220805
density_curve,10,9,DRB38,,,,,,,,,,,,,14.0,972679.8627031752,0.03147270649903112,14.0214884212489
density_curve,10,9,DRB38,,,,,,,,,,,,,14.0,987954.2688342923,0.03211807754522805,14.021929057166341
density_curve,10,9,DRB38,,,,,,,,,,,,,14.0,1003468.5354699849,0.03269060585725943,14.022319958709753
density_curve,10,9,DRB38,,,,,,,,,,,,,14.0,1019226.4292419085,0.03319112760010357,14.022661696782226
density_curve,10,9,DRB38,,,,,,,,,,,,,14.0,1035231.7759307377,0.033623671591479366,14.022957022114213
density_curve,10,9,DRB38,,,,,,,,,,,,,14.0,1051488.4613950192,0.03399465760140039,14.023210317891584
density_curve,10,9,DRB38,,,,,,,,,,,,,14.0,1068000.4325145755,0.03431192577735642,14.023426937082375
density_curve,10,9,DRB38,,,,,,,,,,,,,14.0,1084771.6981487798,0.03458372363338693,14.023612510789711
density_curve,10,9,DRB38,,,,,,,,,,,,,14.0,1101806.3301098226,0.03481778088272018,14.023772316581125
density_curve,10,9,DRB38,,,,,,,,,,,,,14.0,1119108.4641512968,0.03502058772571969,14.023910785729772
density_curve,10,9,DRB38,,,,,,,,,,,,,14.0,1136682.3009722962,0.035196961093654146,14.024031207061423
density_curve,10,9,DRB38,,,,,,,,,,,,,14.0,1154532.1072372785,0.03534994060321976,14.024135655915991
density_curve,10,9,DRB38,,,,,,,,,,,,,14.0,1172662.2166119604,0.03548100830362525,14.024225144182866
density_curve,10,9,DRB38,,,,,,,,,,,,,14.0,1191077.0308154398,0.035590581077875265,14.024299956494623
density_curve,10,9,DRB38,,,,,,,,,,,,,14.0,1209781.0206889012,0.035678688506153466,14.024360113047543
density_curve,10,9,DRB38,,,,,,,,,,,,,14.0,1228778.727281043,0.03574572699332166,14.024405884492467
density_curve,10,9,DRB38,,,,,,,,,,,,,14.0,1248074.7629505873,0.035793175310375853,14.024438280480542
density_curve,10,9,DRB38,,,,,,,,,,,,,14.0,1267673.8124860895,0.03582416694724457,14.024459440444915
density_curve,10,9,DRB38,,,,,,,,,,,,,14.0,1287580.634243335,0.035843837979395644,14.024472871111428
density_curve,10,9,DRB38,,,,,,,,,,,,,14.0,1307800.061300597,0.03585940107344912,14.024483497026964
density_curve,10,9,DRB38,,,,,,,,,,,,,14.0,1328337.002632031,0.03587993174344417,14.024497514622984
density_curve,10,9,DRB38,,,,,,,,,,,,,14.0,1349196.4442995142,0.0359158872805431,14.0245220637582
density_curve,10,9,DRB38,,,,,,,,,,,,,14.0,1370383.450663168,0.0359784081649499,14.02456475074799
density_curve,10,9,DRB38,,,,,,,,,,,,,14.0,1391903.1656109202,0.03607847378578904,14.024633071920595
density_curve,10,9,DRB38,,,,,,,,,,,,,14.0,1413760.8138073613,0.03622599777539581,14.024733795944222
density_curve,10,9,DRB38,,,,,,,,,,,,,14.0,1435961.7019622158,0.03642895304912473,14.024872366435982
density_curve,10,9,DRB38,,,,,,,,,,,,,14.0,1458511.22011873,0.036692613223087735,14.025052384029475
density_curve,10,9,DRB38,,,,,,,,,,,,,14.0,1481414.8429622927,0.03701898631006725,14.025275219722921
density_curve,10,9,DRB38,,,,,,,,,,,,,14.0,1504678.1311496203,0.03740649952817135,14.025539799677949
density_curve,10,9,DRB38,,,,,,,,,,,,,14.0,1528306.7326587688,0.03784997197745972,14.025842586564195
density_curve,10,9,DRB38,,,,,,,,,,,,,14.0,1552306.3841604206,0.03834088644862135,14.026177765140396
density_curve,10,9,DRB38,,,,,,,,,,,,,14.0,1576682.9124106285,0.03886794473750064,14.02653762140298
density_curve,10,9,DRB38,,,,,,,,,,,,,14.0,1601442.23566548,0.0394178649487306,14.026913086956048
density_curve,10,9,DRB38,,,,,,,,,,,,,14.0,1626590.3651179587,0.039976356972592955,14.027294405031546
density_curve,10,9,DRB38,,,,,,,,,,,,,14.0,1652133.4063573685,0.0405291960489728,14.027671863479755
density_curve,10,9,DRB38,,,,,,,,,,,,,14.0,1678077.5608516952,0.04106330595366506,14.028036534329578
density_curve,10,9,DRB38,,,,,,,,,,,,,14.0,1704429.1274531947,0.041567763769756405,14.02838095980995
density_curve,10,9,DRB38,,,,,,,,,,,,,14.0,1731194.503927705,0.042034647197271194,14.028699730862094
density_curve,10,9,DRB38,,,,,,,,,,,,,14.0,1758380.1885078938,0.042459661537391793,14.028989915221599
density_curve,10,9,DRB38,,,,,,,,,,,,,14.0,1785992.7814709456,0.042842504640954765,14.029251306591988
density_curve,10,9,DRB38,,,,,,,,,,,,,14.0,1814038.9867410094,0.043186951612362315,14.029486482477472
density_curve,10,9,DRB38,,,,,,,,,,,,,14.0,1842525.6135168101,0.043500664398346225,14.029700674177084
density_curve,10,9,DRB38,,,,,,,,,,,,,14.0,1871459.5779248201,0.043794752602039244,14.029901466924459
density_curve,10,9,DRB38,,,,,,,,,,,,,14.0,1900847.9046983868,0.04408312978637222,14.03009836039518
density_curve,10,9,DRB38,,,,,,,,,,,,,14.0,1930697.7288832497,0.044381723844383394,14.030302229576279
density_curve,10,9,DRB38,,,,,,,,,,,,,14.0,1961016.2975697976,0.044707611069643834,14.030524733540984
density_curve,10,9,DRB38,,,,,,,,,,,,,14.0,1991810.9716525706,0.045078152110364436,14.030777725509541
density_curve,10,9,DRB38,,,,,,,,,,,,,14.0,2023089.2276173707,0.0455102149145258,14.03107272230437
density_curve,10,9,DRB38,,,,,,,,,,,,,14.0,2054858.65935644,0.04601957589417983,14.03142049548679
density_curve,10,9,DRB38,,,,,,,,,,,,,14.0,2087126.9800121451,0.046620596577973065,14.031830850587108
density_curve,10,9,DRB38,,,,,,,,,,,,,14.0,2119902.0238496074,0.047326279665496254,14.032312665376482
density_curve,10,9,DRB38,,,,,,,,,,,,,14.0,2153191.7481587674,0.04814881636335004,14.032874263568132
density_curve,10,9,DRB38,,,,,,,,,,,,,14.0,2187004.235186248,0.04910074688188662,14.033524207162358
density_curve,10,9,DRB38,,,,,,,,,,,,,14.0,2221347.6940976637,0.050196868432174746,14.034272599157603
density_curve,10,9,DRB38,,,,,,,,,,,,,14.0,2256230.462970635,0.051457039562528714,14.03513299824961
density_curve,10,9,DRB38,,,,,,,,,,,,,14.0,2291661.0108191706,0.05291004411579984,14.036125057001158
density_curve,10,9,DRB38,,,,,,,,,,,,,14.0,2327647.9396498133,0.054598687775751296,14.03727800157888
density_curve,10,9,DRB38,,,,,,,,,,,,,14.0,2364199.9865500783,0.056586297043847614,14.038635069018644
density_curve,10,9,DRB38,,,,,,,,,,,,,14.0,2401326.0258096857,0.05896476286156003,14.0402589991188
density_curve,10,9,DRB38,,,,,,,,,,,,,14.0,2439035.071075103,0.06186420424609498,14.042238632419776
density_curve,10,9,DRB38,,,,,,,,,,,,,14.0,2477336.2775379405,0.06546420521450415,14.04469658236787
density_curve,10,9,DRB38,,,,,,,,,,,,,14.0,2516238.944157669,0.07000638662054769,14.047797818908965
density_curve,10,9,DRB38,,,,,,,,,,,,,14.0,2555752.5159192816,0.07580780491645951,14.051758816676585
density_curve,10,9,DRB38,,,,,,,,,,,,,14.0,2595886.586126396,0.08327432473115423,14.056856685302735
density_curve,10,9,DRB38,,,,,,,,,,,,,14.0,2636650.898730361,0.0929127097608089,14.063437424638982
density_curve,10,9,DRB38,,,,,,,,,,,,,14.0,2678055.350695943,0.10533975459360713,14.071922159634822
density_curve,10,9,DRB38,,,,,,,,,,,,,14.0,2720109.994404156,0.12128639741771292,14.082809948345357
density_curve,10,9,DRB38,,,,,,,,,,,,,14.0,2762825.0400928515,0.14159448720017426,14.096675574678429
density_curve,10,9,DRB38,,,,,,,,,,,,,14.0,2806210.858335576,0.16720381721232996,14.11416069535657
density_curve,10,9,DRB38,,,,,,,,,,,,,14.0,2850277.982559416,0.1991272670588071,14.13595686779698
density_curve,10,9,DRB38,,,,,,,,,,,,,14.0,2895037.1116023487,0.23841248752420188,14.16277938991602
density_curve,10,9,DRB38,,,,,,,,,,,,,14.0,2940499.1123107616,0.286089550304408,14.195331557266574
density_curve,10,9,DRB38,,,,,,,,,,,,,14.0,2986675.022177758,0.3431053478661469,14.234259873644016
density_curve,10,9,DRB38,,,,,,,,,,,,,14.0,3033576.0520228897,0.41024718047241465,14.280101879081682
density_curve,10,9,DRB38,,,,,,,,,,,,,14.0,3081213.5887140087,0.48805975074721186,14.333229476753525
density_curve,10,9,DRB38,,,,,,,,,,,,,14.0,3129599.1979317563,0.5767614824277536,14.393791798456524
density_curve,10,9,DRB38,,,,,,,,,,,,,14.0,3178744.626977629,0.6761674316023037,14.461662571202911
density_curve,10,9,DRB38,,,,,,,,,,,,,14.0,3228661.807625975,0.7856268043738257,14.536397456549594
density_curve,10,9,DRB38,,,,,,,,,,,,,14.0,3279362.859020883,0.9039830128666746,14.617206778289855
density_curve,10,9,DRB38,,,,,,,,,,,,,14.0,3330860.090618524,1.0295631548801005,14.702948339542754
density_curve,10,9,DRB38,,,,,,,,,,,,,14.0,3383166.005175699,1.1602017770485853,14.792143647376186
density_curve,10,9,DRB38,,,,,,,,,,,,,14.0,3436293.3017853256,1.2933009077911173,14.883018901124892
density_curve,10,9,DRB38,,,,,,,,,,,,,14.0,3490254.8789595794,1.4259249000307783,14.973569747555734
density_curve,10,9,DRB38,,,,,,,,,,,,,14.0,3545063.837761485,1.5549249988811695,15.061646331161034
density_curve,10,9,DRB38,,,,,,,,,,,,,14.0,3600733.4849856202,1.6770852092870872,15.14505288728729
density_curve,10,9,DRB38,,,,,,,,,,,,,14.0,3657277.33638883,1.789278447324788,15.221654356573273
density_curve,10,9,DRB38,,,,,,,,,,,,,14.0,3714709.119971648,1.888620507805005,15.289481508438918
density_curve,10,9,DRB38,,,,,,,,,,,,,14.0,3773042.7793112434,1.9726093201775565,15.346826019960726
density_curve,10,9,DRB38,,,,,,,,,,,,,14.0,3832292.476946719,2.0392383547776816,15.392317905539082
density_curve,10,9,DRB38,,,,,,,,,,,,,14.0,3892472.597817551,2.0870757331140264,15.424979530530438
density_curve,10,9,DRB38,,,,,,,,,,,,,14.0,3953597.752756071,2.1153042459825726,15.444252934162503
density_curve,10,9,DRB38,,,,,,,,,,,,,14.0,4015682.782034709,2.123721603136878,15.45
density_curve,10,9,DRB38,,,,,,,,,,,,,14.0,4078742.7589690215,2.112704269026428,15.442477764299918
density_curve,10,9,DRB38,,,,,,,,,,,,,14.0,4142792.9935772587,2.0831416396908042,15.422293474384828
density_curve,10,9,DRB38,,,,,,,,,,,,,14.0,4207849.036297407,2.036349649741176,15.39034560262671
density_curve,10,9,DRB38,,,,,,,,,,,,,14.0,4273926.681762604,1.973973902564644,15.347757707267743
density_curve,10,9,DRB38,,,,,,,,,,,,,14.0,4341041.972635828,1.8978920413373184,15.295811774892861
density_curve,10,9,DRB38,,,,,,,,,,,,,14.0,4409211.203504863,1.8101234879615025,15.235886593453376
density_curve,10,9,DRB38,,,,,,,,,,,,,14.0,4478450.924838282,1.7127522163712618,15.16940502468405
density_curve,10,9,DRB38,,,,,,,,,,,,,14.0,4548777.947003777,1.607865354888702,15.097792084021266
density_curve,10,9,DRB38,,,,,,,,,,,,,14.0,4620209.3443493685,1.4975076195683108,15.022443829345036
density_curve,10,9,DRB38,,,,,,,,,,,,,14.0,4692762.459348841,1.383649302307601,14.94470550442327
density_curve,10,9,DRB38,,,,,,,,,,,,,14.0,4766454.906812234,1.2681640832649765,14.865856390036306
density_curve,10,9,DRB38,,,,,,,,,,,,,14.0,4841304.57816245,1.1528124449187362,14.787098479698628
density_curve,10,9,DRB38,,,,,,,,,,,,,14.0,4917329.645779026,1.0392268908466207,14.709546387578222
density_curve,10,9,DRB38,,,,,,,,,,,,,14.0,4994548.567410101,0.9288963131468005,14.634216675139246
density_curve,10,9,DRB38,,,,,,,,,,,,,14.0,5072980.090653727,0.823148397997952,14.562015838297286
density_curve,10,9,DRB38,,,,,,,,,,,,,14.0,5152643.257509442,0.723130558706,14.493727289195974
density_curve,10,9,DRB38,,,,,,,,,,,,,14.0,5233557.40900142,0.6297912183431379,14.429998576672524
density_curve,10,9,DRB38,,,,,,,,,,,,,14.0,5315742.189874179,0.543864094764665,14.37133065663783
density_curve,10,9,DRB38,,,,,,,,,,,,,14.0,5399217.553362021,0.4658583558100182,14.318071170405187
density_curve,10,9,DRB38,,,,,,,,,,,,,14.0,5484003.766033389,0.39605712760381206,14.270413426212397
density_curve,10,9,DRB38,,,,,,,,,,,,,14.0,5570121.412711266,0.33452598103140346,14.228402193479157
density_curve,10,9,DRB38,,,,,,,,,,,,,14.0,5657591.401470916,0.281131891085312,14.19194664756039
density_curve,10,9,DRB38,,,,,,,,,,,,,14.0,5746434.968715974,0.23557198705475166,14.160839999331765
density_curve,10,9,DRB38,,,,,,,,,,,,,14.0,5836673.684334379,0.19741039352226677,14.134784648884526
density_curve,10,9,DRB38,,,,,,,,,,,,,14.0,5928329.456935207,0.16612074989896966,14.113421216320312
density_curve,10,9,DRB38,,,,,,,,,,,,,14.0,6021424.539167753,0.14113165804221253,14.096359571734327
density_curve,10,9,DRB38,,,,,,,,,,,,,14.0,6115981.53312414,0.1218723301663318,14.083210001951368
density_curve,10,9,DRB38,,,,,,,,,,,,,14.0,6212023.395826757,0.10781601175574182,14.073612858114224
density_curve,10,9,DRB38,,,,,,,,,,,,,14.0,6309573.444801942,0.09851921288247809,14.067265341402843
density_curve,10,9,DRB38,,,,,,,,,,,,,14.0,6408655.363740995,0.0936552605868898,14.063944411381607
density_curve,10,9,DRB38,,,,,,,,,,,,,14.0,6509293.20825039,0.0930410669736665,14.063525062283373
density_curve,10,9,DRB38,,,,,,,,,,,,,14.0,6611511.411691989,0.0966562162095893,14.065993354918502
density_curve,10,9,DRB38,,,,,,,,,,,,,14.0,6715334.791115149,0.10465348856376931,14.071453602107416
density_curve,10,9,DRB38,,,,,,,,,,,,,14.0,6820788.553281926,0.11735980051138593,14.08012901054929
density_curve,10,9,DRB38,,,,,,,,,,,,,14.0,6927898.300786892,0.13526633867782248,14.092354944637346
density_curve,10,9,DRB38,,,,,,,,,,,,,14.0,7036690.03827307,0.15900652999251016,14.108563885279779
density_curve,10,9,DRB38,,,,,,,,,,,,,14.0,7147190.1787454495,0.18932056152982563,14.129261205335375
density_curve,10,9,DRB38,,,,,,,,,,,,,14.0,7259425.549983729,0.2270055674340308,14.154991159054537
density_curve,10,9,DRB38,,,,,,,,,,,,,14.0,7373423.401055615,0.27285142157091574,14.186293043633144
density_curve,10,9,DRB38,,,,,,,,,,,,,14.0,7489211.408932546,0.3275633320093476,14.223648349535079
density_curve,10,9,DRB38,,,,,,,,,,,,,14.0,7606817.685209225,0.391674064008264,14.267420829534867
density_curve,10,9,DRB38,,,,,,,,,,,,,14.0,7726270.782928702,0.4654504715065712,14.317792681812744
density_curve,10,9,DRB38,,,,,,,,,,,,,14.0,7847599.7035146225,0.5488008640703786,14.374701303469653
density_curve,10,9,DRB38,,,,,,,,,,,,,14.0,7970833.903812322,0.6411912923021793,14.43778213324425
density_curve,10,9,DRB38,,,,,,,,,,,,,14.0,8096003.303240569,0.7415797968158994,14.506323759100429
density_curve,10,9,DRB38,,,,,,,,,,,,,14.0,8223138.291055465,0.848377759130543,14.579241530020827
density_curve,10,9,DRB38,,,,,,,,,,,,,14.0,8352269.733728553,0.9594465205104337,14.655075247473698
density_curve,10,9,DRB38,,,,,,,,,,,,,14.0,8483428.982440725,1.0721353235915496,14.732015070577756
density_curve,10,9,DRB38,,,,,,,,,,,,,14.0,8616647.880693821,1.1833634635391461,14.807957605929749
density_curve,10,9,DRB38,,,,,,,,,,,,,14.0,8751958.77204175,1.289745558458074,14.880591437692162
density_curve,10,9,DRB38,,,,,,,,,,,,,14.0,8889394.507943004,1.3877544616785713,14.947508358186736
density_curve,10,9,DRB38,,,,,,,,,,,,,14.0,9028988.455736592,1.473912049254286,15.006333630670785
density_curve,10,9,DRB38,,,,,,,,,,,,,14.0,9170774.50674293,1.5449944768548005,15.05486613129069
density_curve,10,9,DRB38,,,,,,,,,,,,,14.0,9314787.084492404,1.5982360291240918,15.091217530022258
density_curve,10,9,DRB38,,,,,,,,,,,,,14.0,9461061.153082676,1.6315147838940434,15.113939055454384
density_curve,10,9,DRB38,,,,,,,,,,,,,14.0,9609632.225667553,1.6435042003841764,15.122124993707786
density_curve,10,9,DRB38,,,,,,,,,,,,,14.0,9760536.373079011,1.633777400368213,15.115483887829164
density_curve,10,9,DRB38,,,,,,,,,,,,,14.0,9913810.23258467,1.602855086212034,15.09437125448766
density_curve,10,9,DRB38,,,,,,,,,,,,,14.0,10069491.016782762,1.5521932533593195,15.059781194506195
density_curve,10,9,DRB38,,,,,,,,,,,,,14.0,10227616.522636779,1.484112473995403,15.013298110314809
density_curve,10,9,DRB38,,,,,,,,,,,,,14.0,10388225.14065211,1.4016758520439563,14.957013378053745
density_curve,10,9,DRB38,,,,,,,,,,,,,14.0,10551355.864196453,1.3085271113337211,14.893414800052588
density_curve,10,9,DRB38,,,,,,,,,,,,,14.0,10717048.298967114,1.2087031486471809,14.825258622857948
density_curve,10,9,DRB38,,,,,,,,,,,,,14.0,10885342.672606446,1.106436448873977,14.75543463347435
density_curve,10,9,DRB38,,,,,,,,,,,,,14.0,11056279.844468623,1.0059619738430632,14.686834310070552
density_curve,10,9,DRB38,,,,,,,,,,,,,14.0,11229901.315539658,0.9113407247834552,14.622230356834036
density_curve,10,9,DRB38,,,,,,,,,,,,,14.0,11406249.238513203,0.8263086002680122,14.564173509662883
density_curve,10,9,DRB38,,,,,,,,,,,,,14.0,11585366.428024698,0.7541550449310439,14.514909681916313
density_curve,10,9,DRB38,,,,,,,,,,,,,14.0,11767296.371045876,0.6976319839761651,14.476317788203167
density_curve,10,9,DRB38,,,,,,,,,,,,,14.0,11952083.237443073,0.6588902851527347,14.449866362926425
density_curve,10,9,DRB38,,,,,,,,,,,,,14.0,12139771.890700752,0.639438948495949,14.436585696519549
density_curve,10,9,DRB38,,,,,,,,,,,,,14.0,12330407.898813803,0.6401216289063973,14.437051805916226
density_curve,10,9,DRB38,,,,,,,,,,,,,14.0,12524037.545350743,0.6611059147891423,14.451379114394436
density_curve,10,9,DRB38,,,,,,,,,,,,,14.0,12720707.84069066,0.7018827266212124,14.479220040940161
density_curve,10,9,DRB38,,,,,,,,,,,,,14.0,12920466.533436738,0.7612757663561744,14.51977145195773
density_curve,10,9,DRB38,,,,,,,,,,,,,14.0,13123362.122008637,0.8374635287118105,14.571789689777837
density_curve,10,9,DRB38,,,,,,,,,,,,,14.0,13329443.866417537,0.9280183570538761,14.633617238596877
density_curve,10,9,DRB38,,,,,,,,,,,,,14.0,13538761.800225446,1.029967871649788,14.703224665458157
density_curve,10,9,DRB38,,,,,,,,,,,,,14.0,13751366.742692733,1.139883497651733,14.778271063944384
density_curve,10,9,DRB38,,,,,,,,,,,,,14.0,13967310.311116258,1.2539987182314354,14.856184793124406
density_curve,10,9,DRB38,,,,,,,,,,,,,14.0,14186644.93336124,1.3683563015737443,14.93426399879874
density_curve,10,9,DRB38,,,,,,,,,,,,,14.0,14409423.860590115,1.4789795804103727,15.009793556946184
density_curve,10,9,DRB38,,,,,,,,,,,,,14.0,14635701.180190798,1.5820585630120427,15.080172143551723
density_curve,10,9,DRB38,,,,,,,,,,,,,14.0,14865531.828908725,1.6741379645030898,15.143040615560864
density_curve,10,9,DRB38,,,,,,,,,,,,,14.0,15098971.606184201,1.7522918593265093,15.196401257241286
density_curve,10,9,DRB38,,,,,,,,,,,,,14.0,15336077.187700124,1.8142690952996237,15.23871706362018
density_curve,10,9,DRB38,,,,,,,,,,,,,14.0,15576906.139141649,1.8585951399272738,15.26898127744894
density_curve,10,9,DRB38,,,,,,,,,,,,,14.0,15821516.930172438,1.8846195953378277,15.28674983067624
density_curve,10,9,DRB38,,,,,,,,,,,,,14.0,16069968.948630175,1.8925038415919875,15.292132907747945
density_curve,10,9,DRB38,,,,,,,,,,,,,14.0,16322322.514945026,1.883149497426038,15.285746101200141
density_curve,10,9,DRB38,,,,,,,,,,,,,14.0,16578638.896784693,1.8580747919933618,15.268626002773079
density_curve,10,9,DRB38,,,,,,,,,,,,,14.0,16838980.323928915,1.8192516376602557,15.242118962631917
density_curve,10,9,DRB38,,,,,,,,,,,,,14.0,17103410.003378414,1.7689203841531382,15.207754610224557
density_curve,10,9,DRB38,,,,,,,,,,,,,14.0,17371992.134700213,1.7094013305794025,15.167117161533334
density_curve,10,9,DRB38,,,,,,,,,,,,,14.0,17644791.92561452,1.6429217892257841,15.121727344515715
density_curve,10,9,DRB38,,,,,,,,,,,,,14.0,17921875.607826144,1.5714748954559337,15.07294599962886
density_curve,10,9,DRB38,,,,,,,,,,,,,14.0,18203310.453104522,1.4967218378331153,15.021907326107348
density_curve,10,9,DRB38,,,,,,,,,,,,,14.0,18489164.789616488,1.4199434067781813,14.969485801146066
density_curve,10,9,DRB38,,,,,,,,,,,,,14.0,18779508.018514913,1.342040554589425,14.916296562261435
density_curve,10,9,DRB38,,,,,,,,,,,,,14.0,19074410.630788796,1.2635778807160376,14.862725097457215
density_curve,10,9,DRB38,,,,,,,,,,,,,14.0,19373944.224377003,1.1848593590873644,14.80897894909531
density_curve,10,9,DRB38,,,,,,,,,,,,,14.0,19678181.521551367,1.106022753684711,14.755152177420058
density_curve,10,9,DRB38,,,,,,,,,,,,,14.0,19987196.386572525,1.027138287526396,14.701292728158627
density_curve,10,9,DRB38,,,,,,,,,,,,,14.0,20301063.843623016,0.9482981983435093,14.647463577884725
density_curve,10,9,DRB38,,,,,,,,,,,,,14.0,20619860.095022235,0.8696865149536136,14.593790374793048
density_curve,10,9,DRB38,,,,,,,,,,,,,14.0,20943662.539726753,0.7916221985380353,14.54049089399698
density_curve,10,9,DRB38,,,,,,,,,,,,,14.0,21272549.792122267,0.714573079498309,14.487884553108145
density_curve,10,9,DRB38,,,,,,,,,,,,,14.0,21606601.701109305,0.6391421457166169,14.43638305035849
density_curve,10,9,DRB38,,,,,,,,,,,,,14.0,21945899.369489986,0.566031156234934,14.386465521341572
density_curve,10,9,DRB38,,,,,,,,,,,,,14.0,22290525.173658106,0.4959888839967675,14.338643201035875
density_curve,10,9,DRB38,,,,,,,,,,,,,14.0,22640562.78359909,0.4297523531173044,14.293419302746495
density_curve,10,9,DRB38,,,,,,,,,,,,,14.0,22996097.183203783,0.3679892553083733,14.25124970213092
density_curve,10,9,DRB38,,,,,,,,,,,,,14.0,23357214.690901212,0.31124850571374774,14.212509178518653
density_curve,10,9,DRB38,,,,,,,,,,,,,14.0,23724002.980615646,0.25992394986507883,14.17746663533849
density_curve,10,9,DRB38,,,,,,,,,,,,,14.0,24096551.10305199,0.21423393511947675,14.146271152237848
density_curve,10,9,DRB38,,,,,,,,,,,,,14.0,24474949.507316638,0.17421717684154653,14.118949162661957
density_curve,10,9,DRB38,,,,,,,,,,,,,14.0,24859290.062876612,0.13974338450055546,14.095411708967179
density_curve,10,9,DRB38,,,,,,,,,,,,,14.0,25249666.08186437,0.11053567156794256,14.075469743085335
density_curve,10,9,DRB38,,,,,,,,,,,,,14.0,25646172.341732506,0.08620095088464388,14.058854879376899
density_curve,10,9,DRB38,,,,,,,,,,,,,14.0,26048905.10826428,0.06626430490212269,14.0452428613836
density_curve,10,9,DRB38,,,,,,,,,,,,,14.0,26457962.158945747,0.05020362574059376,14.03427721280244
density_curve,10,9,DRB38,,,,,,,,,,,,,14.0,26873442.80670409,0.037481498383768776,14.025591006173403
density_curve,10,9,DRB38,,,,,,,,,,,,,14.0,27295447.924020074,0.027572186078397697,14.018825287530449
density_curve,10,9,DRB38,,,,,,,,,,,,,14.0,27724079.967417758,0.019982512860797524,14.013643334232396
density_curve,10,9,DRB38,,,,,,,,,,,,,14.0,28159443.002339695,0.014266296105003545,14.00974050898277
density_curve,10,9,DRB38,,,,,,,,,,,,,14.0,28601642.7284124,0.010032675077991066,14.006849946264897
density_curve,10,9,DRB38,,,,,,,,,,,,,14.0,29050786.505108584,0.006949166244367521,14.004744638393023
density_curve,10,9,DRB38,,,,,,,,,,,,,14.0,29506983.377812706,0.004740547795103672,14.003236673909022
density_curve,10,9,DRB38,,,,,,,,,,,,,14.0,29970344.104294933,0.0031847591397109387,14.002174437904554
density_curve,10,9,DRB38,,,,,,,,,,,,,14.0,30440981.18160234,0.002106938258594232,14.001438540941736
density_curve,10,9,DRB38,,,,,,,,,,,,,14.0,30919008.873370558,0.0013725600344660575,14.000937134154983
density_curve,10,9,DRB38,,,,,,,,,,,,,14.0,31404543.237566188,0.0008804290774521257,14.000601125006414
density_curve,10,9,DRB38,,,,,,,,,,,,,14.0,31897702.154663246,0.0005560602376842769,14.000379657740192
density_curve,10,9,DRB38,,,,,,,,,,,,,14.0,32398605.356263112,0.00034577715022282666,14.000236084083282
density_curve,10,9,DRB38,,,,,,,,,,,,,14.0,32907374.454163484,0.00021169067578799414,14.00014453470711
density_curve,10,9,DRB38,,,,,,,,,,,,,14.0,33424132.969883844,0.000127592011651622,14.000087115192793
density_curve,10,9,DRB38,,,,,,,,,,,,,14.0,33949006.36465498,7.570910291648783e-05,14.000051691426535
density_curve,10,9,DRB38,,,,,,,,,,,,,14.0,34482122.069878325,4.422453157012375e-05,14.000030194904399
density_curve,10,9,DRB38,,,,,,,,,,,,,14.0,35023609.518065386,2.5430659057609873e-05,14.000017363130638
density_curve,10,9,DRB38,,,,,,,,,,,,,14.0,35573600.17426121,1.4395305949757025e-05,14.000009828592221
density_curve,10,9,DRB38,,,,,,,,,,,,,14.0,36132227.56796255,8.02128007041319e-06,14.000005476638785
density_curve,10,9,DRB38,,,,,,,,,,,,,14.0,36699627.32553667,4.3996426023951124e-06,14.000003003916222
density_curve,10,9,DRB38,,,,,,,,,,,,,14.0,37275937.20314938,2.3753865935844723e-06,14.000001621827717
density_curve,10,9,DRB38,,,,,,,,,,,,,14.0,37861297.12021055,1.262372124345101e-06,14.000000861901851
density_curve,10,9,DRB38,,,,,,,,,,,,,14.0,38455849.19334357,6.603442716736775e-07,14.000000450859092
density_curve,10,9,DRB38,,,,,,,,,,,,,14.0,39059737.77089033,3.3999910704959173e-07,14.000000232139046
density_curve,10,9,DRB38,,,,,,,,,,,,,14.0,39673109.46795558,1.7230764796855848e-07,14.000000117645406
density_curve,10,9,DRB38,,,,,,,,,,,,,14.0,40296113.20200404,8.595011191922707e-08,14.000000058683616
density_curve,10,9,DRB38,,,,,,,,,,,,,14.0,40928900.22901449,4.219876574843289e-08,14.000000028811785
density_curve,10,9,DRB38,,,,,,,,,,,,,14.0,41571624.180202775,2.0392070673111713e-08,14.000000013922966
density_curve,10,9,DRB38,,,,,,,,,,,,,14.0,42224441.09932146,9.69903658786585e-09,14.00000000662215
density_curve,10,9,DRB38,,,,,,,,,,,,,14.0,42887509.48054403,4.540456275047262e-09,14.000000003100059
density_curve,10,9,DRB38,,,,,,,,,,,,,14.0,43560990.30694617,2.0920519753244453e-09,14.000000001428377
density_curve,10,9,DRB38,,,,,,,,,,,,,14.0,44245047.08958865,9.48738312789811e-10,14.000000000647765
density_curve,10,9,DRB38,,,,,,,,,,,,,14.0,44939845.907216705,4.2346818909158243e-10,14.000000000289129
density_curve,10,9,DRB38,,,,,,,,,,,,,14.0,45645555.44658045,1.8603529972734316e-10,14.000000000127018
density_curve,10,9,DRB38,,,,,,,,,,,,,14.0,46362347.04338999,8.043969088990473e-11,14.000000000054921
density_curve,10,9,DRB38,,,,,,,,,,,,,14.0,47090394.72391306,3.4233125747014076e-11,14.000000000023373
density_curve,10,9,DRB38,,,,,,,,,,,,,14.0,47829875.24722586,1.433919897652902e-11,14.00000000000979
density_curve,10,9,DRB38,,,,,,,,,,,,,14.0,48580968.14812807,5.9116241434653234e-12,14.000000000004036
density_curve,10,9,DRB38,,,,,,,,,,,,,14.0,49343855.78073008,2.398800253538584e-12,14.000000000001638
density_curve,10,9,DRB38,,,,,,,,,,,,,14.0,50118723.36272725,9.58051373538226e-13,14.000000000000654
density_curve,11,11,DRB24,,,,,,,,,,,,,13.0,100000.0,0.003435254887612184,13.002339679837231
density_curve,11,11,DRB24,,,,,,,,,,,,,13.0,101570.34258822507,0.00340679832151542,13.002320298668696
density_curve,11,11,DRB24,,,,,,,,,,,,,13.0,103165.34493489409,0.0033859160633186625,13.002306076201934
density_curve,11,11,DRB24,,,,,,,,,,,,,13.0,104785.39428269603,0.0033744584045011026,13.002298272631545
density_curve,11,11,DRB24,,,,,,,,,,,,,13.0,106430.88395535655,0.0033733743229997413,13.002297534286441
density_curve,11,11,DRB24,,,,,,,,,,,,,13.0,108102.21345313193,0.0033826924718822634,13.002303880681621
density_curve,11,11,DRB24,,,,,,,,,,,,,13.0,109799.78854980043,0.003401605454037361,13.0023167619159
density_curve,11,11,DRB24,,,,,,,,,,,,,13.0,111524.02139117903,0.003428648224953121,13.002335180178276
density_curve,11,11,DRB24,,,,,,,,,,,,,13.0,113275.33059518597,0.0034619497732931567,13.002357861162293
density_curve,11,11,DRB24,,,,,,,,,,,,,13.0,115054.14135347492,0.0034995279463256833,13.002383454865422
density_curve,11,11,DRB24,,,,,,,,,,,,,13.0,116860.88553466521,0.0035395916592734756,13.0024107414175
density_curve,11,11,DRB24,,,,,,,,,,,,,13.0,118696.00178919302,0.003580813540231865,13.002438816773443
density_curve,11,11,DRB24,,,,,,,,,,,,,13.0,120559.93565580886,0.0036225395240167555,13.00246723546322
density_curve,11,11,DRB24,,,,,,,,,,,,,13.0,122453.13966974878,0.0036649096013925742,13.00249609283159
density_curve,11,11,DRB24,,,,,,,,,,,,,13.0,124376.07347260158,0.0037088748469169775,13.002526036635428
density_curve,11,11,DRB24,,,,,,,,,,,,,13.0,126329.20392390396,0.0037561085199534962,13.00255820649649
density_curve,11,11,DRB24,,,,,,,,,,,,,13.0,128313.00521448672,0.0038088217397730085,13.002594108361592
density_curve,11,11,DRB24,,,,,,,,,,,,,13.0,130327.95898160127,0.0038695052729811994,13.002635438639473
density_curve,11,11,DRB24,,,,,,,,,,,,,13.0,132374.55442585386,0.0039406269257841135,13.002683878101026
density_curve,11,11,DRB24,,,,,,,,,,,,,13.0,134453.28842997624,0.004024318010569176,13.002740878338281
density_curve,11,11,DRB24,,,,,,,,,,,,,13.0,136564.66567946097,0.004122082115477093,13.002807463413491
density_curve,11,11,DRB24,,,,,,,,,,,,,13.0,138709.19878509274,0.0042345553665442725,13.002884066578718
density_curve,11,11,DRB24,,,,,,,,,,,,,13.0,140887.40840740083,0.00436134048831106,13.002970417258002
density_curve,11,11,DRB24,,,,,,,,,,,,,13.0,143099.82338306884,0.004500928499348529,13.003065487715837
density_curve,11,11,DRB24,,,,,,,,,,,,,13.0,145346.98085332804,0.004650713110648177,13.003167502863606
density_curve,11,11,DRB24,,,,,,,,,,,,,13.0,147629.42639436718,0.004807094884872889,13.00327401120026
density_curve,11,11,DRB24,,,,,,,,,,,,,13.0,149947.71414979032,0.004965665618371308,13.003382010391027
density_curve,11,11,DRB24,,,,,,,,,,,,,13.0,152302.40696515449,0.005121458429316385,13.003488117597183
density_curve,11,11,DRB24,,,,,,,,,,,,,13.0,154694.07652461986,0.005269245506764477,13.003588772266667
density_curve,11,11,DRB24,,,,,,,,,,,,,13.0,157123.30348974746,0.005403863036454402,13.00368045743422
density_curve,11,11,DRB24,,,,,,,,,,,,,13.0,159590.6776404731,0.005520541133678796,13.003759924431707
density_curve,11,11,DRB24,,,,,,,,,,,,,13.0,162096.79801829843,0.005615215555113578,13.0038244051885
density_curve,11,11,DRB24,,,,,,,,,,,,,13.0,164642.27307172897,0.005684797706465556,13.003871796128001
density_curve,11,11,DRB24,,,,,,,,,,,,,13.0,167227.72080399614,0.005727380459200355,13.003900798345084
density_curve,11,11,DRB24,,,,,,,,,,,,,13.0,169853.76892309941,0.005742360107441995,13.003911000668378
density_curve,11,11,DRB24,,,,,,,,,,,,,13.0,172521.0549942039,0.005730459902339141,13.003902895689025
density_curve,11,11,DRB24,,,,,,,,,,,,,13.0,175230.2265944331,0.005693648126960943,13.003877823963215
density_curve,11,11,DRB24,,,,,,,,,,,,,13.0,177981.9414700888,0.005634953248177164,13.003837848116028
density_curve,11,11,DRB24,,,,,,,,,,,,,13.0,180776.86769634343,0.005558189382812263,13.003785565862193
density_curve,11,11,DRB24,,,,,,,,,,,,,13.0,183615.6838394384,0.005467615776679558,13.003723878084433
density_curve,11,11,DRB24,,,,,,,,,,,,,13.0,186499.07912142982,0.005367562635527305,13.00365573399479
density_curve,11,11,DRB24,,,,,,,,,,,,,13.0,189427.7535875212,0.0052620609822964445,13.00358387903819
density_curve,11,11,DRB24,,,,,,,,,,,,,13.0,192402.4182760241,0.005154515175396416,13.00351063185153
density_curve,11,11,DRB24,,,,,,,,,,,,,13.0,195423.79539098707,0.005047452897779252,13.003437713986491
density_curve,11,11,DRB24,,,,,,,,,,,,,13.0,198492.61847753756,0.004942379180841408,13.003366150488297
density_curve,11,11,DRB24,,,,,,,,,,,,,13.0,201609.63259997344,0.004839749455442975,13.003296251541329
density_curve,11,11,DRB24,,,,,,,,,,,,,13.0,204775.59452265495,0.004739063356539102,13.003227676357477
density_curve,11,11,DRB24,,,,,,,,,,,,,13.0,207991.2728937353,0.004639067918390029,13.003159571568137
density_curve,11,11,DRB24,,,,,,,,,,,,,13.0,211257.44843177704,0.004538047654758672,13.003090768791719
density_curve,11,11,DRB24,,,,,,,,,,,,,13.0,214574.91411529886,0.00443417118874117,13.00302002071594
density_curve,11,11,DRB24,,,,,,,,,,,,,13.0,217944.4753752988,0.004325860329497532,13.002946252468222
density_curve,11,11,DRB24,,,,,,,,,,,,,13.0,221366.95029080036,0.004212147841408211,13.00286880528473
density_curve,11,11,DRB24,,,,,,,,,,,,,13.0,224843.16978747185,0.004092994029952208,13.00278765213036
density_curve,11,11,DRB24,,,,,,,,,,,,,13.0,228373.97783935972,0.003969538627516775,13.002703569252867
density_curve,11,11,DRB24,,,,,,,,,,,,,13.0,231960.2316737949,0.0038442720289232203,13.002618252807771
density_curve,11,11,DRB24,,,,,,,,,,,,,13.0,235602.80197951404,0.003721117463426198,13.002534374823988
density_curve,11,11,DRB24,,,,,,,,,,,,,13.0,239302.57311804994,0.0036054222135838243,13.002455577223177
density_curve,11,11,DRB24,,,,,,,,,,,,,13.0,243060.44333844114,0.003503860911425649,13.0023864059568
density_curve,11,11,DRB24,,,,,,,,,,,,,13.0,246877.32499531287,0.0034242571051449097,13.00233218947895
density_curve,11,11,DRB24,,,,,,,,,,,,,13.0,250754.1447703851,0.0033753309291202245,13.00229886688971
density_curve,11,11,DRB24,,,,,,,,,,,,,13.0,254691.843897454,0.00336638133036156,13.002292771506266
density_curve,11,11,DRB24,,,,,,,,,,,,,13.0,258691.37839091144,0.003406911527887628,13.002320375771175
density_curve,11,11,DRB24,,,,,,,,,,,,,13.0,262753.7192778504,0.003506206800516417,13.00238800369251
density_curve,11,11,DRB24,,,,,,,,,,,,,13.0,266879.85283381585,0.0036728747597299595,13.002501517733371
density_curve,11,11,DRB24,,,,,,,,,,,,,13.0,271070.7808222577,0.003914360201842016,13.002665988387916
density_curve,11,11,DRB24,,,,,,,,,,,,,13.0,275327.5207377438,0.004236449453392994,13.002885356601425
density_curve,11,11,DRB24,,,,,,,,,,,,,13.0,279651.1060529923,0.004642782626396436,13.003162101577614
density_curve,11,11,DRB24,,,,,,,,,,,,,13.0,284042.5864697849,0.005134396026683096,13.003496929122583
density_curve,11,11,DRB24,,,,,,,,,,,,,13.0,288503.028173816,0.005709320637910267,13.003888498180725
density_curve,11,11,DRB24,,,,,,,,,,,,,13.0,293033.5140935484,0.0063622655908747465,13.004333205252324
density_curve,11,11,DRB24,,,,,,,,,,,,,13.0,297635.14416313195,0.007084417230419051,13.004825047542269
density_curve,11,11,DRB24,,,,,,,,,,,,,13.0,302309.0355894507,0.007863384193531211,13.005355585553884
density_curve,11,11,DRB24,,,,,,,,,,,,,13.0,307056.3231233643,0.008683316203699373,13.005914023997274
density_curve,11,11,DRB24,,,,,,,,,,,,,13.0,311878.15933520853,0.009525218527948296,13.006487425959401
density_curve,11,11,DRB24,,,,,,,,,,,,,13.0,316775.7148946211,0.010367474858547367,13.007061069027806
density_curve,11,11,DRB24,,,,,,,,,,,,,13.0,321750.1788547658,0.011186578689876808,13.007618943416013
density_curve,11,11,DRB24,,,,,,,,,,,,,13.0,326802.75894101255,0.011958057419871423,13.00814438134958
density_curve,11,11,DRB24,,,,,,,,,,,,,13.0,331934.6818441578,0.012657555334852268,13.008620794664285
density_curve,11,11,DRB24,,,,,,,,,,,,,13.0,337147.193518246,0.013262022877163491,13.009032484791298
density_curve,11,11,DRB24,,,,,,,,,,,,,13.0,342441.55948306865,0.013750942257006921,13.009365477495617
density_curve,11,11,DRB24,,,,,,,,,,,,,13.0,347819.06513141334,0.01410750604210182,13.00960832558869
density_curve,11,11,DRB24,,,,,,,,,,,,,13.0,353281.01604113757,0.014319658377322058,13.009752818081205
density_curve,11,11,DRB24,,,,,,,,,,,,,13.0,358828.7382921458,0.014380910096622472,13.009794535338681
density_curve,11,11,DRB24,,,,,,,,,,,,,13.0,364463.57878833805,0.014290850473844673,13.009733197624172
density_curve,11,11,DRB24,,,,,,,,,,,,,13.0,370186.9055846206,0.014055299728980227,13.009572768967075
density_curve,11,11,DRB24,,,,,,,,,,,,,13.0,376000.1082190484,0.013686076163946672,13.009321298564208
density_curve,11,11,DRB24,,,,,,,,,,,,,13.0,381904.59805018455,0.013200386954290504,13.00899050586085
density_curve,11,11,DRB24,,,,,,,,,,,,,13.0,387901.8085997564,0.012619887993001157,13.00859514023015
density_curve,11,11,DRB24,,,,,,,,,,,,,13.0,393993.19590069365,0.011969490988150921,13.008152168512408
density_curve,11,11,DRB24,,,,,,,,,,,,,13.0,400180.2388506313,0.011276020634699811,13.00767986044306
density_curve,11,11,DRB24,,,,,,,,,,,,,13.0,406464.4395709628,0.010566837454421836,13.007196850697909
density_curve,11,11,DRB24,,,,,,,,,,,,,13.0,412847.323771536,0.009868540818554494,13.006721255549136
density_curve,11,11,DRB24,,,,,,,,,,,,,13.0,419330.44112106785,0.00920585179569512,13.006269911996513
density_curve,11,11,DRB24,,,,,,,,,,,,,13.0,425915.3656233841,0.008600748984587394,13.005857789201286
density_curve,11,11,DRB24,,,,,,,,,,,,,13.0,432603.6959995626,0.00807189636816289,13.0054975988096
density_curve,11,11,DRB24,,,,,,,,,,,,,13.0,439397.0560760795,0.007634365559532479,13.005199605780083
density_curve,11,11,DRB24,,,,,,,,,,,,,13.0,446297.0951790494,0.007299620967207855,13.004971618280202
density_curve,11,11,DRB24,,,,,,,,,,,,,13.0,453305.48853465647,0.007075710122145636,13.004819117313994
density_curve,11,11,DRB24,,,,,,,,,,,,,13.0,460423.93767587794,0.0069675860312773796,13.004745476270287
density_curve,11,11,DRB24,,,,,,,,,,,,,13.0,467654.17085558514,0.006977485419398519,13.004752218535284
density_curve,11,11,DRB24,,,,,,,,,,,,,13.0,474997.94346614124,0.007105295535184955,13.004839267316433
density_curve,11,11,DRB24,,,,,,,,,,,,,13.0,482457.03846558335,0.0073488604443946014,13.005005154252272
density_curve,11,11,DRB24,,,,,,,,,,,,,13.0,490033.26681049785,0.007704201697522211,13.005247169704539
density_curve,11,11,DRB24,,,,,,,,,,,,,13.0,497728.46789569367,0.008165653566363342,13.005561454864944
density_curve,11,11,DRB24,,,,,,,,,,,,,13.0,505544.5100007789,0.008725935395355641,13.00594305103214
density_curve,11,11,DRB24,,,,,,,,,,,,,13.0,513483.29074375494,0.00937619945265448,13.006385932202102
density_curve,11,11,DRB24,,,,,,,,,,,,,13.0,521546.7375417237,0.010106099681712052,13.006883051893357
density_curve,11,11,DRB24,,,,,,,,,,,,,13.0,529736.8080788398,0.010903924160524981,13.007426433362214
density_curve,11,11,DRB24,,,,,,,,,,,,,13.0,538055.490781606,0.011756822646475616,13.008007324578752
density_curve,11,11,DRB24,,,,,,,,,,,,,13.0,546504.805301633,0.01265114246196452,13.008616426991468
density_curve,11,11,DRB24,,,,,,,,,,,,,13.0,555086.803005981,0.0135728642972689,13.009244192343427
density_curve,11,11,DRB24,,,,,,,,,,,,,13.0,563803.567475201,0.014508107913724573,13.009881167096076
density_curve,11,11,DRB24,,,,,,,,,,,,,13.0,572657.2150091964,0.015443659828444605,13.010518351824187
density_curve,11,11,DRB24,,,,,,,,,,,,,13.0,581649.8951410283,0.016367463903838714,13.011147535346069
density_curve,11,11,DRB24,,,,,,,,,,,,,13.0,590783.7911587943,0.017269013415864655,13.011761561753005
density_curve,11,11,DRB24,,,,,,,,,,,,,13.0,600061.1206356916,0.01813959041233401,13.01235449343116
density_curve,11,11,DRB24,,,,,,,,,,,,,13.0,609484.1359684145,0.018972314362409072,13.01292164419572
density_curve,11,11,DRB24,,,,,,,,,,,,,13.0,619055.1249240021,0.019761985260504034,13.013459472432274
density_curve,11,11,DRB24,,,,,,,,,,,,,13.0,628776.4111952737,0.02050473341303433,13.013965342573929
density_curve,11,11,DRB24,,,,,,,,,,,,,13.0,638650.3549649863,0.021197515366635913,13.01443718178862
density_curve,11,11,DRB24,,,,,,,,,,,,,13.0,648679.3534788508,0.02183751895410552,13.014873074768428
density_curve,11,11,DRB24,,,,,,,,,,,,,13.0,658865.8416275523,0.02242155678699105,13.015270850650127
density_curve,11,11,DRB24,,,,,,,,,,,,,13.0,669212.2925378972,0.022945534195465044,13.015627720640238
density_curve,11,11,DRB24,,,,,,,,,,,,,13.0,679721.2181732573,0.023404073400389407,13.015940022046522
density_curve,11,11,DRB24,,,,,,,,,,,,,13.0,690395.1699434342,0.023790360872845768,13.016203114317765
density_curve,11,11,DRB24,,,,,,,,,,,,,13.0,701236.7393241049,0.02409626108560166,13.016411456517515
density_curve,11,11,DRB24,,,,,,,,,,,,,13.0,712248.5584859921,0.024312710025060233,13.01655887533679
density_curve,11,11,DRB24,,,,,,,,,,,,,13.0,723433.3009339154,0.024430369458207497,13.01663901070153
density_curve,11,11,DRB24,,,,,,,,,,,,,13.0,734793.6821558832,0.024440491793092444,13.01664590481088
density_curve,11,11,DRB24,,,,,,,,,,,,,13.0,746332.4602823642,0.02433591892135124,13.016574682427814
density_curve,11,11,DRB24,,,,,,,,,,,,,13.0,758052.4367559261,0.024112119530142844,13.01642225737048
density_curve,11,11,DRB24,,,,,,,,,,,,,13.0,769956.4570113824,0.023768159981263654,13.016187993757542
density_curve,11,11,DRB24,,,,,,,,,,,,,13.0,782047.411166621,0.023307504964288548,13.015874251316182
density_curve,11,11,DRB24,,,,,,,,,,,,,13.0,794328.2347242822,0.02273855575862173,13.015486751981065
density_curve,11,11,DRB24,,,,,,,,,,,,,13.0,806801.909284454,0.02207485520087768,13.015034719493313
density_curve,11,11,DRB24,,,,,,,,,,,,,13.0,819471.4632685608,0.021334917628443046,13.014530763578636
density_curve,11,11,DRB24,,,,,,,,,,,,,13.0,832339.9726546166,0.020541676666756332,13.013990503846872
density_curve,11,11,DRB24,,,,,,,,,,,,,13.0,845410.561724033,0.019721580567130827,13.013431953645602
density_curve,11,11,DRB24,,,,,,,,,,,,,13.0,858686.4038201383,0.018903400161384698,13.012874708183135
density_curve,11,11,DRB24,,,,,,,,,,,,,13.0,872170.7221186243,0.018116844380864465,13.012339001587629
density_curve,11,11,DRB24,,,,,,,,,,,,,13.0,885866.7904100833,0.01739109883686724,13.011844711564965
density_curve,11,11,DRB24,,,,,,,,,,,,,13.0,899777.9338948353,0.01675341102491543,13.011410395811147
density_curve,11,11,DRB24,,,,,,,,,,,,,13.0,913907.5299902376,0.01622783946302268,13.011052440076678
density_curve,11,11,DRB24,,,,,,,,,,,,,13.0,928259.0091506683,0.015834263532808993,13.010784383790183
density_curve,11,11,DRB24,,,,,,,,,,,,,13.0,942835.8557003973,0.01558771816869122,13.010616466929203
density_curve,11,11,DRB24,,,,,,,,,,,,,13.0,957641.6086795169,0.015498077165720383,13.01055541432784
density_curve,11,11,DRB24,,,,,,,,,,,,,13.0,972679.8627031752,0.015570066710290362,13.010604444892218
density_curve,11,11,DRB24,,,,,,,,,,,,,13.0,987954.2688342923,0.015803553451243547,13.01076346779967
density_curve,11,11,DRB24,,,,,,,,,,,,,13.0,1003468.5354699849,0.01619402520620927,13.011029409897706
density_curve,11,11,DRB24,,,,,,,,,,,,,13.0,1019226.4292419085,0.016733171685808942,13.011396611223052
density_curve,11,11,DRB24,,,,,,,,,,,,,13.0,1035231.7759307377,0.017409479101573117,13.011857229976595
density_curve,11,11,DRB24,,,,,,,,,,,,,13.0,1051488.4613950192,0.018208774590646702,13.012401613319595
density_curve,11,11,DRB24,,,,,,,,,,,,,13.0,1068000.4325145755,0.019114689262664124,13.013018612745173
density_curve,11,11,DRB24,,,,,,,,,,,,,13.0,1084771.6981487798,0.02010904523111685,13.013695847677232
density_curve,11,11,DRB24,,,,,,,,,,,,,13.0,1101806.3301098226,0.02117220416453584,13.014419942861338
density_curve,11,11,DRB24,,,,,,,,,,,,,13.0,1119108.4641512968,0.02228343535048229,13.015176779045353
density_curve,11,11,DRB24,,,,,,,,,,,,,13.0,1136682.3009722962,0.023421365026117642,13.015951799009045
density_curve,11,11,DRB24,,,,,,,,,,,,,13.0,1154532.1072372785,0.024564554332197074,13.016730401196387
density_curve,11,11,DRB24,,,,,,,,,,,,,13.0,1172662.2166119604,0.02569222319676186,13.017498432737513
density_curve,11,11,DRB24,,,,,,,,,,,,,13.0,1191077.0308154398,0.026785097810112606,13.018242766646097
density_curve,11,11,DRB24,,,,,,,,,,,,,13.0,1209781.0206889012,0.027826318532166536,13.018951920175951
density_curve,11,11,DRB24,,,,,,,,,,,,,13.0,1228778.727281043,0.02880231211899131,13.019616648876168
density_curve,11,11,DRB24,,,,,,,,,,,,,13.0,1248074.7629505873,0.02970351483356221,13.020230439086653
density_curve,11,11,DRB24,,,,,,,,,,,,,13.0,1267673.8124860895,0.03052483615609365,13.020789823761469
density_curve,11,11,DRB24,,,,,,,,,,,,,13.0,1287580.634243335,0.03126577729575624,13.021294463184674
density_curve,11,11,DRB24,,,,,,,,,,,,,13.0,1307800.061300597,0.03193016118711289,13.021746961076575
density_curve,11,11,DRB24,,,,,,,,,,,,,13.0,1328337.002632031,0.03252548420805344,13.022152423062455
density_curve,11,11,DRB24,,,,,,,,,,,,,13.0,1349196.4442995142,0.03306195530339743,13.022517802239864
density_curve,11,11,DRB24,,,,,,,,,,,,,13.0,1370383.450663168,0.03355133584917874,13.022851109034603
density_curve,11,11,DRB24,,,,,,,,,,,,,13.0,1391903.1656109202,0.03400572504243951,13.023160583955244
density_curve,11,11,DRB24,,,,,,,,,,,,,13.0,1413760.8138073613,0.03443644523798224,13.02345393841946
density_curve,11,11,DRB24,,,,,,,,,,,,,13.0,1435961.7019622158,0.03485316760321369,13.023737759255921
density_curve,11,11,DRB24,,,,,,,,,,,,,13.0,1458511.22011873,0.03526338283397259,13.02401714821998
density_curve,11,11,DRB24,,,,,,,,,,,,,13.0,1481414.8429622927,0.03567227010164309,13.024295632736317
density_curve,11,11,DRB24,,,,,,,,,,,,,13.0,1504678.1311496203,0.036082958007929586,13.024575343629735
density_curve,11,11,DRB24,,,,,,,,,,,,,13.0,1528306.7326587688,0.03649711332365028,13.024857416102774
density_curve,11,11,DRB24,,,,,,,,,,,,,13.0,1552306.3841604206,0.03691574548687132,13.02514253766247
density_curve,11,11,DRB24,,,,,,,,,,,,,13.0,1576682.9124106285,0.03734008427139999,13.025431545881888
density_curve,11,11,DRB24,,,,,,,,,,,,,13.0,1601442.23566548,0.037772378971856035,13.025725972708278
density_curve,11,11,DRB24,,,,,,,,,,,,,13.0,1626590.3651179587,0.03821648084613535,13.026028441152373
density_curve,11,11,DRB24,,,,,,,,,,,,,13.0,1652133.4063573685,0.03867810406396983,13.026342843014971
density_curve,11,11,DRB24,,,,,,,,,,,,,13.0,1678077.5608516952,0.03916470886229406,13.026674259306509
density_curve,11,11,DRB24,,,,,,,,,,,,,13.0,1704429.1274531947,0.03968500687391269,13.027028623336824
density_curve,11,11,DRB24,,,,,,,,,,,,,13.0,1731194.503927705,0.04024814467271345,13.027412164644979
density_curve,11,11,DRB24,,,,,,,,,,,,,13.0,1758380.1885078938,0.04086266973671005,13.027830704738435
density_curve,11,11,DRB24,,,,,,,,,,,,,13.0,1785992.7814709456,0.04153541685539856,13.028288898648535
density_curve,11,11,DRB24,,,,,,,,,,,,,13.0,1814038.9867410094,0.04227046821177713,13.028789526664246
density_curve,11,11,DRB24,,,,,,,,,,,,,13.0,1842525.6135168101,0.043068335282868395,13.029332937141808
density_curve,11,11,DRB24,,,,,,,,,,,,,13.0,1871459.5779248201,0.04392548641843763,13.02991672474854
density_curve,11,11,DRB24,,,,,,,,,,,,,13.0,1900847.9046983868,0.0448343041309245,13.03053570137391
density_curve,11,11,DRB24,,,,,,,,,,,,,13.0,1930697.7288832497,0.04578350648268581,13.031182183127529
density_curve,11,11,DRB24,,,,,,,,,,,,,13.0,1961016.2975697976,0.046759014558267115,13.031846581156252
density_curve,11,11,DRB24,,,,,,,,,,,,,13.0,1991810.9716525706,0.047745200415569344,13.03251825159748
density_curve,11,11,DRB24,,,,,,,,,,,,,13.0,2023089.2276173707,0.048726414259682126,13.03318653570512
density_curve,11,11,DRB24,,,,,,,,,,,,,13.0,2054858.65935644,0.0496886717478233,13.033841909037488
density_curve,11,11,DRB24,,,,,,,,,,,,,13.0,2087126.9800121451,0.050621386207990574,13.034477161234992
density_curve,11,11,DRB24,,,,,,,,,,,,,13.0,2119902.0238496074,0.05151905756737082,13.035088546313746
density_curve,11,11,DRB24,,,,,,,,,,,,,13.0,2153191.7481587674,0.052382878681388786,13.035676876702484
density_curve,11,11,DRB24,,,,,,,,,,,,,13.0,2187004.235186248,0.05322228663195651,13.036248579799171
density_curve,11,11,DRB24,,,,,,,,,,,,,13.0,2221347.6940976637,0.054056565155305235,13.036816789350885
density_curve,11,11,DRB24,,,,,,,,,,,,,13.0,2256230.462970635,0.054916686428290375,13.037402599855728
density_curve,11,11,DRB24,,,,,,,,,,,,,13.0,2291661.0108191706,0.05584765619838366,13.038036663781526
density_curve,11,11,DRB24,,,,,,,,,,,,,13.0,2327647.9396498133,0.05691168468059763,13.038761351197023
density_curve,11,11,DRB24,,,,,,,,,,,,,13.0,2364199.9865500783,0.058192534761902476,13.03963371124243
density_curve,11,11,DRB24,,,,,,,,,,,,,13.0,2401326.0258096857,0.059801386040902425,13.040729466003498
density_curve,11,11,DRB24,,,,,,,,,,,,,13.0,2439035.071075103,0.06188448484690286,13.04214822077856
density_curve,11,11,DRB24,,,,,,,,,,,,,13.0,2477336.2775379405,0.06463271384481921,13.044019981735136
density_curve,11,11,DRB24,,,,,,,,,,,,,13.0,2516238.944157669,0.06829299957496117,13.046512925345288
density_curve,11,11,DRB24,,,,,,,,,,,,,13.0,2555752.5159192816,0.0731811768342153,13.049842160045026
density_curve,11,11,DRB24,,,,,,,,,,,,,13.0,2595886.586126396,0.07969554879944789,13.054278961749098
density_curve,11,11,DRB24,,,,,,,,,,,,,13.0,2636650.898730361,0.08832993858390212,13.06015966299148
density_curve,11,11,DRB24,,,,,,,,,,,,,13.0,2678055.350695943,0.09968455696580153,13.067893054706714
density_curve,11,11,DRB24,,,,,,,,,,,,,13.0,2720109.994404156,0.11447256858726705,13.077964858329858
density_curve,11,11,DRB24,,,,,,,,,,,,,13.0,2762825.0400928515,0.13351990139640096,13.090937596011495
density_curve,11,11,DRB24,,,,,,,,,,,,,13.0,2806210.858335576,0.15775570260372626,13.10744409037044
density_curve,11,11,DRB24,,,,,,,,,,,,,13.0,2850277.982559416,0.188190993634188,13.128172926830583
density_curve,11,11,DRB24,,,,,,,,,,,,,13.0,2895037.1116023487,0.2258835982303488,13.15384456688977
density_curve,11,11,DRB24,,,,,,,,,,,,,13.0,2940499.1123107616,0.2718883606817088,13.185177442803049
density_curve,11,11,DRB24,,,,,,,,,,,,,13.0,2986675.022177758,0.32719303026968377,13.222844289826918
density_curve,11,11,DRB24,,,,,,,,,,,,,13.0,3033576.0520228897,0.39264188877074474,13.26742013051836
density_curve,11,11,DRB24,,,,,,,,,,,,,13.0,3081213.5887140087,0.4688510885731312,13.319324613307137
density_curve,11,11,DRB24,,,,,,,,,,,,,13.0,3129599.1979317563,0.5561215269591904,13.378762673002344
density_curve,11,11,DRB24,,,,,,,,,,,,,13.0,3178744.626977629,0.6543566352027033,13.445668538676049
density_curve,11,11,DRB24,,,,,,,,,,,,,13.0,3228661.807625975,0.7629934238454548,13.519658770051752
density_curve,11,11,DRB24,,,,,,,,,,,,,13.0,3279362.859020883,0.880955245824986,13.600000085464403
density_curve,11,11,DRB24,,,,,,,,,,,,,13.0,3330860.090618524,1.0066338483226582,13.685597137751701
density_curve,11,11,DRB24,,,,,,,,,,,,,13.0,3383166.005175699,1.1379063404809888,13.775004070609413
density_curve,11,11,DRB24,,,,,,,,,,,,,13.0,3436293.3017853256,1.2721898200494042,13.866461723650636
density_curve,11,11,DRB24,,,,,,,,,,,,,13.0,3490254.8789595794,1.4065328480091077,13.957959933848457
density_curve,11,11,DRB24,,,,,,,,,,,,,13.0,3545063.837761485,1.5377391402476264,14.04732177933342
density_curve,11,11,DRB24,,,,,,,,,,,,,13.0,3600733.4849856202,1.662515245764521,14.132304159912744
density_curve,11,11,DRB24,,,,,,,,,,,,,13.0,3657277.33638883,1.7776310994729974,14.210707146206007
density_curve,11,11,DRB24,,,,,,,,,,,,,13.0,3714709.119971648,1.8800806040930196,14.280483348594398
density_curve,11,11,DRB24,,,,,,,,,,,,,13.0,3773042.7793112434,1.967229097492303,14.339838354124442
density_curve,11,11,DRB24,,,,,,,,,,,,,13.0,3832292.476946719,2.036935790090652,14.387314116048403
density_curve,11,11,DRB24,,,,,,,,,,,,,13.0,3892472.597817551,2.087641882040164,14.421848968582008
density_curve,11,11,DRB24,,,,,,,,,,,,,13.0,3953597.752756071,2.1184187542940283,14.44281044882764
density_curve,11,11,DRB24,,,,,,,,,,,,,13.0,4015682.782034709,2.1289748741577705,14.45
density_curve,11,11,DRB24,,,,,,,,,,,,,13.0,4078742.7589690215,2.119624284207738,14.443631509891393
density_curve,11,11,DRB24,,,,,,,,,,,,,13.0,4142792.9935772587,2.091223182309545,14.424288116856436
density_curve,11,11,DRB24,,,,,,,,,,,,,13.0,4207849.036297407,2.0450836790947946,14.392863471843725
density_curve,11,11,DRB24,,,,,,,,,,,,,13.0,4273926.681762604,1.9828750419361632,14.350494477744771
density_curve,11,11,DRB24,,,,,,,,,,,,,13.0,4341041.972635828,1.9065225248087634,14.298492384540863
density_curve,11,11,DRB24,,,,,,,,,,,,,13.0,4409211.203504863,1.8181123904462642,14.238278101891643
density_curve,11,11,DRB24,,,,,,,,,,,,,13.0,4478450.924838282,1.7198092961632987,14.171325932356673
density_curve,11,11,DRB24,,,,,,,,,,,,,13.0,4548777.947003777,1.6137893053039156,14.09911794690221
density_curve,11,11,DRB24,,,,,,,,,,,,,13.0,4620209.3443493685,1.5021889105424622,14.023109265743807
density_curve,11,11,DRB24,,,,,,,,,,,,,13.0,4692762.459348841,1.3870680717645887,13.944702884224649
density_curve,11,11,DRB24,,,,,,,,,,,,,13.0,4766454.906812234,1.2703837122502968,13.865231621623366
density_curve,11,11,DRB24,,,,,,,,,,,,,13.0,4841304.57816245,1.1539695386203286,13.785944376944055
density_curve,11,11,DRB24,,,,,,,,,,,,,13.0,4917329.645779026,1.0395184185205404,13.707994126727812
density_curve,11,11,DRB24,,,,,,,,,,,,,13.0,4994548.567410101,0.9285646633905624,13.632425858219188
density_curve,11,11,DRB24,,,,,,,,,,,,,13.0,5072980.090653727,0.8224651045017738,13.560163680653751
density_curve,11,11,DRB24,,,,,,,,,,,,,13.0,5152643.257509442,0.7223794562929029,13.491997451139053
density_curve,11,11,DRB24,,,,,,,,,,,,,13.0,5233557.40900142,0.6292517975442384,13.428570161871967
density_curve,11,11,DRB24,,,,,,,,,,,,,13.0,5315742.189874179,0.5437958229741493,13.370367895311329
density_curve,11,11,DRB24,,,,,,,,,,,,,13.0,5399217.553362021,0.46648670719151936,13.317714282887106
density_curve,11,11,DRB24,,,,,,,,,,,,,13.0,5484003.766033389,0.39756199712891643,13.270771112817844
density_curve,11,11,DRB24,,,,,,,,,,,,,13.0,5570121.412711266,0.3370330423711093,13.22954611506697
density_curve,11,11,DRB24,,,,,,,,,,,,,13.0,5657591.401470916,0.2847072960785604,13.193908150032643
density_curve,11,11,DRB24,,,,,,,,,,,,,13.0,5746434.968715974,0.24022060930500508,13.163609203528084
density_curve,11,11,DRB24,,,,,,,,,,,,,13.0,5836673.684334379,0.20307761141337327,13.138311889033393
density_curve,11,11,DRB24,,,,,,,,,,,,,13.0,5928329.456935207,0.17269756928094956,13.117620681435445
density_curve,11,11,DRB24,,,,,,,,,,,,,13.0,6021424.539167753,0.14846281408110698,13.101114899490192
density_curve,11,11,DRB24,,,,,,,,,,,,,13.0,6115981.53312414,0.12976689630081095,13.088381503192053
density_curve,11,11,DRB24,,,,,,,,,,,,,13.0,6212023.395826757,0.11605998581824052,13.079046014811716
density_curve,11,11,DRB24,,,,,,,,,,,,,13.0,6309573.444801942,0.1068895391300968,13.072800216489147
density_curve,11,11,DRB24,,,,,,,,,,,,,13.0,6408655.363740995,0.10193476426275308,13.069425623559537
density_curve,11,11,DRB24,,,,,,,,,,,,,13.0,6509293.20825039,0.10103380081437432,13.068811996308222
density_curve,11,11,DRB24,,,,,,,,,,,,,13.0,6611511.411691989,0.10420271989931887,13.070970280433105
density_curve,11,11,DRB24,,,,,,,,,,,,,13.0,6715334.791115149,0.11164542046927056,13.0760393472208
density_curve,11,11,DRB24,,,,,,,,,,,,,13.0,6820788.553281926,0.12375330420100406,13.084285772119525
density_curve,11,11,DRB24,,,,,,,,,,,,,13.0,6927898.300786892,0.1410933581336233,13.096095718074027
density_curve,11,11,DRB24,,,,,,,,,,,,,13.0,7036690.03827307,0.16438310908140746,13.111957877503057
density_curve,11,11,DRB24,,,,,,,,,,,,,13.0,7147190.1787454495,0.1944509961967601,13.132436482885616
density_curve,11,11,DRB24,,,,,,,,,,,,,13.0,7259425.549983729,0.23218117973253435,13.158133717170035
density_curve,11,11,DRB24,,,,,,,,,,,,,13.0,7373423.401055615,0.2784427573921447,13.189641504519086
density_curve,11,11,DRB24,,,,,,,,,,,,,13.0,7489211.408932546,0.3340048097037616,13.227483649501522
density_curve,11,11,DRB24,,,,,,,,,,,,,13.0,7606817.685209225,0.3994405613092612,13.272050563362123
density_curve,11,11,DRB24,,,,,,,,,,,,,13.0,7726270.782928702,0.47502604262685505,13.323530244611941
density_curve,11,11,DRB24,,,,,,,,,,,,,13.0,7847599.7035146225,0.5606406920152384,13.38184058125331
density_curve,11,11,DRB24,,,,,,,,,,,,,13.0,7970833.903812322,0.655679017156336,13.446569185206002
density_curve,11,11,DRB24,,,,,,,,,,,,,13.0,8096003.303240569,0.7589833856229605,13.516927617376727
density_curve,11,11,DRB24,,,,,,,,,,,,,13.0,8223138.291055465,0.8688079305946208,13.591726804601473
density_curve,11,11,DRB24,,,,,,,,,,,,,13.0,8352269.733728553,0.982822233081259,13.669379547530639
density_curve,11,11,DRB24,,,,,,,,,,,,,13.0,8483428.982440725,1.0981608264094609,13.747934237093169
density_curve,11,11,DRB24,,,,,,,,,,,,,13.0,8616647.880693821,1.2115208001724591,13.825141330493636
density_curve,11,11,DRB24,,,,,,,,,,,,,13.0,8751958.77204175,1.3193051914828497,13.898551011977968
density_curve,11,11,DRB24,,,,,,,,,,,,,13.0,8889394.507943004,1.4178049402185715,13.965637118723732
density_curve,11,11,DRB24,,,,,,,,,,,,,13.0,9028988.455736592,1.503407558799441,14.023939261435192
density_curve,11,11,DRB24,,,,,,,,,,,,,13.0,9170774.50674293,1.572816956410889,14.071212541997705
density_curve,11,11,DRB24,,,,,,,,,,,,,13.0,9314787.084492404,1.6232666205364035,14.105572746934804
density_curve,11,11,DRB24,,,,,,,,,,,,,13.0,9461061.153082676,1.652707988198415,14.125624643097648
density_curve,11,11,DRB24,,,,,,,,,,,,,13.0,9609632.225667553,1.659957491266527,14.130562127131094
density_curve,11,11,DRB24,,,,,,,,,,,,,13.0,9760536.373079011,1.6447893152022077,14.12023140150336
density_curve,11,11,DRB24,,,,,,,,,,,,,13.0,9913810.23258467,1.6079659787281053,14.095151801675499
density_curve,11,11,DRB24,,,,,,,,,,,,,13.0,10069491.016782762,1.5512048109792067,14.056492964394264
density_curve,11,11,DRB24,,,,,,,,,,,,,13.0,10227616.522636779,1.4770845238326578,14.00601119607137
density_curve,11,11,DRB24,,,,,,,,,,,,,13.0,10388225.14065211,1.3889015741112303,13.94595164410195
density_curve,11,11,DRB24,,,,,,,,,,,,,13.0,10551355.864196453,1.290490195290865,13.878925724246516
density_curve,11,11,DRB24,,,,,,,,,,,,,13.0,10717048.298967114,1.1860223545897761,13.807774875612616
density_curve,11,11,DRB24,,,,,,,,,,,,,13.0,10885342.672606446,1.07980422709947,13.735431943466986
density_curve,11,11,DRB24,,,,,,,,,,,,,13.0,11056279.844468623,0.9760841391837852,13.664790373524909
density_curve,11,11,DRB24,,,,,,,,,,,,,13.0,11229901.315539658,0.8788836668098604,13.598589176576565
density_curve,11,11,DRB24,,,,,,,,,,,,,13.0,11406249.238513203,0.791859253690827,13.53931867951515
density_curve,11,11,DRB24,,,,,,,,,,,,,13.0,11585366.428024698,0.7181970445782827,13.489148898504725
density_curve,11,11,DRB24,,,,,,,,,,,,,13.0,11767296.371045876,0.660539337142661,13.449879446903177
density_curve,11,11,DRB24,,,,,,,,,,,,,13.0,11952083.237443073,0.6209377755802781,13.422907656412614
density_curve,11,11,DRB24,,,,,,,,,,,,,13.0,12139771.890700752,0.6008265844851745,13.409210347232563
density_curve,11,11,DRB24,,,,,,,,,,,,,13.0,12330407.898813803,0.6010089602007289,13.409334559495829
density_curve,11,11,DRB24,,,,,,,,,,,,,13.0,12524037.545350743,0.6216511040701693,13.42339348944094
density_curve,11,11,DRB24,,,,,,,,,,,,,13.0,12720707.84069066,0.6622809393683363,13.45106561554137
density_curve,11,11,DRB24,,,,,,,,,,,,,13.0,12920466.533436738,0.7217917395500588,13.491597169629173
density_curve,11,11,DRB24,,,,,,,,,,,,,13.0,13123362.122008637,0.7984540375792631,13.543810248088505
density_curve,11,11,DRB24,,,,,,,,,,,,,13.0,13329443.866417537,0.889941612939771,13.606120511062002
density_curve,11,11,DRB24,,,,,,,,,,,,,13.0,13538761.800225446,0.9933785062767184,13.676569203134004
density_curve,11,11,DRB24,,,,,,,,,,,,,13.0,13751366.742692733,1.1054135434811327,13.752873910116827
density_curve,11,11,DRB24,,,,,,,,,,,,,13.0,13967310.311116258,1.2223266890777085,13.83250099410583
density_curve,11,11,DRB24,,,,,,,,,,,,,13.0,14186644.93336124,1.3401679192478597,13.912760176973977
density_curve,11,11,DRB24,,,,,,,,,,,,,13.0,14409423.860590115,1.45492470780022,13.990918611542984
density_curve,11,11,DRB24,,,,,,,,,,,,,13.0,14635701.180190798,1.5627093574951778,14.06432846900761
density_curve,11,11,DRB24,,,,,,,,,,,,,13.0,14865531.828908725,1.6599530849370454,14.13055912607278
density_curve,11,11,DRB24,,,,,,,,,,,,,13.0,15098971.606184201,1.7435907500650507,14.1875229803238
density_curve,11,11,DRB24,,,,,,,,,,,,,13.0,15336077.187700124,1.8112190228260585,14.23358317421982
density_curve,11,11,DRB24,,,,,,,,,,,,,13.0,15576906.139141649,1.8612119445908477,14.26763230154342
density_curve,11,11,DRB24,,,,,,,,,,,,,13.0,15821516.930172438,1.8927812781802178,14.289133510533825
density_curve,11,11,DRB24,,,,,,,,,,,,,13.0,16069968.948630175,1.905974401311401,14.298119069157567
density_curve,11,11,DRB24,,,,,,,,,,,,,13.0,16322322.514945026,1.9016091221733766,14.2951459693681
density_curve,11,11,DRB24,,,,,,,,,,,,,13.0,16578638.896784693,1.881151798790136,14.28121291676811
density_curve,11,11,DRB24,,,,,,,,,,,,,13.0,16838980.323928915,1.8465515522525675,14.257647416729355
density_curve,11,11,DRB24,,,,,,,,,,,,,13.0,17103410.003378414,1.8000482658721861,14.22597500665536
density_curve,11,11,DRB24,,,,,,,,,,,,,13.0,17371992.134700213,1.7439747526185996,14.187784516384843
density_curve,11,11,DRB24,,,,,,,,,,,,,13.0,17644791.92561452,1.680573567248763,14.144603302786617
density_curve,11,11,DRB24,,,,,,,,,,,,,13.0,17921875.607826144,1.6118464360276217,14.097794699509851
density_curve,11,11,DRB24,,,,,,,,,,,,,13.0,18203310.453104522,1.5394495580031786,14.048486708885033
density_curve,11,11,DRB24,,,,,,,,,,,,,13.0,18489164.789616488,1.4646418001461528,13.997536718723408
density_curve,11,11,DRB24,,,,,,,,,,,,,13.0,18779508.018514913,1.3882859728137449,13.945532371008504
density_curve,11,11,DRB24,,,,,,,,,,,,,13.0,19074410.630788796,1.3108968998045087,13.892824301399283
density_curve,11,11,DRB24,,,,,,,,,,,,,13.0,19373944.224377003,1.23272476362645,13.839582903938908
density_curve,11,11,DRB24,,,,,,,,,,,,,13.0,19678181.521551367,1.1538588615627792,13.785868997128448
density_curve,11,11,DRB24,,,,,,,,,,,,,13.0,19987196.386572525,1.0743357874565127,13.731707504264563
density_curve,11,11,DRB24,,,,,,,,,,,,,13.0,20301063.843623016,0.9942371456400586,13.677154004341364
density_curve,11,11,DRB24,,,,,,,,,,,,,13.0,20619860.095022235,0.9137648718639976,13.622346031550492
density_curve,11,11,DRB24,,,,,,,,,,,,,13.0,20943662.539726753,0.8332864988317884,13.567533904684566
density_curve,11,11,DRB24,,,,,,,,,,,,,13.0,21272549.792122267,0.7533475410924267,13.513089162227036
density_curve,11,11,DRB24,,,,,,,,,,,,,13.0,21606601.701109305,0.6746528513857878,13.459491864551191
density_curve,11,11,DRB24,,,,,,,,,,,,,13.0,21945899.369489986,0.5980226837510499,13.40730066942761
density_curve,11,11,DRB24,,,,,,,,,,,,,13.0,22290525.173658106,0.5243318401647872,13.357111386079515
density_curve,11,11,DRB24,,,,,,,,,,,,,13.0,22640562.78359909,0.4544414637933479,13.309510521001819
density_curve,11,11,DRB24,,,,,,,,,,,,,13.0,22996097.183203783,0.389132798566544,13.265030163000258
density_curve,11,11,DRB24,,,,,,,,,,,,,13.0,23357214.690901212,0.32905079166444523,13.224109572031562
density_curve,11,11,DRB24,,,,,,,,,,,,,13.0,23724002.980615646,0.274663144450739,13.187067289655603
density_curve,11,11,DRB24,,,,,,,,,,,,,13.0,24096551.10305199,0.2262377551450034,13.154085775714018
density_curve,11,11,DRB24,,,,,,,,,,,,,13.0,24474949.507316638,0.18383886856264195,13.125208785999076
density_curve,11,11,DRB24,,,,,,,,,,,,,13.0,24859290.062876612,0.14734000582352927,13.100350178406233
density_curve,11,11,DRB24,,,,,,,,,,,,,13.0,25249666.08186437,0.116450126048957,13.079311731115562
density_curve,11,11,DRB24,,,,,,,,,,,,,13.0,25646172.341732506,0.09074857776987698,13.061806947260651
density_curve,11,11,DRB24,,,,,,,,,,,,,13.0,26048905.10826428,0.0697242120882108,13.047487694079951
density_curve,11,11,DRB24,,,,,,,,,,,,,13.0,26457962.158945747,0.05281443775797293,13.03597080251093
density_curve,11,11,DRB24,,,,,,,,,,,,,13.0,26873442.80670409,0.03944082522393702,13.026862316351822
density_curve,11,11,DRB24,,,,,,,,,,,,,13.0,27295447.924020074,0.02903891577510465,13.019777794648967
density_curve,11,11,DRB24,,,,,,,,,,,,,13.0,27724079.967417758,0.021080979453659145,13.014357811629834
density_curve,11,11,DRB24,,,,,,,,,,,,,13.0,28159443.002339695,0.01509144446845399,13.010278465351977
density_curve,11,11,DRB24,,,,,,,,,,,,,13.0,28601642.7284124,0.010655495007260563,13.007257233492076
density_curve,11,11,DRB24,,,,,,,,,,,,,13.0,29050786.505108584,0.007421859029707792,13.005054872053075
density_curve,11,11,DRB24,,,,,,,,,,,,,13.0,29506983.377812706,0.0051010836887293316,13.003474240789988
density_curve,11,11,DRB24,,,,,,,,,,,,,13.0,29970344.104294933,0.003460657492895938,13.0023569810173
density_curve,11,11,DRB24,,,,,,,,,,,,,13.0,30440981.18160234,0.002318238311450302,13.001578903345646
density_curve,11,11,DRB24,,,,,,,,,,,,,13.0,30919008.873370558,0.0015340439419193085,13.001044805057488
density_curve,11,11,DRB24,,,,,,,,,,,,,13.0,31404543.237566188,0.001003212029872113,13.000683266609188
density_curve,11,11,DRB24,,,,,,,,,,,,,13.0,31897702.154663246,0.0006486826742042062,13.000441804123202
density_curve,11,11,DRB24,,,,,,,,,,,,,13.0,32398605.356263112,0.0004149304546787634,13.000282600403878
density_curve,11,11,DRB24,,,,,,,,,,,,,13.0,32907374.454163484,0.00026268979143084776,13.000178912490794
density_curve,11,11,DRB24,,,,,,,,,,,,,13.0,33424132.969883844,0.00016468408483328743,13.000112162865756
density_curve,11,11,DRB24,,,,,,,,,,,,,13.0,33949006.36465498,0.00010228241035585193,13.000069662398
density_curve,11,11,DRB24,,,,,,,,,,,,,13.0,34482122.069878325,6.296017387507125e-05,13.000042880849946
density_curve,11,11,DRB24,,,,,,,,,,,,,13.0,35023609.518065386,3.842250410270727e-05,13.000026168759259
density_curve,11,11,DRB24,,,,,,,,,,,,,13.0,35573600.17426121,2.3251710084986323e-05,13.000015836250597
density_curve,11,11,DRB24,,,,,,,,,,,,,13.0,36132227.56796255,1.3954595947373871e-05,13.00000950418174
density_curve,11,11,DRB24,,,,,,,,,,,,,13.0,36699627.32553667,8.305422735132333e-06,13.000005656648705
density_curve,11,11,DRB24,,,,,,,,,,,,,13.0,37275937.20314938,4.9014264914435664e-06,13.000003338258473
density_curve,11,11,DRB24,,,,,,,,,,,,,13.0,37861297.12021055,2.8673599625299043e-06,13.00000195289855
density_curve,11,11,DRB24,,,,,,,,,,,,,13.0,38455849.19334357,1.6621817985837078e-06,13.000001132077056
density_curve,11,11,DRB24,,,,,,,,,,,,,13.0,39059737.77089033,9.543607335519554e-07,13.00000064999502
density_curve,11,11,DRB24,,,,,,,,,,,,,13.0,39673109.46795558,5.424489959638541e-07,13.0000003694506
density_curve,11,11,DRB24,,,,,,,,,,,,,13.0,40296113.20200404,3.050532719893267e-07,13.000000207765366
density_curve,11,11,DRB24,,,,,,,,,,,,,13.0,40928900.22901449,1.6963446232189322e-07,13.000000115534464
density_curve,11,11,DRB24,,,,,,,,,,,,,13.0,41571624.180202775,9.322376651557912e-08,13.000000063492747
density_curve,11,11,DRB24,,,,,,,,,,,,,13.0,42224441.09932146,5.0602729167209164e-08,13.000000034464454
density_curve,11,11,DRB24,,,,,,,,,,,,,13.0,42887509.48054403,2.7116245930705067e-08,13.000000018468304
density_curve,11,11,DRB24,,,,,,,,,,,,,13.0,43560990.30694617,1.4337831814893584e-08,13.000000009765195
density_curve,11,11,DRB24,,,,,,,,,,,,,13.0,44245047.08958865,7.477285317761472e-09,13.000000005092621
density_curve,11,11,DRB24,,,,,,,,,,,,,13.0,44939845.907216705,3.844486021749526e-09,13.000000002618398
density_curve,11,11,DRB24,,,,,,,,,,,,,13.0,45645555.44658045,1.9481065303137966e-09,13.000000001326814
density_curve,11,11,DRB24,,,,,,,,,,,,,13.0,46362347.04338999,9.725939325095264e-10,13.000000000662414
density_curve,11,11,DRB24,,,,,,,,,,,,,13.0,47090394.72391306,4.782733085970095e-10,13.000000000325741
density_curve,11,11,DRB24,,,,,,,,,,,,,13.0,47829875.24722586,2.316025162068984e-10,13.00000000015774
density_curve,11,11,DRB24,,,,,,,,,,,,,13.0,48580968.14812807,1.1041897649289478e-10,13.000000000075204
density_curve,11,11,DRB24,,,,,,,,,,,,,13.0,49343855.78073008,5.182038935308142e-11,13.000000000035294
density_curve,11,11,DRB24,,,,,,,,,,,,,13.0,50118723.36272725,2.3935817369890887e-11,13.000000000016302
density_curve,12,17,DRB31,,,,,,,,,,,,,12.0,100000.0,0.0021545019093731905,12.001507708870765
density_curve,12,17,DRB31,,,,,,,,,,,,,12.0,101570.34258822507,0.0022120884741693133,12.001548007639684
density_curve,12,17,DRB31,,,,,,,,,,,,,12.0,103165.34493489409,0.0022716521082773145,12.001589689951095
density_curve,12,17,DRB31,,,,,,,,,,,,,12.0,104785.39428269603,0.0023338917390647498,12.001633244910614
density_curve,12,17,DRB31,,,,,,,,,,,,,12.0,106430.88395535655,0.002400084472262282,12.001679566229983
density_curve,12,17,DRB31,,,,,,,,,,,,,12.0,108102.21345313193,0.0024721762908555527,12.001730015697644
density_curve,12,17,DRB31,,,,,,,,,,,,,12.0,109799.78854980043,0.002552787811946635,12.00178642720738
density_curve,12,17,DRB31,,,,,,,,,,,,,12.0,111524.02139117903,0.0026451186012789608,12.00185103979812
density_curve,12,17,DRB31,,,,,,,,,,,,,12.0,113275.33059518597,0.002752746053377633,12.001926356911353
density_curve,12,17,DRB31,,,,,,,,,,,,,12.0,115054.14135347492,0.0028793293842462302,12.002014939246791
density_curve,12,17,DRB31,,,,,,,,,,,,,12.0,116860.88553466521,0.003028243790277203,12.002119148748756
density_curve,12,17,DRB31,,,,,,,,,,,,,12.0,118696.00178919302,0.0032021820630671587,12.002240869818351
density_curve,12,17,DRB31,,,,,,,,,,,,,12.0,120559.93565580886,0.0034027688769616687,12.002381239393959
density_curve,12,17,DRB31,,,,,,,,,,,,,12.0,122453.13966974878,0.0036302351055150944,12.002540419039658
density_curve,12,17,DRB31,,,,,,,,,,,,,12.0,124376.07347260158,0.0038831952299484057,12.002717439176841
density_curve,12,17,DRB31,,,,,,,,,,,,,12.0,126329.20392390396,0.004158560505166176,12.00291013831827
density_curve,12,17,DRB31,,,,,,,,,,,,,12.0,128313.00521448672,0.004451605323727866,12.003115209509229
density_curve,12,17,DRB31,,,,,,,,,,,,,12.0,130327.95898160127,0.004756186207902942,12.003328353576977
density_curve,12,17,DRB31,,,,,,,,,,,,,12.0,132374.55442585386,0.0050650945625111705,12.003544525985307
density_curve,12,17,DRB31,,,,,,,,,,,,,12.0,134453.28842997624,0.005370508304897187,12.00375825288276
density_curve,12,17,DRB31,,,,,,,,,,,,,12.0,136564.66567946097,0.00566449599571688,12.003963983890664
density_curve,12,17,DRB31,,,,,,,,,,,,,12.0,138709.19878509274,0.005939521699342163,12.004156445401716
density_curve,12,17,DRB31,,,,,,,,,,,,,12.0,140887.40840740083,0.006188900175354101,12.00433095912056
density_curve,12,17,DRB31,,,,,,,,,,,,,12.0,143099.82338306884,0.006407159815007638,12.004483696044767
density_curve,12,17,DRB31,,,,,,,,,,,,,12.0,145346.98085332804,0.0065902837258786295,12.004611845174582
density_curve,12,17,DRB31,,,,,,,,,,,,,12.0,147629.42639436718,0.0067358155430577065,12.004713687559025
density_curve,12,17,DRB31,,,,,,,,,,,,,12.0,149947.71414979032,0.006842833504304297,12.004788578153832
density_curve,12,17,DRB31,,,,,,,,,,,,,12.0,152302.40696515449,0.006911811634212595,12.004836848678865
density_curve,12,17,DRB31,,,,,,,,,,,,,12.0,154694.07652461986,0.006944398447321002,12.004859652755751
density_curve,12,17,DRB31,,,,,,,,,,,,,12.0,157123.30348974746,0.006943149971627114,12.004858779079163
density_curve,12,17,DRB31,,,,,,,,,,,,,12.0,159590.6776404731,0.006911254547357854,12.004836458832475
density_curve,12,17,DRB31,,,,,,,,,,,,,12.0,162096.79801829843,0.006852282131870036,12.00479519025268
density_curve,12,17,DRB31,,,,,,,,,,,,,12.0,164642.27307172897,0.00676998193144376,12.004737597014213
density_curve,12,17,DRB31,,,,,,,,,,,,,12.0,167227.72080399614,0.00666814087277883,12.004666329188044
density_curve,12,17,DRB31,,,,,,,,,,,,,12.0,169853.76892309941,0.006550503776138068,12.004584007379293
density_curve,12,17,DRB31,,,,,,,,,,,,,12.0,172521.0549942039,0.006420746051592884,12.004493203620198
density_curve,12,17,DRB31,,,,,,,,,,,,,12.0,175230.2265944331,0.006282482822527014,12.004396447754699
density_curve,12,17,DRB31,,,,,,,,,,,,,12.0,177981.9414700888,0.0061392954121981085,12.004296245973583
density_curve,12,17,DRB31,,,,,,,,,,,,,12.0,180776.86769634343,0.005994757140117805,12.004195098866665
density_curve,12,17,DRB31,,,,,,,,,,,,,12.0,183615.6838394384,0.005852444649510235,12.004095509349675
density_curve,12,17,DRB31,,,,,,,,,,,,,12.0,186499.07912142982,0.005715927257443584,12.003999975211535
density_curve,12,17,DRB31,,,,,,,,,,,,,12.0,189427.7535875212,0.005588733562169194,12.00391096574636
density_curve,12,17,DRB31,,,,,,,,,,,,,12.0,192402.4182760241,0.005474300312610914,12.0038308859726
density_curve,12,17,DRB31,,,,,,,,,,,,,12.0,195423.79539098707,0.005375912273421284,12.003762034550924
density_curve,12,17,DRB31,,,,,,,,,,,,,12.0,198492.61847753756,0.0052966430086464665,12.003706562344954
density_curve,12,17,DRB31,,,,,,,,,,,,,12.0,201609.63259997344,0.005239305287985728,12.003666437715827
density_curve,12,17,DRB31,,,,,,,,,,,,,12.0,204775.59452265495,0.005206416854421073,12.003643422566563
density_curve,12,17,DRB31,,,,,,,,,,,,,12.0,207991.2728937353,0.005200183560558357,12.003639060540978
density_curve,12,17,DRB31,,,,,,,,,,,,,12.0,211257.44843177704,0.0052224984039882716,12.003654676348624
density_curve,12,17,DRB31,,,,,,,,,,,,,12.0,214574.91411529886,0.005274952565254944,12.003691383489103
density_curve,12,17,DRB31,,,,,,,,,,,,,12.0,217944.4753752988,0.00535885356125184,12.00375009695572
density_curve,12,17,DRB31,,,,,,,,,,,,,12.0,221366.95029080036,0.0054752459875589184,12.003831547750853
density_curve,12,17,DRB31,,,,,,,,,,,,,12.0,224843.16978747185,0.005624931557318736,12.003936296909055
density_curve,12,17,DRB31,,,,,,,,,,,,,12.0,228373.97783935972,0.005808486565806073,12.004064747718667
density_curve,12,17,DRB31,,,,,,,,,,,,,12.0,231960.2316737949,0.006026275862658031,12.004217155499507
density_curve,12,17,DRB31,,,,,,,,,,,,,12.0,235602.80197951404,0.006278462489436541,12.004393634347183
density_curve,12,17,DRB31,,,,,,,,,,,,,12.0,239302.57311804994,0.006565011312549967,12.004594159675397
density_curve,12,17,DRB31,,,,,,,,,,,,,12.0,243060.44333844114,0.006885683617474302,12.004818564433007
density_curve,12,17,DRB31,,,,,,,,,,,,,12.0,246877.32499531287,0.00724001837490829,12.005066525994183
density_curve,12,17,DRB31,,,,,,,,,,,,,12.0,250754.1447703851,0.007627295460309247,12.005337540419635
density_curve,12,17,DRB31,,,,,,,,,,,,,12.0,254691.843897454,0.008046477058860468,12.005630881452124
density_curve,12,17,DRB31,,,,,,,,,,,,,12.0,258691.37839091144,0.008496126013678417,12.005945543376981
density_curve,12,17,DRB31,,,,,,,,,,,,,12.0,262753.7192778504,0.008974303718597096,12.006280169568015
density_curve,12,17,DRB31,,,,,,,,,,,,,12.0,266879.85283381585,0.00947845464413362,12.006632971679412
density_curve,12,17,DRB31,,,,,,,,,,,,,12.0,271070.7808222577,0.010005288784568045,12.00700164738283
density_curve,12,17,DRB31,,,,,,,,,,,,,12.0,275327.5207377438,0.010550676275204854,12.007383306621126
density_curve,12,17,DRB31,,,,,,,,,,,,,12.0,279651.1060529923,0.011109569435580658,12.007774417054605
density_curve,12,17,DRB31,,,,,,,,,,,,,12.0,284042.5864697849,0.011675966259697442,12.008170778511692
density_curve,12,17,DRB31,,,,,,,,,,,,,12.0,288503.028173816,0.012242926123032512,12.008567533980601
density_curve,12,17,DRB31,,,,,,,,,,,,,12.0,293033.5140935484,0.01280264388916354,12.008959221468762
density_curve,12,17,DRB31,,,,,,,,,,,,,12.0,297635.14416313195,0.013346583633601946,12.009339867582039
density_curve,12,17,DRB31,,,,,,,,,,,,,12.0,302309.0355894507,0.01386566883457242,12.009703120619218
density_curve,12,17,DRB31,,,,,,,,,,,,,12.0,307056.3231233643,0.014350522837870078,12.010042418848018
density_curve,12,17,DRB31,,,,,,,,,,,,,12.0,311878.15933520853,0.014791751963293123,12.010351188621462
density_curve,12,17,DRB31,,,,,,,,,,,,,12.0,316775.7148946211,0.015180263529846454,12.010623066930197
density_curve,12,17,DRB31,,,,,,,,,,,,,12.0,321750.1788547658,0.015507611617328478,12.010852143364605
density_curve,12,17,DRB31,,,,,,,,,,,,,12.0,326802.75894101255,0.01576636357179139,12.011033216593352
density_curve,12,17,DRB31,,,,,,,,,,,,,12.0,331934.6818441578,0.01595047914868743,12.011162059685727
density_curve,12,17,DRB31,,,,,,,,,,,,,12.0,337147.193518246,0.016055691152478114,12.0112356864812
density_curve,12,17,DRB31,,,,,,,,,,,,,12.0,342441.55948306865,0.01607987143596994,12.011252607713788
density_curve,12,17,DRB31,,,,,,,,,,,,,12.0,347819.06513141334,0.01602335981868939,12.01121306118737
density_curve,12,17,DRB31,,,,,,,,,,,,,12.0,353281.01604113757,0.01588922715801562,12.011119195871458
density_curve,12,17,DRB31,,,,,,,,,,,,,12.0,358828.7382921458,0.015683439157654768,12.01097518653348
density_curve,12,17,DRB31,,,,,,,,,,,,,12.0,364463.57878833805,0.01541488628675747,12.010787254676023
density_curve,12,17,DRB31,,,,,,,,,,,,,12.0,370186.9055846206,0.015095248835556026,12.010563574103493
density_curve,12,17,DRB31,,,,,,,,,,,,,12.0,376000.1082190484,0.014738675379251758,12.010314045912866
density_curve,12,17,DRB31,,,,,,,,,,,,,12.0,381904.59805018455,0.014361267551695962,12.010049937941076
density_curve,12,17,DRB31,,,,,,,,,,,,,12.0,387901.8085997564,0.013980382828591618,12.009783396856445
density_curve,12,17,DRB31,,,,,,,,,,,,,12.0,393993.19590069365,0.013613787888755996,12.009526855685438
density_curve,12,17,DRB31,,,,,,,,,,,,,12.0,400180.2388506313,0.013278715373066586,12.009292373737635
density_curve,12,17,DRB31,,,,,,,,,,,,,12.0,406464.4395709628,0.012990893616194182,12.00909095761721
density_curve,12,17,DRB31,,,,,,,,,,,,,12.0,412847.323771536,0.012763629553846795,12.008931919446338
density_curve,12,17,DRB31,,,,,,,,,,,,,12.0,419330.44112106785,0.012607027515628356,12.008822330180635
density_curve,12,17,DRB31,,,,,,,,,,,,,12.0,425915.3656233841,0.012527419943920353,12.00876662122929
density_curve,12,17,DRB31,,,,,,,,,,,,,12.0,432603.6959995626,0.012527070276357136,12.008766376533805
density_curve,12,17,DRB31,,,,,,,,,,,,,12.0,439397.0560760795,0.012604184467135363,12.008820340630562
density_curve,12,17,DRB31,,,,,,,,,,,,,12.0,446297.0951790494,0.01275323810931454,12.008924647569236
density_curve,12,17,DRB31,,,,,,,,,,,,,12.0,453305.48853465647,0.012965593901911257,12.009073253012964
density_curve,12,17,DRB31,,,,,,,,,,,,,12.0,460423.93767587794,0.013230352880274196,12.00925852992479
density_curve,12,17,DRB31,,,,,,,,,,,,,12.0,467654.17085558514,0.013535356190298635,12.009471969603881
density_curve,12,17,DRB31,,,,,,,,,,,,,12.0,474997.94346614124,0.013868235809181395,12.00970491697427
density_curve,12,17,DRB31,,,,,,,,,,,,,12.0,482457.03846558335,0.014217405390623078,12.009949263973013
density_curve,12,17,DRB31,,,,,,,,,,,,,12.0,490033.26681049785,0.014572888095544878,12.010198028861678
density_curve,12,17,DRB31,,,,,,,,,,,,,12.0,497728.46789569367,0.014926897082217063,12.010445762450223
density_curve,12,17,DRB31,,,,,,,,,,,,,12.0,505544.5100007789,0.015274114711588516,12.010688743483385
density_curve,12,17,DRB31,,,,,,,,,,,,,12.0,513483.29074375494,0.015611655112980011,12.010924952444356
density_curve,12,17,DRB31,,,,,,,,,,,,,12.0,521546.7375417237,0.01593873666347662,12.011153842357611
density_curve,12,17,DRB31,,,,,,,,,,,,,12.0,529736.8080788398,0.016256130325959985,12.011375952738842
density_curve,12,17,DRB31,,,,,,,,,,,,,12.0,538055.490781606,0.016565480718664243,12.011592434483056
density_curve,12,17,DRB31,,,,,,,,,,,,,12.0,546504.805301633,0.016868614164217723,12.011804565641027
density_curve,12,17,DRB31,,,,,,,,,,,,,12.0,555086.803005981,0.01716694848962403,12.01201333840048
density_curve,12,17,DRB31,,,,,,,,,,,,,12.0,563803.567475201,0.017461102218518033,12.012219185600937
density_curve,12,17,DRB31,,,,,,,,,,,,,12.0,572657.2150091964,0.017750768023467818,12.01242189217631
density_curve,12,17,DRB31,,,,,,,,,,,,,12.0,581649.8951410283,0.018034871538751638,12.01262070629123
density_curve,12,17,DRB31,,,,,,,,,,,,,12.0,590783.7911587943,0.018311988499299194,12.012814631252652
density_curve,12,17,DRB31,,,,,,,,,,,,,12.0,600061.1206356916,0.018580948220377612,12.013002847821681
density_curve,12,17,DRB31,,,,,,,,,,,,,12.0,609484.1359684145,0.018841516886031362,12.013185192375166
density_curve,12,17,DRB31,,,,,,,,,,,,,12.0,619055.1249240021,0.019095035639430984,12.013362603437901
density_curve,12,17,DRB31,,,,,,,,,,,,,12.0,628776.4111952737,0.019344889217435955,12.01353744963057
density_curve,12,17,DRB31,,,,,,,,,,,,,12.0,638650.3549649863,0.01959670096223196,12.013713666137848
density_curve,12,17,DRB31,,,,,,,,,,,,,12.0,648679.3534788508,0.01985818656751706,12.013896652360765
density_curve,12,17,DRB31,,,,,,,,,,,,,12.0,658865.8416275523,0.02013864646664162,12.014092916692658
density_curve,12,17,DRB31,,,,,,,,,,,,,12.0,669212.2925378972,0.02044812835702096,12.01430949045824
density_curve,12,17,DRB31,,,,,,,,,,,,,12.0,679721.2181732573,0.02079633954813936,12.01455316678058
density_curve,12,17,DRB31,,,,,,,,,,,,,12.0,690395.1699434342,0.021191426888620826,12.01482964678061
density_curve,12,17,DRB31,,,,,,,,,,,,,12.0,701236.7393241049,0.021638764896301947,12.015142691517065
density_curve,12,17,DRB31,,,,,,,,,,,,,12.0,712248.5584859921,0.02213989759627178,12.015493381490414
density_curve,12,17,DRB31,,,,,,,,,,,,,12.0,723433.3009339154,0.022691766205550686,12.015879576180744
density_curve,12,17,DRB31,,,,,,,,,,,,,12.0,734793.6821558832,0.0232863253172175,12.016295645455482
density_curve,12,17,DRB31,,,,,,,,,,,,,12.0,746332.4602823642,0.023910608695553903,12.016732515612475
density_curve,12,17,DRB31,,,,,,,,,,,,,12.0,758052.4367559261,0.024547257541380808,12.017178039057239
density_curve,12,17,DRB31,,,,,,,,,,,,,12.0,769956.4570113824,0.025175475001386387,12.017617662263465
density_curve,12,17,DRB31,,,,,,,,,,,,,12.0,782047.411166621,0.025772326456667636,12.01803533570796
density_curve,12,17,DRB31,,,,,,,,,,,,,12.0,794328.2347242822,0.026314270575512395,12.01841458529316
density_curve,12,17,DRB31,,,,,,,,,,,,,12.0,806801.909284454,0.02677878476119171,12.018739649826776
density_curve,12,17,DRB31,,,,,,,,,,,,,12.0,819471.4632685608,0.027145942317681134,12.018996584713896
density_curve,12,17,DRB31,,,,,,,,,,,,,12.0,832339.9726546166,0.02739980745151359,12.019174238171798
density_curve,12,17,DRB31,,,,,,,,,,,,,12.0,845410.561724033,0.027529536443887694,12.019265021824275
density_curve,12,17,DRB31,,,,,,,,,,,,,12.0,858686.4038201383,0.027530105784570887,12.019265420245828
density_curve,12,17,DRB31,,,,,,,,,,,,,12.0,872170.7221186243,0.027402626498398083,12.019176210925677
density_curve,12,17,DRB31,,,,,,,,,,,,,12.0,885866.7904100833,0.027154243532610988,12.019002393859544
density_curve,12,17,DRB31,,,,,,,,,,,,,12.0,899777.9338948353,0.026797655240797046,12.018752855287106
density_curve,12,17,DRB31,,,,,,,,,,,,,12.0,913907.5299902376,0.026350316784551794,12.018439810236748
density_curve,12,17,DRB31,,,,,,,,,,,,,12.0,928259.0091506683,0.025833410063270876,12.018078081687962
density_curve,12,17,DRB31,,,,,,,,,,,,,12.0,942835.8557003973,0.025270670605548485,12.017684279636246
density_curve,12,17,DRB31,,,,,,,,,,,,,12.0,957641.6086795169,0.024687159458555166,12.017275941667881
density_curve,12,17,DRB31,,,,,,,,,,,,,12.0,972679.8627031752,0.024108057724223777,12.016870689382827
density_curve,12,17,DRB31,,,,,,,,,,,,,12.0,987954.2688342923,0.02355754621791913,12.016485444385873
density_curve,12,17,DRB31,,,,,,,,,,,,,12.0,1003468.5354699849,0.023057816252719198,12.016135736038787
density_curve,12,17,DRB31,,,,,,,,,,,,,12.0,1019226.4292419085,0.02262824280953145,12.015835122849204
density_curve,12,17,DRB31,,,,,,,,,,,,,12.0,1035231.7759307377,0.02228474028922663,12.015594741629425
density_curve,12,17,DRB31,,,,,,,,,,,,,12.0,1051488.4613950192,0.022039314164993194,12.015422993745139
density_curve,12,17,DRB31,,,,,,,,,,,,,12.0,1068000.4325145755,0.021899818215772044,12.015325375228691
density_curve,12,17,DRB31,,,,,,,,,,,,,12.0,1084771.6981487798,0.021869924579135436,12.015304455822243
density_curve,12,17,DRB31,,,,,,,,,,,,,12.0,1101806.3301098226,0.021949310106358446,12.015360009388049
density_curve,12,17,DRB31,,,,,,,,,,,,,12.0,1119108.4641512968,0.02213405523669445,12.015489293038543
density_curve,12,17,DRB31,,,,,,,,,,,,,12.0,1136682.3009722962,0.02241723966302703,12.01568746397995
density_curve,12,17,DRB31,,,,,,,,,,,,,12.0,1154532.1072372785,0.02278970277251626,12.01594811166458
density_curve,12,17,DRB31,,,,,,,,,,,,,12.0,1172662.2166119604,0.023240918157930626,12.016263869769158
density_curve,12,17,DRB31,,,,,,,,,,,,,12.0,1191077.0308154398,0.023759913651575863,12.016627060029633
density_curve,12,17,DRB31,,,,,,,,,,,,,12.0,1209781.0206889012,0.024336155212122117,12.017030310780425
density_curve,12,17,DRB31,,,,,,,,,,,,,12.0,1228778.727281043,0.024960308236973084,12.01746708971675
density_curve,12,17,DRB31,,,,,,,,,,,,,12.0,1248074.7629505873,0.025624796010204395,12.017932094693471
density_curve,12,17,DRB31,,,,,,,,,,,,,12.0,1267673.8124860895,0.026324092776784058,12.018421458816883
density_curve,12,17,DRB31,,,,,,,,,,,,,12.0,1287580.634243335,0.027054717012531874,12.018932745735054
density_curve,12,17,DRB31,,,,,,,,,,,,,12.0,1307800.061300597,0.02781492552169954,12.019464735568953
density_curve,12,17,DRB31,,,,,,,,,,,,,12.0,1328337.002632031,0.02860414628864792,12.020017028025109
density_curve,12,17,DRB31,,,,,,,,,,,,,12.0,1349196.4442995142,0.02942222216920747,12.020589513134874
density_curve,12,17,DRB31,,,,,,,,,,,,,12.0,1370383.450663168,0.030268563479564563,12.021181778240683
density_curve,12,17,DRB31,,,,,,,,,,,,,12.0,1391903.1656109202,0.031141321443206454,12.021792529578656
density_curve,12,17,DRB31,,,,,,,,,,,,,12.0,1413760.8138073613,0.032036694187548474,12.022419106618766
density_curve,12,17,DRB31,,,,,,,,,,,,,12.0,1435961.7019622158,0.032948462495478094,12.023057157186264
density_curve,12,17,DRB31,,,,,,,,,,,,,12.0,1458511.22011873,0.033867825744848666,12.02370052265301
density_curve,12,17,DRB31,,,,,,,,,,,,,12.0,1481414.8429622927,0.03478357294096259,12.024341357625099
density_curve,12,17,DRB31,,,,,,,,,,,,,12.0,1504678.1311496203,0.03568258401414414,12.024970480748202
density_curve,12,17,DRB31,,,,,,,,,,,,,12.0,1528306.7326587688,0.03655061753117102,12.025577925943793
density_curve,12,17,DRB31,,,,,,,,,,,,,12.0,1552306.3841604206,0.037373307304960024,12.026153639831275
density_curve,12,17,DRB31,,,,,,,,,,,,,12.0,1576682.9124106285,0.03813726594063874,12.026688253983576
density_curve,12,17,DRB31,,,,,,,,,,,,,12.0,1601442.23566548,0.03883118081550791,12.027173851888058
density_curve,12,17,DRB31,,,,,,,,,,,,,12.0,1626590.3651179587,0.03944678864096733,12.027604650939718
density_curve,12,17,DRB31,,,,,,,,,,,,,12.0,1652133.4063573685,0.039979628391908224,12.027977529337132
density_curve,12,17,DRB31,,,,,,,,,,,,,12.0,1678077.5608516952,0.0404294973600905,12.02829234522616
density_curve,12,17,DRB31,,,,,,,,,,,,,12.0,1704429.1274531947,0.04080056845379891,12.028552018785618
density_curve,12,17,DRB31,,,,,,,,,,,,,12.0,1731194.503927705,0.04110116468676171,12.02876237441584
density_curve,12,17,DRB31,,,,,,,,,,,,,12.0,1758380.1885078938,0.04134322453887038,12.02893176660096
density_curve,12,17,DRB31,,,,,,,,,,,,,12.0,1785992.7814709456,0.04154152490924025,12.029070536135665
density_curve,12,17,DRB31,,,,,,,,,,,,,12.0,1814038.9867410094,0.04171275259734606,12.029190360352647
density_curve,12,17,DRB31,,,,,,,,,,,,,12.0,1842525.6135168101,0.04187452761094706,12.029303569638754
density_curve,12,17,DRB31,,,,,,,,,,,,,12.0,1871459.5779248201,0.04204448068901533,12.029422501890474
density_curve,12,17,DRB31,,,,,,,,,,,,,12.0,1900847.9046983868,0.04223947377540293,12.029558957005602
density_curve,12,17,DRB31,,,,,,,,,,,,,12.0,1930697.7288832497,0.04247502835670533,12.029723796837134
density_curve,12,17,DRB31,,,,,,,,,,,,,12.0,1961016.2975697976,0.04276499697643581,12.029926715320665
density_curve,12,17,DRB31,,,,,,,,,,,,,12.0,1991810.9716525706,0.04312148353074462,12.030176182697742
density_curve,12,17,DRB31,,,,,,,,,,,,,12.0,2023089.2276173707,0.043554994299873036,12.030479551206883
density_curve,12,17,DRB31,,,,,,,,,,,,,12.0,2054858.65935644,0.04407478977732963,12.030843301291732
density_curve,12,17,DRB31,,,,,,,,,,,,,12.0,2087126.9800121451,0.044689411517032936,12.031273410285873
density_curve,12,17,DRB31,,,,,,,,,,,,,12.0,2119902.0238496074,0.04540738050025034,12.031775841126256
density_curve,12,17,DRB31,,,,,,,,,,,,,12.0,2153191.7481587674,0.04623810324931582,12.032357176446714
density_curve,12,17,DRB31,,,,,,,,,,,,,12.0,2187004.235186248,0.047193075466023145,12.033025460877655
density_curve,12,17,DRB31,,,,,,,,,,,,,12.0,2221347.6940976637,0.04828753396082269,12.033791357057238
density_curve,12,17,DRB31,,,,,,,,,,,,,12.0,2256230.462970635,0.04954276736165011,12.034669762653015
density_curve,12,17,DRB31,,,,,,,,,,,,,12.0,2291661.0108191706,0.05098934416781064,12.035682069336712
density_curve,12,17,DRB31,,,,,,,,,,,,,12.0,2327647.9396498133,0.05267154178982633,12.036859262202524
density_curve,12,17,DRB31,,,,,,,,,,,,,12.0,2364199.9865500783,0.05465325066225245,12.03824605143359
density_curve,12,17,DRB31,,,,,,,,,,,,,12.0,2401326.0258096857,0.05702557214540303,12.039906189272825
density_curve,12,17,DRB31,,,,,,,,,,,,,12.0,2439035.071075103,0.059916217837372686,12.041929047611015
density_curve,12,17,DRB31,,,,,,,,,,,,,12.0,2477336.2775379405,0.06350064363331555,12.04443740954174
density_curve,12,17,DRB31,,,,,,,,,,,,,12.0,2516238.944157669,0.06801461104208387,12.04759625970332
density_curve,12,17,DRB31,,,,,,,,,,,,,12.0,2555752.5159192816,0.07376756395258519,12.05162214526811
density_curve,12,17,DRB31,,,,,,,,,,,,,12.0,2595886.586126396,0.08115585348301955,12.056792430621007
density_curve,12,17,DRB31,,,,,,,,,,,,,12.0,2636650.898730361,0.09067446106827902,12.063453501113077
density_curve,12,17,DRB31,,,,,,,,,,,,,12.0,2678055.350695943,0.10292549913713779,12.072026711789823
density_curve,12,17,DRB31,,,,,,,,,,,,,12.0,2720109.994404156,0.1186214629544782,12.083010663012917
density_curve,12,17,DRB31,,,,,,,,,,,,,12.0,2762825.0400928515,0.1385810322450902,12.09697826245908
density_curve,12,17,DRB31,,,,,,,,,,,,,12.0,2806210.858335576,0.16371524927634742,12.114567052616524
density_curve,12,17,DRB31,,,,,,,,,,,,,12.0,2850277.982559416,0.1950021997201834,12.13646149258808
density_curve,12,17,DRB31,,,,,,,,,,,,,12.0,2895037.1116023487,0.2334489452562742,12.16336631873126
density_curve,12,17,DRB31,,,,,,,,,,,,,12.0,2940499.1123107616,0.2800404214777179,12.195970783686954
density_curve,12,17,DRB31,,,,,,,,,,,,,12.0,2986675.022177758,0.3356762933037185,12.234904468136204
density_curve,12,17,DRB31,,,,,,,,,,,,,12.0,3033576.0520228897,0.4010982679014369,12.280686414773086
density_curve,12,17,DRB31,,,,,,,,,,,,,12.0,3081213.5887140087,0.4768119579319191,12.333670448623662
density_curve,12,17,DRB31,,,,,,,,,,,,,12.0,3129599.1979317563,0.5630088707137894,12.393990585481488
density_curve,12,17,DRB31,,,,,,,,,,,,,12.0,3178744.626977629,0.659495245833728,12.461511232849434
density_curve,12,17,DRB31,,,,,,,,,,,,,12.0,3228661.807625975,0.7656350490942216,12.535787297410325
density_curve,12,17,DRB31,,,,,,,,,,,,,12.0,3279362.859020883,0.8803142666903869,12.616039198283556
density_curve,12,17,DRB31,,,,,,,,,,,,,12.0,3330860.090618524,1.0019326191349112,12.701147068474238
density_curve,12,17,DRB31,,,,,,,,,,,,,12.0,3383166.005175699,1.1284269278539112,12.789667106691558
density_curve,12,17,DRB31,,,,,,,,,,,,,12.0,3436293.3017853256,1.2573277442702693,12.879871206077304
density_curve,12,17,DRB31,,,,,,,,,,,,,12.0,3490254.8789595794,1.3858477434076395,12.969808811575449
density_curve,12,17,DRB31,,,,,,,,,,,,,12.0,3545063.837761485,1.5109971455132627,13.057387691364216
density_curve,12,17,DRB31,,,,,,,,,,,,,12.0,3600733.4849856202,1.6297184708077923,13.140468237506639
density_curve,12,17,DRB31,,,,,,,,,,,,,12.0,3657277.33638883,1.739030661860599,13.216964322015142
density_curve,12,17,DRB31,,,,,,,,,,,,,12.0,3714709.119971648,1.8361713639313035,13.284942863870793
density_curve,12,17,DRB31,,,,,,,,,,,,,12.0,3773042.7793112434,1.918726146243161,13.342714257376741
density_curve,12,17,DRB31,,,,,,,,,,,,,12.0,3832292.476946719,1.9847347170085092,13.388906700862869
density_curve,12,17,DRB31,,,,,,,,,,,,,12.0,3892472.597817551,2.032766587940469,13.422519146304914
density_curve,12,17,DRB31,,,,,,,,,,,,,12.0,3953597.752756071,2.061961867507686,13.442949846225147
density_curve,12,17,DRB31,,,,,,,,,,,,,12.0,4015682.782034709,2.0720364714738877,13.45
density_curve,12,17,DRB31,,,,,,,,,,,,,12.0,4078742.7589690215,2.0632545451922457,13.443854455129681
density_curve,12,17,DRB31,,,,,,,,,,,,,12.0,4142792.9935772587,2.036373829784165,13.42504347478338
density_curve,12,17,DRB31,,,,,,,,,,,,,12.0,4207849.036297407,1.992571707698623,13.394390984878672
density_curve,12,17,DRB31,,,,,,,,,,,,,12.0,4273926.681762604,1.9333605223065538,13.35295531518825
density_curve,12,17,DRB31,,,,,,,,,,,,,12.0,4341041.972635828,1.860500456656602,13.301968232360851
density_curve,12,17,DRB31,,,,,,,,,,,,,12.0,4409211.203504863,1.7759169356431281,13.242777138401827
density_curve,12,17,DRB31,,,,,,,,,,,,,12.0,4478450.924838282,1.6816274874772452,13.176793888723177
density_curve,12,17,DRB31,,,,,,,,,,,,,12.0,4548777.947003777,1.5796806552866633,13.105452042809048
density_curve,12,17,DRB31,,,,,,,,,,,,,12.0,4620209.3443493685,1.472107293524547,13.030172781704096
density_curve,12,17,DRB31,,,,,,,,,,,,,12.0,4692762.459348841,1.3608827664566516,12.952338454717694
density_curve,12,17,DRB31,,,,,,,,,,,,,12.0,4766454.906812234,1.2478974252165347,12.87327191942566
density_curve,12,17,DRB31,,,,,,,,,,,,,12.0,4841304.57816245,1.1349323698321103,12.794219580066546
density_curve,12,17,DRB31,,,,,,,,,,,,,12.0,4917329.645779026,1.0236378502746708,12.716336272711683
density_curve,12,17,DRB31,,,,,,,,,,,,,12.0,4994548.567410101,0.9155125500842848,12.640670768057445
density_curve,12,17,DRB31,,,,,,,,,,,,,12.0,5072980.090653727,0.8118831734358032,12.568151486563615
density_curve,12,17,DRB31,,,,,,,,,,,,,12.0,5152643.257509442,0.7138849445285429,12.499572852030965
density_curve,12,17,DRB31,,,,,,,,,,,,,12.0,5233557.40900142,0.6224445807267817,12.43558337629638
density_curve,12,17,DRB31,,,,,,,,,,,,,12.0,5315742.189874179,0.538267845172102,12.376676948617785
density_curve,12,17,DRB31,,,,,,,,,,,,,12.0,5399217.553362021,0.46183384517912957,12.3231888457221
density_curve,12,17,DRB31,,,,,,,,,,,,,12.0,5484003.766033389,0.39339784414072804,12.275297699561387
density_curve,12,17,DRB31,,,,,,,,,,,,,12.0,5570121.412711266,0.3330036046244252,12.233034134945488
density_curve,12,17,DRB31,,,,,,,,,,,,,12.0,5657591.401470916,0.2805053390571362,12.196296130513344
density_curve,12,17,DRB31,,,,,,,,,,,,,12.0,5746434.968715974,0.23559838763406538,12.164870486968983
density_curve,12,17,DRB31,,,,,,,,,,,,,12.0,5836673.684334379,0.19785692691348833,12.138459215353716
density_curve,12,17,DRB31,,,,,,,,,,,,,12.0,5928329.456935207,0.1667764464258449,12.116709261949168
density_curve,12,17,DRB31,,,,,,,,,,,,,12.0,6021424.539167753,0.14181846289897207,12.099243799052067
density_curve,12,17,DRB31,,,,,,,,,,,,,12.0,6115981.53312414,0.12245495879904121,12.085693322826652
density_curve,12,17,DRB31,,,,,,,,,,,,,12.0,6212023.395826757,0.10821026942865762,12.075724965671064
density_curve,12,17,DRB31,,,,,,,,,,,,,12.0,6309573.444801942,0.09869850523872375,12.069068684150308
density_curve,12,17,DRB31,,,,,,,,,,,,,12.0,6408655.363740995,0.09365498001405494,12.06553925227184
density_curve,12,17,DRB31,,,,,,,,,,,,,12.0,6509293.20825039,0.09296043294421825,12.065053211960713
density_curve,12,17,DRB31,,,,,,,,,,,,,12.0,6611511.411691989,0.09665702829261417,12.067640069542113
density_curve,12,17,DRB31,,,,,,,,,,,,,12.0,6715334.791115149,0.10495517965253966,12.07344707131913
density_curve,12,17,DRB31,,,,,,,,,,,,,12.0,6820788.553281926,0.11823021252524483,12.082736868062781
density_curve,12,17,DRB31,,,,,,,,,,,,,12.0,6927898.300786892,0.13700782557940425,12.095877340879442
density_curve,12,17,DRB31,,,,,,,,,,,,,12.0,7036690.03827307,0.1619373405925363,12.113322881663445
density_curve,12,17,DRB31,,,,,,,,,,,,,12.0,7147190.1787454495,0.19375195404728596,12.135586577377532
density_curve,12,17,DRB31,,,,,,,,,,,,,12.0,7259425.549983729,0.23321571438096392,12.163203105016706
density_curve,12,17,DRB31,,,,,,,,,,,,,12.0,7373423.401055615,0.28105780423133614,12.196682742676604
density_curve,12,17,DRB31,,,,,,,,,,,,,12.0,7489211.408932546,0.33789590504005457,12.236457740514368
density_curve,12,17,DRB31,,,,,,,,,,,,,12.0,7606817.685209225,0.4041518900233919,12.28282332314212
density_curve,12,17,DRB31,,,,,,,,,,,,,12.0,7726270.782928702,0.4799646859915114,12.335876710795851
density_curve,12,17,DRB31,,,,,,,,,,,,,12.0,7847599.7035146225,0.5651066571247116,12.395458605150889
density_curve,12,17,DRB31,,,,,,,,,,,,,12.0,7970833.903812322,0.6589110467382404,12.461102413458406
density_curve,12,17,DRB31,,,,,,,,,,,,,12.0,8096003.303240569,0.7602186120414274,12.531996903836333
density_curve,12,17,DRB31,,,,,,,,,,,,,12.0,8223138.291055465,0.8673513823015676,12.606967841373308
density_curve,12,17,DRB31,,,,,,,,,,,,,12.0,8352269.733728553,0.9781203199109088,12.684483349302228
density_curve,12,17,DRB31,,,,,,,,,,,,,12.0,8483428.982440725,1.0898715370270287,12.762686251157094
density_curve,12,17,DRB31,,,,,,,,,,,,,12.0,8616647.880693821,1.199572724288516,12.839454553124293
density_curve,12,17,DRB31,,,,,,,,,,,,,12.0,8751958.77204175,1.303937829204821,12.91248869331054
density_curve,12,17,DRB31,,,,,,,,,,,,,12.0,8889394.507943004,1.3995841482748441,12.979421473964194
density_curve,12,17,DRB31,,,,,,,,,,,,,12.0,9028988.455736592,1.4832123177647467,13.037944018055372
density_curve,12,17,DRB31,,,,,,,,,,,,,12.0,9170774.50674293,1.5517966753354278,13.085938983320993
density_curve,12,17,DRB31,,,,,,,,,,,,,12.0,9314787.084492404,1.6027715456073974,13.12161092390309
density_curve,12,17,DRB31,,,,,,,,,,,,,12.0,9461061.153082676,1.634198493093771,13.143603333053507
density_curve,12,17,DRB31,,,,,,,,,,,,,12.0,9609632.225667553,1.6449006353708928,13.151092634769702
density_curve,12,17,DRB31,,,,,,,,,,,,,12.0,9760536.373079011,1.6345526685700185,13.143851183150565
density_curve,12,17,DRB31,,,,,,,,,,,,,12.0,9913810.23258467,1.603719073879048,13.122273999101239
density_curve,12,17,DRB31,,,,,,,,,,,,,12.0,10069491.016782762,1.5538376192166459,13.087367224893237
density_curve,12,17,DRB31,,,,,,,,,,,,,12.0,10227616.522636779,1.4871501951314983,13.040699723498012
density_curve,12,17,DRB31,,,,,,,,,,,,,12.0,10388225.14065211,1.4065876337311596,12.984322475491659
density_curve,12,17,DRB31,,,,,,,,,,,,,12.0,10551355.864196453,1.3156188995018714,12.920663043600173
density_curve,12,17,DRB31,,,,,,,,,,,,,12.0,10717048.298967114,1.2180774777381396,12.852404080254415
density_curve,12,17,DRB31,,,,,,,,,,,,,12.0,10885342.672606446,1.1179786714449405,12.782355472943031
density_curve,12,17,DRB31,,,,,,,,,,,,,12.0,11056279.844468623,1.019340823730566,12.713329236602652
density_curve,12,17,DRB31,,,,,,,,,,,,,12.0,11229901.315539658,0.9260214060940827,12.648024809081331
density_curve,12,17,DRB31,,,,,,,,,,,,,12.0,11406249.238513203,0.8415758407814045,12.588930255781174
density_curve,12,17,DRB31,,,,,,,,,,,,,12.0,11585366.428024698,0.7691433731128771,12.53824240372582
density_curve,12,17,DRB31,,,,,,,,,,,,,12.0,11767296.371045876,0.7113608387320564,12.497806496344039
density_curve,12,17,DRB31,,,,,,,,,,,,,12.0,11952083.237443073,0.6703022986971328,12.469073950430747
density_curve,12,17,DRB31,,,,,,,,,,,,,12.0,12139771.890700752,0.6474406341184127,12.453075480280479
density_curve,12,17,DRB31,,,,,,,,,,,,,12.0,12330407.898813803,0.643626506711767,12.450406374395627
density_curve,12,17,DRB31,,,,,,,,,,,,,12.0,12524037.545350743,0.659080590254042,12.46122105910065
density_curve,12,17,DRB31,,,,,,,,,,,,,12.0,12720707.84069066,0.6933964372307745,12.485235104606746
density_curve,12,17,DRB31,,,,,,,,,,,,,12.0,12920466.533436738,0.7455533711854352,12.521734247008647
density_curve,12,17,DRB31,,,,,,,,,,,,,12.0,13123362.122008637,0.8139408935505836,12.56959146805405
density_curve,12,17,DRB31,,,,,,,,,,,,,12.0,13329443.866417537,0.8963977549983803,12.62729433706497
density_curve,12,17,DRB31,,,,,,,,,,,,,12.0,13538761.800225446,0.9902696325397031,12.692985373062081
density_curve,12,17,DRB31,,,,,,,,,,,,,12.0,13751366.742692733,1.092488996445869,12.764517935207818
density_curve,12,17,DRB31,,,,,,,,,,,,,12.0,13967310.311116258,1.1996791761150087,12.839529047541037
density_curve,12,17,DRB31,,,,,,,,,,,,,12.0,14186644.93336124,1.3082820006091285,12.915528721139667
density_curve,12,17,DRB31,,,,,,,,,,,,,12.0,14409423.860590115,1.4147050676049011,12.99000301214194
density_curve,12,17,DRB31,,,,,,,,,,,,,12.0,14635701.180190798,1.5154812097337886,13.060525615435186
density_curve,12,17,DRB31,,,,,,,,,,,,,12.0,14865531.828908725,1.6074296785672275,13.124870660343419
density_curve,12,17,DRB31,,,,,,,,,,,,,12.0,15098971.606184201,1.687806527216791,13.181117947563688
density_curve,12,17,DRB31,,,,,,,,,,,,,12.0,15336077.187700124,1.7544310923642557,13.227741460611751
density_curve,12,17,DRB31,,,,,,,,,,,,,12.0,15576906.139141649,1.8057765997741728,13.263672771073397
density_curve,12,17,DRB31,,,,,,,,,,,,,12.0,15821516.930172438,1.8410157318089255,13.288332926506879
density_curve,12,17,DRB31,,,,,,,,,,,,,12.0,16069968.948630175,1.8600162218663527,13.301629367454018
density_curve,12,17,DRB31,,,,,,,,,,,,,12.0,16322322.514945026,1.8632866654963929,13.303918006350507
density_curve,12,17,DRB31,,,,,,,,,,,,,12.0,16578638.896784693,1.851878086030124,13.295934343681518
density_curve,12,17,DRB31,,,,,,,,,,,,,12.0,16838980.323928915,1.8272516282986278,13.278700880756384
density_curve,12,17,DRB31,,,,,,,,,,,,,12.0,17103410.003378414,1.7911263954478611,13.253420636728464
density_curve,12,17,DRB31,,,,,,,,,,,,,12.0,17371992.134700213,1.7453233704367856,13.22136792569736
density_curve,12,17,DRB31,,,,,,,,,,,,,12.0,17644791.92561452,1.6916212999272802,13.183787505028706
density_curve,12,17,DRB31,,,,,,,,,,,,,12.0,17921875.607826144,1.6316383779406927,13.141811778212139
density_curve,12,17,DRB31,,,,,,,,,,,,,12.0,18203310.453104522,1.5667498514762235,13.096403135715342
density_curve,12,17,DRB31,,,,,,,,,,,,,12.0,18489164.789616488,1.498046821002218,13.048325123789015
density_curve,12,17,DRB31,,,,,,,,,,,,,12.0,18779508.018514913,1.426336218611241,12.998142429179902
density_curve,12,17,DRB31,,,,,,,,,,,,,12.0,19074410.630788796,1.3521769518157973,12.94624617236503
density_curve,12,17,DRB31,,,,,,,,,,,,,12.0,19373944.224377003,1.275943166670098,12.892898178744707
density_curve,12,17,DRB31,,,,,,,,,,,,,12.0,19678181.521551367,1.1979030057745277,12.83828609307129
density_curve,12,17,DRB31,,,,,,,,,,,,,12.0,19987196.386572525,1.1183003733958334,12.782580598241363
density_curve,12,17,DRB31,,,,,,,,,,,,,12.0,20301063.843623016,1.037428066828445,12.725986592229829
density_curve,12,17,DRB31,,,,,,,,,,,,,12.0,20619860.095022235,0.9556829396902394,12.668781791068156
density_curve,12,17,DRB31,,,,,,,,,,,,,12.0,20943662.539726753,0.873597087934255,12.611338552647977
density_curve,12,17,DRB31,,,,,,,,,,,,,12.0,21272549.792122267,0.79184284280508,12.55412737076517
density_curve,12,17,DRB31,,,,,,,,,,,,,12.0,21606601.701109305,0.7112130499954855,12.49770307457952
density_curve,12,17,DRB31,,,,,,,,,,,,,12.0,21945899.369489986,0.6325812143622844,12.442676938100831
density_curve,12,17,DRB31,,,,,,,,,,,,,12.0,22290525.173658106,0.5568482361087337,12.389679406455294
density_curve,12,17,DRB31,,,,,,,,,,,,,12.0,22640562.78359909,0.48488347548060906,12.339318853276152
density_curve,12,17,DRB31,,,,,,,,,,,,,12.0,22996097.183203783,0.41746776058834656,12.29214169788359
density_curve,12,17,DRB31,,,,,,,,,,,,,12.0,23357214.690901212,0.35524485972358555,12.248598445872332
density_curve,12,17,DRB31,,,,,,,,,,,,,12.0,23724002.980615646,0.2986861540850994,12.209018967274897
density_curve,12,17,DRB31,,,,,,,,,,,,,12.0,24096551.10305199,0.24807110632258547,12.17359882855338
density_curve,12,17,DRB31,,,,,,,,,,,,,12.0,24474949.507316638,0.2034839620093512,12.142396984307753
density_curve,12,17,DRB31,,,,,,,,,,,,,12.0,24859290.062876612,0.16482523253821255,12.115343812944761
density_curve,12,17,DRB31,,,,,,,,,,,,,12.0,25249666.08186437,0.13183509220047354,12.092257489828212
density_curve,12,17,DRB31,,,,,,,,,,,,,12.0,25646172.341732506,0.1041249824925657,12.072866103803097
density_curve,12,17,DRB31,,,,,,,,,,,,,12.0,26048905.10826428,0.08121345844398409,12.056832742263467
density_curve,12,17,DRB31,,,,,,,,,,,,,12.0,26457962.158945747,0.06256255980529675,12.043780943514548
density_curve,12,17,DRB31,,,,,,,,,,,,,12.0,26873442.80670409,0.04761161483017502,12.03331835247796
density_curve,12,17,DRB31,,,,,,,,,,,,,12.0,27295447.924020074,0.03580623198262171,12.025057008932796
density_curve,12,17,DRB31,,,,,,,,,,,,,12.0,27724079.967417758,0.026621153716547687,12.0186293404679
density_curve,12,17,DRB31,,,,,,,,,,,,,12.0,28159443.002339695,0.01957650884807449,12.013699535804752
density_curve,12,17,DRB31,,,,,,,,,,,,,12.0,28601642.7284124,0.014247714987285378,12.009970474466055
density_curve,12,17,DRB31,,,,,,,,,,,,,12.0,29050786.505108584,0.010269800021092299,12.007186750926248
density_curve,12,17,DRB31,,,,,,,,,,,,,12.0,29506983.377812706,0.007337219806908327,12.005134547034517
density_curve,12,17,DRB31,,,,,,,,,,,,,12.0,29970344.104294933,0.005200366214369677,12.003639188361136
density_curve,12,17,DRB31,,,,,,,,,,,,,12.0,30440981.18160234,0.003659923270767465,12.002561194658334
density_curve,12,17,DRB31,,,,,,,,,,,,,12.0,30919008.873370558,0.002560086323130677,12.001791534666326
density_curve,12,17,DRB31,,,,,,,,,,,,,12.0,31404543.237566188,0.0017814567679580826,12.001246653883317
density_curve,12,17,DRB31,,,,,,,,,,,,,12.0,31897702.154663246,0.0012342035544160835,12.000863689022149
density_curve,12,17,DRB31,,,,,,,,,,,,,12.0,32398605.356263112,0.0008518728681558827,12.000596136060263
density_curve,12,17,DRB31,,,,,,,,,,,,,12.0,32907374.454163484,0.0005860486422011771,12.00041011369389
density_curve,12,17,DRB31,,,,,,,,,,,,,12.0,33424132.969883844,0.0004019281770694982,12.000281267180753
density_curve,12,17,DRB31,,,,,,,,,,,,,12.0,33949006.36465498,0.00027478049549386856,12.000192289915718
density_curve,12,17,DRB31,,,,,,,,,,,,,12.0,34482122.069878325,0.00018719592585631756,12.000130998704043
density_curve,12,17,DRB31,,,,,,,,,,,,,12.0,35023609.518065386,0.00012700659684950847,12.0000888785347
density_curve,12,17,DRB31,,,,,,,,,,,,,12.0,35573600.17426121,8.575083633481311e-05,12.000060007974955
density_curve,12,17,DRB31,,,,,,,,,,,,,12.0,36132227.56796255,5.756214888397499e-05,12.000040281682795
density_curve,12,17,DRB31,,,,,,,,,,,,,12.0,36699627.32553667,3.837903585409555e-05,12.000026857443272
density_curve,12,17,DRB31,,,,,,,,,,,,,12.0,37275937.20314938,2.539058271853891e-05,12.000017768193489
density_curve,12,17,DRB31,,,,,,,,,,,,,12.0,37861297.12021055,1.6651239346654706e-05,12.00001165244791
density_curve,12,17,DRB31,,,,,,,,,,,,,12.0,38455849.19334357,1.0814695381638397e-05,12.000007568065774
density_curve,12,17,DRB31,,,,,,,,,,,,,12.0,39059737.77089033,6.95037531771224e-06,12.000004863835338
density_curve,12,17,DRB31,,,,,,,,,,,,,12.0,39673109.46795558,4.416714879500734e-06,12.000003090793363
density_curve,12,17,DRB31,,,,,,,,,,,,,12.0,40296113.20200404,2.7733086946545534e-06,12.000001940746538
density_curve,12,17,DRB31,,,,,,,,,,,,,12.0,40928900.22901449,1.7197046854229807e-06,12.000001203440107
density_curve,12,17,DRB31,,,,,,,,,,,,,12.0,41571624.180202775,1.0525703509964262e-06,12.00000073658308
density_curve,12,17,DRB31,,,,,,,,,,,,,12.0,42224441.09932146,6.356336828208918e-07,12.00000044481304
density_curve,12,17,DRB31,,,,,,,,,,,,,12.0,42887509.48054403,3.785875593264716e-07,12.000000264933542
density_curve,12,17,DRB31,,,,,,,,,,,,,12.0,43560990.30694617,2.2233046223270448e-07,12.000000155585663
density_curve,12,17,DRB31,,,,,,,,,,,,,12.0,44245047.08958865,1.287049026712115e-07,12.000000090067
density_curve,12,17,DRB31,,,,,,,,,,,,,12.0,44939845.907216705,7.342813277197373e-08,12.000000051384614
density_curve,12,17,DRB31,,,,,,,,,,,,,12.0,45645555.44658045,4.127846800940082e-08,12.00000002888645
density_curve,12,17,DRB31,,,,,,,,,,,,,12.0,46362347.04338999,2.286193214123674e-08,12.000000015998657
density_curve,12,17,DRB31,,,,,,,,,,,,,12.0,47090394.72391306,1.2473123507891947e-08,12.000000008728625
density_curve,12,17,DRB31,,,,,,,,,,,,,12.0,47829875.24722586,6.70291053980888e-09,12.00000000469066
density_curve,12,17,DRB31,,,,,,,,,,,,,12.0,48580968.14812807,3.5476223132211885e-09,12.000000002482608
density_curve,12,17,DRB31,,,,,,,,,,,,,12.0,49343855.78073008,1.849109365283276e-09,12.000000001293996
density_curve,12,17,DRB31,,,,,,,,,,,,,12.0,50118723.36272725,9.490941071807507e-10,12.000000000664171
density_curve,13,21,DRB01,,,,,,,,,,,,,11.0,100000.0,0.0016237129491523503,11.001162668988709
density_curve,13,21,DRB01,,,,,,,,,,,,,11.0,101570.34258822507,0.0017531527065812917,11.001255355070905
density_curve,13,21,DRB01,,,,,,,,,,,,,11.0,103165.34493489409,0.0018993085026375773,11.001360010768627
density_curve,13,21,DRB01,,,,,,,,,,,,,11.0,104785.39428269603,0.002059291791203033,11.001474567721827
density_curve,13,21,DRB01,,,,,,,,,,,,,11.0,106430.88395535655,0.00223098640577013,11.001597510637316
density_curve,13,21,DRB01,,,,,,,,,,,,,11.0,108102.21345313193,0.0024132001177000055,11.001727985812925
density_curve,13,21,DRB01,,,,,,,,,,,,,11.0,109799.78854980043,0.002605701679539721,11.001865827662584
density_curve,13,21,DRB01,,,,,,,,,,,,,11.0,111524.02139117903,0.0028091351385756066,11.002011497360058
density_curve,13,21,DRB01,,,,,,,,,,,,,11.0,113275.33059518597,0.003024816954868189,11.002165937564136
density_curve,13,21,DRB01,,,,,,,,,,,,,11.0,115054.14135347492,0.003254435692174838,11.002330357380602
density_curve,13,21,DRB01,,,,,,,,,,,,,11.0,116860.88553466521,0.0034996867437443115,11.002505970805535
density_curve,13,21,DRB01,,,,,,,,,,,,,11.0,118696.00178919302,0.0037618836841888234,11.002693718431585
density_curve,13,21,DRB01,,,,,,,,,,,,,11.0,120559.93565580886,0.004041591771549623,11.002894005015019
density_curve,13,21,DRB01,,,,,,,,,,,,,11.0,122453.13966974878,0.004338326970088459,11.003106483959268
density_curve,13,21,DRB01,,,,,,,,,,,,,11.0,124376.07347260158,0.004650355704172499,11.003329913927537
density_curve,13,21,DRB01,,,,,,,,,,,,,11.0,126329.20392390396,0.004974617484942398,11.003562103439187
density_curve,13,21,DRB01,,,,,,,,,,,,,11.0,128313.00521448672,0.005306776537347427,11.003799947837578
density_curve,13,21,DRB01,,,,,,,,,,,,,11.0,130327.95898160127,0.005641392092618058,11.004039551228963
density_curve,13,21,DRB01,,,,,,,,,,,,,11.0,132374.55442585386,0.005972182685182185,11.00427641573382
density_curve,13,21,DRB01,,,,,,,,,,,,,11.0,134453.28842997624,0.00629234980462483,11.004505673239695
density_curve,13,21,DRB01,,,,,,,,,,,,,11.0,136564.66567946097,0.006594922019464753,11.004722331813012
density_curve,13,21,DRB01,,,,,,,,,,,,,11.0,138709.19878509274,0.006873082594767856,11.004921510291545
density_curve,13,21,DRB01,,,,,,,,,,,,,11.0,140887.40840740083,0.0071204509753998065,11.005098639842121
density_curve,13,21,DRB01,,,,,,,,,,,,,11.0,143099.82338306884,0.007331299688447478,11.005249619274844
density_curve,13,21,DRB01,,,,,,,,,,,,,11.0,145346.98085332804,0.007500701032309942,11.005370920080665
density_curve,13,21,DRB01,,,,,,,,,,,,,11.0,147629.42639436718,0.00762461000878404,11.005459645815375
density_curve,13,21,DRB01,,,,,,,,,,,,,11.0,149947.71414979032,0.007699899241814817,11.005513557103372
density_curve,13,21,DRB01,,,,,,,,,,,,,11.0,152302.40696515449,0.007724366679027657,11.005531077152403
density_curve,13,21,DRB01,,,,,,,,,,,,,11.0,154694.07652461986,0.007696737118674516,11.005511292846926
density_curve,13,21,DRB01,,,,,,,,,,,,,11.0,157123.30348974746,0.007616674381593075,11.005453963463918
density_curve,13,21,DRB01,,,,,,,,,,,,,11.0,159590.6776404731,0.007484813374833255,11.005359543632224
density_curve,13,21,DRB01,,,,,,,,,,,,,11.0,162096.79801829843,0.007302812018197545,11.005229220514844
density_curve,13,21,DRB01,,,,,,,,,,,,,11.0,164642.27307172897,0.007073413874838262,11.005064958655941
density_curve,13,21,DRB01,,,,,,,,,,,,,11.0,167227.72080399614,0.006800505056889881,11.004869540728444
density_curve,13,21,DRB01,,,,,,,,,,,,,11.0,169853.76892309941,0.006489144867864825,11.004646589475708
density_curve,13,21,DRB01,,,,,,,,,,,,,11.0,172521.0549942039,0.0061455493965872415,11.004400555963858
density_curve,13,21,DRB01,,,,,,,,,,,,,11.0,175230.2265944331,0.005777010922724023,11.00413666187166
density_curve,13,21,DRB01,,,,,,,,,,,,,11.0,177981.9414700888,0.005391742930195297,11.003860788511478
density_curve,13,21,DRB01,,,,,,,,,,,,,11.0,180776.86769634343,0.004998649652427918,11.003579311810828
density_curve,13,21,DRB01,,,,,,,,,,,,,11.0,183615.6838394384,0.004607028990921188,11.003298889585515
density_curve,13,21,DRB01,,,,,,,,,,,,,11.0,186499.07912142982,0.004226226876707593,11.003026214043166
density_curve,13,21,DRB01,,,,,,,,,,,,,11.0,189427.7535875212,0.0038652683459154016,11.002767747612765
density_curve,13,21,DRB01,,,,,,,,,,,,,11.0,192402.4182760241,0.003532494766272548,11.002529463178615
density_curve,13,21,DRB01,,,,,,,,,,,,,11.0,195423.79539098707,0.003235237228062304,11.002316610210041
density_curve,13,21,DRB01,,,,,,,,,,,,,11.0,198492.61847753756,0.002979553062475357,11.002133526093857
density_curve,13,21,DRB01,,,,,,,,,,,,,11.0,201609.63259997344,0.002770046231668021,11.001983507523624
density_curve,13,21,DRB01,,,,,,,,,,,,,11.0,204775.59452265495,0.0026097838175974607,11.001868750701002
density_curve,13,21,DRB01,,,,,,,,,,,,,11.0,207991.2728937353,0.0025003111589106714,11.00179036217461
density_curve,13,21,DRB01,,,,,,,,,,,,,11.0,211257.44843177704,0.0024417585805604344,11.00174843526438
density_curve,13,21,DRB01,,,,,,,,,,,,,11.0,214574.91411529886,0.0024330242828795893,11.001742181020331
density_curve,13,21,DRB01,,,,,,,,,,,,,11.0,217944.4753752988,0.0024720117273470325,11.001770098204002
density_curve,13,21,DRB01,,,,,,,,,,,,,11.0,221366.95029080036,0.002555896360683881,11.001830164277788
density_curve,13,21,DRB01,,,,,,,,,,,,,11.0,224843.16978747185,0.002681395960717684,11.001920028987637
density_curve,13,21,DRB01,,,,,,,,,,,,,11.0,228373.97783935972,0.0028450211016372126,11.002037193710144
density_curve,13,21,DRB01,,,,,,,,,,,,,11.0,231960.2316737949,0.0030432867508468618,11.002179162967693
density_curve,13,21,DRB01,,,,,,,,,,,,,11.0,235602.80197951404,0.003272872136699268,11.002343558902659
density_curve,13,21,DRB01,,,,,,,,,,,,,11.0,239302.57311804994,0.0035307229623238834,11.002528194468214
density_curve,13,21,DRB01,,,,,,,,,,,,,11.0,243060.44333844114,0.0038140969592390618,11.002731106047253
density_curve,13,21,DRB01,,,,,,,,,,,,,11.0,246877.32499531287,0.004120559903412639,11.00295055059967
density_curve,13,21,DRB01,,,,,,,,,,,,,11.0,250754.1447703851,0.004447943899159111,11.003184975791298
density_curve,13,21,DRB01,,,,,,,,,,,,,11.0,254691.843897454,0.004794282481648836,11.003432973523696
density_curve,13,21,DRB01,,,,,,,,,,,,,11.0,258691.37839091144,0.0051577376176027,11.00369322766257
density_curve,13,21,DRB01,,,,,,,,,,,,,11.0,262753.7192778504,0.005536531971808096,11.003964465536827
density_curve,13,21,DRB01,,,,,,,,,,,,,11.0,266879.85283381585,0.005928896118931798,11.004245420139288
density_curve,13,21,DRB01,,,,,,,,,,,,,11.0,271070.7808222577,0.006333035278078017,11.004534806306781
density_curve,13,21,DRB01,,,,,,,,,,,,,11.0,275327.5207377438,0.0067471144588131,11.004831310083857
density_curve,13,21,DRB01,,,,,,,,,,,,,11.0,279651.1060529923,0.0071692556353637246,11.005133586699367
density_curve,13,21,DRB01,,,,,,,,,,,,,11.0,284042.5864697849,0.007597536745069003,11.005440259849301
density_curve,13,21,DRB01,,,,,,,,,,,,,11.0,288503.028173816,0.008029980818953402,11.00574991391366
density_curve,13,21,DRB01,,,,,,,,,,,,,11.0,293033.5140935484,0.008464524932612582,11.006061071723567
density_curve,13,21,DRB01,,,,,,,,,,,,,11.0,297635.14416313195,0.0088989629520719,11.006372153564113
density_curve,13,21,DRB01,,,,,,,,,,,,,11.0,302309.0355894507,0.009330862708038668,11.0066814178665
density_curve,13,21,DRB01,,,,,,,,,,,,,11.0,307056.3231233643,0.009757466194748245,11.006986889744844
density_curve,13,21,DRB01,,,,,,,,,,,,,11.0,311878.15933520853,0.010175589206170186,11.007286289130123
density_curve,13,21,DRB01,,,,,,,,,,,,,11.0,316775.7148946211,0.010581542905934382,11.007576974609853
density_curve,13,21,DRB01,,,,,,,,,,,,,11.0,321750.1788547658,0.010971102746815647,11.007855921172714
density_curve,13,21,DRB01,,,,,,,,,,,,,11.0,326802.75894101255,0.011339548914973428,11.00811974916888
density_curve,13,21,DRB01,,,,,,,,,,,,,11.0,331934.6818441578,0.011681796721721373,11.008364817677798
density_curve,13,21,DRB01,,,,,,,,,,,,,11.0,337147.193518246,0.011992625491029767,11.008587388404393
density_curve,13,21,DRB01,,,,,,,,,,,,,11.0,342441.55948306865,0.012267001593041336,11.008783856989076
density_curve,13,21,DRB01,,,,,,,,,,,,,11.0,347819.06513141334,0.01250047700959916,11.008951038402884
density_curve,13,21,DRB01,,,,,,,,,,,,,11.0,353281.01604113757,0.012689631165124478,11.009086483323015
density_curve,13,21,DRB01,,,,,,,,,,,,,11.0,358828.7382921458,0.012832512734886361,11.009188794492182
density_curve,13,21,DRB01,,,,,,,,,,,,,11.0,364463.57878833805,0.012929031537832125,11.009257907335725
density_curve,13,21,DRB01,,,,,,,,,,,,,11.0,370186.9055846206,0.012981249745137285,11.009295298483163
density_curve,13,21,DRB01,,,,,,,,,,,,,11.0,376000.1082190484,0.012993527151194503,11.009304089790328
density_curve,13,21,DRB01,,,,,,,,,,,,,11.0,381904.59805018455,0.012972487067489035,11.009289023917475
density_curve,13,21,DRB01,,,,,,,,,,,,,11.0,387901.8085997564,0.012926786628436599,11.009256299855451
density_curve,13,21,DRB01,,,,,,,,,,,,,11.0,393993.19590069365,0.01286669630773236,11.009213271835971
density_curve,13,21,DRB01,,,,,,,,,,,,,11.0,400180.2388506313,0.012803515963168673,11.00916803118715
density_curve,13,21,DRB01,,,,,,,,,,,,,11.0,406464.4395709628,0.012748876042473743,11.00912890595792
density_curve,13,21,DRB01,,,,,,,,,,,,,11.0,412847.323771536,0.012713989807852199,11.00910392546913
density_curve,13,21,DRB01,,,,,,,,,,,,,11.0,419330.44112106785,0.01270893286506926,11.009100304416188
density_curve,13,21,DRB01,,,,,,,,,,,,,11.0,425915.3656233841,0.012742027778962682,11.009124002219478
density_curve,13,21,DRB01,,,,,,,,,,,,,11.0,432603.6959995626,0.01281940295529164,11.009179407159163
density_curve,13,21,DRB01,,,,,,,,,,,,,11.0,439397.0560760795,0.012944776404694469,11.009269181538128
density_curve,13,21,DRB01,,,,,,,,,,,,,11.0,446297.0951790494,0.013119488107391898,11.009394284856912
density_curve,13,21,DRB01,,,,,,,,,,,,,11.0,453305.48853465647,0.013342772569168224,11.00955416897898
density_curve,13,21,DRB01,,,,,,,,,,,,,11.0,460423.93767587794,0.01361223009651026,11.009747115590004
density_curve,13,21,DRB01,,,,,,,,,,,,,11.0,467654.17085558514,0.01392442627334958,11.009970665456619
density_curve,13,21,DRB01,,,,,,,,,,,,,11.0,474997.94346614124,0.01427552895380926,11.010222074548748
density_curve,13,21,DRB01,,,,,,,,,,,,,11.0,482457.03846558335,0.014661884716694872,11.010498726813145
density_curve,13,21,DRB01,,,,,,,,,,,,,11.0,490033.26681049785,0.015080444345966233,11.010798438841144
density_curve,13,21,DRB01,,,,,,,,,,,,,11.0,497728.46789569367,0.01552896938050428,11.011119607769796
density_curve,13,21,DRB01,,,,,,,,,,,,,11.0,505544.5100007789,0.016005986456234713,11.011461178588288
density_curve,13,21,DRB01,,,,,,,,,,,,,11.0,513483.29074375494,0.016510498082043263,11.011822437037372
density_curve,13,21,DRB01,,,,,,,,,,,,,11.0,521546.7375417237,0.017041501070230648,11.012202664778735
density_curve,13,21,DRB01,,,,,,,,,,,,,11.0,529736.8080788398,0.01759739994063748,11.012600719359638
density_curve,13,21,DRB01,,,,,,,,,,,,,11.0,538055.490781606,0.018175425769781747,11.013014618076506
density_curve,13,21,DRB01,,,,,,,,,,,,,11.0,546504.805301633,0.018771176573918538,11.013441208863584
density_curve,13,21,DRB01,,,,,,,,,,,,,11.0,555086.803005981,0.01937838160719356,11.013876001517264
density_curve,13,21,DRB01,,,,,,,,,,,,,11.0,563803.567475201,0.01998896037703896,11.014313209954404
density_curve,13,21,DRB01,,,,,,,,,,,,,11.0,572657.2150091964,0.02059340229243948,11.014746024061651
density_curve,13,21,DRB01,,,,,,,,,,,,,11.0,581649.8951410283,0.021181441630072694,11.015167093008822
density_curve,13,21,DRB01,,,,,,,,,,,,,11.0,590783.7911587943,0.021742953128983798,11.01556916654462
density_curve,13,21,DRB01,,,,,,,,,,,,,11.0,600061.1206356916,0.022268954043630128,11.015945812522476
density_curve,13,21,DRB01,,,,,,,,,,,,,11.0,609484.1359684145,0.022752575397141945,11.016292112372026
density_curve,13,21,DRB01,,,,,,,,,,,,,11.0,619055.1249240021,0.023189862349552403,11.016605234207386
density_curve,13,21,DRB01,,,,,,,,,,,,,11.0,628776.4111952737,0.023580281651320534,11.016884796192153
density_curve,13,21,DRB01,,,,,,,,,,,,,11.0,638650.3549649863,0.023926850427970596,11.017132958756402
density_curve,13,21,DRB01,,,,,,,,,,,,,11.0,648679.3534788508,0.024235849613099734,11.017354219398731
density_curve,13,21,DRB01,,,,,,,,,,,,,11.0,658865.8416275523,0.02451613999206792,11.017554922935417
density_curve,13,21,DRB01,,,,,,,,,,,,,11.0,669212.2925378972,0.02477815122291568,11.017742537583043
density_curve,13,21,DRB01,,,,,,,,,,,,,11.0,679721.2181732573,0.025032657179640108,11.017924778035999
density_curve,13,21,DRB01,,,,,,,,,,,,,11.0,690395.1699434342,0.025289478987748134,11.018108676767648
density_curve,13,21,DRB01,,,,,,,,,,,,,11.0,701236.7393241049,0.02555626700043293,11.018299711857361
density_curve,13,21,DRB01,,,,,,,,,,,,,11.0,712248.5584859921,0.02583750409699076,11.018501093296619
density_curve,13,21,DRB01,,,,,,,,,,,,,11.0,723433.3009339154,0.026133846918148317,11.01871329127679
density_curve,13,21,DRB01,,,,,,,,,,,,,11.0,734793.6821558832,0.0264418827986052,11.01893386213927
density_curve,13,21,DRB01,,,,,,,,,,,,,11.0,746332.4602823642,0.02675433331899042,11.019157594130043
density_curve,13,21,DRB01,,,,,,,,,,,,,11.0,758052.4367559261,0.02706068622831151,11.019376959891371
density_curve,13,21,DRB01,,,,,,,,,,,,,11.0,769956.4570113824,0.027348191486290516,11.019582829683637
density_curve,13,21,DRB01,,,,,,,,,,,,,11.0,782047.411166621,0.027603119128019844,11.019765372086566
density_curve,13,21,DRB01,,,,,,,,,,,,,11.0,794328.2347242822,0.0278121502226344,11.019915050003164
density_curve,13,21,DRB01,,,,,,,,,,,,,11.0,806801.909284454,0.02796375967701566,11.020023610824273
density_curve,13,21,DRB01,,,,,,,,,,,,,11.0,819471.4632685608,0.028049451849526782,11.020084971196871
density_curve,13,21,DRB01,,,,,,,,,,,,,11.0,832339.9726546166,0.02806472625823878,11.020095908525011
density_curve,13,21,DRB01,,,,,,,,,,,,,11.0,845410.561724033,0.028009679123500917,11.020056491707827
density_curve,13,21,DRB01,,,,,,,,,,,,,11.0,858686.4038201383,0.02788918396933528,11.019970210460201
density_curve,13,21,DRB01,,,,,,,,,,,,,11.0,872170.7221186243,0.02771263706949053,11.019843793037953
density_curve,13,21,DRB01,,,,,,,,,,,,,11.0,885866.7904100833,0.027493296739382896,11.019686733134034
density_curve,13,21,DRB01,,,,,,,,,,,,,11.0,899777.9338948353,0.027247284894907207,11.019510574938968
density_curve,13,21,DRB01,,,,,,,,,,,,,11.0,913907.5299902376,0.026992350921510023,11.019328028002214
density_curve,13,21,DRB01,,,,,,,,,,,,,11.0,928259.0091506683,0.02674651861955108,11.0191519983696
density_curve,13,21,DRB01,,,,,,,,,,,,,11.0,942835.8557003973,0.02652674497286521,11.018994628186851
density_curve,13,21,DRB01,,,,,,,,,,,,,11.0,957641.6086795169,0.02634771435202109,11.018866432281909
density_curve,13,21,DRB01,,,,,,,,,,,,,11.0,972679.8627031752,0.02622087461354534,11.018775607958226
density_curve,13,21,DRB01,,,,,,,,,,,,,11.0,987954.2688342923,0.026153794768541714,11.018727575049704
density_curve,13,21,DRB01,,,,,,,,,,,,,11.0,1003468.5354699849,0.02614989074324237,11.01872477954995
density_curve,13,21,DRB01,,,,,,,,,,,,,11.0,1019226.4292419085,0.026208529924698753,11.018766768472831
density_curve,13,21,DRB01,,,,,,,,,,,,,11.0,1035231.7759307377,0.02632549026917764,11.018850518599667
density_curve,13,21,DRB01,,,,,,,,,,,,,11.0,1051488.4613950192,0.026493718827195027,11.018970979625443
density_curve,13,21,DRB01,,,,,,,,,,,,,11.0,1068000.4325145755,0.02670430990663667,11.019121774578142
density_curve,13,21,DRB01,,,,,,,,,,,,,11.0,1084771.6981487798,0.026947606197169915,11.0192959882852
density_curve,13,21,DRB01,,,,,,,,,,,,,11.0,1101806.3301098226,0.027214317694622105,11.019486968585742
density_curve,13,21,DRB01,,,,,,,,,,,,,11.0,1119108.4641512968,0.027496553305054464,11.019689065016598
density_curve,13,21,DRB01,,,,,,,,,,,,,11.0,1136682.3009722962,0.027788668325972016,11.01989823565611
density_curve,13,21,DRB01,,,,,,,,,,,,,11.0,1154532.1072372785,0.028087847114461918,11.020112464346985
density_curve,13,21,DRB01,,,,,,,,,,,,,11.0,1172662.2166119604,0.028394363436009745,11.020331947120578
density_curve,13,21,DRB01,,,,,,,,,,,,,11.0,1191077.0308154398,0.028711490135205433,11.020559027516061
density_curve,13,21,DRB01,,,,,,,,,,,,,11.0,1209781.0206889012,0.029045063168084237,11.020797884403297
density_curve,13,21,DRB01,,,,,,,,,,,,,11.0,1228778.727281043,0.029402740181633743,11.021054001084416
density_curve,13,21,DRB01,,,,,,,,,,,,,11.0,1248074.7629505873,0.029793027390767758,11.021333468483494
density_curve,13,21,DRB01,,,,,,,,,,,,,11.0,1267673.8124860895,0.030224176548915415,11.021642195315998
density_curve,13,21,DRB01,,,,,,,,,,,,,11.0,1287580.634243335,0.030703072279557334,11.021985111356134
density_curve,13,21,DRB01,,,,,,,,,,,,,11.0,1307800.061300597,0.031234235469299015,11.02236545381074
density_curve,13,21,DRB01,,,,,,,,,,,,,11.0,1328337.002632031,0.03181905873490745,11.022784219871054
density_curve,13,21,DRB01,,,,,,,,,,,,,11.0,1349196.4442995142,0.03245536513240266,11.02323985072383
density_curve,13,21,DRB01,,,,,,,,,,,,,11.0,1370383.450663168,0.033137343642316595,11.02372818535518
density_curve,13,21,DRB01,,,,,,,,,,,,,11.0,1391903.1656109202,0.03385586920130903,11.024242689711057
density_curve,13,21,DRB01,,,,,,,,,,,,,11.0,1413760.8138073613,0.03459916749853843,11.02477493272852
density_curve,13,21,DRB01,,,,,,,,,,,,,11.0,1435961.7019622158,0.03535374240870903,11.025315250429484
density_curve,13,21,DRB01,,,,,,,,,,,,,11.0,1458511.22011873,0.036105453182418284,11.025853517249075
density_curve,13,21,DRB01,,,,,,,,,,,,,11.0,1481414.8429622927,0.03684061393607569,11.026379933331697
density_curve,13,21,DRB01,,,,,,,,,,,,,11.0,1504678.1311496203,0.037546991456187714,11.026885739014519
density_curve,13,21,DRB01,,,,,,,,,,,,,11.0,1528306.7326587688,0.038214597678752155,11.027363782286915
density_curve,13,21,DRB01,,,,,,,,,,,,,11.0,1552306.3841604206,0.038836206458416574,11.027808888825977
density_curve,13,21,DRB01,,,,,,,,,,,,,11.0,1576682.9124106285,0.03940756448366685,11.028218013023547
density_curve,13,21,DRB01,,,,,,,,,,,,,11.0,1601442.23566548,0.0399273067565579,11.028590177465006
density_curve,13,21,DRB01,,,,,,,,,,,,,11.0,1626590.3651179587,0.040396621827218974,11.028926233218504
density_curve,13,21,DRB01,,,,,,,,,,,,,11.0,1652133.4063573685,0.040818736501744675,11.029228490857088
density_curve,13,21,DRB01,,,,,,,,,,,,,11.0,1678077.5608516952,0.04119830189615282,11.029500280839114
density_curve,13,21,DRB01,,,,,,,,,,,,,11.0,1704429.1274531947,0.0415407627840166,11.029745501925989
density_curve,13,21,DRB01,,,,,,,,,,,,,11.0,1731194.503927705,0.041851782469676024,11.029968209359334
density_curve,13,21,DRB01,,,,,,,,,,,,,11.0,1758380.1885078938,0.04213677937906238,11.030172283034176
density_curve,13,21,DRB01,,,,,,,,,,,,,11.0,1785992.7814709456,0.04240061288279628,11.030361202530774
density_curve,13,21,DRB01,,,,,,,,,,,,,11.0,1814038.9867410094,0.04264743761631948,11.030537942799713
density_curve,13,21,DRB01,,,,,,,,,,,,,11.0,1842525.6135168101,0.0428807296646738,11.030704992911664
density_curve,13,21,DRB01,,,,,,,,,,,,,11.0,1871459.5779248201,0.04310347513011784,11.030864491082314
density_curve,13,21,DRB01,,,,,,,,,,,,,11.0,1900847.9046983868,0.04331850157838837,11.031018462006353
density_curve,13,21,DRB01,,,,,,,,,,,,,11.0,1930697.7288832497,0.04352892511168899,11.031169136986675
density_curve,13,21,DRB01,,,,,,,,,,,,,11.0,1961016.2975697976,0.04373868010661109,11.03131933325625
density_curve,13,21,DRB01,,,,,,,,,,,,,11.0,1991810.9716525706,0.04395309555682534,11.03147286667162
density_curve,13,21,DRB01,,,,,,,,,,,,,11.0,2023089.2276173707,0.04417948303573894,11.031634972726943
density_curve,13,21,DRB01,,,,,,,,,,,,,11.0,2054858.65935644,0.04442770888545628,11.031812716273185
density_curve,13,21,DRB01,,,,,,,,,,,,,11.0,2087126.9800121451,0.04471073991198995,11.032015382266312
density_curve,13,21,DRB01,,,,,,,,,,,,,11.0,2119902.0238496074,0.04504517964482898,11.032254859759036
density_curve,13,21,DRB01,,,,,,,,,,,,,11.0,2153191.7481587674,0.04545185177881194,11.032546059677715
density_curve,13,21,DRB01,,,,,,,,,,,,,11.0,2187004.235186248,0.04595653743526766,11.032907442742445
density_curve,13,21,DRB01,,,,,,,,,,,,,11.0,2221347.6940976637,0.046591029648897296,11.033361774538438
density_curve,13,21,DRB01,,,,,,,,,,,,,11.0,2256230.462970635,0.04739472583295876,11.033937265809872
density_curve,13,21,DRB01,,,,,,,,,,,,,11.0,2291661.0108191706,0.04841702844975144,11.034669291473794
density_curve,13,21,DRB01,,,,,,,,,,,,,11.0,2327647.9396498133,0.04972085537565167,11.03560290423717
density_curve,13,21,DRB01,,,,,,,,,,,,,11.0,2364199.9865500783,0.051387562778886064,11.036796359651811
density_curve,13,21,DRB01,,,,,,,,,,,,,11.0,2401326.0258096857,0.053523542274465805,11.038325840045081
density_curve,13,21,DRB01,,,,,,,,,,,,,11.0,2439035.071075103,0.05626865841585503,11.040291496234287
density_curve,13,21,DRB01,,,,,,,,,,,,,11.0,2477336.2775379405,0.059806531509418046,11.042824810595068
density_curve,13,21,DRB01,,,,,,,,,,,,,11.0,2516238.944157669,0.06437643717935604,11.046097117813245
density_curve,13,21,DRB01,,,,,,,,,,,,,11.0,2555752.5159192816,0.07028628739949414,11.050328900027246
density_curve,13,21,DRB01,,,,,,,,,,,,,11.0,2595886.586126396,0.07792578713535633,11.055799207717264
density_curve,13,21,DRB01,,,,,,,,,,,,,11.0,2636650.898730361,0.0877784492419979,11.062854263041912
density_curve,13,21,DRB01,,,,,,,,,,,,,11.0,2678055.350695943,0.10043073738641978,11.071914006680343
density_curve,13,21,DRB01,,,,,,,,,,,,,11.0,2720109.994404156,0.11657624969651083,11.083475093558137
density_curve,13,21,DRB01,,,,,,,,,,,,,11.0,2762825.0400928515,0.13701262719762722,11.09810867911554
density_curve,13,21,DRB01,,,,,,,,,,,,,11.0,2806210.858335576,0.16262885240499964,11.11645132439156
density_curve,13,21,DRB01,,,,,,,,,,,,,11.0,2850277.982559416,0.19438087388811878,11.13918754185321
density_curve,13,21,DRB01,,,,,,,,,,,,,11.0,2895037.1116023487,0.2332541137583876,11.167022948666572
density_curve,13,21,DRB01,,,,,,,,,,,,,11.0,2940499.1123107616,0.2802124132408515,11.200647708880034
density_curve,13,21,DRB01,,,,,,,,,,,,,11.0,2986675.022177758,0.3361343213794472,11.240690912585517
density_curve,13,21,DRB01,,,,,,,,,,,,,11.0,3033576.0520228897,0.401739244489803,11.287667694809755
density_curve,13,21,DRB01,,,,,,,,,,,,,11.0,3081213.5887140087,0.4775076935799061,11.341922128221508
density_curve,13,21,DRB01,,,,,,,,,,,,,11.0,3129599.1979317563,0.5636014802820242,11.403570078969995
density_curve,13,21,DRB01,,,,,,,,,,,,,11.0,3178744.626977629,0.6597909701024822,11.472447115956308
density_curve,13,21,DRB01,,,,,,,,,,,,,11.0,3228661.807625975,0.7653971550526097,11.548067031607907
density_curve,13,21,DRB01,,,,,,,,,,,,,11.0,3279362.859020883,0.8792561470257754,11.62959641715718
density_curve,13,21,DRB01,,,,,,,,,,,,,11.0,3330860.090618524,0.9997125939740644,11.71584994825692
density_curve,13,21,DRB01,,,,,,,,,,,,,11.0,3383166.005175699,1.1246464787930337,11.80530957447577
density_curve,13,21,DRB01,,,,,,,,,,,,,11.0,3436293.3017853256,1.2515349126798572,11.896168766787437
density_curve,13,21,DRB01,,,,,,,,,,,,,11.0,3490254.8789595794,1.3775471571274807,11.986400558615708
density_curve,13,21,DRB01,,,,,,,,,,,,,11.0,3545063.837761485,1.4996675915260627,12.073845597492157
density_curve,13,21,DRB01,,,,,,,,,,,,,11.0,3600733.4849856202,1.6148381400590266,12.156314130653582
density_curve,13,21,DRB01,,,,,,,,,,,,,11.0,3657277.33638883,1.720109232818856,12.231694101616545
density_curve,13,21,DRB01,,,,,,,,,,,,,11.0,3714709.119971648,1.8127870768328436,12.29805660444173
density_curve,13,21,DRB01,,,,,,,,,,,,,11.0,3773042.7793112434,1.890565086347174,12.353749995144181
density_curve,13,21,DRB01,,,,,,,,,,,,,11.0,3832292.476946719,1.9516288133311384,12.397475027783893
density_curve,13,21,DRB01,,,,,,,,,,,,,11.0,3892472.597817551,1.994726468141623,12.428335351192882
density_curve,13,21,DRB01,,,,,,,,,,,,,11.0,3953597.752756071,2.0192007772796416,12.445860320904856
density_curve,13,21,DRB01,,,,,,,,,,,,,11.0,4015682.782034709,2.0249820018735716,12.45
density_curve,13,21,DRB01,,,,,,,,,,,,,11.0,4078742.7589690215,2.012545884740728,12.441095046856743
density_curve,13,21,DRB01,,,,,,,,,,,,,11.0,4142792.9935772587,1.9828435770840784,12.41982653876023
density_curve,13,21,DRB01,,,,,,,,,,,,,11.0,4207849.036297407,1.9372127978149252,12.38715235702476
density_curve,13,21,DRB01,,,,,,,,,,,,,11.0,4273926.681762604,1.877280353500861,12.344237385842305
density_curve,13,21,DRB01,,,,,,,,,,,,,11.0,4341041.972635828,1.804865660036879,12.292384428420647
density_curve,13,21,DRB01,,,,,,,,,,,,,11.0,4409211.203504863,1.7218932333325299,12.232971545437
density_curve,13,21,DRB01,,,,,,,,,,,,,11.0,4478450.924838282,1.630319603709188,12.167399721672151
density_curve,13,21,DRB01,,,,,,,,,,,,,11.0,4548777.947003777,1.5320772127197089,12.09705269300575
density_curve,13,21,DRB01,,,,,,,,,,,,,11.0,4620209.3443493685,1.4290350524921707,12.023268761992195
density_curve,13,21,DRB01,,,,,,,,,,,,,11.0,4692762.459348841,1.322973529934787,11.947322799230099
density_curve,13,21,DRB01,,,,,,,,,,,,,11.0,4766454.906812234,1.2155695794234285,11.870415583216634
density_curve,13,21,DRB01,,,,,,,,,,,,,11.0,4841304.57816245,1.1083875393639067,11.793667267457524
density_curve,13,21,DRB01,,,,,,,,,,,,,11.0,4917329.645779026,1.0028717063222499,11.718112048809237
density_curve,13,21,DRB01,,,,,,,,,,,,,11.0,4994548.567410101,0.9003375897134862,11.64469190534863
density_curve,13,21,DRB01,,,,,,,,,,,,,11.0,5072980.090653727,0.8019604128152601,11.574248362457658
density_curve,13,21,DRB01,,,,,,,,,,,,,11.0,5152643.257509442,0.7087610065888298,11.507512392012838
density_curve,13,21,DRB01,,,,,,,,,,,,,11.0,5233557.40900142,0.6215906128261629,11.445093530591393
density_curve,13,21,DRB01,,,,,,,,,,,,,11.0,5315742.189874179,0.5411170240709662,11.387469954882043
density_curve,13,21,DRB01,,,,,,,,,,,,,11.0,5399217.553362021,0.46781482375697814,11.334981493079942
density_curve,13,21,DRB01,,,,,,,,,,,,,11.0,5484003.766033389,0.40196225519882467,11.287827382909592
density_curve,13,21,DRB01,,,,,,,,,,,,,11.0,5570121.412711266,0.3436465501186205,11.246070087146933
density_curve,13,21,DRB01,,,,,,,,,,,,,11.0,5657591.401470916,0.2927785632355652,11.20964577280133
density_curve,13,21,DRB01,,,,,,,,,,,,,11.0,5746434.968715974,0.24911649213605752,11.178381295864888
density_curve,13,21,DRB01,,,,,,,,,,,,,11.0,5836673.684334379,0.21229749789058522,11.152016843436897
density_curve,13,21,DRB01,,,,,,,,,,,,,11.0,5928329.456935207,0.1818753186410744,11.130232867149218
density_curve,13,21,DRB01,,,,,,,,,,,,,11.0,6021424.539167753,0.15736155385291506,11.112679644992209
density_curve,13,21,DRB01,,,,,,,,,,,,,11.0,6115981.53312414,0.13826818782614253,11.099007730519288
density_curve,13,21,DRB01,,,,,,,,,,,,,11.0,6212023.395826757,0.1241490545021471,11.088897643960074
density_curve,13,21,DRB01,,,,,,,,,,,,,11.0,6309573.444801942,0.11463822139151682,11.08208735725251
density_curve,13,21,DRB01,,,,,,,,,,,,,11.0,6408655.363740995,0.10948357825000656,11.07839634540733
density_curve,13,21,DRB01,,,,,,,,,,,,,11.0,6509293.20825039,0.10857416186547676,11.077745152578778
density_curve,13,21,DRB01,,,,,,,,,,,,,11.0,6611511.411691989,0.11195987508812001,11.080169511989524
density_curve,13,21,DRB01,,,,,,,,,,,,,11.0,6715334.791115149,0.11986225857451199,11.085828059099901
density_curve,13,21,DRB01,,,,,,,,,,,,,11.0,6820788.553281926,0.1326748917286273,11.095002618704026
density_curve,13,21,DRB01,,,,,,,,,,,,,11.0,6927898.300786892,0.15095192282152176,11.108089991856072
density_curve,13,21,DRB01,,,,,,,,,,,,,11.0,7036690.03827307,0.17538327234735626,11.125584200090852
density_curve,13,21,DRB01,,,,,,,,,,,,,11.0,7147190.1787454495,0.20675533813486255,11.148048348093056
density_curve,13,21,DRB01,,,,,,,,,,,,,11.0,7259425.549983729,0.24589665456053209,11.176075712664547
density_curve,13,21,DRB01,,,,,,,,,,,,,11.0,7373423.401055615,0.2936089746706858,11.210240393681817
density_curve,13,21,DRB01,,,,,,,,,,,,,11.0,7489211.408932546,0.3505856403401337,11.251038862578953
density_curve,13,21,DRB01,,,,,,,,,,,,,11.0,7606817.685209225,0.41732079094640334,11.29882495069705
density_curve,13,21,DRB01,,,,,,,,,,,,,11.0,7726270.782928702,0.4940147660142479,11.353742112304158
density_curve,13,21,DRB01,,,,,,,,,,,,,11.0,7847599.7035146225,0.5804827467970614,11.415658006874617
density_curve,13,21,DRB01,,,,,,,,,,,,,11.0,7970833.903812322,0.6760749814657081,11.484107375877054
density_curve,13,21,DRB01,,,,,,,,,,,,,11.0,8096003.303240569,0.7796175726552586,11.55824964335693
density_curve,13,21,DRB01,,,,,,,,,,,,,11.0,8223138.291055465,0.889382541889085,11.636847480395378
density_curve,13,21,DRB01,,,,,,,,,,,,,11.0,8352269.733728553,1.0030945781670773,11.718271637474569
density_curve,13,21,DRB01,,,,,,,,,,,,,11.0,8483428.982440725,1.1179795085656525,11.800535652129419
density_curve,13,21,DRB01,,,,,,,,,,,,,11.0,8616647.880693821,1.230856225903264,11.881361674280779
density_curve,13,21,DRB01,,,,,,,,,,,,,11.0,8751958.77204175,1.3382698510264128,11.958275817855615
density_curve,13,21,DRB01,,,,,,,,,,,,,11.0,8889394.507943004,1.4366597014468971,12.028728435695035
density_curve,13,21,DRB01,,,,,,,,,,,,,11.0,9028988.455736592,1.5225516729510478,12.090231875511186
density_curve,13,21,DRB01,,,,,,,,,,,,,11.0,9170774.50674293,1.5927614250640427,12.140505972006686
density_curve,13,21,DRB01,,,,,,,,,,,,,11.0,9314787.084492404,1.6445927506980609,12.177620090601216
density_curve,13,21,DRB01,,,,,,,,,,,,,11.0,9461061.153082676,1.6760150370588505,12.200120199333536
density_curve,13,21,DRB01,,,,,,,,,,,,,11.0,9609632.225667553,1.6858049398034478,12.207130315456313
density_curve,13,21,DRB01,,,,,,,,,,,,,11.0,9760536.373079011,1.6736402312212626,12.198419705965538
density_curve,13,21,DRB01,,,,,,,,,,,,,11.0,9913810.23258467,1.640137963154804,12.174430214379232
density_curve,13,21,DRB01,,,,,,,,,,,,,11.0,10069491.016782762,1.5868341353675217,12.136261702155396
density_curve,13,21,DRB01,,,,,,,,,,,,,11.0,10227616.522636779,1.5161073807524765,12.085617403047094
density_curve,13,21,DRB01,,,,,,,,,,,,,11.0,10388225.14065211,1.4310541248805877,12.024714530379518
density_curve,13,21,DRB01,,,,,,,,,,,,,11.0,10551355.864196453,1.335326649974209,11.956168321827628
density_curve,13,21,DRB01,,,,,,,,,,,,,11.0,10717048.298967114,1.2329480277034055,11.882859520981341
density_curve,13,21,DRB01,,,,,,,,,,,,,11.0,10885342.672606446,1.128118719906759,11.8077958926802
density_curve,13,21,DRB01,,,,,,,,,,,,,11.0,11056279.844468623,1.0250287625283376,11.733977736242066
density_curve,13,21,DRB01,,,,,,,,,,,,,11.0,11229901.315539658,0.9276870710785254,11.664275658657358
density_curve,13,21,DRB01,,,,,,,,,,,,,11.0,11406249.238513203,0.8397759690006841,11.601326408789987
density_curve,13,21,DRB01,,,,,,,,,,,,,11.0,11585366.428024698,0.7645351153501627,11.547449763124833
density_curve,13,21,DRB01,,,,,,,,,,,,,11.0,11767296.371045876,0.7046752144644061,11.504586737081125
density_curve,13,21,DRB01,,,,,,,,,,,,,11.0,11952083.237443073,0.6623187958164906,11.474257180086221
density_curve,13,21,DRB01,,,,,,,,,,,,,11.0,12139771.890700752,0.6389633835300955,11.457533402895145
density_curve,13,21,DRB01,,,,,,,,,,,,,11.0,12330407.898813803,0.6354617501885192,11.455026038217046
density_curve,13,21,DRB01,,,,,,,,,,,,,11.0,12524037.545350743,0.6520146455208,11.466878834049107
density_curve,13,21,DRB01,,,,,,,,,,,,,11.0,12720707.84069066,0.688173149952466,11.492770338950091
density_curve,13,21,DRB01,,,,,,,,,,,,,11.0,12920466.533436738,0.742850179966448,11.531922140520141
density_curve,13,21,DRB01,,,,,,,,,,,,,11.0,13123362.122008637,0.814343109571286,11.583115063633088
density_curve,13,21,DRB01,,,,,,,,,,,,,11.0,13329443.866417537,0.9003713981432022,11.644716114069025
density_curve,13,21,DRB01,,,,,,,,,,,,,11.0,13538761.800225446,0.9981340435249096,11.714719618135884
density_curve,13,21,DRB01,,,,,,,,,,,,,11.0,13751366.742692733,1.104391298227674,11.790805736025552
density_curve,13,21,DRB01,,,,,,,,,,,,,11.0,13967310.311116258,1.2155733178615926,11.870418260146765
density_curve,13,21,DRB01,,,,,,,,,,,,,11.0,14186644.93336124,1.3279154334862637,11.950861477669221
density_curve,13,21,DRB01,,,,,,,,,,,,,11.0,14409423.860590115,1.43761596942815,12.029413176878677
density_curve,13,21,DRB01,,,,,,,,,,,,,11.0,14635701.180190798,1.5410085575341925,12.103448033788542
density_curve,13,21,DRB01,,,,,,,,,,,,,11.0,14865531.828908725,1.6347374035661335,12.170563112648784
density_curve,13,21,DRB01,,,,,,,,,,,,,11.0,15098971.606184201,1.715921589981212,12.228695515896293
density_curve,13,21,DRB01,,,,,,,,,,,,,11.0,15336077.187700124,1.782293762164488,12.27622169122857
density_curve,13,21,DRB01,,,,,,,,,,,,,11.0,15576906.139141649,1.8322997223062842,12.312028746372032
density_curve,13,21,DRB01,,,,,,,,,,,,,11.0,15821516.930172438,1.8651485383103317,12.335550329853664
density_curve,13,21,DRB01,,,,,,,,,,,,,11.0,16069968.948630175,1.8808074555087513,12.346762987505288
density_curve,13,21,DRB01,,,,,,,,,,,,,11.0,16322322.514945026,1.8799416039820038,12.346142989543516
density_curve,13,21,DRB01,,,,,,,,,,,,,11.0,16578638.896784693,1.8638044692014206,12.334587901443872
density_curve,13,21,DRB01,,,,,,,,,,,,,11.0,16838980.323928915,1.8340905154444171,12.31331105409027
density_curve,13,21,DRB01,,,,,,,,,,,,,11.0,17103410.003378414,1.7927654563212245,12.283720008010262
density_curve,13,21,DRB01,,,,,,,,,,,,,11.0,17371992.134700213,1.7418918710865054,12.247291684932776
density_curve,13,21,DRB01,,,,,,,,,,,,,11.0,17644791.92561452,1.683467858308815,12.205456834820888
density_curve,13,21,DRB01,,,,,,,,,,,,,11.0,17921875.607826144,1.6192942112080264,12.159504926008836
density_curve,13,21,DRB01,,,,,,,,,,,,,11.0,18203310.453104522,1.5508815222573566,12.110517626918428
density_curve,13,21,DRB01,,,,,,,,,,,,,11.0,18489164.789616488,1.4794032744739085,12.059335216808064
density_curve,13,21,DRB01,,,,,,,,,,,,,11.0,18779508.018514913,1.4056951184252413,12.006556068069122
density_curve,13,21,DRB01,,,,,,,,,,,,,11.0,19074410.630788796,1.3302949807251425,11.952565366144864
density_curve,13,21,DRB01,,,,,,,,,,,,,11.0,19373944.224377003,1.2535141378720234,11.897586002360882
density_curve,13,21,DRB01,,,,,,,,,,,,,11.0,19678181.521551367,1.1755264693033491,11.841742484087657
density_curve,13,21,DRB01,,,,,,,,,,,,,11.0,19987196.386572525,1.0964620664434273,11.7851279640372
density_curve,13,21,DRB01,,,,,,,,,,,,,11.0,20301063.843623016,1.0164922225867186,11.72786509775743
density_curve,13,21,DRB01,,,,,,,,,,,,,11.0,20619860.095022235,0.935895293791465,11.670153203703562
density_curve,13,21,DRB01,,,,,,,,,,,,,11.0,20943662.539726753,0.8550965254840607,11.612296781307046
density_curve,13,21,DRB01,,,,,,,,,,,,,11.0,21272549.792122267,0.7746790836794172,11.554713409944316
density_curve,13,21,DRB01,,,,,,,,,,,,,11.0,21606601.701109305,0.6953675933175755,11.497921961468098
density_curve,13,21,DRB01,,,,,,,,,,,,,11.0,21945899.369489986,0.6179889231331529,11.442514519987826
density_curve,13,21,DRB01,,,,,,,,,,,,,11.0,22290525.173658106,0.5434173691081932,11.389117130166017
density_curve,13,21,DRB01,,,,,,,,,,,,,11.0,22640562.78359909,0.47251257105033795,11.338345342027274
density_curve,13,21,DRB01,,,,,,,,,,,,,11.0,22996097.183203783,0.4060584435359202,11.290760482109137
density_curve,13,21,DRB01,,,,,,,,,,,,,11.0,23357214.690901212,0.3447102840179669,11.246831779918832
density_curve,13,21,DRB01,,,,,,,,,,,,,11.0,23724002.980615646,0.288955335784748,11.20690812881311
density_curve,13,21,DRB01,,,,,,,,,,,,,11.0,24096551.10305199,0.2390897958361568,11.171201622355985
density_curve,13,21,DRB01,,,,,,,,,,,,,11.0,24474949.507316638,0.19521293380220178,11.13978334313653
density_curve,13,21,DRB01,,,,,,,,,,,,,11.0,24859290.062876612,0.1572369413110116,11.112590415465432
density_curve,13,21,DRB01,,,,,,,,,,,,,11.0,25249666.08186437,0.12490958468640946,11.089442225969277
density_curve,13,21,DRB01,,,,,,,,,,,,,11.0,25646172.341732506,0.0978458022681404,11.070063049033292
density_curve,13,21,DRB01,,,,,,,,,,,,,11.0,26048905.10826428,0.07556407978766223,11.054108093598233
density_curve,13,21,DRB01,,,,,,,,,,,,,11.0,26457962.158945747,0.05752367428209686,11.041190157557878
density_curve,13,21,DRB01,,,,,,,,,,,,,11.0,26873442.80670409,0.04315940109101341,11.030904537188018
density_curve,13,21,DRB01,,,,,,,,,,,,,11.0,27295447.924020074,0.03191158466448123,11.022850473594671
density_curve,13,21,DRB01,,,,,,,,,,,,,11.0,27724079.967417758,0.02324973999986514,11.016648109943008
density_curve,13,21,DRB01,,,,,,,,,,,,,11.0,28159443.002339695,0.01668946085543389,11.011950584359756
density_curve,13,21,DRB01,,,,,,,,,,,,,11.0,28601642.7284124,0.01180274616678808,11.008451424223034
density_curve,13,21,DRB01,,,,,,,,,,,,,11.0,29050786.505108584,0.008222543931392884,11.00588779983698
density_curve,13,21,DRB01,,,,,,,,,,,,,11.0,29506983.377812706,0.005642619465390035,11.00404043009629
density_curve,13,21,DRB01,,,,,,,,,,,,,11.0,29970344.104294933,0.003813981585278758,11.002731023433066
density_curve,13,21,DRB01,,,,,,,,,,,,,11.0,30440981.18160234,0.002539065868106898,11.001818112706854
density_curve,13,21,DRB01,,,,,,,,,,,,,11.0,30919008.873370558,0.0016647280547392505,11.001192038090778
density_curve,13,21,DRB01,,,,,,,,,,,,,11.0,31404543.237566188,0.0010748921038327877,11.000769682668347
density_curve,13,21,DRB01,,,,,,,,,,,,,11.0,31897702.154663246,0.0006834687187820437,11.000489401703975
density_curve,13,21,DRB01,,,,,,,,,,,,,11.0,32398605.356263112,0.00042794311777633693,11.00030643112887
density_curve,13,21,DRB01,,,,,,,,,,,,,11.0,32907374.454163484,0.000263845599548371,11.000188928157876
density_curve,13,21,DRB01,,,,,,,,,,,,,11.0,33424132.969883844,0.00016017474531541422,11.000114694046907
density_curve,13,21,DRB01,,,,,,,,,,,,,11.0,33949006.36465498,9.57422587727937e-05,11.000068556794625
density_curve,13,21,DRB01,,,,,,,,,,,,,11.0,34482122.069878325,5.634622067630142e-05,11.000040347035137
density_curve,13,21,DRB01,,,,,,,,,,,,,11.0,35023609.518065386,3.2648585701297124e-05,11.000023378207423
density_curve,13,21,DRB01,,,,,,,,,,,,,11.0,35573600.17426121,1.8624739588848545e-05,11.000013336351818
density_curve,13,21,DRB01,,,,,,,,,,,,,11.0,36132227.56796255,1.0459980272934804e-05,11.000007489928988
density_curve,13,21,DRB01,,,,,,,,,,,,,11.0,36699627.32553667,5.783298605517198e-06,11.000004141164203
density_curve,13,21,DRB01,,,,,,,,,,,,,11.0,37275937.20314938,3.147852649073988e-06,11.00000225403798
density_curve,13,21,DRB01,,,,,,,,,,,,,11.0,37861297.12021055,1.686699607072088e-06,11.000001207770946
density_curve,13,21,DRB01,,,,,,,,,,,,,11.0,38455849.19334357,8.896860381005923e-07,11.000000637064801
density_curve,13,21,DRB01,,,,,,,,,,,,,11.0,39059737.77089033,4.6195867945405864e-07,11.000000330788167
density_curve,13,21,DRB01,,,,,,,,,,,,,11.0,39673109.46795558,2.3611791997770442e-07,11.000000169073594
density_curve,13,21,DRB01,,,,,,,,,,,,,11.0,40296113.20200404,1.1879737044142806e-07,11.00000008506554
density_curve,13,21,DRB01,,,,,,,,,,,,,11.0,40928900.22901449,5.8834193071970035e-08,11.000000042128562
density_curve,13,21,DRB01,,,,,,,,,,,,,11.0,41571624.180202775,2.8680803176168798e-08,11.000000020537055
density_curve,13,21,DRB01,,,,,,,,,,,,,11.0,42224441.09932146,1.3762114653498726e-08,11.00000000985444
density_curve,13,21,DRB01,,,,,,,,,,,,,11.0,42887509.48054403,6.4998834234595746e-09,11.000000004654279
density_curve,13,21,DRB01,,,,,,,,,,,,,11.0,43560990.30694617,3.0216698543728423e-09,11.000000002163684
density_curve,13,21,DRB01,,,,,,,,,,,,,11.0,44245047.08958865,1.382624779898158e-09,11.000000000990036
density_curve,13,21,DRB01,,,,,,,,,,,,,11.0,44939845.907216705,6.226911167724145e-10,11.000000000445882
density_curve,13,21,DRB01,,,,,,,,,,,,,11.0,45645555.44658045,2.760243680445522e-10,11.000000000197648
density_curve,13,21,DRB01,,,,,,,,,,,,,11.0,46362347.04338999,1.2042711256378912e-10,11.000000000086233
density_curve,13,21,DRB01,,,,,,,,,,,,,11.0,47090394.72391306,5.1712929761005426e-11,11.00000000003703
density_curve,13,21,DRB01,,,,,,,,,,,,,11.0,47829875.24722586,2.1855874780888974e-11,11.00000000001565
density_curve,13,21,DRB01,,,,,,,,,,,,,11.0,48580968.14812807,9.091338102873732e-12,11.00000000000651
density_curve,13,21,DRB01,,,,,,,,,,,,,11.0,49343855.78073008,3.721984703972089e-12,11.000000000002665
density_curve,13,21,DRB01,,,,,,,,,,,,,11.0,50118723.36272725,1.4997031777662915e-12,11.000000000001075
density_curve,14,16,DRB12,,,,,,,,,,,,,10.0,100000.0,0.001931963480597986,10.001356899160243
density_curve,14,16,DRB12,,,,,,,,,,,,,10.0,101570.34258822507,0.0018671335858516619,10.001311366400113
density_curve,14,16,DRB12,,,,,,,,,,,,,10.0,103165.34493489409,0.0018247383179917683,10.00128159042146
density_curve,14,16,DRB12,,,,,,,,,,,,,10.0,104785.39428269603,0.0018038724044780656,10.001266935413325
density_curve,14,16,DRB12,,,,,,,,,,,,,10.0,106430.88395535655,0.0018034937342144145,10.001266669457282
density_curve,14,16,DRB12,,,,,,,,,,,,,10.0,108102.21345313193,0.001822495486424663,10.001280015186575
density_curve,14,16,DRB12,,,,,,,,,,,,,10.0,109799.78854980043,0.0018597492030867906,10.001306180037703
density_curve,14,16,DRB12,,,,,,,,,,,,,10.0,111524.02139117903,0.001914119353666365,10.001344366479842
density_curve,14,16,DRB12,,,,,,,,,,,,,10.0,113275.33059518597,0.0019844553455024205,10.0013937664034
density_curve,14,16,DRB12,,,,,,,,,,,,,10.0,115054.14135347492,0.002069571135524361,10.001453546800473
density_curve,14,16,DRB12,,,,,,,,,,,,,10.0,116860.88553466521,0.002168224724591066,10.001522835362863
density_curve,14,16,DRB12,,,,,,,,,,,,,10.0,118696.00178919302,0.00227910937874233,10.00160071431638
density_curve,14,16,DRB12,,,,,,,,,,,,,10.0,120559.93565580886,0.00240086543116622,10.00168622870987
density_curve,14,16,DRB12,,,,,,,,,,,,,10.0,122453.13966974878,0.0025321164878991803,10.001778411843997
density_curve,14,16,DRB12,,,,,,,,,,,,,10.0,124376.07347260158,0.002671527717986339,10.001876326210876
density_curve,14,16,DRB12,,,,,,,,,,,,,10.0,126329.20392390396,0.0028178778315478066,10.001979114047286
density_curve,14,16,DRB12,,,,,,,,,,,,,10.0,128313.00521448672,0.0029701315452540502,10.002086048230227
density_curve,14,16,DRB12,,,,,,,,,,,,,10.0,130327.95898160127,0.0031274968192486633,10.002196572476818
density_curve,14,16,DRB12,,,,,,,,,,,,,10.0,132374.55442585386,0.003289451550228733,10.002310320091963
density_curve,14,16,DRB12,,,,,,,,,,,,,10.0,134453.28842997624,0.003455727833718603,10.002427102915085
density_curve,14,16,DRB12,,,,,,,,,,,,,10.0,136564.66567946097,0.003626247921503866,10.00254686634035
density_curve,14,16,DRB12,,,,,,,,,,,,,10.0,138709.19878509274,0.003801013662065408,10.002669611666018
density_curve,14,16,DRB12,,,,,,,,,,,,,10.0,140887.40840740083,0.003979959249563723,10.002795292673886
density_curve,14,16,DRB12,,,,,,,,,,,,,10.0,143099.82338306884,0.00416278413356968,10.002923698274754
density_curve,14,16,DRB12,,,,,,,,,,,,,10.0,145346.98085332804,0.004348787709023337,10.003054336404237
density_curve,14,16,DRB12,,,,,,,,,,,,,10.0,147629.42639436718,0.004536729037117731,10.003186335498851
density_curve,14,16,DRB12,,,,,,,,,,,,,10.0,149947.71414979032,0.004724733003932791,10.003318378587272
density_curve,14,16,DRB12,,,,,,,,,,,,,10.0,152302.40696515449,0.0049102592666603355,10.003448681479963
density_curve,14,16,DRB12,,,,,,,,,,,,,10.0,154694.07652461986,0.005090142875376392,10.00357502129956
density_curve,14,16,DRB12,,,,,,,,,,,,,10.0,157123.30348974746,0.005260706783796555,10.003694815501898
density_curve,14,16,DRB12,,,,,,,,,,,,,10.0,159590.6776404731,0.005417937917317166,10.003805245535997
density_curve,14,16,DRB12,,,,,,,,,,,,,10.0,162096.79801829843,0.005557711288591846,10.003903414249852
density_curve,14,16,DRB12,,,,,,,,,,,,,10.0,164642.27307172897,0.005676041755952013,10.003986522710962
density_curve,14,16,DRB12,,,,,,,,,,,,,10.0,167227.72080399614,0.00576934086848268,10.00405205059941
density_curve,14,16,DRB12,,,,,,,,,,,,,10.0,169853.76892309941,0.005834656811846427,10.004097924731914
density_curve,14,16,DRB12,,,,,,,,,,,,,10.0,172521.0549942039,0.00586987833537913,10.004122662288387
density_curve,14,16,DRB12,,,,,,,,,,,,,10.0,175230.2265944331,0.005873888026690239,10.004125478463138
density_curve,14,16,DRB12,,,,,,,,,,,,,10.0,177981.9414700888,0.0058466556575970125,10.004106352025643
density_curve,14,16,DRB12,,,,,,,,,,,,,10.0,180776.86769634343,0.005789267895298737,10.004066046187953
density_curve,14,16,DRB12,,,,,,,,,,,,,10.0,183615.6838394384,0.005703895980511544,10.00400608590369
density_curve,14,16,DRB12,,,,,,,,,,,,,10.0,186499.07912142982,0.00559370774622044,10.003928696075114
density_curve,14,16,DRB12,,,,,,,,,,,,,10.0,189427.7535875212,0.005462734457429047,10.003836708029088
density_curve,14,16,DRB12,,,,,,,,,,,,,10.0,192402.4182760241,0.005315706307694379,10.003733443979373
density_curve,14,16,DRB12,,,,,,,,,,,,,10.0,195423.79539098707,0.005157872866092496,10.003622590918992
density_curve,14,16,DRB12,,,,,,,,,,,,,10.0,198492.61847753756,0.004994826058703403,10.00350807629268
density_curve,14,16,DRB12,,,,,,,,,,,,,10.0,201609.63259997344,0.004832343004535335,10.003393957613955
density_curve,14,16,DRB12,,,,,,,,,,,,,10.0,204775.59452265495,0.004676263787496515,10.003284336619222
density_curve,14,16,DRB12,,,,,,,,,,,,,10.0,207991.2728937353,0.004532414729826905,10.003183305379494
density_curve,14,16,DRB12,,,,,,,,,,,,,10.0,211257.44843177704,0.004406580924570946,10.003094927008785
density_curve,14,16,DRB12,,,,,,,,,,,,,10.0,214574.91411529886,0.0043045231116559945,10.003023247516895
density_curve,14,16,DRB12,,,,,,,,,,,,,10.0,217944.4753752988,0.004232024385666519,10.002972328614234
density_curve,14,16,DRB12,,,,,,,,,,,,,10.0,221366.95029080036,0.004194943121235413,10.002946284883556
density_curve,14,16,DRB12,,,,,,,,,,,,,10.0,224843.16978747185,0.004199241618230558,10.002949303898678
density_curve,14,16,DRB12,,,,,,,,,,,,,10.0,228373.97783935972,0.0042509570477755505,10.002985625818646
density_curve,14,16,DRB12,,,,,,,,,,,,,10.0,231960.2316737949,0.004356083727428555,10.003059460704643
density_curve,14,16,DRB12,,,,,,,,,,,,,10.0,235602.80197951404,0.004520344275522948,10.00317482779207
density_curve,14,16,DRB12,,,,,,,,,,,,,10.0,239302.57311804994,0.00474884151332821,10.003335311006792
density_curve,14,16,DRB12,,,,,,,,,,,,,10.0,243060.44333844114,0.0050456017090686625,10.003543738166227
density_curve,14,16,DRB12,,,,,,,,,,,,,10.0,246877.32499531287,0.0054130404645007365,10.003801805849024
density_curve,14,16,DRB12,,,,,,,,,,,,,10.0,250754.1447703851,0.005851402071387761,10.004109685631557
density_curve,14,16,DRB12,,,,,,,,,,,,,10.0,254691.843897454,0.00635823810320168,10.004465657880958
density_curve,14,16,DRB12,,,,,,,,,,,,,10.0,258691.37839091144,0.006927998300476606,10.004865824416706
density_curve,14,16,DRB12,,,,,,,,,,,,,10.0,262753.7192778504,0.007551804351751883,10.005303949627471
density_curve,14,16,DRB12,,,,,,,,,,,,,10.0,266879.85283381585,0.0082174642879976,10.005771470580932
density_curve,14,16,DRB12,,,,,,,,,,,,,10.0,271070.7808222577,0.008909762887917994,10.006257700987616
density_curve,14,16,DRB12,,,,,,,,,,,,,10.0,275327.5207377438,0.009611034336660225,10.00675023340319
density_curve,14,16,DRB12,,,,,,,,,,,,,10.0,279651.1060529923,0.010301991237701069,10.007235521478353
density_curve,14,16,DRB12,,,,,,,,,,,,,10.0,284042.5864697849,0.010962753420876712,10.007699602533961
density_curve,14,16,DRB12,,,,,,,,,,,,,10.0,288503.028173816,0.011573995167110296,10.00812890330517
density_curve,14,16,DRB12,,,,,,,,,,,,,10.0,293033.5140935484,0.012118113965227172,10.008511060808484
density_curve,14,16,DRB12,,,,,,,,,,,,,10.0,297635.14416313195,0.012580319766808045,10.008835687371212
density_curve,14,16,DRB12,,,,,,,,,,,,,10.0,302309.0355894507,0.012949551203580493,10.009095014129468
density_curve,14,16,DRB12,,,,,,,,,,,,,10.0,307056.3231233643,0.013219142954162376,10.009284359747875
density_curve,14,16,DRB12,,,,,,,,,,,,,10.0,311878.15933520853,0.013387193594975727,10.00940238877673
density_curve,14,16,DRB12,,,,,,,,,,,,,10.0,316775.7148946211,0.013456612240540183,10.009451144409441
density_curve,14,16,DRB12,,,,,,,,,,,,,10.0,321750.1788547658,0.013434851324496297,10.009435860803409
density_curve,14,16,DRB12,,,,,,,,,,,,,10.0,326802.75894101255,0.013333358715006337,10.00936457827764
density_curve,14,16,DRB12,,,,,,,,,,,,,10.0,331934.6818441578,0.013166802621841745,10.009247598932422
density_curve,14,16,DRB12,,,,,,,,,,,,,10.0,337147.193518246,0.012952136163834243,10.00909682965571
density_curve,14,16,DRB12,,,,,,,,,,,,,10.0,342441.55948306865,0.012707574803504911,10.008925063932502
density_curve,14,16,DRB12,,,,,,,,,,,,,10.0,347819.06513141334,0.012451559716361717,10.008745253775507
density_curve,14,16,DRB12,,,,,,,,,,,,,10.0,353281.01604113757,0.01220177463056563,10.00856981921033
density_curve,14,16,DRB12,,,,,,,,,,,,,10.0,358828.7382921458,0.01197427400798112,10.008410035960367
density_curve,14,16,DRB12,,,,,,,,,,,,,10.0,364463.57878833805,0.01178276785385751,10.008275533138589
density_curve,14,16,DRB12,,,,,,,,,,,,,10.0,370186.9055846206,0.01163809401853033,10.008173922622843
density_curve,14,16,DRB12,,,,,,,,,,,,,10.0,376000.1082190484,0.011547893563010676,10.00811057105146
density_curve,14,16,DRB12,,,,,,,,,,,,,10.0,381904.59805018455,0.01151648955752877,10.00808851469838
density_curve,14,16,DRB12,,,,,,,,,,,,,10.0,387901.8085997564,0.011544955587980866,10.008108507588103
density_curve,14,16,DRB12,,,,,,,,,,,,,10.0,393993.19590069365,0.011631348348051376,10.00816918485492
density_curve,14,16,DRB12,,,,,,,,,,,,,10.0,400180.2388506313,0.011771070049846738,10.008267317279127
density_curve,14,16,DRB12,,,,,,,,,,,,,10.0,406464.4395709628,0.011957321822202566,10.008398129727729
density_curve,14,16,DRB12,,,,,,,,,,,,,10.0,412847.323771536,0.01218160915640734,10.008555656150195
density_curve,14,16,DRB12,,,,,,,,,,,,,10.0,419330.44112106785,0.012434264534815222,10.008733106642524
density_curve,14,16,DRB12,,,,,,,,,,,,,10.0,425915.3656233841,0.01270495966338177,10.008923227209667
density_curve,14,16,DRB12,,,,,,,,,,,,,10.0,432603.6959995626,0.012983188650472138,10.009118639122331
density_curve,14,16,DRB12,,,,,,,,,,,,,10.0,439397.0560760795,0.013258712139247564,10.009312150849805
density_curve,14,16,DRB12,,,,,,,,,,,,,10.0,446297.0951790494,0.013521959001597595,10.009497040186506
density_curve,14,16,DRB12,,,,,,,,,,,,,10.0,453305.48853465647,0.013764385443447893,10.009667306466728
density_curve,14,16,DRB12,,,,,,,,,,,,,10.0,460423.93767587794,0.013978790816319022,10.009817892372373
density_curve,14,16,DRB12,,,,,,,,,,,,,10.0,467654.17085558514,0.014159585652997134,10.009944872185672
density_curve,14,16,DRB12,,,,,,,,,,,,,10.0,474997.94346614124,0.014303001944713003,10.01004559947568
density_curve,14,16,DRB12,,,,,,,,,,,,,10.0,482457.03846558335,0.014407230544754965,10.010118803602616
density_curve,14,16,DRB12,,,,,,,,,,,,,10.0,490033.26681049785,0.014472467998066854,10.010164622608256
density_curve,14,16,DRB12,,,,,,,,,,,,,10.0,497728.46789569367,0.01450085676359128,10.010184561231574
density_curve,14,16,DRB12,,,,,,,,,,,,,10.0,505544.5100007789,0.014496309469840008,10.010181367476031
density_curve,14,16,DRB12,,,,,,,,,,,,,10.0,513483.29074375494,0.014464219056874209,10.010158829030123
density_curve,14,16,DRB12,,,,,,,,,,,,,10.0,521546.7375417237,0.01441107073573971,10.010121500730163
density_curve,14,16,DRB12,,,,,,,,,,,,,10.0,529736.8080788398,0.0143439860675356,10.010074384347858
density_curve,14,16,DRB12,,,,,,,,,,,,,10.0,538055.490781606,0.014270241195344186,10.010022590224338
density_curve,14,16,DRB12,,,,,,,,,,,,,10.0,546504.805301633,0.014196807701508506,10.009971014794926
density_curve,14,16,DRB12,,,,,,,,,,,,,10.0,555086.803005981,0.014129963940762044,10.009924067612056
density_curve,14,16,DRB12,,,,,,,,,,,,,10.0,563803.567475201,0.014075016548218664,10.009885475748623
density_curve,14,16,DRB12,,,,,,,,,,,,,10.0,572657.2150091964,0.014036157114846702,10.009858183135155
density_curve,14,16,DRB12,,,,,,,,,,,,,10.0,581649.8951410283,0.014016460014175093,10.00984434903341
density_curve,14,16,DRB12,,,,,,,,,,,,,10.0,590783.7911587943,0.014018007152037243,10.009845435653363
density_curve,14,16,DRB12,,,,,,,,,,,,,10.0,600061.1206356916,0.014042107345780817,10.009862362232452
density_curve,14,16,DRB12,,,,,,,,,,,,,10.0,609484.1359684145,0.014089565089277518,10.009895693800539
density_curve,14,16,DRB12,,,,,,,,,,,,,10.0,619055.1249240021,0.014160947679383534,10.009945828794054
density_curve,14,16,DRB12,,,,,,,,,,,,,10.0,628776.4111952737,0.014256801873440476,10.01001315122366
density_curve,14,16,DRB12,,,,,,,,,,,,,10.0,638650.3549649863,0.014377780889094433,10.010098119871564
density_curve,14,16,DRB12,,,,,,,,,,,,,10.0,648679.3534788508,0.014524657951279956,10.010201277806141
density_curve,14,16,DRB12,,,,,,,,,,,,,10.0,658865.8416275523,0.014698221226870613,10.010323178590118
density_curve,14,16,DRB12,,,,,,,,,,,,,10.0,669212.2925378972,0.014899064002515075,10.010464238913643
density_curve,14,16,DRB12,,,,,,,,,,,,,10.0,679721.2181732573,0.015127300611663978,10.010624539077908
density_curve,14,16,DRB12,,,,,,,,,,,,,10.0,690395.1699434342,0.01538225067695499,10.010803601225287
density_curve,14,16,DRB12,,,,,,,,,,,,,10.0,701236.7393241049,0.015662140266882025,10.011000179449123
density_curve,14,16,DRB12,,,,,,,,,,,,,10.0,712248.5584859921,0.015963868041599393,10.011212095548082
density_curve,14,16,DRB12,,,,,,,,,,,,,10.0,723433.3009339154,0.016282877735303427,10.011436149465167
density_curve,14,16,DRB12,,,,,,,,,,,,,10.0,734793.6821558832,0.016613166490137214,10.011668125140988
density_curve,14,16,DRB12,,,,,,,,,,,,,10.0,746332.4602823642,0.01694744325152862,10.011902901761445
density_curve,14,16,DRB12,,,,,,,,,,,,,10.0,758052.4367559261,0.017277434582698124,10.012134668544123
density_curve,14,16,DRB12,,,,,,,,,,,,,10.0,769956.4570113824,0.017594318836377725,10.01235722967534
density_curve,14,16,DRB12,,,,,,,,,,,,,10.0,782047.411166621,0.0178892554556429,10.012564376060364
density_curve,14,16,DRB12,,,,,,,,,,,,,10.0,794328.2347242822,0.018153965751566796,10.01275029322798
density_curve,14,16,DRB12,,,,,,,,,,,,,10.0,806801.909284454,0.018381315848993208,10.012909970757796
density_curve,14,16,DRB12,,,,,,,,,,,,,10.0,819471.4632685608,0.018565852083084138,10.013039578311762
density_curve,14,16,DRB12,,,,,,,,,,,,,10.0,832339.9726546166,0.01870424386792652,10.013136776679394
density_curve,14,16,DRB12,,,,,,,,,,,,,10.0,845410.561724033,0.018795598280405466,10.013200938723253
density_curve,14,16,DRB12,,,,,,,,,,,,,10.0,858686.4038201383,0.01884162315197529,10.013233263925159
density_curve,14,16,DRB12,,,,,,,,,,,,,10.0,872170.7221186243,0.01884662981699834,10.013236780316452
density_curve,14,16,DRB12,,,,,,,,,,,,,10.0,885866.7904100833,0.01881738111924619,10.013216237726587
density_curve,14,16,DRB12,,,,,,,,,,,,,10.0,899777.9338948353,0.018762803141049018,10.013177905318377
density_curve,14,16,DRB12,,,,,,,,,,,,,10.0,913907.5299902376,0.018693588951625335,10.013129293283809
density_curve,14,16,DRB12,,,,,,,,,,,,,10.0,928259.0091506683,0.01862172848092494,10.013078822654665
density_curve,14,16,DRB12,,,,,,,,,,,,,10.0,942835.8557003973,0.018560000019283093,10.01303546816137
density_curve,14,16,DRB12,,,,,,,,,,,,,10.0,957641.6086795169,0.018521456087679217,10.013008397138057
density_curve,14,16,DRB12,,,,,,,,,,,,,10.0,972679.8627031752,0.018518930400765705,10.013006623241973
density_curve,14,16,DRB12,,,,,,,,,,,,,10.0,987954.2688342923,0.018564584701696776,10.013038688176541
density_curve,14,16,DRB12,,,,,,,,,,,,,10.0,1003468.5354699849,0.018669505955806825,10.013112378783545
density_curve,14,16,DRB12,,,,,,,,,,,,,10.0,1019226.4292419085,0.018843357260200002,10.013234481862256
density_curve,14,16,DRB12,,,,,,,,,,,,,10.0,1035231.7759307377,0.019094081030581418,10.013410575705073
density_curve,14,16,DRB12,,,,,,,,,,,,,10.0,1051488.4613950192,0.019427651186464025,10.013644856046781
density_curve,14,16,DRB12,,,,,,,,,,,,,10.0,1068000.4325145755,0.01984787214080133,10.013939994886506
density_curve,14,16,DRB12,,,,,,,,,,,,,10.0,1084771.6981487798,0.020356225761903834,10.014297033002656
density_curve,14,16,DRB12,,,,,,,,,,,,,10.0,1101806.3301098226,0.020951772009140585,10.014715310165178
density_curve,14,16,DRB12,,,,,,,,,,,,,10.0,1119108.4641512968,0.021631113337751567,10.015192440135577
density_curve,14,16,DRB12,,,,,,,,,,,,,10.0,1136682.3009722962,0.022388435983788077,10.015724339663057
density_curve,14,16,DRB12,,,,,,,,,,,,,10.0,1154532.1072372785,0.023215641956859042,10.016305321188577
density_curve,14,16,DRB12,,,,,,,,,,,,,10.0,1172662.2166119604,0.02410258353601877,10.01692825754117
density_curve,14,16,DRB12,,,,,,,,,,,,,10.0,1191077.0308154398,0.025037407338651445,10.017584823591982
density_curve,14,16,DRB12,,,,,,,,,,,,,10.0,1209781.0206889012,0.026007008097024085,10.018265814960616
density_curve,14,16,DRB12,,,,,,,,,,,,,10.0,1228778.727281043,0.02699758388790984,10.018961537976248
density_curve,14,16,DRB12,,,,,,,,,,,,,10.0,1248074.7629505873,0.02799527556787521,10.019662258779885
density_curve,14,16,DRB12,,,,,,,,,,,,,10.0,1267673.8124860895,0.02898686437096866,10.02035869327657
density_curve,14,16,DRB12,,,,,,,,,,,,,10.0,1287580.634243335,0.02996049370248289,10.02104251408146
density_curve,14,16,DRB12,,,,,,,,,,,,,10.0,1307800.061300597,0.03090637466605173,10.021706846041171
density_curve,14,16,DRB12,,,,,,,,,,,,,10.0,1328337.002632031,0.03181743028127997,10.0223467186949
density_curve,14,16,DRB12,,,,,,,,,,,,,10.0,1349196.4442995142,0.03268983117975573,10.022959442516248
density_curve,14,16,DRB12,,,,,,,,,,,,,10.0,1370383.450663168,0.03352337634048185,10.023544876319718
density_curve,14,16,DRB12,,,,,,,,,,,,,10.0,1391903.1656109202,0.03432167667486644,10.024105556200174
density_curve,14,16,DRB12,,,,,,,,,,,,,10.0,1413760.8138073613,0.035092107422058164,10.02464666209808
density_curve,14,16,DRB12,,,,,,,,,,,,,10.0,1435961.7019622158,0.03584550752821228,10.025175806660922
density_curve,14,16,DRB12,,,,,,,,,,,,,10.0,1458511.22011873,0.036595620195937394,10.02570264231757
density_curve,14,16,DRB12,,,,,,,,,,,,,10.0,1481414.8429622927,0.0373582878115203,10.026238295841834
density_curve,14,16,DRB12,,,,,,,,,,,,,10.0,1504678.1311496203,0.03815043515312902,10.026794654216829
density_curve,14,16,DRB12,,,,,,,,,,,,,10.0,1528306.7326587688,0.03898889536701725,10.027383540068735
density_curve,14,16,DRB12,,,,,,,,,,,,,10.0,1552306.3841604206,0.039889151615735495,10.028015827873425
density_curve,14,16,DRB12,,,,,,,,,,,,,10.0,1576682.9124106285,0.040864081466306094,10.028700562087513
density_curve,14,16,DRB12,,,,,,,,,,,,,10.0,1601442.23566548,0.04192279912883188,10.02944414400386
density_curve,14,16,DRB12,,,,,,,,,,,,,10.0,1626590.3651179587,0.043069691149693626,10.030249654478371
density_curve,14,16,DRB12,,,,,,,,,,,,,10.0,1652133.4063573685,0.044303733298413556,10.031116374150931
density_curve,14,16,DRB12,,,,,,,,,,,,,10.0,1678077.5608516952,0.045618160094824306,10.03203955134044
density_curve,14,16,DRB12,,,,,,,,,,,,,10.0,1704429.1274531947,0.04700053445013737,10.03301045095666
density_curve,14,16,DRB12,,,,,,,,,,,,,10.0,1731194.503927705,0.04843323482696493,10.034016696653186
density_curve,14,16,DRB12,,,,,,,,,,,,,10.0,1758380.1885078938,0.049894343542568075,10.035042894720146
density_curve,14,16,DRB12,,,,,,,,,,,,,10.0,1785992.7814709456,0.051358885402613054,10.036071504028753
density_curve,14,16,DRB12,,,,,,,,,,,,,10.0,1814038.9867410094,0.052800334254591075,10.03708389414711
density_curve,14,16,DRB12,,,,,,,,,,,,,10.0,1842525.6135168101,0.05419227987783595,10.038061516067115
density_curve,14,16,DRB12,,,,,,,,,,,,,10.0,1871459.5779248201,0.055510132123910996,10.038987099093907
density_curve,14,16,DRB12,,,,,,,,,,,,,10.0,1900847.9046983868,0.05673273582494795,10.039845785063857
density_curve,14,16,DRB12,,,,,,,,,,,,,10.0,1930697.7288832497,0.05784377993496677,10.04062611804376
density_curve,14,16,DRB12,,,,,,,,,,,,,10.0,1961016.2975697976,0.058832907461919146,10.041320823882753
density_curve,14,16,DRB12,,,,,,,,,,,,,10.0,1991810.9716525706,0.05969646735437573,10.041927338293952
density_curve,14,16,DRB12,,,,,,,,,,,,,10.0,2023089.2276173707,0.0604378928185927,10.042448072562422
density_curve,14,16,DRB12,,,,,,,,,,,,,10.0,2054858.65935644,0.061067739044163676,10.042890440041488
density_curve,14,16,DRB12,,,,,,,,,,,,,10.0,2087126.9800121451,0.06160346335951346,10.0432667017467
density_curve,14,16,DRB12,,,,,,,,,,,,,10.0,2119902.0238496074,0.062069079167650865,10.04359372330037
density_curve,14,16,DRB12,,,,,,,,,,,,,10.0,2153191.7481587674,0.06249485910870336,10.043892766450131
density_curve,14,16,DRB12,,,,,,,,,,,,,10.0,2187004.235186248,0.06291730101134317,10.044189465155206
density_curve,14,16,DRB12,,,,,,,,,,,,,10.0,2221347.6940976637,0.0633796010387578,10.044514157896698
density_curve,14,16,DRB12,,,,,,,,,,,,,10.0,2256230.462970635,0.06393290053691932,10.044902763391553
density_curve,14,16,DRB12,,,,,,,,,,,,,10.0,2291661.0108191706,0.06463858396988165,10.045398394529096
density_curve,14,16,DRB12,,,,,,,,,,,,,10.0,2327647.9396498133,0.06557190062907092,10.046053902049717
density_curve,14,16,DRB12,,,,,,,,,,,,,10.0,2364199.9865500783,0.06682715568932722,10.046935520441709
density_curve,14,16,DRB12,,,,,,,,,,,,,10.0,2401326.0258096857,0.06852465718883906,10.0481277470973
density_curve,14,16,DRB12,,,,,,,,,,,,,10.0,2439035.071075103,0.0708195031760375,10.049739513895268
density_curve,14,16,DRB12,,,,,,,,,,,,,10.0,2477336.2775379405,0.07391213575597184,10.051911599751339
density_curve,14,16,DRB12,,,,,,,,,,,,,10.0,2516238.944157669,0.07806036655836296,10.054825076609873
density_curve,14,16,DRB12,,,,,,,,,,,,,10.0,2555752.5159192816,0.08359228771929686,10.058710377369014
density_curve,14,16,DRB12,,,,,,,,,,,,,10.0,2595886.586126396,0.09091913061358835,10.06385632710892
density_curve,14,16,DRB12,,,,,,,,,,,,,10.0,2636650.898730361,0.10054674263835378,10.07061820371929
density_curve,14,16,DRB12,,,,,,,,,,,,,10.0,2678055.350695943,0.11308395934652261,10.079423618000634
density_curve,14,16,DRB12,,,,,,,,,,,,,10.0,2720109.994404156,0.12924581262624052,10.090774766903523
density_curve,14,16,DRB12,,,,,,,,,,,,,10.0,2762825.0400928515,0.14984930852386735,10.105245468116207
density_curve,14,16,DRB12,,,,,,,,,,,,,10.0,2806210.858335576,0.1757995121809999,10.123471386930978
density_curve,14,16,DRB12,,,,,,,,,,,,,10.0,2850277.982559416,0.20806397009848215,10.146132071925065
density_curve,14,16,DRB12,,,,,,,,,,,,,10.0,2895037.1116023487,0.24763414017300633,10.173923865654082
density_curve,14,16,DRB12,,,,,,,,,,,,,10.0,2940499.1123107616,0.2954735096016279,10.207523465675576
density_curve,14,16,DRB12,,,,,,,,,,,,,10.0,2986675.022177758,0.35245342911135696,10.247542858231332
density_curve,14,16,DRB12,,,,,,,,,,,,,10.0,3033576.0520228897,0.41927928511014756,10.294477465845747
density_curve,14,16,DRB12,,,,,,,,,,,,,10.0,3081213.5887140087,0.4964113106531555,10.34865052953881
density_curve,14,16,DRB12,,,,,,,,,,,,,10.0,3129599.1979317563,0.5839858887786493,10.410157836851
density_curve,14,16,DRB12,,,,,,,,,,,,,10.0,3178744.626977629,0.681744384190833,10.478817737342652
density_curve,14,16,DRB12,,,,,,,,,,,,,10.0,3228661.807625975,0.788977111588099,10.554131789195653
density_curve,14,16,DRB12,,,,,,,,,,,,,10.0,3279362.859020883,0.9044898162775753,10.635261217140103
density_curve,14,16,DRB12,,,,,,,,,,,,,10.0,3330860.090618524,1.026598896306684,10.721023556756478
density_curve,14,16,DRB12,,,,,,,,,,,,,10.0,3383166.005175699,1.1531595454608525,10.809912420485869
density_curve,14,16,DRB12,,,,,,,,,,,,,10.0,3436293.3017853256,1.2816281894563692,10.900141349192664
density_curve,14,16,DRB12,,,,,,,,,,,,,10.0,3490254.8789595794,1.4091573012743206,10.98971040495902
density_curve,14,16,DRB12,,,,,,,,,,,,,10.0,3545063.837761485,1.5327172967417009,11.076491783475221
density_curve,14,16,DRB12,,,,,,,,,,,,,10.0,3600733.4849856202,1.6492371625772555,11.158328583027401
density_curve,14,16,DRB12,,,,,,,,,,,,,10.0,3657277.33638883,1.755753180075516,11.23313925939227
density_curve,14,16,DRB12,,,,,,,,,,,,,10.0,3714709.119971648,1.8495539237242777,11.299019464461017
density_curve,14,16,DRB12,,,,,,,,,,,,,10.0,3773042.7793112434,1.9283098421218032,11.35433305636424
density_curve,14,16,DRB12,,,,,,,,,,,,,10.0,3832292.476946719,1.9901771962990396,11.397785099724569
density_curve,14,16,DRB12,,,,,,,,,,,,,10.0,3892472.597817551,2.0338687740378774,11.42847153129477
density_curve,14,16,DRB12,,,,,,,,,,,,,10.0,3953597.752756071,2.058687281407487,11.445902612237289
density_curve,14,16,DRB12,,,,,,,,,,,,,10.0,4015682.782034709,2.064521173678444,11.45
density_curve,14,16,DRB12,,,,,,,,,,,,,10.0,4078742.7589690215,2.0518064122338218,11.44106988858736
density_curve,14,16,DRB12,,,,,,,,,,,,,10.0,4142792.9935772587,2.0214607336489276,11.419756842972188
density_curve,14,16,DRB12,,,,,,,,,,,,,10.0,4207849.036297407,1.974799106083984,11.386984420566552
density_curve,14,16,DRB12,,,,,,,,,,,,,10.0,4273926.681762604,1.9134399027000724,11.343889272867898
density_curve,14,16,DRB12,,,,,,,,,,,,,10.0,4341041.972635828,1.8392109114356325,11.291755132174313
density_curve,14,16,DRB12,,,,,,,,,,,,,10.0,4409211.203504863,1.7540627863688112,11.231952024838336
density_curve,14,16,DRB12,,,,,,,,,,,,,10.0,4478450.924838282,1.6599952471126633,11.16588443800008
density_curve,14,16,DRB12,,,,,,,,,,,,,10.0,4548777.947003777,1.5589986665943423,11.094950294229282
density_curve,14,16,DRB12,,,,,,,,,,,,,10.0,4620209.3443493685,1.453011095714348,11.020510768137056
density_curve,14,16,DRB12,,,,,,,,,,,,,10.0,4692762.459348841,1.3438886466580042,10.943869485330652
density_curve,14,16,DRB12,,,,,,,,,,,,,10.0,4766454.906812234,1.233385773162476,10.866258672416087
density_curve,14,16,DRB12,,,,,,,,,,,,,10.0,4841304.57816245,1.1231414725443143,10.788829466102104
density_curve,14,16,DRB12,,,,,,,,,,,,,10.0,4917329.645779026,1.0146677568698186,10.712643816018518
density_curve,14,16,DRB12,,,,,,,,,,,,,10.0,4994548.567410101,0.909337725037693,10.638666107238492
density_curve,14,16,DRB12,,,,,,,,,,,,,10.0,5072980.090653727,0.8083719431987099,10.567753594674778
density_curve,14,16,DRB12,,,,,,,,,,,,,10.0,5152643.257509442,0.7128232990103285,10.500645765586109
density_curve,14,16,DRB12,,,,,,,,,,,,,10.0,5233557.40900142,0.623561748352725,10.437953626554705
density_curve,14,16,DRB12,,,,,,,,,,,,,10.0,5315742.189874179,0.5412612054724062,10.380150495883084
density_curve,14,16,DRB12,,,,,,,,,,,,,10.0,5399217.553362021,0.46639112624122187,10.327566092163075
density_curve,14,16,DRB12,,,,,,,,,,,,,10.0,5484003.766033389,0.39921509816281037,10.28038554397807
density_curve,14,16,DRB12,,,,,,,,,,,,,10.0,5570121.412711266,0.33979807688420616,10.23865447240932
density_curve,14,16,DRB12,,,,,,,,,,,,,10.0,5657591.401470916,0.28802296166646535,10.20229063268567
density_curve,14,16,DRB12,,,,,,,,,,,,,10.0,5746434.968715974,0.24361617349115092,10.171101878762899
density_curve,14,16,DRB12,,,,,,,,,,,,,10.0,5836673.684334379,0.206180968625625,10.14480956084092
density_curve,14,16,DRB12,,,,,,,,,,,,,10.0,5928329.456935207,0.1752365218950064,10.12307597518849
density_curve,14,16,DRB12,,,,,,,,,,,,,10.0,6021424.539167753,0.15026041746714977,10.105534207207556
density_curve,14,16,DRB12,,,,,,,,,,,,,10.0,6115981.53312414,0.1307320917081214,10.091818643176726
density_curve,14,16,DRB12,,,,,,,,,,,,,10.0,6212023.395826757,0.11617492462642148,10.081594532841807
density_curve,14,16,DRB12,,,,,,,,,,,,,10.0,6309573.444801942,0.1061949767789138,10.074585195973102
density_curve,14,16,DRB12,,,,,,,,,,,,,10.0,6408655.363740995,0.10051470724438724,10.070595703915538
density_curve,14,16,DRB12,,,,,,,,,,,,,10.0,6509293.20825039,0.09900028793940291,10.069532063580809
density_curve,14,16,DRB12,,,,,,,,,,,,,10.0,6611511.411691989,0.10168128662483876,10.071415041650225
density_curve,14,16,DRB12,,,,,,,,,,,,,10.0,6715334.791115149,0.10876150942738096,10.07638777973331
density_curve,14,16,DRB12,,,,,,,,,,,,,10.0,6820788.553281926,0.1206197092616637,10.084716291922446
density_curve,14,16,DRB12,,,,,,,,,,,,,10.0,6927898.300786892,0.13779876096574858,10.09678186203551
density_curve,14,16,DRB12,,,,,,,,,,,,,10.0,7036690.03827307,0.16098189077132855,10.113064348573634
density_curve,14,16,DRB12,,,,,,,,,,,,,10.0,7147190.1787454495,0.19095475100972398,10.134115548193078
density_curve,14,16,DRB12,,,,,,,,,,,,,10.0,7259425.549983729,0.2285526601777388,10.16052214018578
density_curve,14,16,DRB12,,,,,,,,,,,,,10.0,7373423.401055615,0.2745932527036468,10.19285838357902
density_curve,14,16,DRB12,,,,,,,,,,,,,10.0,7489211.408932546,0.3297961080251212,10.231629669258558
density_curve,14,16,DRB12,,,,,,,,,,,,,10.0,7606817.685209225,0.39469258266187535,10.27720919124313
density_curve,14,16,DRB12,,,,,,,,,,,,,10.0,7726270.782928702,0.46953089682318017,10.329771285019357
density_curve,14,16,DRB12,,,,,,,,,,,,,10.0,7847599.7035146225,0.5541833000736155,10.389226226086603
density_curve,14,16,DRB12,,,,,,,,,,,,,10.0,7970833.903812322,0.6480635800064577,10.455162292830872
density_curve,14,16,DRB12,,,,,,,,,,,,,10.0,8096003.303240569,0.7500639918101304,10.526801469508245
density_curve,14,16,DRB12,,,,,,,,,,,,,10.0,8223138.291055465,0.8585206158175211,10.602975115395592
density_curve,14,16,DRB12,,,,,,,,,,,,,10.0,8352269.733728553,0.9712150167428925,10.682125130142422
density_curve,14,16,DRB12,,,,,,,,,,,,,10.0,8483428.982440725,1.0854178291535757,10.762334565679692
density_curve,14,16,DRB12,,,,,,,,,,,,,10.0,8616647.880693821,1.1979766297050203,10.841389342584108
density_curve,14,16,DRB12,,,,,,,,,,,,,10.0,8751958.77204175,1.3054464409090467,10.916869908360137
density_curve,14,16,DRB12,,,,,,,,,,,,,10.0,8889394.507943004,1.40425685142874,10.986268613047809
density_curve,14,16,DRB12,,,,,,,,,,,,,10.0,9028988.455736592,1.4909055426297055,11.047125631054334
density_curve,14,16,DRB12,,,,,,,,,,,,,10.0,9170774.50674293,1.562164524126226,11.097173809047032
density_curve,14,16,DRB12,,,,,,,,,,,,,10.0,9314787.084492404,1.6152831028181607,11.13448121963952
density_curve,14,16,DRB12,,,,,,,,,,,,,10.0,9461061.153082676,1.64817091827695,11.157579714836968
density_curve,14,16,DRB12,,,,,,,,,,,,,10.0,9609632.225667553,1.65954546091652,11.165568534248296
density_curve,14,16,DRB12,,,,,,,,,,,,,10.0,9760536.373079011,1.6490313058976052,11.158184001228339
density_curve,14,16,DRB12,,,,,,,,,,,,,10.0,9913810.23258467,1.617202564332588,11.135829338143415
density_curve,14,16,DRB12,,,,,,,,,,,,,10.0,10069491.016782762,1.5655652844294736,11.099562305954972
density_curve,14,16,DRB12,,,,,,,,,,,,,10.0,10227616.522636779,1.4964820945809565,11.051042277893515
density_curve,14,16,DRB12,,,,,,,,,,,,,10.0,10388225.14065211,1.4130465792114018,10.992442008335468
density_curve,14,16,DRB12,,,,,,,,,,,,,10.0,10551355.864196453,1.3189190742698502,10.926332305075768
density_curve,14,16,DRB12,,,,,,,,,,,,,10.0,10717048.298967114,1.2181382636170364,10.855549705551148
density_curve,14,16,DRB12,,,,,,,,,,,,,10.0,10885342.672606446,1.1149238698841144,10.783057898336558
density_curve,14,16,DRB12,,,,,,,,,,,,,10.0,11056279.844468623,1.01348484360001,10.71181300630676
density_curve,14,16,DRB12,,,,,,,,,,,,,10.0,11229901.315539658,0.9178450029544971,10.64464112611291
density_curve,14,16,DRB12,,,,,,,,,,,,,10.0,11406249.238513203,0.8316945231576416,10.584134022917224
density_curve,14,16,DRB12,,,,,,,,,,,,,10.0,11585366.428024698,0.7582716215731725,10.532566032888917
density_curve,14,16,DRB12,,,,,,,,,,,,,10.0,11767296.371045876,0.7002748795267724,10.491832483124714
density_curve,14,16,DRB12,,,,,,,,,,,,,10.0,11952083.237443073,0.6598034704123109,10.463407711335424
density_curve,14,16,DRB12,,,,,,,,,,,,,10.0,12139771.890700752,0.6383205590988733,10.448319359711022
density_curve,14,16,DRB12,,,,,,,,,,,,,10.0,12330407.898813803,0.6366345115149209,10.44713517762178
density_curve,14,16,DRB12,,,,,,,,,,,,,10.0,12524037.545350743,0.6548932669438359,10.45995906904487
density_curve,14,16,DRB12,,,,,,,,,,,,,10.0,12720707.84069066,0.6925890017891163,10.486434368122705
density_curve,14,16,DRB12,,,,,,,,,,,,,10.0,12920466.533436738,0.7485725882404445,10.525753994091854
density_curve,14,16,DRB12,,,,,,,,,,,,,10.0,13123362.122008637,0.8210797558812708,10.576678825679739
density_curve,14,16,DRB12,,,,,,,,,,,,,10.0,13329443.866417537,0.9077727258346441,10.637566942515285
density_curve,14,16,DRB12,,,,,,,,,,,,,10.0,13538761.800225446,1.0058019291192761,10.706416972524643
density_curve,14,16,DRB12,,,,,,,,,,,,,10.0,13751366.742692733,1.1118919493497808,10.780928453102073
density_curve,14,16,DRB12,,,,,,,,,,,,,10.0,13967310.311116258,1.2224539892031434,10.858580821036734
density_curve,14,16,DRB12,,,,,,,,,,,,,10.0,14186644.93336124,1.333724150502502,10.93673053242797
density_curve,14,16,DRB12,,,,,,,,,,,,,10.0,14409423.860590115,1.4419230702830037,11.01272318180448
density_curve,14,16,DRB12,,,,,,,,,,,,,10.0,14635701.180190798,1.5434285668274097,11.084014758692089
density_curve,14,16,DRB12,,,,,,,,,,,,,10.0,14865531.828908725,1.634949589144915,11.148293819644481
density_curve,14,16,DRB12,,,,,,,,,,,,,10.0,15098971.606184201,1.7136875616346154,11.203594807382302
density_curve,14,16,DRB12,,,,,,,,,,,,,10.0,15336077.187700124,1.777470658454174,11.24839235732633
density_curve,14,16,DRB12,,,,,,,,,,,,,10.0,15576906.139141649,1.824847882444705,11.28166737318091
density_curve,14,16,DRB12,,,,,,,,,,,,,10.0,15821516.930172438,1.8551330290374697,11.30293790463362
density_curve,14,16,DRB12,,,,,,,,,,,,,10.0,16069968.948630175,1.8683933607272707,11.312251192961853
density_curve,14,16,DRB12,,,,,,,,,,,,,10.0,16322322.514945026,1.8653835228930762,11.310137257335896
density_curve,14,16,DRB12,,,,,,,,,,,,,10.0,16578638.896784693,1.8474311454844834,11.297528548074716
density_curve,14,16,DRB12,,,,,,,,,,,,,10.0,16838980.323928915,1.8162858861670756,11.275653923301663
density_curve,14,16,DRB12,,,,,,,,,,,,,10.0,17103410.003378414,1.773947632795954,11.245917988320311
density_curve,14,16,DRB12,,,,,,,,,,,,,10.0,17371992.134700213,1.7224916325211168,11.209778276434685
density_curve,14,16,DRB12,,,,,,,,,,,,,10.0,17644791.92561452,1.663908159117945,11.168632640576057
density_curve,14,16,DRB12,,,,,,,,,,,,,10.0,17921875.607826144,1.599971995723042,11.123727585542191
density_curve,14,16,DRB12,,,,,,,,,,,,,10.0,18203310.453104522,1.5321528382962442,11.07609534058263
density_curve,14,16,DRB12,,,,,,,,,,,,,10.0,18489164.789616488,1.461572317553119,11.02652367409534
density_curve,14,16,DRB12,,,,,,,,,,,,,10.0,18779508.018514913,1.3890074604499028,10.975558324773111
density_curve,14,16,DRB12,,,,,,,,,,,,,10.0,19074410.630788796,1.3149348777261112,10.923534036372072
density_curve,14,16,DRB12,,,,,,,,,,,,,10.0,19373944.224377003,1.2396055026331558,10.870627049862376
density_curve,14,16,DRB12,,,,,,,,,,,,,10.0,19678181.521551367,1.163136861017768,10.816919908586247
density_curve,14,16,DRB12,,,,,,,,,,,,,10.0,19987196.386572525,1.0856089061290106,10.762468767071237
density_curve,14,16,DRB12,,,,,,,,,,,,,10.0,20301063.843623016,1.0071503947690144,10.707364056631626
density_curve,14,16,DRB12,,,,,,,,,,,,,10.0,20619860.095022235,0.9280053361177923,10.651777155171178
density_curve,14,16,DRB12,,,,,,,,,,,,,10.0,20943662.539726753,0.8485727228334462,10.595988292004865
density_curve,14,16,DRB12,,,,,,,,,,,,,10.0,21272549.792122267,0.769416948725405,10.540393864628681
density_curve,14,16,DRB12,,,,,,,,,,,,,10.0,21606601.701109305,0.6912504039061161,10.485494214563081
density_curve,14,16,DRB12,,,,,,,,,,,,,10.0,21945899.369489986,0.6148931706726596,10.431865320076502
density_curve,14,16,DRB12,,,,,,,,,,,,,10.0,22290525.173658106,0.5412171278865581,10.380119538341795
density_curve,14,16,DRB12,,,,,,,,,,,,,10.0,22640562.78359909,0.4710829098143655,10.330861328980111
density_curve,14,16,DRB12,,,,,,,,,,,,,10.0,22996097.183203783,0.40527806087556684,10.284643817540765
density_curve,14,16,DRB12,,,,,,,,,,,,,10.0,23357214.690901212,0.34446356052034877,10.241931237675114
density_curve,14,16,DRB12,,,,,,,,,,,,,10.0,23724002.980615646,0.2891339687010707,10.20307093962595
density_curve,14,16,DRB12,,,,,,,,,,,,,10.0,24096551.10305199,0.23959413107453267,10.168277029311874
density_curve,14,16,DRB12,,,,,,,,,,,,,10.0,24474949.507316638,0.19595305168306557,10.13762606485367
density_curve,14,16,DRB12,,,,,,,,,,,,,10.0,24859290.062876612,0.15813350103247434,10.111063804731314
density_curve,14,16,DRB12,,,,,,,,,,,,,10.0,25249666.08186437,0.12589439785254705,10.08842092743517
density_curve,14,16,DRB12,,,,,,,,,,,,,10.0,25646172.341732506,0.09886209266613158,10.069435003231513
density_curve,14,16,DRB12,,,,,,,,,,,,,10.0,26048905.10826428,0.07656639404758644,10.053775796918172
density_curve,14,16,DRB12,,,,,,,,,,,,,10.0,26457962.158945747,0.05847743114323888,10.041071157922115
density_curve,14,16,DRB12,,,,,,,,,,,,,10.0,26873442.80670409,0.04404009839564896,10.030931212277137
density_curve,14,16,DRB12,,,,,,,,,,,,,10.0,27295447.924020074,0.032703715134517024,10.022969193801272
density_curve,14,16,DRB12,,,,,,,,,,,,,10.0,27724079.967417758,0.023945492748090325,10.016817926077682
density_curve,14,16,DRB12,,,,,,,,,,,,,10.0,28159443.002339695,0.017287301119514438,10.012141598227657
density_curve,14,16,DRB12,,,,,,,,,,,,,10.0,28601642.7284124,0.012305969250681672,10.008642999471736
density_curve,14,16,DRB12,,,,,,,,,,,,,10.0,29050786.505108584,0.00863789154808813,10.00606675431786
density_curve,14,16,DRB12,,,,,,,,,,,,,10.0,29506983.377812706,0.005979030148456506,10.00419932419478
density_curve,14,16,DRB12,,,,,,,,,,,,,10.0,29970344.104294933,0.004081525095736702,10.002866626636855
density_curve,14,16,DRB12,,,,,,,,,,,,,10.0,30440981.18160234,0.002748088239766261,10.001930097883454
density_curve,14,16,DRB12,,,,,,,,,,,,,10.0,30919008.873370558,0.0018252122681851337,10.001281923296602
density_curve,14,16,DRB12,,,,,,,,,,,,,10.0,31404543.237566188,0.0011960216270229963,10.000840016262025
density_curve,14,16,DRB12,,,,,,,,,,,,,10.0,31897702.154663246,0.0007733685241251613,10.000543169222132
density_curve,14,16,DRB12,,,,,,,,,,,,,10.0,32398605.356263112,0.0004935655282736305,10.000346651816955
density_curve,14,16,DRB12,,,,,,,,,,,,,10.0,32907374.454163484,0.0003109659138705492,10.000218404432399
density_curve,14,16,DRB12,,,,,,,,,,,,,10.0,33424132.969883844,0.000193463042685516,10.000135877226871
density_curve,14,16,DRB12,,,,,,,,,,,,,10.0,33949006.36465498,0.00011888188020144682,10.000083495741526
density_curve,14,16,DRB12,,,,,,,,,,,,,10.0,34482122.069878325,7.217497411338448e-05,10.00005069151811
density_curve,14,16,DRB12,,,,,,,,,,,,,10.0,35023609.518065386,4.330471586333549e-05,10.000030414722215
density_curve,14,16,DRB12,,,,,,,,,,,,,10.0,35573600.17426121,2.5685383350549227e-05,10.000018039924383
density_curve,14,16,DRB12,,,,,,,,,,,,,10.0,36132227.56796255,1.5064716233887629e-05,10.000010580583439
density_curve,14,16,DRB12,,,,,,,,,,,,,10.0,36699627.32553667,8.73926364691695e-06,10.000006137952203
density_curve,14,16,DRB12,,,,,,,,,,,,,10.0,37275937.20314938,5.0157024801666146e-06,10.00000352273868
density_curve,14,16,DRB12,,,,,,,,,,,,,10.0,37861297.12021055,2.8485301525964425e-06,10.00000200064246
density_curve,14,16,DRB12,,,,,,,,,,,,,10.0,38455849.19334357,1.6010772225233187e-06,10.000001124503832
density_curve,14,16,DRB12,,,,,,,,,,,,,10.0,39059737.77089033,8.907468569013998e-07,10.000000625608958
density_curve,14,16,DRB12,,,,,,,,,,,,,10.0,39673109.46795558,4.9053546076861e-07,10.000000344523674
density_curve,14,16,DRB12,,,,,,,,,,,,,10.0,40296113.20200404,2.6739791465188045e-07,10.000000187804796
density_curve,14,16,DRB12,,,,,,,,,,,,,10.0,40928900.22901449,1.442739985613247e-07,10.000000101329693
density_curve,14,16,DRB12,,,,,,,,,,,,,10.0,41571624.180202775,7.703815681977254e-08,10.000000054107137
density_curve,14,16,DRB12,,,,,,,,,,,,,10.0,42224441.09932146,4.07036248860039e-08,10.000000028587866
density_curve,14,16,DRB12,,,,,,,,,,,,,10.0,42887509.48054403,2.1275044375274947e-08,10.000000014942358
density_curve,14,16,DRB12,,,,,,,,,,,,,10.0,43560990.30694617,1.0997691943695797e-08,10.000000007724141
density_curve,14,16,DRB12,,,,,,,,,,,,,10.0,44245047.08958865,5.62077852328789e-09,10.00000000394771
density_curve,14,16,DRB12,,,,,,,,,,,,,10.0,44939845.907216705,2.83933160295975e-09,10.000000001994183
density_curve,14,16,DRB12,,,,,,,,,,,,,10.0,45645555.44658045,1.4171505957991484e-09,10.000000000995325
density_curve,14,16,DRB12,,,,,,,,,,,,,10.0,46362347.04338999,6.986343113645535e-10,10.00000000049068
density_curve,14,16,DRB12,,,,,,,,,,,,,10.0,47090394.72391306,3.400736646776058e-10,10.000000000238847
density_curve,14,16,DRB12,,,,,,,,,,,,,10.0,47829875.24722586,1.6339712699926076e-10,10.000000000114762
density_curve,14,16,DRB12,,,,,,,,,,,,,10.0,48580968.14812807,7.746923983500984e-11,10.00000000005441
density_curve,14,16,DRB12,,,,,,,,,,,,,10.0,49343855.78073008,3.623266249582702e-11,10.000000000025448
density_curve,14,16,DRB12,,,,,,,,,,,,,10.0,50118723.36272725,1.6712381414194905e-11,10.000000000011738
density_curve,15,15,DRB33,,,,,,,,,,,,,9.0,100000.0,0.0024979736641156333,9.001758104580466
density_curve,15,15,DRB33,,,,,,,,,,,,,9.0,101570.34258822507,0.002498828180979096,9.001758705999942
density_curve,15,15,DRB33,,,,,,,,,,,,,9.0,103165.34493489409,0.002506100846799239,9.001763824591572
density_curve,15,15,DRB33,,,,,,,,,,,,,9.0,104785.39428269603,0.002521462674456889,9.00177463643477
density_curve,15,15,DRB33,,,,,,,,,,,,,9.0,106430.88395535655,0.0025461818005975047,9.001792034059699
density_curve,15,15,DRB33,,,,,,,,,,,,,9.0,108102.21345313193,0.0025811373341162198,9.001816636194011
density_curve,15,15,DRB33,,,,,,,,,,,,,9.0,109799.78854980043,0.0026268947779204276,9.001848840845605
density_curve,15,15,DRB33,,,,,,,,,,,,,9.0,111524.02139117903,0.002683831331625878,9.001888913492207
density_curve,15,15,DRB33,,,,,,,,,,,,,9.0,113275.33059518597,0.002752292287268466,9.0019370971546
density_curve,15,15,DRB33,,,,,,,,,,,,,9.0,115054.14135347492,0.0028327547472786997,9.001993727623342
density_curve,15,15,DRB33,,,,,,,,,,,,,9.0,116860.88553466521,0.0029259727414899946,9.002059335593897
density_curve,15,15,DRB33,,,,,,,,,,,,,9.0,118696.00178919302,0.0030330788946293444,9.002134718221479
density_curve,15,15,DRB33,,,,,,,,,,,,,9.0,120559.93565580886,0.0031556220934672976,9.00222096563164
density_curve,15,15,DRB33,,,,,,,,,,,,,9.0,122453.13966974878,0.0032955276909688368,9.002319432911474
density_curve,15,15,DRB33,,,,,,,,,,,,,9.0,124376.07347260158,0.0034549758418519925,9.002431654480676
density_curve,15,15,DRB33,,,,,,,,,,,,,9.0,126329.20392390396,0.003636203487352054,9.002559204725996
density_curve,15,15,DRB33,,,,,,,,,,,,,9.0,128313.00521448672,0.0038412450736363193,9.00270351551566
density_curve,15,15,DRB33,,,,,,,,,,,,,9.0,130327.95898160127,0.004071635137937613,9.002865666875847
density_curve,15,15,DRB33,,,,,,,,,,,,,9.0,132374.55442585386,0.004328101500468527,9.003046171055365
density_curve,15,15,DRB33,,,,,,,,,,,,,9.0,134453.28842997624,0.004610280381956277,9.003244772021892
density_curve,15,15,DRB33,,,,,,,,,,,,,9.0,136564.66567946097,0.004916484151588354,9.003460282000113
density_curve,15,15,DRB33,,,,,,,,,,,,,9.0,138709.19878509274,0.005243548801697994,9.003690474122521
density_curve,15,15,DRB33,,,,,,,,,,,,,9.0,140887.40840740083,0.005586782142035154,9.003932045967927
density_curve,15,15,DRB33,,,,,,,,,,,,,9.0,143099.82338306884,0.005940025787044506,9.004180663188851
density_curve,15,15,DRB33,,,,,,,,,,,,,9.0,145346.98085332804,0.006295835020025311,9.004431086102135
density_curve,15,15,DRB33,,,,,,,,,,,,,9.0,147629.42639436718,0.006645771283167697,9.00467737554703
density_curve,15,15,DRB33,,,,,,,,,,,,,9.0,149947.71414979032,0.00698079301713913,9.004913167962906
density_curve,15,15,DRB33,,,,,,,,,,,,,9.0,152302.40696515449,0.007291722431007691,9.005132003907645
density_curve,15,15,DRB33,,,,,,,,,,,,,9.0,154694.07652461986,0.007569759023816188,9.005327689480467
density_curve,15,15,DRB33,,,,,,,,,,,,,9.0,157123.30348974746,0.00780700574504217,9.005494666640105
density_curve,15,15,DRB33,,,,,,,,,,,,,9.0,159590.6776404731,0.007996970954231708,9.005628366490189
density_curve,15,15,DRB33,,,,,,,,,,,,,9.0,162096.79801829843,0.008135009118755547,9.005725519447731
density_curve,15,15,DRB33,,,,,,,,,,,,,9.0,164642.27307172897,0.008218665646929734,9.00578439794092
density_curve,15,15,DRB33,,,,,,,,,,,,,9.0,167227.72080399614,0.008247896395044415,9.00580497090087
density_curve,15,15,DRB33,,,,,,,,,,,,,9.0,169853.76892309941,0.008225140009471318,9.005788954676886
density_curve,15,15,DRB33,,,,,,,,,,,,,9.0,172521.0549942039,0.008155230953544954,9.005739751823707
density_curve,15,15,DRB33,,,,,,,,,,,,,9.0,175230.2265944331,0.00804515221672359,9.00566227705518
density_curve,15,15,DRB33,,,,,,,,,,,,,9.0,177981.9414700888,0.007903638561840374,9.005562678004788
density_curve,15,15,DRB33,,,,,,,,,,,,,9.0,180776.86769634343,0.007740652906539446,9.005447966696478
density_curve,15,15,DRB33,,,,,,,,,,,,,9.0,183615.6838394384,0.007566769209217325,9.005325585212189
density_curve,15,15,DRB33,,,,,,,,,,,,,9.0,186499.07912142982,0.007392504216460313,9.005202935367484
density_curve,15,15,DRB33,,,,,,,,,,,,,9.0,189427.7535875212,0.00722764686230877,9.005086906734508
density_curve,15,15,DRB33,,,,,,,,,,,,,9.0,192402.4182760241,0.007080637299803874,9.004983439596753
density_curve,15,15,DRB33,,,,,,,,,,,,,9.0,195423.79539098707,0.006958046905007486,9.004897158969495
density_curve,15,15,DRB33,,,,,,,,,,,,,9.0,198492.61847753756,0.006864205688680292,9.004831112367551
density_curve,15,15,DRB33,,,,,,,,,,,,,9.0,201609.63259997344,0.006801014182296148,9.00478663740834
density_curve,15,15,DRB33,,,,,,,,,,,,,9.0,204775.59452265495,0.0067679631803817045,9.00476337570679
density_curve,15,15,DRB33,,,,,,,,,,,,,9.0,207991.2728937353,0.0067623673300577685,9.004759437278524
density_curve,15,15,DRB33,,,,,,,,,,,,,9.0,211257.44843177704,0.006779798619662042,9.004771705634488
density_curve,15,15,DRB33,,,,,,,,,,,,,9.0,214574.91411529886,0.006814685053990176,9.004796259135938
density_curve,15,15,DRB33,,,,,,,,,,,,,9.0,217944.4753752988,0.006861020410213793,9.0048288705294
density_curve,15,15,DRB33,,,,,,,,,,,,,9.0,221366.95029080036,0.0069131154045770846,9.004865535627005
density_curve,15,15,DRB33,,,,,,,,,,,,,9.0,224843.16978747185,0.006966311266675921,9.004902975528859
density_curve,15,15,DRB33,,,,,,,,,,,,,9.0,228373.97783935972,0.007017575572272316,9.004939055977495
density_curve,15,15,DRB33,,,,,,,,,,,,,9.0,231960.2316737949,0.007065908351845604,9.00497307318207
density_curve,15,15,DRB33,,,,,,,,,,,,,9.0,235602.80197951404,0.0071125039518217074,9.005005867738284
density_curve,15,15,DRB33,,,,,,,,,,,,,9.0,239302.57311804994,0.0071606395551510335,9.005039746167792
density_curve,15,15,DRB33,,,,,,,,,,,,,9.0,243060.44333844114,0.007215292078455109,9.005078211285714
density_curve,15,15,DRB33,,,,,,,,,,,,,9.0,246877.32499531287,0.007282517756583787,9.005125525544603
density_curve,15,15,DRB33,,,,,,,,,,,,,9.0,250754.1447703851,0.007368658947064935,9.005186152773677
density_curve,15,15,DRB33,,,,,,,,,,,,,9.0,254691.843897454,0.007479466407451975,9.00526414042681
density_curve,15,15,DRB33,,,,,,,,,,,,,9.0,258691.37839091144,0.00761923903893347,9.005362514123524
density_curve,15,15,DRB33,,,,,,,,,,,,,9.0,262753.7192778504,0.007790084582013829,9.0054827573175
density_curve,15,15,DRB33,,,,,,,,,,,,,9.0,266879.85283381585,0.00799139333823976,9.00562444089547
density_curve,15,15,DRB33,,,,,,,,,,,,,9.0,271070.7808222577,0.00821959379539757,9.005785051183224
density_curve,15,15,DRB33,,,,,,,,,,,,,9.0,275327.5207377438,0.008468226840313377,9.005960042177485
density_curve,15,15,DRB33,,,,,,,,,,,,,9.0,279651.1060529923,0.008728338139012224,9.006143111707898
density_curve,15,15,DRB33,,,,,,,,,,,,,9.0,284042.5864697849,0.008989151052053975,9.006326675043113
density_curve,15,15,DRB33,,,,,,,,,,,,,9.0,288503.028173816,0.009238949956656969,9.006502486583758
density_curve,15,15,DRB33,,,,,,,,,,,,,9.0,293033.5140935484,0.009466080206036254,9.006662343646116
density_curve,15,15,DRB33,,,,,,,,,,,,,9.0,297635.14416313195,0.009659959030906618,9.006798797947038
density_curve,15,15,DRB33,,,,,,,,,,,,,9.0,302309.0355894507,0.009811992671671729,9.00690580109285
density_curve,15,15,DRB33,,,,,,,,,,,,,9.0,307056.3231233643,0.00991630832655989,9.00697921973345
density_curve,15,15,DRB33,,,,,,,,,,,,,9.0,311878.15933520853,0.009970232884750121,9.007017172500573
density_curve,15,15,DRB33,,,,,,,,,,,,,9.0,316775.7148946211,0.009974480432189651,9.007020161976689
density_curve,15,15,DRB33,,,,,,,,,,,,,9.0,321750.1788547658,0.009933043064514707,9.006990997847796
density_curve,15,15,DRB33,,,,,,,,,,,,,9.0,326802.75894101255,0.009852810488429146,9.006934529174188
density_curve,15,15,DRB33,,,,,,,,,,,,,9.0,331934.6818441578,0.009742969676414472,9.006857221860065
density_curve,15,15,DRB33,,,,,,,,,,,,,9.0,337147.193518246,0.009614253902309482,9.006766630115532
density_curve,15,15,DRB33,,,,,,,,,,,,,9.0,342441.55948306865,0.009478119514497915,9.00667081705945
density_curve,15,15,DRB33,,,,,,,,,,,,,9.0,347819.06513141334,0.009345928750309172,9.006577779574165
density_curve,15,15,DRB33,,,,,,,,,,,,,9.0,353281.01604113757,0.00922820880159005,9.006494926826745
density_curve,15,15,DRB33,,,,,,,,,,,,,9.0,358828.7382921458,0.009134043035825821,9.006428651802917
density_curve,15,15,DRB33,,,,,,,,,,,,,9.0,364463.57878833805,0.00907063201719367,9.006384022348286
density_curve,15,15,DRB33,,,,,,,,,,,,,9.0,370186.9055846206,0.009043042105149465,9.006364604228938
density_curve,15,15,DRB33,,,,,,,,,,,,,9.0,376000.1082190484,0.009054140104441957,9.006372415137303
density_curve,15,15,DRB33,,,,,,,,,,,,,9.0,381904.59805018455,0.00910469551680325,9.006407996658165
density_curve,15,15,DRB33,,,,,,,,,,,,,9.0,387901.8085997564,0.009193618774993898,9.0064705819407
density_curve,15,15,DRB33,,,,,,,,,,,,,9.0,393993.19590069365,0.00931829532270449,9.00655833082803
density_curve,15,15,DRB33,,,,,,,,,,,,,9.0,400180.2388506313,0.00947497195389684,9.006668601767595
density_curve,15,15,DRB33,,,,,,,,,,,,,9.0,406464.4395709628,0.0096591533689677,9.00679823091226
density_curve,15,15,DRB33,,,,,,,,,,,,,9.0,412847.323771536,0.009865972876508849,9.006943793024767
density_curve,15,15,DRB33,,,,,,,,,,,,,9.0,419330.44112106785,0.010090510524992642,9.007101825382737
density_curve,15,15,DRB33,,,,,,,,,,,,,9.0,425915.3656233841,0.010328043233348187,9.007269003823634
density_curve,15,15,DRB33,,,,,,,,,,,,,9.0,432603.6959995626,0.010574222979996117,9.007442268156408
density_curve,15,15,DRB33,,,,,,,,,,,,,9.0,439397.0560760795,0.010825189045132359,9.007618901158988
density_curve,15,15,DRB33,,,,,,,,,,,,,9.0,446297.0951790494,0.011077627174732959,9.00779657021864
density_curve,15,15,DRB33,,,,,,,,,,,,,9.0,453305.48853465647,0.011328791398759464,9.007973342687881
density_curve,15,15,DRB33,,,,,,,,,,,,,9.0,460423.93767587794,0.011576502937434332,9.00814768511472
density_curve,15,15,DRB33,,,,,,,,,,,,,9.0,467654.17085558514,0.011819135906382259,9.008318453181737
density_curve,15,15,DRB33,,,,,,,,,,,,,9.0,474997.94346614124,0.01205559291597904,9.00848487453262
density_curve,15,15,DRB33,,,,,,,,,,,,,9.0,482457.03846558335,0.012285267180512469,9.008646522104126
density_curve,15,15,DRB33,,,,,,,,,,,,,9.0,490033.26681049785,0.012507983480364752,9.008803272574534
density_curve,15,15,DRB33,,,,,,,,,,,,,9.0,497728.46789569367,0.01272390985803733,9.00895524421422
density_curve,15,15,DRB33,,,,,,,,,,,,,9.0,505544.5100007789,0.012933435960609956,9.009102711261592
density_curve,15,15,DRB33,,,,,,,,,,,,,9.0,513483.29074375494,0.013137021966920678,9.009245997596175
density_curve,15,15,DRB33,,,,,,,,,,,,,9.0,521546.7375417237,0.013335032376623663,9.009385359757305
density_curve,15,15,DRB33,,,,,,,,,,,,,9.0,529736.8080788398,0.013527579028021342,9.009520876458156
density_curve,15,15,DRB33,,,,,,,,,,,,,9.0,538055.490781606,0.013714404655380787,9.009652366631943
density_curve,15,15,DRB33,,,,,,,,,,,,,9.0,546504.805301633,0.013894839545480422,9.009779358926265
density_curve,15,15,DRB33,,,,,,,,,,,,,9.0,555086.803005981,0.014067857869707413,9.009901131350329
density_curve,15,15,DRB33,,,,,,,,,,,,,9.0,563803.567475201,0.014232247009128653,9.01001683044802
density_curve,15,15,DRB33,,,,,,,,,,,,,9.0,572657.2150091964,0.014386884283633735,9.010125666063272
density_curve,15,15,DRB33,,,,,,,,,,,,,9.0,581649.8951410283,0.014531094048988119,9.010227162669365
density_curve,15,15,DRB33,,,,,,,,,,,,,9.0,590783.7911587943,0.014665038182058693,9.010321434197229
density_curve,15,15,DRB33,,,,,,,,,,,,,9.0,600061.1206356916,0.01479007873154441,9.010409439273484
density_curve,15,15,DRB33,,,,,,,,,,,,,9.0,609484.1359684145,0.014909046449103437,9.010493170215957
density_curve,15,15,DRB33,,,,,,,,,,,,,9.0,619055.1249240021,0.015026355028663356,9.010575733436704
density_curve,15,15,DRB33,,,,,,,,,,,,,9.0,628776.4111952737,0.015147918180616022,9.010661291077817
density_curve,15,15,DRB33,,,,,,,,,,,,,9.0,638650.3549649863,0.015280853060093268,9.010754852280591
density_curve,15,15,DRB33,,,,,,,,,,,,,9.0,648679.3534788508,0.015432985151941407,9.010861924717485
density_curve,15,15,DRB33,,,,,,,,,,,,,9.0,658865.8416275523,0.015612201427528175,9.010988059335928
density_curve,15,15,DRB33,,,,,,,,,,,,,9.0,669212.2925378972,0.01582572509257799,9.011138339916926
density_curve,15,15,DRB33,,,,,,,,,,,,,9.0,679721.2181732573,0.01607940187448857,9.011316880755302
density_curve,15,15,DRB33,,,,,,,,,,,,,9.0,690395.1699434342,0.01637709139102441,9.0115263982975
density_curve,15,15,DRB33,,,,,,,,,,,,,9.0,701236.7393241049,0.016720246616886477,9.011767915164977
density_curve,15,15,DRB33,,,,,,,,,,,,,9.0,712248.5584859921,0.01710774103135114,9.012040638498599
density_curve,15,15,DRB33,,,,,,,,,,,,,9.0,723433.3009339154,0.01753597002435263,9.012342031329476
density_curve,15,15,DRB33,,,,,,,,,,,,,9.0,734793.6821558832,0.01799921550161223,9.012668069192545
density_curve,15,15,DRB33,,,,,,,,,,,,,9.0,746332.4602823642,0.018490226132512305,9.013013648512151
density_curve,15,15,DRB33,,,,,,,,,,,,,9.0,758052.4367559261,0.019000936016954944,9.01337309240863
density_curve,15,15,DRB33,,,,,,,,,,,,,9.0,769956.4570113824,0.019523226413338448,9.013740686811808
density_curve,15,15,DRB33,,,,,,,,,,,,,9.0,782047.411166621,0.02004963152382978,9.01411117720137
density_curve,15,15,DRB33,,,,,,,,,,,,,9.0,794328.2347242822,0.020573900873240125,9.014480164416021
density_curve,15,15,DRB33,,,,,,,,,,,,,9.0,806801.909284454,0.021091355814228187,9.014844355566234
density_curve,15,15,DRB33,,,,,,,,,,,,,9.0,819471.4632685608,0.021599012190949125,9.01520165036643
density_curve,15,15,DRB33,,,,,,,,,,,,,9.0,832339.9726546166,0.022095479585439615,9.015551070223351
density_curve,15,15,DRB33,,,,,,,,,,,,,9.0,845410.561724033,0.02258068345179896,9.015892562670674
density_curve,15,15,DRB33,,,,,,,,,,,,,9.0,858686.4038201383,0.023055483655849553,9.016226732892537
density_curve,15,15,DRB33,,,,,,,,,,,,,9.0,872170.7221186243,0.0235212766353217,9.016554563718987
density_curve,15,15,DRB33,,,,,,,,,,,,,9.0,885866.7904100833,0.023979665944489227,9.016877183751241
density_curve,15,15,DRB33,,,,,,,,,,,,,9.0,899777.9338948353,0.024432267503981142,9.017195730294103
density_curve,15,15,DRB33,,,,,,,,,,,,,9.0,913907.5299902376,0.024880684503135263,9.017511331691948
density_curve,15,15,DRB33,,,,,,,,,,,,,9.0,928259.0091506683,0.02532664816192737,9.017825206398678
density_curve,15,15,DRB33,,,,,,,,,,,,,9.0,942835.8557003973,0.02577228162318612,9.018138848708324
density_curve,15,15,DRB33,,,,,,,,,,,,,9.0,957641.6086795169,0.026220412638499776,9.018454248827224
density_curve,15,15,DRB33,,,,,,,,,,,,,9.0,972679.8627031752,0.02667484290983512,9.01877408243997
density_curve,15,15,DRB33,,,,,,,,,,,,,9.0,987954.2688342923,0.02714048209331118,9.019101805022906
density_curve,15,15,DRB33,,,,,,,,,,,,,9.0,1003468.5354699849,0.02762327345079179,9.019441599516815
density_curve,15,15,DRB33,,,,,,,,,,,,,9.0,1019226.4292419085,0.02812987325536544,9.019798150688542
density_curve,15,15,DRB33,,,,,,,,,,,,,9.0,1035231.7759307377,0.028667091396068094,9.020176251421727
density_curve,15,15,DRB33,,,,,,,,,,,,,9.0,1051488.4613950192,0.029241148042262622,9.020580279548053
density_curve,15,15,DRB33,,,,,,,,,,,,,9.0,1068000.4325145755,0.029856841846634424,9.021013612418281
density_curve,15,15,DRB33,,,,,,,,,,,,,9.0,1084771.6981487798,0.030516751079652488,9.021478064650877
density_curve,15,15,DRB33,,,,,,,,,,,,,9.0,1101806.3301098226,0.031220594909550557,9.021973438592985
density_curve,15,15,DRB33,,,,,,,,,,,,,9.0,1119108.4641512968,0.03196486599703993,9.022497265736089
density_curve,15,15,DRB33,,,,,,,,,,,,,9.0,1136682.3009722962,0.03274280990039371,9.023044792221047
density_curve,15,15,DRB33,,,,,,,,,,,,,9.0,1154532.1072372785,0.03354477733712722,9.023609226764197
density_curve,15,15,DRB33,,,,,,,,,,,,,9.0,1172662.2166119604,0.034358920481233644,9.024182230719912
density_curve,15,15,DRB33,,,,,,,,,,,,,9.0,1191077.0308154398,0.03517215345856911,9.02475459408906
density_curve,15,15,DRB33,,,,,,,,,,,,,9.0,1209781.0206889012,0.03597125847446127,9.025317014025225
density_curve,15,15,DRB33,,,,,,,,,,,,,9.0,1228778.727281043,0.036743998644214335,9.02586087805849
density_curve,15,15,DRB33,,,,,,,,,,,,,9.0,1248074.7629505873,0.037480099310947625,9.026378954759
density_curve,15,15,DRB33,,,,,,,,,,,,,9.0,1267673.8124860895,0.03817198047051852,9.026865909226636
density_curve,15,15,DRB33,,,,,,,,,,,,,9.0,1287580.634243335,0.03881515967641201,9.027318586660424
density_curve,15,15,DRB33,,,,,,,,,,,,,9.0,1307800.061300597,0.03940829101575588,9.027736039790334
density_curve,15,15,DRB33,,,,,,,,,,,,,9.0,1328337.002632031,0.03995285405054778,9.028119309950293
density_curve,15,15,DRB33,,,,,,,,,,,,,9.0,1349196.4442995142,0.04045255003519906,9.028471002128668
density_curve,15,15,DRB33,,,,,,,,,,,,,9.0,1370383.450663168,0.04091249577287592,9.028794717594444
density_curve,15,15,DRB33,,,,,,,,,,,,,9.0,1391903.1656109202,0.041338324813907645,9.029094421309615
density_curve,15,15,DRB33,,,,,,,,,,,,,9.0,1413760.8138073613,0.04173531027442315,9.02937382455815
density_curve,15,15,DRB33,,,,,,,,,,,,,9.0,1435961.7019622158,0.0421076143322253,9.029635856731968
density_curve,15,15,DRB33,,,,,,,,,,,,,9.0,1458511.22011873,0.042457748905829984,9.029882285750206
density_curve,15,15,DRB33,,,,,,,,,,,,,9.0,1481414.8429622927,0.042786303492934025,9.030113526508593
density_curve,15,15,DRB33,,,,,,,,,,,,,9.0,1504678.1311496203,0.043091963332361885,9.030328653662046
density_curve,15,15,DRB33,,,,,,,,,,,,,9.0,1528306.7326587688,0.043371807612305434,9.0305256115073
density_curve,15,15,DRB33,,,,,,,,,,,,,9.0,1552306.3841604206,0.043621846756448,9.030701592131487
density_curve,15,15,DRB33,,,,,,,,,,,,,9.0,1576682.9124106285,0.04383773284553321,9.03085353541557
density_curve,15,15,DRB33,,,,,,,,,,,,,9.0,1601442.23566548,0.04401556040348319,9.030978692637465
density_curve,15,15,DRB33,,,,,,,,,,,,,9.0,1626590.3651179587,0.04415266780461873,9.031075190512288
density_curve,15,15,DRB33,,,,,,,,,,,,,9.0,1652133.4063573685,0.044248353193933616,9.031142535065857
density_curve,15,15,DRB33,,,,,,,,,,,,,9.0,1678077.5608516952,0.04430443260392209,9.031182004444172
density_curve,15,15,DRB33,,,,,,,,,,,,,9.0,1704429.1274531947,0.04432559009450951,9.031196895346206
density_curve,15,15,DRB33,,,,,,,,,,,,,9.0,1731194.503927705,0.04431949713784505,9.031192607048386
density_curve,15,15,DRB33,,,,,,,,,,,,,9.0,1758380.1885078938,0.0442967070607025,9.03117656711186
density_curve,15,15,DRB33,,,,,,,,,,,,,9.0,1785992.7814709456,0.04427035574641673,9.031158020732844
density_curve,15,15,DRB33,,,,,,,,,,,,,9.0,1814038.9867410094,0.04425571804972694,9.031147718541925
density_curve,15,15,DRB33,,,,,,,,,,,,,9.0,1842525.6135168101,0.04426967784300684,9.031157543616088
density_curve,15,15,DRB33,,,,,,,,,,,,,9.0,1871459.5779248201,0.04433016757899345,9.031200117036072
density_curve,15,15,DRB33,,,,,,,,,,,,,9.0,1900847.9046983868,0.04445562224230186,9.031288413570728
density_curve,15,15,DRB33,,,,,,,,,,,,,9.0,1930697.7288832497,0.044664476154731715,9.03143540752241
density_curve,15,15,DRB33,,,,,,,,,,,,,9.0,1961016.2975697976,0.044974714325863197,9.031653756962013
density_curve,15,15,DRB33,,,,,,,,,,,,,9.0,1991810.9716525706,0.045403478406553496,9.031955526394185
density_curve,15,15,DRB33,,,,,,,,,,,,,9.0,2023089.2276173707,0.04596672568641261,9.03235194675557
density_curve,15,15,DRB33,,,,,,,,,,,,,9.0,2054858.65935644,0.046678951219835514,9.032853219843682
density_curve,15,15,DRB33,,,,,,,,,,,,,9.0,2087126.9800121451,0.047553008983400265,9.033468392445295
density_curve,15,15,DRB33,,,,,,,,,,,,,9.0,2119902.0238496074,0.048600106303002724,9.034205352414181
density_curve,15,15,DRB33,,,,,,,,,,,,,9.0,2153191.7481587674,0.04983009263628251,9.03507103191974
density_curve,15,15,DRB33,,,,,,,,,,,,,9.0,2187004.235186248,0.051252213391762426,9.036071937994171
density_curve,15,15,DRB33,,,,,,,,,,,,,9.0,2221347.6940976637,0.05287654505491355,9.037215162591854
density_curve,15,15,DRB33,,,,,,,,,,,,,9.0,2256230.462970635,0.05471636243130906,9.03851004868418
density_curve,15,15,DRB33,,,,,,,,,,,,,9.0,2291661.0108191706,0.05679170543040456,9.03997070060584
density_curve,15,15,DRB33,,,,,,,,,,,,,9.0,2327647.9396498133,0.059134404879839036,9.041619521284726
density_curve,15,15,DRB33,,,,,,,,,,,,,9.0,2364199.9865500783,0.06179478780371063,9.04349193149923
density_curve,15,15,DRB33,,,,,,,,,,,,,9.0,2401326.0258096857,0.06485020558189744,9.045642372101641
density_curve,15,15,DRB33,,,,,,,,,,,,,9.0,2439035.071075103,0.06841540628138144,9.048151604192467
density_curve,15,15,DRB33,,,,,,,,,,,,,9.0,2477336.2775379405,0.07265459835756548,9.05113519970177
density_curve,15,15,DRB33,,,,,,,,,,,,,9.0,2516238.944157669,0.07779482190078912,9.054752952236868
density_curve,15,15,DRB33,,,,,,,,,,,,,9.0,2555752.5159192816,0.08413995531506722,9.059218735155062
density_curve,15,15,DRB33,,,,,,,,,,,,,9.0,2595886.586126396,0.09208434772142503,9.064810096216739
density_curve,15,15,DRB33,,,,,,,,,,,,,9.0,2636650.898730361,0.102124700718457,9.07187662011455
density_curve,15,15,DRB33,,,,,,,,,,,,,9.0,2678055.350695943,0.11486846321855518,9.080845836862364
density_curve,15,15,DRB33,,,,,,,,,,,,,9.0,2720109.994404156,0.1310367025736488,9.092225242528883
density_curve,15,15,DRB33,,,,,,,,,,,,,9.0,2762825.0400928515,0.15145924157549967,9.10659887659864
density_curve,15,15,DRB33,,,,,,,,,,,,,9.0,2806210.858335576,0.17705988004193435,9.124616920742678
density_curve,15,15,DRB33,,,,,,,,,,,,,9.0,2850277.982559416,0.2088298248600306,9.146976998556232
density_curve,15,15,DRB33,,,,,,,,,,,,,9.0,2895037.1116023487,0.24778808935194738,9.174396304145459
density_curve,15,15,DRB33,,,,,,,,,,,,,9.0,2940499.1123107616,0.29492861322547836,9.207574384498415
density_curve,15,15,DRB33,,,,,,,,,,,,,9.0,2986675.022177758,0.35115516993833523,9.247147326487646
density_curve,15,15,DRB33,,,,,,,,,,,,,9.0,3033576.0520228897,0.41720668040659914,9.293635191739835
density_curve,15,15,DRB33,,,,,,,,,,,,,9.0,3081213.5887140087,0.4935771896540531,9.347385695217607
density_curve,15,15,DRB33,,,,,,,,,,,,,9.0,3129599.1979317563,0.5804362824465998,9.408518192764461
density_curve,15,15,DRB33,,,,,,,,,,,,,9.0,3178744.626977629,0.6775568805133768,9.476872863901155
density_curve,15,15,DRB33,,,,,,,,,,,,,9.0,3228661.807625975,0.784257944845428,9.551970384998976
density_curve,15,15,DRB33,,,,,,,,,,,,,9.0,3279362.859020883,0.8993694103730593,9.63298724987448
density_curve,15,15,DRB33,,,,,,,,,,,,,9.0,3330860.090618524,1.0212255966845234,9.718751132172292
density_curve,15,15,DRB33,,,,,,,,,,,,,9.0,3383166.005175699,1.1476913702936136,9.807759298690721
density_curve,15,15,DRB33,,,,,,,,,,,,,9.0,3436293.3017853256,1.276222614880808,9.898221169081047
density_curve,15,15,DRB33,,,,,,,,,,,,,9.0,3490254.8789595794,1.4039593571385995,9.988123858962556
density_curve,15,15,DRB33,,,,,,,,,,,,,9.0,3545063.837761485,1.5278465605214973,10.075317196049097
density_curve,15,15,DRB33,,,,,,,,,,,,,9.0,3600733.4849856202,1.6447745562046208,10.15761255718451
density_curve,15,15,DRB33,,,,,,,,,,,,,9.0,3657277.33638883,1.7517287438354843,10.232888229572497
density_curve,15,15,DRB33,,,,,,,,,,,,,9.0,3714709.119971648,1.845936907953014,10.299193093883753
density_curve,15,15,DRB33,,,,,,,,,,,,,9.0,3773042.7793112434,1.9250024741941538,10.354840411612724
density_curve,15,15,DRB33,,,,,,,,,,,,,9.0,3832292.476946719,1.9870133179147729,10.398484405922948
density_curve,15,15,DRB33,,,,,,,,,,,,,9.0,3892472.597817551,2.0306181974746025,10.429174056332823
density_curve,15,15,DRB33,,,,,,,,,,,,,9.0,3953597.752756071,2.0550662068136694,10.446380865924025
density_curve,15,15,DRB33,,,,,,,,,,,,,9.0,4015682.782034709,2.060208393296281,10.45
density_curve,15,15,DRB33,,,,,,,,,,,,,9.0,4078742.7589690215,2.0464643735513897,10.440326789903905
density_curve,15,15,DRB33,,,,,,,,,,,,,9.0,4142792.9935772587,2.014759925313892,10.418012809389138
density_curve,15,15,DRB33,,,,,,,,,,,,,9.0,4207849.036297407,1.9664437509876398,10.384007291791487
density_curve,15,15,DRB33,,,,,,,,,,,,,9.0,4273926.681762604,1.9031926622613449,10.339490397795931
density_curve,15,15,DRB33,,,,,,,,,,,,,9.0,4341041.972635828,1.8269142706617805,10.285804727851442
density_curve,15,15,DRB33,,,,,,,,,,,,,9.0,4409211.203504863,1.7396550168011047,10.224390592024367
density_curve,15,15,DRB33,,,,,,,,,,,,,9.0,4478450.924838282,1.6435193165071333,10.156729104050703
density_curve,15,15,DRB33,,,,,,,,,,,,,9.0,4548777.947003777,1.5406031303469605,10.084295426749986
density_curve,15,15,DRB33,,,,,,,,,,,,,9.0,4620209.3443493685,1.4329427901384577,10.008522755494841
density_curve,15,15,DRB33,,,,,,,,,,,,,9.0,4692762.459348841,1.3224778170072335,9.93077614910227
density_curve,15,15,DRB33,,,,,,,,,,,,,9.0,4766454.906812234,1.2110250148062276,9.852334296463814
density_curve,15,15,DRB33,,,,,,,,,,,,,9.0,4841304.57816245,1.10026045578654,9.774376837839165
density_curve,15,15,DRB33,,,,,,,,,,,,,9.0,4917329.645779026,0.9917060783841354,9.697974932213665
density_curve,15,15,DRB33,,,,,,,,,,,,,9.0,4994548.567410101,0.8867183438756818,9.624083273713191
density_curve,15,15,DRB33,,,,,,,,,,,,,9.0,5072980.090653727,0.7864775114243888,9.553532543249553
density_curve,15,15,DRB33,,,,,,,,,,,,,9.0,5152643.257509442,0.6919773129646684,9.487022141577341
density_curve,15,15,DRB33,,,,,,,,,,,,,9.0,5233557.40900142,0.6040158804021661,9.425113803745768
density_curve,15,15,DRB33,,,,,,,,,,,,,9.0,5315742.189874179,0.5231895007469373,9.368227203884592
density_curve,15,15,DRB33,,,,,,,,,,,,,9.0,5399217.553362021,0.4498910454499191,9.316638849751822
density_curve,15,15,DRB33,,,,,,,,,,,,,9.0,5484003.766033389,0.38431473433700464,9.270485435649091
density_curve,15,15,DRB33,,,,,,,,,,,,,9.0,5570121.412711266,0.3264683363769295,9.229772429472124
density_curve,15,15,DRB33,,,,,,,,,,,,,9.0,5657591.401470916,0.2761931236040394,9.19438811652694
density_curve,15,15,DRB33,,,,,,,,,,,,,9.0,5746434.968715974,0.23319104934464566,9.164122727899745
density_curve,15,15,DRB33,,,,,,,,,,,,,9.0,5836673.684334379,0.19705787355095214,9.138691754474271
density_curve,15,15,DRB33,,,,,,,,,,,,,9.0,5928329.456935207,0.16732042099119307,9.11776216970413
density_curve,15,15,DRB33,,,,,,,,,,,,,9.0,6021424.539167753,0.1434758879610583,9.100980094159638
density_curve,15,15,DRB33,,,,,,,,,,,,,9.0,6115981.53312414,0.12503110376231372,9.087998428239237
density_curve,15,15,DRB33,,,,,,,,,,,,,9.0,6212023.395826757,0.11153984576433211,9.078503114968633
density_curve,15,15,DRB33,,,,,,,,,,,,,9.0,6309573.444801942,0.10263660946893417,9.072236907787683
density_curve,15,15,DRB33,,,,,,,,,,,,,9.0,6408655.363740995,0.09806554627921825,9.069019737307913
density_curve,15,15,DRB33,,,,,,,,,,,,,9.0,6509293.20825039,0.09770351463264595,9.068764934983431
density_curve,15,15,DRB33,,,,,,,,,,,,,9.0,6611511.411691989,0.10157629156919058,9.07149064301193
density_curve,15,15,DRB33,,,,,,,,,,,,,9.0,6715334.791115149,0.109866954201133,9.077325713316194
density_curve,15,15,DRB33,,,,,,,,,,,,,9.0,6820788.553281926,0.12291530519846984,9.086509303193655
density_curve,15,15,DRB33,,,,,,,,,,,,,9.0,6927898.300786892,0.1412070670189139,9.09938327008261
density_curve,15,15,DRB33,,,,,,,,,,,,,9.0,7036690.03827307,0.16535151783435767,9.116376431452261
density_curve,15,15,DRB33,,,,,,,,,,,,,9.0,7147190.1787454495,0.1960464067408812,9.137979871696114
density_curve,15,15,DRB33,,,,,,,,,,,,,9.0,7259425.549983729,0.23402946868002317,9.164712817737382
density_curve,15,15,DRB33,,,,,,,,,,,,,9.0,7373423.401055615,0.2800167211625974,9.19707921150449
density_curve,15,15,DRB33,,,,,,,,,,,,,9.0,7489211.408932546,0.33462896443437895,9.235515979843925
density_curve,15,15,DRB33,,,,,,,,,,,,,9.0,7606817.685209225,0.39830944883224373,9.28033508779308
density_curve,15,15,DRB33,,,,,,,,,,,,,9.0,7726270.782928702,0.471237365988995,9.331662652626509
density_curve,15,15,DRB33,,,,,,,,,,,,,9.0,7847599.7035146225,0.5532434468763088,9.389379540720705
density_curve,15,15,DRB33,,,,,,,,,,,,,9.0,7970833.903812322,0.6437352504313613,9.453068784770862
density_curve,15,15,DRB33,,,,,,,,,,,,,9.0,8096003.303240569,0.7416404363793594,9.521975658505834
density_curve,15,15,DRB33,,,,,,,,,,,,,9.0,8223138.291055465,0.8453762055779677,9.594986168426782
density_curve,15,15,DRB33,,,,,,,,,,,,,9.0,8352269.733728553,0.9528520108020362,9.670628961690799
density_curve,15,15,DRB33,,,,,,,,,,,,,9.0,8483428.982440725,1.061510556435738,9.747104182198363
density_curve,15,15,DRB33,,,,,,,,,,,,,9.0,8616647.880693821,1.168409122173378,9.822340707213959
density_curve,15,15,DRB33,,,,,,,,,,,,,9.0,8751958.77204175,1.2703396111531469,9.894080638718748
density_curve,15,15,DRB33,,,,,,,,,,,,,9.0,8889394.507943004,1.3639818078830503,9.959987168223325
density_curve,15,15,DRB33,,,,,,,,,,,,,9.0,9028988.455736592,1.4460805889929556,10.017769299874043
density_curve,15,15,DRB33,,,,,,,,,,,,,9.0,9170774.50674293,1.5136347371125154,10.065314739981993
density_curve,15,15,DRB33,,,,,,,,,,,,,9.0,9314787.084492404,1.5640829978081052,10.10082084618301
density_curve,15,15,DRB33,,,,,,,,,,,,,9.0,9461061.153082676,1.5954724134472065,10.122913102881313
density_curve,15,15,DRB33,,,,,,,,,,,,,9.0,9609632.225667553,1.606594922442808,10.130741261477356
density_curve,15,15,DRB33,,,,,,,,,,,,,9.0,9760536.373079011,1.5970806852885098,10.124045024378903
density_curve,15,15,DRB33,,,,,,,,,,,,,9.0,9913810.23258467,1.5674403446271354,10.103183788156956
density_curve,15,15,DRB33,,,,,,,,,,,,,9.0,10069491.016782762,1.5190530226916825,10.069128195997102
density_curve,15,15,DRB33,,,,,,,,,,,,,9.0,10227616.522636779,1.454101760364921,10.023414698915808
density_curve,15,15,DRB33,,,,,,,,,,,,,9.0,10388225.14065211,1.3754627145236724,9.968067571488874
density_curve,15,15,DRB33,,,,,,,,,,,,,9.0,10551355.864196453,1.2865581978181007,9.905495479441027
density_curve,15,15,DRB33,,,,,,,,,,,,,9.0,10717048.298967114,1.1911861292426458,9.838371444860648
density_curve,15,15,DRB33,,,,,,,,,,,,,9.0,10885342.672606446,1.0933394094025974,9.769505720291363
density_curve,15,15,DRB33,,,,,,,,,,,,,9.0,11056279.844468623,0.997028106527636,9.701720641061948
density_curve,15,15,DRB33,,,,,,,,,,,,,9.0,11229901.315539658,0.9061153278609119,9.637735109551791
density_curve,15,15,DRB33,,,,,,,,,,,,,9.0,11406249.238513203,0.8241746393312217,9.58006424540297
density_curve,15,15,DRB33,,,,,,,,,,,,,9.0,11585366.428024698,0.7543733994014996,9.530937274448268
density_curve,15,15,DRB33,,,,,,,,,,,,,9.0,11767296.371045876,0.6993829546348399,9.492234323246288
density_curve,15,15,DRB33,,,,,,,,,,,,,9.0,11952083.237443073,0.6613138270378518,9.465440803136746
density_curve,15,15,DRB33,,,,,,,,,,,,,9.0,12139771.890700752,0.64167220314667,9.45161678672419
density_curve,15,15,DRB33,,,,,,,,,,,,,9.0,12330407.898813803,0.6413334194762663,9.451378346611197
density_curve,15,15,DRB33,,,,,,,,,,,,,9.0,12524037.545350743,0.6605287142046705,9.464888231070823
density_curve,15,15,DRB33,,,,,,,,,,,,,9.0,12720707.84069066,0.698843049490803,9.491854331367117
density_curve,15,15,DRB33,,,,,,,,,,,,,9.0,12920466.533436738,0.7552238949716712,9.531535863688445
density_curve,15,15,DRB33,,,,,,,,,,,,,9.0,13123362.122008637,0.8280029878242484,9.582758684146619
density_curve,15,15,DRB33,,,,,,,,,,,,,9.0,13329443.866417537,0.9149347202032851,9.643942306327638
density_curve,15,15,DRB33,,,,,,,,,,,,,9.0,13538761.800225446,1.0132555021343626,9.713141681625766
density_curve,15,15,DRB33,,,,,,,,,,,,,9.0,13751366.742692733,1.119767921087827,9.78810643178651
density_curve,15,15,DRB33,,,,,,,,,,,,,9.0,13967310.311116258,1.2309517033463242,9.866358944881497
density_curve,15,15,DRB33,,,,,,,,,,,,,9.0,14186644.93336124,1.343100554840894,9.945290685571546
density_curve,15,15,DRB33,,,,,,,,,,,,,9.0,14409423.860590115,1.4524803227850944,10.022273511209555
density_curve,15,15,DRB33,,,,,,,,,,,,,9.0,14635701.180190798,1.5555001432636548,10.094780127617865
density_curve,15,15,DRB33,,,,,,,,,,,,,9.0,14865531.828908725,1.6488849706961484,10.160505517446254
density_curve,15,15,DRB33,,,,,,,,,,,,,9.0,15098971.606184201,1.7298357407337268,10.21747966478806
density_curve,15,15,DRB33,,,,,,,,,,,,,9.0,15336077.187700124,1.7961628808954606,10.264161521607718
density_curve,15,15,DRB33,,,,,,,,,,,,,9.0,15576906.139141649,1.846380210388013,10.299505095588454
density_curve,15,15,DRB33,,,,,,,,,,,,,9.0,15821516.930172438,1.8797494386357327,10.322990768744933
density_curve,15,15,DRB33,,,,,,,,,,,,,9.0,16069968.948630175,1.8962701655031213,10.334618259456875
density_curve,15,15,DRB33,,,,,,,,,,,,,9.0,16322322.514945026,1.896615934056938,10.3348616156167
density_curve,15,15,DRB33,,,,,,,,,,,,,9.0,16578638.896784693,1.8820227431665955,10.324590748426832
density_curve,15,15,DRB33,,,,,,,,,,,,,9.0,16838980.323928915,1.8541416838421232,10.304967716042327
density_curve,15,15,DRB33,,,,,,,,,,,,,9.0,17103410.003378414,1.8148712748182616,10.277328719293315
density_curve,15,15,DRB33,,,,,,,,,,,,,9.0,17371992.134700213,1.7661870762646017,10.243064181719104
density_curve,15,15,DRB33,,,,,,,,,,,,,9.0,17644791.92561452,1.7099859652833147,10.203509148748637
density_curve,15,15,DRB33,,,,,,,,,,,,,9.0,17921875.607826144,1.6479600931443394,10.159854577252782
density_curve,15,15,DRB33,,,,,,,,,,,,,9.0,18203310.453104522,1.5815113582056675,10.113087140533958
density_curve,15,15,DRB33,,,,,,,,,,,,,9.0,18489164.789616488,1.5117118268841903,10.063961372118749
density_curve,15,15,DRB33,,,,,,,,,,,,,9.0,18779508.018514913,1.4393096879261293,10.013003856446648
density_curve,15,15,DRB33,,,,,,,,,,,,,9.0,19074410.630788796,1.3647748441681475,9.960545316912134
density_curve,15,15,DRB33,,,,,,,,,,,,,9.0,19373944.224377003,1.2883738587787301,9.906773363950904
density_curve,15,15,DRB33,,,,,,,,,,,,,9.0,19678181.521551367,1.2102612159585064,9.851796725442941
density_curve,15,15,DRB33,,,,,,,,,,,,,9.0,19987196.386572525,1.1305730015970397,9.795711180310658
density_curve,15,15,DRB33,,,,,,,,,,,,,9.0,20301063.843623016,1.0495101390261248,9.738658140865573
density_curve,15,15,DRB33,,,,,,,,,,,,,9.0,20619860.095022235,0.9674009407564991,9.680868677489752
density_curve,15,15,DRB33,,,,,,,,,,,,,9.0,20943662.539726753,0.8847364639674112,9.622688402264098
density_curve,15,15,DRB33,,,,,,,,,,,,,9.0,21272549.792122267,0.8021763745801521,9.564581596175424
density_curve,15,15,DRB33,,,,,,,,,,,,,9.0,21606601.701109305,0.7205271070991804,9.507115837744072
density_curve,15,15,DRB33,,,,,,,,,,,,,9.0,21945899.369489986,0.6406975115292431,9.45093078677881
density_curve,15,15,DRB33,,,,,,,,,,,,,9.0,22290525.173658106,0.5636395158664951,9.396696421908462
density_curve,15,15,DRB33,,,,,,,,,,,,,9.0,22640562.78359909,0.49028241051237437,9.345066789144328
density_curve,15,15,DRB33,,,,,,,,,,,,,9.0,22996097.183203783,0.4214691895098073,9.296635198059468
density_curve,15,15,DRB33,,,,,,,,,,,,,9.0,23357214.690901212,0.35790214882252036,9.251895933188747
density_curve,15,15,DRB33,,,,,,,,,,,,,9.0,23724002.980615646,0.30010295541486415,9.211216150156211
density_curve,15,15,DRB33,,,,,,,,,,,,,9.0,24096551.10305199,0.24839003584722366,9.174819961490506
density_curve,15,15,DRB33,,,,,,,,,,,,,9.0,24474949.507316638,0.20287376009640448,9.142785046938444
density_curve,15,15,DRB33,,,,,,,,,,,,,9.0,24859290.062876612,0.16346782889581632,9.115050668015042
density_curve,15,15,DRB33,,,,,,,,,,,,,9.0,25249666.08186437,0.12991373046403323,9.091434880949812
density_curve,15,15,DRB33,,,,,,,,,,,,,9.0,25646172.341732506,0.10181422390290848,9.071658102714071
density_curve,15,15,DRB33,,,,,,,,,,,,,9.0,26048905.10826428,0.07867153370665325,9.055369992786085
density_curve,15,15,DRB33,,,,,,,,,,,,,9.0,26457962.158945747,0.059926217247076634,9.042176808565095
density_curve,15,15,DRB33,,,,,,,,,,,,,9.0,26873442.80670409,0.044993351298281935,9.031666873892366
density_curve,15,15,DRB33,,,,,,,,,,,,,9.0,27295447.924020074,0.03329360569719857,9.023432449075552
density_curve,15,15,DRB33,,,,,,,,,,,,,9.0,27724079.967417758,0.02427776748355079,9.017086991279957
density_curve,15,15,DRB33,,,,,,,,,,,,,9.0,28159443.002339695,0.01744420971903528,9.012277449298287
density_curve,15,15,DRB33,,,,,,,,,,,,,9.0,28601642.7284124,0.012349568540308806,9.008691778191816
density_curve,15,15,DRB33,,,,,,,,,,,,,9.0,29050786.505108584,0.008613447382172588,9.006062250180511
density_curve,15,15,DRB33,,,,,,,,,,,,,9.0,29506983.377812706,0.0059182972425476195,9.004165370372055
density_curve,15,15,DRB33,,,,,,,,,,,,,9.0,29970344.104294933,0.0040057469417740564,9.002819293953209
density_curve,15,15,DRB33,,,,,,,,,,,,,9.0,30440981.18160234,0.002670618790582964,9.001879614343357
density_curve,15,15,DRB33,,,,,,,,,,,,,9.0,30919008.873370558,0.0017537133831520802,9.001234285043127
density_curve,15,15,DRB33,,,,,,,,,,,,,9.0,31404543.237566188,0.001134232471521681,9.000798286760242
density_curve,15,15,DRB33,,,,,,,,,,,,,9.0,31897702.154663246,0.0007224740454874719,9.000508486116921
density_curve,15,15,DRB33,,,,,,,,,,,,,9.0,32398605.356263112,0.0004532110487520137,9.000318975508899
density_curve,15,15,DRB33,,,,,,,,,,,,,9.0,32907374.454163484,0.0002799750863542262,9.000197049908415
density_curve,15,15,DRB33,,,,,,,,,,,,,9.0,33424132.969883844,0.000170318828091829,9.00011987248549
density_curve,15,15,DRB33,,,,,,,,,,,,,9.0,33949006.36465498,0.00010202698220164654,9.000071807844622
density_curve,15,15,DRB33,,,,,,,,,,,,,9.0,34482122.069878325,6.018138696090235e-05,9.000042356400147
density_curve,15,15,DRB33,,,,,,,,,,,,,9.0,35023609.518065386,3.4953496686651805e-05,9.000024600700764
density_curve,15,15,DRB33,,,,,,,,,,,,,9.0,35573600.17426121,1.998884253248425e-05,9.000014068393162
density_curve,15,15,DRB33,,,,,,,,,,,,,9.0,36132227.56796255,1.1254890383858253e-05,9.000007921330244
density_curve,15,15,DRB33,,,,,,,,,,,,,9.0,36699627.32553667,6.239362085979452e-06,9.000004391339758
density_curve,15,15,DRB33,,,,,,,,,,,,,9.0,37275937.20314938,3.4054438398846077e-06,9.00000239679325
density_curve,15,15,DRB33,,,,,,,,,,,,,9.0,37861297.12021055,1.8299185724139387e-06,9.000001287919192
density_curve,15,15,DRB33,,,,,,,,,,,,,9.0,38455849.19334357,9.680655255422238e-07,9.00000068133642
density_curve,15,15,DRB33,,,,,,,,,,,,,9.0,39059737.77089033,5.041777027421532e-07,9.000000354846467
density_curve,15,15,DRB33,,,,,,,,,,,,,9.0,39673109.46795558,2.584995699298651e-07,9.000000181935176
density_curve,15,15,DRB33,,,,,,,,,,,,,9.0,40296113.20200404,1.3047436323372352e-07,9.000000091829461
density_curve,15,15,DRB33,,,,,,,,,,,,,9.0,40928900.22901449,6.482939929743089e-08,9.00000004562773
density_curve,15,15,DRB33,,,,,,,,,,,,,9.0,41571624.180202775,3.170975817089026e-08,9.000000022317717
density_curve,15,15,DRB33,,,,,,,,,,,,,9.0,42224441.09932146,1.5267960304345796e-08,9.000000010745778
density_curve,15,15,DRB33,,,,,,,,,,,,,9.0,42887509.48054403,7.236518205860601e-09,9.00000000509315
density_curve,15,15,DRB33,,,,,,,,,,,,,9.0,43560990.30694617,3.376234098711603e-09,9.000000002376234
density_curve,15,15,DRB33,,,,,,,,,,,,,9.0,44245047.08958865,1.5505426564899883e-09,9.00000000109129
density_curve,15,15,DRB33,,,,,,,,,,,,,9.0,44939845.907216705,7.009345489586424e-10,9.000000000493326
density_curve,15,15,DRB33,,,,,,,,,,,,,9.0,45645555.44658045,3.118949747322645e-10,9.000000000219515
density_curve,15,15,DRB33,,,,,,,,,,,,,9.0,46362347.04338999,1.36606476129069e-10,9.000000000096145
density_curve,15,15,DRB33,,,,,,,,,,,,,9.0,47090394.72391306,5.88926750310471e-11,9.00000000004145
density_curve,15,15,DRB33,,,,,,,,,,,,,9.0,47829875.24722586,2.4990426428510214e-11,9.000000000017588
density_curve,15,15,DRB33,,,,,,,,,,,,,9.0,48580968.14812807,1.0437679874840153e-11,9.000000000007347
density_curve,15,15,DRB33,,,,,,,,,,,,,9.0,49343855.78073008,4.290895444140107e-12,9.00000000000302
density_curve,15,15,DRB33,,,,,,,,,,,,,9.0,50118723.36272725,1.7362068760946693e-12,9.000000000001222
density_curve,16,2,DRB10,,,,,,,,,,,,,8.0,100000.0,0.0016792107251104877,8.001166298288785
density_curve,16,2,DRB10,,,,,,,,,,,,,8.0,101570.34258822507,0.0017179428569738578,8.001193199748165
density_curve,16,2,DRB10,,,,,,,,,,,,,8.0,103165.34493489409,0.0017683155561427045,8.001228186180757
density_curve,16,2,DRB10,,,,,,,,,,,,,8.0,104785.39428269603,0.0018356539638879539,8.001274956171295
density_curve,16,2,DRB10,,,,,,,,,,,,,8.0,106430.88395535655,0.0019255494674705494,8.001337393226056
density_curve,16,2,DRB10,,,,,,,,,,,,,8.0,108102.21345313193,0.0020434804106034448,8.001419302336755
density_curve,16,2,DRB10,,,,,,,,,,,,,8.0,109799.78854980043,0.0021944001279688946,8.001524123849311
density_curve,16,2,DRB10,,,,,,,,,,,,,8.0,111524.02139117903,0.0023823171253867957,8.00165464187736
density_curve,16,2,DRB10,,,,,,,,,,,,,8.0,113275.33059518597,0.0026098969128863407,8.001812707754832
density_curve,16,2,DRB10,,,,,,,,,,,,,8.0,115054.14135347492,0.002878117490834718,8.001999000753322
density_curve,16,2,DRB10,,,,,,,,,,,,,8.0,116860.88553466521,0.0031860099293959587,8.002212847901184
density_curve,16,2,DRB10,,,,,,,,,,,,,8.0,118696.00178919302,0.003530511377958991,8.002452121891002
density_curve,16,2,DRB10,,,,,,,,,,,,,8.0,120559.93565580886,0.003906450205612865,8.002713230758891
density_curve,16,2,DRB10,,,,,,,,,,,,,8.0,122453.13966974878,0.004306672374842718,8.00299120565753
density_curve,16,2,DRB10,,,,,,,,,,,,,8.0,124376.07347260158,0.0047223056733872604,8.003279884378793
density_curve,16,2,DRB10,,,,,,,,,,,,,8.0,126329.20392390396,0.0051431455414223965,8.003572179330583
density_curve,16,2,DRB10,,,,,,,,,,,,,8.0,128313.00521448672,0.005558134573447327,8.003860410575582
density_curve,16,2,DRB10,,,,,,,,,,,,,8.0,130327.95898160127,0.005955898905190212,8.004136678379565
density_curve,16,2,DRB10,,,,,,,,,,,,,8.0,132374.55442585386,0.006325299835499055,8.004393246341198
density_curve,16,2,DRB10,,,,,,,,,,,,,8.0,134453.28842997624,0.006655958849811883,8.004622906047869
density_curve,16,2,DRB10,,,,,,,,,,,,,8.0,136564.66567946097,0.006938718695025278,8.004819297315908
density_curve,16,2,DRB10,,,,,,,,,,,,,8.0,138709.19878509274,0.007166011604248671,8.004977163941648
density_curve,16,2,DRB10,,,,,,,,,,,,,8.0,140887.40840740083,0.007332116902985739,8.00509253262217
density_curve,16,2,DRB10,,,,,,,,,,,,,8.0,143099.82338306884,0.007433302402129455,8.00516281116002
density_curve,16,2,DRB10,,,,,,,,,,,,,8.0,145346.98085332804,0.007467855475723308,8.005186810048308
density_curve,16,2,DRB10,,,,,,,,,,,,,8.0,147629.42639436718,0.007436019027336445,8.005164697996069
density_curve,16,2,DRB10,,,,,,,,,,,,,8.0,149947.71414979032,0.0073398536257460985,8.005097906174388
density_curve,16,2,DRB10,,,,,,,,,,,,,8.0,152302.40696515449,0.007183049506848891,8.004988997642059
density_curve,16,2,DRB10,,,,,,,,,,,,,8.0,154694.07652461986,0.006970711095144386,8.004841517684653
density_curve,16,2,DRB10,,,,,,,,,,,,,8.0,157123.30348974746,0.00670913292498449,8.0046598381803
density_curve,16,2,DRB10,,,,,,,,,,,,,8.0,159590.6776404731,0.006405580401721618,8.004449005327018
density_curve,16,2,DRB10,,,,,,,,,,,,,8.0,162096.79801829843,0.006068082891073462,8.004214595932622
density_curve,16,2,DRB10,,,,,,,,,,,,,8.0,164642.27307172897,0.005705241184306364,8.003962583689384
density_curve,16,2,DRB10,,,,,,,,,,,,,8.0,167227.72080399614,0.005326047187536162,8.00369921393898
density_curve,16,2,DRB10,,,,,,,,,,,,,8.0,169853.76892309941,0.00493971109610679,8.003430883636181
density_curve,16,2,DRB10,,,,,,,,,,,,,8.0,172521.0549942039,0.004555490377029189,8.003164022568374
density_curve,16,2,DRB10,,,,,,,,,,,,,8.0,175230.2265944331,0.004182515394021564,8.002904972243162
density_curve,16,2,DRB10,,,,,,,,,,,,,8.0,177981.9414700888,0.003829608157889625,8.002659860001174
density_curve,16,2,DRB10,,,,,,,,,,,,,8.0,180776.86769634343,0.0035050931521475423,8.002434467624731
density_curve,16,2,DRB10,,,,,,,,,,,,,8.0,183615.6838394384,0.0032166022065440707,8.002234095812453
density_curve,16,2,DRB10,,,,,,,,,,,,,8.0,186499.07912142982,0.0029708787570581065,8.002063428227757
density_curve,16,2,DRB10,,,,,,,,,,,,,8.0,189427.7535875212,0.0027735903230279688,8.001926401254568
density_curve,16,2,DRB10,,,,,,,,,,,,,8.0,192402.4182760241,0.002629161351287414,8.001826087898971
density_curve,16,2,DRB10,,,,,,,,,,,,,8.0,195423.79539098707,0.00254064128170975,8.00176460615393
density_curve,16,2,DRB10,,,,,,,,,,,,,8.0,198492.61847753756,0.0025096241868514933,8.001743063184893
density_curve,16,2,DRB10,,,,,,,,,,,,,8.0,201609.63259997344,0.0025362359569173773,8.00176154642909
density_curve,16,2,DRB10,,,,,,,,,,,,,8.0,204775.59452265495,0.002619202125885276,8.00181917070426
density_curve,16,2,DRB10,,,,,,,,,,,,,8.0,207991.2728937353,0.0027560036994340813,8.001914186439182
density_curve,16,2,DRB10,,,,,,,,,,,,,8.0,211257.44843177704,0.0029431198231720545,8.002044148219236
density_curve,16,2,DRB10,,,,,,,,,,,,,8.0,214574.91411529886,0.0031763454689271832,8.002206135435895
density_curve,16,2,DRB10,,,,,,,,,,,,,8.0,217944.4753752988,0.00345116077300068,8.002397008811153
density_curve,16,2,DRB10,,,,,,,,,,,,,8.0,221366.95029080036,0.0037631179892870102,8.002613679156386
density_curve,16,2,DRB10,,,,,,,,,,,,,8.0,224843.16978747185,0.0041082042299727,8.002853359314436
density_curve,16,2,DRB10,,,,,,,,,,,,,8.0,228373.97783935972,0.004483135157505525,8.003113768143809
density_curve,16,2,DRB10,,,,,,,,,,,,,8.0,231960.2316737949,0.0048855379492392294,8.003393257597027
density_curve,16,2,DRB10,,,,,,,,,,,,,8.0,235602.80197951404,0.0053139916815344,8.003690840769483
density_curve,16,2,DRB10,,,,,,,,,,,,,8.0,239302.57311804994,0.00576790914651434,8.004006109815077
density_curve,16,2,DRB10,,,,,,,,,,,,,8.0,243060.44333844114,0.006247264224836042,8.00433904659258
density_curve,16,2,DRB10,,,,,,,,,,,,,8.0,246877.32499531287,0.006752190517342132,8.004689743894655
density_curve,16,2,DRB10,,,,,,,,,,,,,8.0,250754.1447703851,0.0072824966531215025,8.005058068804354
density_curve,16,2,DRB10,,,,,,,,,,,,,8.0,254691.843897454,0.007837158223116009,8.005443309816853
density_curve,16,2,DRB10,,,,,,,,,,,,,8.0,258691.37839091144,0.008413852960907839,8.005843853998579
density_curve,16,2,DRB10,,,,,,,,,,,,,8.0,262753.7192778504,0.009008603118738146,8.006256938598957
density_curve,16,2,DRB10,,,,,,,,,,,,,8.0,266879.85283381585,0.009615577014991175,8.006678513214908
density_curve,16,2,DRB10,,,,,,,,,,,,,8.0,271070.7808222577,0.010227082100662775,8.007103234975158
density_curve,16,2,DRB10,,,,,,,,,,,,,8.0,275327.5207377438,0.010833757586844186,8.007524602329953
density_curve,16,2,DRB10,,,,,,,,,,,,,8.0,279651.1060529923,0.011424949485831712,8.007935215536396
density_curve,16,2,DRB10,,,,,,,,,,,,,8.0,284042.5864697849,0.011989228756802361,8.008327136537309
density_curve,16,2,DRB10,,,,,,,,,,,,,8.0,288503.028173816,0.012514997425210814,8.008692309942345
density_curve,16,2,DRB10,,,,,,,,,,,,,8.0,293033.5140935484,0.012991120182790175,8.009023001706703
density_curve,16,2,DRB10,,,,,,,,,,,,,8.0,297635.14416313195,0.01340752065431808,8.009312213269094
density_curve,16,2,DRB10,,,,,,,,,,,,,8.0,302309.0355894507,0.013755691251839331,8.00955403567174
density_curve,16,2,DRB10,,,,,,,,,,,,,8.0,307056.3231233643,0.014029081051192481,8.00974391896059
density_curve,16,2,DRB10,,,,,,,,,,,,,8.0,311878.15933520853,0.01422334437109197,8.009878844836292
density_curve,16,2,DRB10,,,,,,,,,,,,,8.0,316775.7148946211,0.014336450522666617,8.00995740288089
density_curve,16,2,DRB10,,,,,,,,,,,,,8.0,321750.1788547658,0.014368669804683378,8.009979780830792
density_curve,16,2,DRB10,,,,,,,,,,,,,8.0,326802.75894101255,0.014322460446321562,8.009947686052705
density_curve,16,2,DRB10,,,,,,,,,,,,,8.0,331934.6818441578,0.014202285188436192,8.00986421814988
density_curve,16,2,DRB10,,,,,,,,,,,,,8.0,337147.193518246,0.014014384995835039,8.00973371179364
density_curve,16,2,DRB10,,,,,,,,,,,,,8.0,342441.55948306865,0.013766532306845738,8.009561565342503
density_curve,16,2,DRB10,,,,,,,,,,,,,8.0,347819.06513141334,0.013467779007303561,8.009354065797144
density_curve,16,2,DRB10,,,,,,,,,,,,,8.0,353281.01604113757,0.013128206749195138,8.009118215383834
density_curve,16,2,DRB10,,,,,,,,,,,,,8.0,358828.7382921458,0.012758680779557587,8.00886156057595
density_curve,16,2,DRB10,,,,,,,,,,,,,8.0,364463.57878833805,0.01237060402263616,8.008592021291363
density_curve,16,2,DRB10,,,,,,,,,,,,,8.0,370186.9055846206,0.011975666098426149,8.008317716572908
density_curve,16,2,DRB10,,,,,,,,,,,,,8.0,376000.1082190484,0.011585582102278386,8.008046783157353
density_curve,16,2,DRB10,,,,,,,,,,,,,8.0,381904.59805018455,0.011211817847010606,8.007787184641925
density_curve,16,2,DRB10,,,,,,,,,,,,,8.0,387901.8085997564,0.010865301314680756,8.007546511072702
density_curve,16,2,DRB10,,,,,,,,,,,,,8.0,393993.19590069365,0.0105561237700335,8.00733177135251
density_curve,16,2,DRB10,,,,,,,,,,,,,8.0,400180.2388506313,0.010293237965664849,8.007149183628886
density_curve,16,2,DRB10,,,,,,,,,,,,,8.0,406464.4395709628,0.010084164831197577,8.007003971574608
density_curve,16,2,DRB10,,,,,,,,,,,,,8.0,412847.323771536,0.009934723702195569,8.006900177017783
density_curve,16,2,DRB10,,,,,,,,,,,,,8.0,419330.44112106785,0.00984880413029496,8.006840501452244
density_curve,16,2,DRB10,,,,,,,,,,,,,8.0,425915.3656233841,0.009828199094795204,8.00682619019441
density_curve,16,2,DRB10,,,,,,,,,,,,,8.0,432603.6959995626,0.009872519362564187,8.006856972901836
density_curve,16,2,DRB10,,,,,,,,,,,,,8.0,439397.0560760795,0.00997920619014817,8.006931072395476
density_curve,16,2,DRB10,,,,,,,,,,,,,8.0,446297.0951790494,0.010143654124381408,8.007045289951035
density_curve,16,2,DRB10,,,,,,,,,,,,,8.0,453305.48853465647,0.010359447368702231,8.007195169467536
density_curve,16,2,DRB10,,,,,,,,,,,,,8.0,460423.93767587794,0.010618702665794079,8.00737523561697
density_curve,16,2,DRB10,,,,,,,,,,,,,8.0,467654.17085558514,0.010912500141779947,8.00757929308776
density_curve,16,2,DRB10,,,,,,,,,,,,,8.0,474997.94346614124,0.011231372776846951,8.00780076654732
density_curve,16,2,DRB10,,,,,,,,,,,,,8.0,482457.03846558335,0.011565817008477015,8.008033055282265
density_curve,16,2,DRB10,,,,,,,,,,,,,8.0,490033.26681049785,0.011906783127533816,8.008269873803755
density_curve,16,2,DRB10,,,,,,,,,,,,,8.0,497728.46789569367,0.01224610568576027,8.008505550787643
density_curve,16,2,DRB10,,,,,,,,,,,,,8.0,505544.5100007789,0.012576841287045252,8.008735263687907
density_curve,16,2,DRB10,,,,,,,,,,,,,8.0,513483.29074375494,0.012893493049758778,8.008955194637293
density_curve,16,2,DRB10,,,,,,,,,,,,,8.0,521546.7375417237,0.013192115934038443,8.00916260360254
density_curve,16,2,DRB10,,,,,,,,,,,,,8.0,529736.8080788398,0.013470312616526738,8.00935582551917
density_curve,16,2,DRB10,,,,,,,,,,,,,8.0,538055.490781606,0.013727143055209343,8.009534207479614
density_curve,16,2,DRB10,,,,,,,,,,,,,8.0,546504.805301633,0.013962979997681584,8.009698008376265
density_curve,16,2,DRB10,,,,,,,,,,,,,8.0,555086.803005981,0.014179345855227373,8.009848285602127
density_curve,16,2,DRB10,,,,,,,,,,,,,8.0,563803.567475201,0.014378763030904452,8.009986791095969
density_curve,16,2,DRB10,,,,,,,,,,,,,8.0,572657.2150091964,0.014564640531312916,8.01011589258836
density_curve,16,2,DRB10,,,,,,,,,,,,,8.0,581649.8951410283,0.014741206133964388,8.010238526488411
density_curve,16,2,DRB10,,,,,,,,,,,,,8.0,590783.7911587943,0.014913477923053663,8.010358178113915
density_curve,16,2,DRB10,,,,,,,,,,,,,8.0,600061.1206356916,0.015087254418284084,8.01047887483529
density_curve,16,2,DRB10,,,,,,,,,,,,,8.0,609484.1359684145,0.015269091496923926,8.010605170046773
density_curve,16,2,DRB10,,,,,,,,,,,,,8.0,619055.1249240021,0.015466229024034547,8.010742092207337
density_curve,16,2,DRB10,,,,,,,,,,,,,8.0,628776.4111952737,0.015686431862382534,8.010895034413881
density_curve,16,2,DRB10,,,,,,,,,,,,,8.0,638650.3549649863,0.015937718938610675,8.011069566223748
density_curve,16,2,DRB10,,,,,,,,,,,,,8.0,648679.3534788508,0.016227969348739837,8.01127116007471
density_curve,16,2,DRB10,,,,,,,,,,,,,8.0,658865.8416275523,0.016564414109546434,8.01150483828015
density_curve,16,2,DRB10,,,,,,,,,,,,,8.0,669212.2925378972,0.01695304335516222,8.011774761296573
density_curve,16,2,DRB10,,,,,,,,,,,,,8.0,679721.2181732573,0.017397978420427358,8.012083791603182
density_curve,16,2,DRB10,,,,,,,,,,,,,8.0,690395.1699434342,0.017900873298553922,8.012433077983399
density_curve,16,2,DRB10,,,,,,,,,,,,,8.0,701236.7393241049,0.018460417871645138,8.01282171049291
density_curve,16,2,DRB10,,,,,,,,,,,,,8.0,712248.5584859921,0.019072014408653384,8.013246495770822
density_curve,16,2,DRB10,,,,,,,,,,,,,8.0,723433.3009339154,0.019727688510839347,8.013701895186717
density_curve,16,2,DRB10,,,,,,,,,,,,,8.0,734793.6821558832,0.02041627652749064,8.014180155010507
density_curve,16,2,DRB10,,,,,,,,,,,,,8.0,746332.4602823642,0.02112390513757447,8.014671639506583
density_curve,16,2,DRB10,,,,,,,,,,,,,8.0,758052.4367559261,0.021834747907740554,8.01516535640229
density_curve,16,2,DRB10,,,,,,,,,,,,,8.0,769956.4570113824,0.02253201150260595,8.01564964186174
density_curve,16,2,DRB10,,,,,,,,,,,,,8.0,782047.411166621,0.023199074554576253,8.016112951489525
density_curve,16,2,DRB10,,,,,,,,,,,,,8.0,794328.2347242822,0.023820678784523527,8.016544687625347
density_curve,16,2,DRB10,,,,,,,,,,,,,8.0,806801.909284454,0.024384058277844393,8.016935983684364
density_curve,16,2,DRB10,,,,,,,,,,,,,8.0,819471.4632685608,0.024879891593885428,8.01728036544621
density_curve,16,2,DRB10,,,,,,,,,,,,,8.0,832339.9726546166,0.025302974138745812,8.0175742180525
density_curve,16,2,DRB10,,,,,,,,,,,,,8.0,845410.561724033,0.0256525348255278,8.017817005943694
density_curve,16,2,DRB10,,,,,,,,,,,,,8.0,858686.4038201383,0.025932159374556677,8.01801121958714
density_curve,16,2,DRB10,,,,,,,,,,,,,8.0,872170.7221186243,0.02614932852345793,8.018162054740198
density_curve,16,2,DRB10,,,,,,,,,,,,,8.0,885866.7904100833,0.026314627033455374,8.01827686306441
density_curve,16,2,DRB10,,,,,,,,,,,,,8.0,899777.9338948353,0.02644072176540798,8.018364442346689
density_curve,16,2,DRB10,,,,,,,,,,,,,8.0,913907.5299902376,0.0265412373614462,8.018434255602347
density_curve,16,2,DRB10,,,,,,,,,,,,,8.0,928259.0091506683,0.02662967062010279,8.018495677052735
density_curve,16,2,DRB10,,,,,,,,,,,,,8.0,942835.8557003973,0.026718476445252763,8.018557357269732
density_curve,16,2,DRB10,,,,,,,,,,,,,8.0,957641.6086795169,0.026818429645654167,8.018626779912669
density_curve,16,2,DRB10,,,,,,,,,,,,,8.0,972679.8627031752,0.026938321903551228,8.018710051257434
density_curve,16,2,DRB10,,,,,,,,,,,,,8.0,987954.2688342923,0.027084999141746113,8.018811926149818
density_curve,16,2,DRB10,,,,,,,,,,,,,8.0,1003468.5354699849,0.027263690480163753,8.018936036482787
density_curve,16,2,DRB10,,,,,,,,,,,,,8.0,1019226.4292419085,0.027478535384472272,8.019085257328332
density_curve,16,2,DRB10,,,,,,,,,,,,,8.0,1035231.7759307377,0.027733188202667382,8.01926212681925
density_curve,16,2,DRB10,,,,,,,,,,,,,8.0,1051488.4613950192,0.028031373527971994,8.019469231877265
density_curve,16,2,DRB10,,,,,,,,,,,,,8.0,1068000.4325145755,0.02837728199922409,8.019709483116769
density_curve,16,2,DRB10,,,,,,,,,,,,,8.0,1084771.6981487798,0.028775730338919114,8.019986225999485
density_curve,16,2,DRB10,,,,,,,,,,,,,8.0,1101806.3301098226,0.029232054441607442,8.020303166578854
density_curve,16,2,DRB10,,,,,,,,,,,,,8.0,1119108.4641512968,0.029751751316299757,8.020664122810597
density_curve,16,2,DRB10,,,,,,,,,,,,,8.0,1136682.3009722962,0.03033992609594815,8.02107264047235
density_curve,16,2,DRB10,,,,,,,,,,,,,8.0,1154532.1072372785,0.03100062765750708,8.021531531717576
density_curve,16,2,DRB10,,,,,,,,,,,,,8.0,1172662.2166119604,0.03173616740769099,8.022042401937224
density_curve,16,2,DRB10,,,,,,,,,,,,,8.0,1191077.0308154398,0.03254651085344903,8.022605227174095
density_curve,16,2,DRB10,,,,,,,,,,,,,8.0,1209781.0206889012,0.03342881415430488,8.023218032234585
density_curve,16,2,DRB10,,,,,,,,,,,,,8.0,1228778.727281043,0.03437715330142039,8.02387670258961
density_curve,16,2,DRB10,,,,,,,,,,,,,8.0,1248074.7629505873,0.035382467621980496,8.024574945135482
density_curve,16,2,DRB10,,,,,,,,,,,,,8.0,1267673.8124860895,0.03643271667663379,8.025304397167275
density_curve,16,2,DRB10,,,,,,,,,,,,,8.0,1287580.634243335,0.037513233039911636,8.02605487140297
density_curve,16,2,DRB10,,,,,,,,,,,,,8.0,1307800.061300597,0.038607243414928036,8.026814717924442
density_curve,16,2,DRB10,,,,,,,,,,,,,8.0,1328337.002632031,0.039696525653844024,8.027571280512003
density_curve,16,2,DRB10,,,,,,,,,,,,,8.0,1349196.4442995142,0.04076216714995733,8.028311423386741
density_curve,16,2,DRB10,,,,,,,,,,,,,8.0,1370383.450663168,0.04178538838058803,8.029022103203449
density_curve,16,2,DRB10,,,,,,,,,,,,,8.0,1391903.1656109202,0.042748392664333036,8.029690959250773
density_curve,16,2,DRB10,,,,,,,,,,,,,8.0,1413760.8138073613,0.04363519938255878,8.030306892166449
density_curve,16,2,DRB10,,,,,,,,,,,,,8.0,1435961.7019622158,0.044432414268237144,8.03086059894253
density_curve,16,2,DRB10,,,,,,,,,,,,,8.0,1458511.22011873,0.04512988897793931,8.031345031032101
density_curve,16,2,DRB10,,,,,,,,,,,,,8.0,1481414.8429622927,0.04572122517240797,8.031755744459184
density_curve,16,2,DRB10,,,,,,,,,,,,,8.0,1504678.1311496203,0.04620408711566223,8.032091116934906
density_curve,16,2,DRB10,,,,,,,,,,,,,8.0,1528306.7326587688,0.04658030139882167,8.032352417120823
density_curve,16,2,DRB10,,,,,,,,,,,,,8.0,1552306.3841604206,0.046855741303323845,8.03254372431323
density_curve,16,2,DRB10,,,,,,,,,,,,,8.0,1576682.9124106285,0.04704001374300841,8.032671711008327
density_curve,16,2,DRB10,,,,,,,,,,,,,8.0,1601442.23566548,0.0471459851744324,8.032745313622508
density_curve,16,2,DRB10,,,,,,,,,,,,,8.0,1626590.3651179587,0.0471891959528352,8.032775325732455
density_curve,16,2,DRB10,,,,,,,,,,,,,8.0,1652133.4063573685,0.04718721785011289,8.032773951838289
density_curve,16,2,DRB10,,,,,,,,,,,,,8.0,1678077.5608516952,0.04715900585473804,8.032754357155241
density_curve,16,2,DRB10,,,,,,,,,,,,,8.0,1704429.1274531947,0.047124283731382284,8.03273024085319
density_curve,16,2,DRB10,,,,,,,,,,,,,8.0,1731194.503927705,0.047102985590834166,8.032715448198223
density_curve,16,2,DRB10,,,,,,,,,,,,,8.0,1758380.1885078938,0.047114756585597606,8.032723623760017
density_curve,16,2,DRB10,,,,,,,,,,,,,8.0,1785992.7814709456,0.047178498988375756,8.032767896139994
density_curve,16,2,DRB10,,,,,,,,,,,,,8.0,1814038.9867410094,0.04731193920180845,8.032860577237283
density_curve,16,2,DRB10,,,,,,,,,,,,,8.0,1842525.6135168101,0.04753118947093448,8.033012857835468
density_curve,16,2,DRB10,,,,,,,,,,,,,8.0,1871459.5779248201,0.047850286331238424,8.033234487030995
density_curve,16,2,DRB10,,,,,,,,,,,,,8.0,1900847.9046983868,0.04828070527464504,8.033533435143731
density_curve,16,2,DRB10,,,,,,,,,,,,,8.0,1930697.7288832497,0.048830875039521326,8.03391555636635
density_curve,16,2,DRB10,,,,,,,,,,,,,8.0,1961016.2975697976,0.04950574122313136,8.03438428567074
density_curve,16,2,DRB10,,,,,,,,,,,,,8.0,1991810.9716525706,0.05030645286945796,8.034940421127091
density_curve,16,2,DRB10,,,,,,,,,,,,,8.0,2023089.2276173707,0.05123026297728524,8.035582054801656
density_curve,16,2,DRB10,,,,,,,,,,,,,8.0,2054858.65935644,0.052270741557891166,8.036304720736272
density_curve,16,2,DRB10,,,,,,,,,,,,,8.0,2087126.9800121451,0.053418397188663924,8.037101826649346
density_curve,16,2,DRB10,,,,,,,,,,,,,8.0,2119902.0238496074,0.05466179179583297,8.037965428209853
density_curve,16,2,DRB10,,,,,,,,,,,,,8.0,2153191.7481587674,0.05598921795220238,8.038887394006945
density_curve,16,2,DRB10,,,,,,,,,,,,,8.0,2187004.235186248,0.05739099428190515,8.039860999826718
density_curve,16,2,DRB10,,,,,,,,,,,,,8.0,2221347.6940976637,0.05886242893862954,8.040882986940387
density_curve,16,2,DRB10,,,,,,,,,,,,,8.0,2256230.462970635,0.06040750840122755,8.041956124162724
density_curve,16,2,DRB10,,,,,,,,,,,,,8.0,2291661.0108191706,0.062043390387001254,8.04309232841162
density_curve,16,2,DRB10,,,,,,,,,,,,,8.0,2327647.9396498133,0.06380581165520975,8.04431642070599
density_curve,16,2,DRB10,,,,,,,,,,,,,8.0,2364199.9865500783,0.06575555360467217,8.045670616856137
density_curve,16,2,DRB10,,,,,,,,,,,,,8.0,2401326.0258096857,0.06798612410697387,8.047219862892351
density_curve,16,2,DRB10,,,,,,,,,,,,,8.0,2439035.071075103,0.0706327910217738,8.04905810930631
density_curve,16,2,DRB10,,,,,,,,,,,,,8.0,2477336.2775379405,0.07388301711742397,8.051315558640594
density_curve,16,2,DRB10,,,,,,,,,,,,,8.0,2516238.944157669,0.07798817573755647,8.054166802622218
density_curve,16,2,DRB10,,,,,,,,,,,,,8.0,2555752.5159192816,0.08327615761610135,8.057839578244627
density_curve,16,2,DRB10,,,,,,,,,,,,,8.0,2595886.586126396,0.0901641121965859,8.062623617269818
density_curve,16,2,DRB10,,,,,,,,,,,,,8.0,2636650.898730361,0.09917012222206618,8.068878754832024
density_curve,16,2,DRB10,,,,,,,,,,,,,8.0,2678055.350695943,0.11092213279408636,8.077041131128796
density_curve,16,2,DRB10,,,,,,,,,,,,,8.0,2720109.994404156,0.1261620146401211,8.087626013569412
density_curve,16,2,DRB10,,,,,,,,,,,,,8.0,2762825.0400928515,0.14574232546694899,8.101225547368069
density_curve,16,2,DRB10,,,,,,,,,,,,,8.0,2806210.858335576,0.17061324336717132,8.118499680122094
density_curve,16,2,DRB10,,,,,,,,,,,,,8.0,2850277.982559416,0.2017973786918253,8.140158667360868
density_curve,16,2,DRB10,,,,,,,,,,,,,8.0,2895037.1116023487,0.24035079925227923,8.166936002542256
density_curve,16,2,DRB10,,,,,,,,,,,,,8.0,2940499.1123107616,0.28730965884170034,8.199551347813369
density_curve,16,2,DRB10,,,,,,,,,,,,,8.0,2986675.022177758,0.3436232705943569,8.238664050013446
density_curve,16,2,DRB10,,,,,,,,,,,,,8.0,3033576.0520228897,0.41007621192967164,8.28481903854772
density_curve,16,2,DRB10,,,,,,,,,,,,,8.0,3081213.5887140087,0.4872039106974952,8.33838819561996
density_curve,16,2,DRB10,,,,,,,,,,,,,8.0,3129599.1979317563,0.5752079056783608,8.399511500287794
density_curve,16,2,DRB10,,,,,,,,,,,,,8.0,3178744.626977629,0.6738783274525347,8.468043187435836
density_curve,16,2,DRB10,,,,,,,,,,,,,8.0,3228661.807625975,0.7825318406558807,8.543508645477853
density_curve,16,2,DRB10,,,,,,,,,,,,,8.0,3279362.859020883,0.899973108271654,8.625077651323739
density_curve,16,2,DRB10,,,,,,,,,,,,,8.0,3330860.090618524,1.0244866599579958,8.71155872251435
density_curve,16,2,DRB10,,,,,,,,,,,,,8.0,3383166.005175699,1.1538638769089697,8.801417859596596
density_curve,16,2,DRB10,,,,,,,,,,,,,8.0,3436293.3017853256,1.2854668013269457,8.892822865086707
density_curve,16,2,DRB10,,,,,,,,,,,,,8.0,3490254.8789595794,1.4163269383932398,8.983711966524849
density_curve,16,2,DRB10,,,,,,,,,,,,,8.0,3545063.837761485,1.543273554129447,9.071882925944154
density_curve,16,2,DRB10,,,,,,,,,,,,,8.0,3600733.4849856202,1.6630826537878685,9.155096513031795
density_curve,16,2,DRB10,,,,,,,,,,,,,8.0,3657277.33638883,1.772635311917752,9.231186473510292
density_curve,16,2,DRB10,,,,,,,,,,,,,8.0,3714709.119971648,1.8690726927060222,9.298167198744084
density_curve,16,2,DRB10,,,,,,,,,,,,,8.0,3773042.7793112434,1.9499351748499432,9.354330355125278
density_curve,16,2,DRB10,,,,,,,,,,,,,8.0,3832292.476946719,2.0132745141895287,9.39832278679562
density_curve,16,2,DRB10,,,,,,,,,,,,,8.0,3892472.597817551,2.0577307687035016,9.429199944016029
density_curve,16,2,DRB10,,,,,,,,,,,,,8.0,3953597.752756071,2.0825694172213813,9.446451664022895
density_curve,16,2,DRB10,,,,,,,,,,,,,8.0,4015682.782034709,2.0876782336248225,9.45
density_curve,16,2,DRB10,,,,,,,,,,,,,8.0,4078742.7589690215,2.0735274810290307,9.440171573888438
density_curve,16,2,DRB10,,,,,,,,,,,,,8.0,4142792.9935772587,2.041100340350364,9.417649255445511
density_curve,16,2,DRB10,,,,,,,,,,,,,8.0,4207849.036297407,1.991802768052745,9.383409553809384
density_curve,16,2,DRB10,,,,,,,,,,,,,8.0,4273926.681762604,1.927362944229119,9.338652779015588
density_curve,16,2,DRB10,,,,,,,,,,,,,8.0,4341041.972635828,1.849730086674742,9.28473276316219
density_curve,16,2,DRB10,,,,,,,,,,,,,8.0,4409211.203504863,1.7609808371197206,9.22309184082937
density_curve,16,2,DRB10,,,,,,,,,,,,,8.0,4478450.924838282,1.66323901011141,9.155205110547199
density_curve,16,2,DRB10,,,,,,,,,,,,,8.0,4548777.947003777,1.558611677221349,9.082536041987158
density_curve,16,2,DRB10,,,,,,,,,,,,,8.0,4620209.3443493685,1.4491418100319131,9.006503584078605
density_curve,16,2,DRB10,,,,,,,,,,,,,8.0,4692762.459348841,1.3367754415484465,8.928459356919072
density_curve,16,2,DRB10,,,,,,,,,,,,,8.0,4766454.906812234,1.2233398232964696,8.84967248075388
density_curve,16,2,DRB10,,,,,,,,,,,,,8.0,4841304.57816245,1.1105284881600899,8.771319201348494
density_curve,16,2,DRB10,,,,,,,,,,,,,8.0,4917329.645779026,0.9998894390605929,8.694474686417797
density_curve,16,2,DRB10,,,,,,,,,,,,,8.0,4994548.567410101,0.892813683722791,8.620105062431136
density_curve,16,2,DRB10,,,,,,,,,,,,,8.0,5072980.090653727,0.79052273796125,8.549058735001308
density_curve,16,2,DRB10,,,,,,,,,,,,,8.0,5152643.257509442,0.6940551980725399,8.482057062719772
density_curve,16,2,DRB10,,,,,,,,,,,,,8.0,5233557.40900142,0.6042537373191782,8.419685325545366
density_curve,16,2,DRB10,,,,,,,,,,,,,8.0,5315742.189874179,0.5217546917835738,8.362385491643796
density_curve,16,2,DRB10,,,,,,,,,,,,,8.0,5399217.553362021,0.4469826583462564,8.310452465405426
density_curve,16,2,DRB10,,,,,,,,,,,,,8.0,5484003.766033389,0.38015224228556815,8.264035301243235
density_curve,16,2,DRB10,,,,,,,,,,,,,8.0,5570121.412711266,0.3212783760201417,8.223144370490632
density_curve,16,2,DRB10,,,,,,,,,,,,,8.0,5657591.401470916,0.27019566293746633,8.18766479668616
density_curve,16,2,DRB10,,,,,,,,,,,,,8.0,5746434.968715974,0.2265861835135435,8.157375768354964
density_curve,16,2,DRB10,,,,,,,,,,,,,8.0,5836673.684334379,0.19001431798121807,8.131974725144488
density_curve,16,2,DRB10,,,,,,,,,,,,,8.0,5928329.456935207,0.15996652072072312,8.111104983186184
density_curve,16,2,DRB10,,,,,,,,,,,,,8.0,6021424.539167753,0.13589368503831328,8.094385159615054
density_curve,16,2,DRB10,,,,,,,,,,,,,8.0,6115981.53312414,0.11725374860116451,8.081438764237383
density_curve,16,2,DRB10,,,,,,,,,,,,,8.0,6212023.395826757,0.10355243486765103,8.071922496551295
density_curve,16,2,DRB10,,,,,,,,,,,,,8.0,6309573.444801942,0.09438039300048026,8.065552041328266
density_curve,16,2,DRB10,,,,,,,,,,,,,8.0,6408655.363740995,0.08944536793027948,8.062124412378298
density_curve,16,2,DRB10,,,,,,,,,,,,,8.0,6509293.20825039,0.0885983018316784,8.061536081368669
density_curve,16,2,DRB10,,,,,,,,,,,,,8.0,6611511.411691989,0.09185237650180843,8.063796203736038
density_curve,16,2,DRB10,,,,,,,,,,,,,8.0,6715334.791115149,0.09939394375104027,8.069034210405485
density_curve,16,2,DRB10,,,,,,,,,,,,,8.0,6820788.553281926,0.11158410390348372,8.077500904140349
density_curve,16,2,DRB10,,,,,,,,,,,,,8.0,6927898.300786892,0.12894947486669026,8.089562048185966
density_curve,16,2,DRB10,,,,,,,,,,,,,8.0,7036690.03827307,0.15216057225892832,8.105683350155145
density_curve,16,2,DRB10,,,,,,,,,,,,,8.0,7147190.1787454495,0.1819963311475038,8.126405820549119
density_curve,16,2,DRB10,,,,,,,,,,,,,8.0,7259425.549983729,0.21929376253469338,8.15231080659552
density_curve,16,2,DRB10,,,,,,,,,,,,,8.0,7373423.401055615,0.26488263092293235,8.18397462245481
density_curve,16,2,DRB10,,,,,,,,,,,,,8.0,7489211.408932546,0.31950637544481064,8.221913624874356
density_curve,16,2,DRB10,,,,,,,,,,,,,8.0,7606817.685209225,0.38373220646003714,8.26652177064708
density_curve,16,2,DRB10,,,,,,,,,,,,,8.0,7726270.782928702,0.4578552350147014,8.318004029585827
density_curve,16,2,DRB10,,,,,,,,,,,,,8.0,7847599.7035146225,0.541803397801405,8.376310350014034
density_curve,16,2,DRB10,,,,,,,,,,,,,8.0,7970833.903812322,0.6350515332914347,8.441075980216434
density_curve,16,2,DRB10,,,,,,,,,,,,,8.0,8096003.303240569,0.7365539355534833,8.511574623594262
density_curve,16,2,DRB10,,,,,,,,,,,,,8.0,8223138.291055465,0.8447047808307476,8.58669095288594
density_curve,16,2,DRB10,,,,,,,,,,,,,8.0,8352269.733728553,0.9573347895896827,8.664918291788112
density_curve,16,2,DRB10,,,,,,,,,,,,,8.0,8483428.982440725,1.0717502830211652,8.744385741706193
density_curve,16,2,DRB10,,,,,,,,,,,,,8.0,8616647.880693821,1.1848175082238974,8.822916749935034
density_curve,16,2,DRB10,,,,,,,,,,,,,8.0,8751958.77204175,1.2930910022013966,8.898118265062575
density_curve,16,2,DRB10,,,,,,,,,,,,,8.0,8889394.507943004,1.3929802576564019,8.967496494943466
density_curve,16,2,DRB10,,,,,,,,,,,,,8.0,9028988.455736592,1.4809445697265808,9.028592237787084
density_curve,16,2,DRB10,,,,,,,,,,,,,8.0,9170774.50674293,1.5537022507091167,9.079126192553428
density_curve,16,2,DRB10,,,,,,,,,,,,,8.0,9314787.084492404,1.6084379278507952,9.117142937939343
density_curve,16,2,DRB10,,,,,,,,,,,,,8.0,9461061.153082676,1.6429907922683402,9.141141680944125
density_curve,16,2,DRB10,,,,,,,,,,,,,8.0,9609632.225667553,1.6560076556198,9.150182562606643
density_curve,16,2,DRB10,,,,,,,,,,,,,8.0,9760536.373079011,1.6470474667602868,9.143959250202924
density_curve,16,2,DRB10,,,,,,,,,,,,,8.0,9913810.23258467,1.6166282658890134,9.12283154931831
density_curve,16,2,DRB10,,,,,,,,,,,,,8.0,10069491.016782762,1.5662129114093817,9.087815490417057
density_curve,16,2,DRB10,,,,,,,,,,,,,8.0,10227616.522636779,1.4981356529049659,9.040532329994386
density_curve,16,2,DRB10,,,,,,,,,,,,,8.0,10388225.14065211,1.4154770274463166,8.983121659621617
density_curve,16,2,DRB10,,,,,,,,,,,,,8.0,10551355.864196453,1.3218989528163005,8.918126869702323
density_curve,16,2,DRB10,,,,,,,,,,,,,8.0,10717048.298967114,1.2214547494860788,8.84836319995522
density_curve,16,2,DRB10,,,,,,,,,,,,,8.0,10885342.672606446,1.1183898351113488,8.776779311482196
density_curve,16,2,DRB10,,,,,,,,,,,,,8.0,11056279.844468623,1.0169479614770112,8.706322708352126
density_curve,16,2,DRB10,,,,,,,,,,,,,8.0,11229901.315539658,0.9211953377429957,8.639817582141534
density_curve,16,2,DRB10,,,,,,,,,,,,,8.0,11406249.238513203,0.8348712733511483,8.579861075745026
density_curve,16,2,DRB10,,,,,,,,,,,,,8.0,11585366.428024698,0.7612697052884289,8.528740997960988
density_curve,16,2,DRB10,,,,,,,,,,,,,8.0,11767296.371045876,0.7031518314034075,8.488375142832556
density_curve,16,2,DRB10,,,,,,,,,,,,,8.0,11952083.237443073,0.6626866859119729,8.460270016277347
density_curve,16,2,DRB10,,,,,,,,,,,,,8.0,12139771.890700752,0.6414143440678347,8.445495279837028
density_curve,16,2,DRB10,,,,,,,,,,,,,8.0,12330407.898813803,0.6402257807597165,8.444669761436243
density_curve,16,2,DRB10,,,,,,,,,,,,,8.0,12524037.545350743,0.659354216520257,8.457955444740335
density_curve,16,2,DRB10,,,,,,,,,,,,,8.0,12720707.84069066,0.6983747870736974,8.485057239639183
density_curve,16,2,DRB10,,,,,,,,,,,,,8.0,12920466.533436738,0.7562120797548207,8.52522821667812
density_curve,16,2,DRB10,,,,,,,,,,,,,8.0,13123362.122008637,0.8311578744274691,8.577281929039078
density_curve,16,2,DRB10,,,,,,,,,,,,,8.0,13329443.866417537,0.9209036688925318,8.639615003110743
density_curve,16,2,DRB10,,,,,,,,,,,,,8.0,13538761.800225446,1.0225937105060303,8.710243971677205
density_curve,16,2,DRB10,,,,,,,,,,,,,8.0,13751366.742692733,1.1329039375016603,8.786860102730094
density_curve,16,2,DRB10,,,,,,,,,,,,,8.0,13967310.311116258,1.2481503549585746,8.866904672157048
density_curve,16,2,DRB10,,,,,,,,,,,,,8.0,14186644.93336124,1.3644271179390761,8.947664869588904
density_curve,16,2,DRB10,,,,,,,,,,,,,8.0,14409423.860590115,1.4777704214831004,9.026387628437368
density_curve,16,2,DRB10,,,,,,,,,,,,,8.0,14635701.180190798,1.5843398583537094,9.100405588184968
density_curve,16,2,DRB10,,,,,,,,,,,,,8.0,14865531.828908725,1.6806049533747,9.167266652084685
density_curve,16,2,DRB10,,,,,,,,,,,,,8.0,15098971.606184201,1.7635218448933707,9.22485670153082
density_curve,16,2,DRB10,,,,,,,,,,,,,8.0,15336077.187700124,1.8306841356957626,9.271504369784935
density_curve,16,2,DRB10,,,,,,,,,,,,,8.0,15576906.139141649,1.8804330982943127,9.306057585221131
density_curve,16,2,DRB10,,,,,,,,,,,,,8.0,15821516.930172438,1.9119156916556075,9.327923866929982
density_curve,16,2,DRB10,,,,,,,,,,,,,8.0,16069968.948630175,1.925083890152676,9.337069858641357
density_curve,16,2,DRB10,,,,,,,,,,,,,8.0,16322322.514945026,1.9206350073677958,9.333979880533535
density_curve,16,2,DRB10,,,,,,,,,,,,,8.0,16578638.896784693,1.8998991806974614,9.319577781499444
density_curve,16,2,DRB10,,,,,,,,,,,,,8.0,16838980.323928915,1.8646860567163155,9.295120454239768
density_curve,16,2,DRB10,,,,,,,,,,,,,8.0,17103410.003378414,1.8171071415985391,9.262074448485812
density_curve,16,2,DRB10,,,,,,,,,,,,,8.0,17371992.134700213,1.7593926212663533,9.221988743163127
density_curve,16,2,DRB10,,,,,,,,,,,,,8.0,17644791.92561452,1.6937213869816894,9.176376690415214
density_curve,16,2,DRB10,,,,,,,,,,,,,8.0,17921875.607826144,1.6220805594746937,9.126618447879544
density_curve,16,2,DRB10,,,,,,,,,,,,,8.0,18203310.453104522,1.5461663769931662,9.073892140335929
density_curve,16,2,DRB10,,,,,,,,,,,,,8.0,18489164.789616488,1.4673325747615165,9.019138006583518
density_curve,16,2,DRB10,,,,,,,,,,,,,8.0,18779508.018514913,1.3865861835062574,8.963055481300472
density_curve,16,2,DRB10,,,,,,,,,,,,,8.0,19074410.630788796,1.3046248957576556,8.906129147863961
density_curve,16,2,DRB10,,,,,,,,,,,,,8.0,19373944.224377003,1.2219055681680777,8.848676316736517
density_curve,16,2,DRB10,,,,,,,,,,,,,8.0,19678181.521551367,1.138730601967843,8.790907021139208
density_curve,16,2,DRB10,,,,,,,,,,,,,8.0,19987196.386572525,1.055338132071361,8.732986658028487
density_curve,16,2,DRB10,,,,,,,,,,,,,8.0,20301063.843623016,0.9719831017248953,8.675092298612515
density_curve,16,2,DRB10,,,,,,,,,,,,,8.0,20619860.095022235,0.8889990632211361,8.617455612128733
density_curve,16,2,DRB10,,,,,,,,,,,,,8.0,20943662.539726753,0.8068343776664973,8.560388008445686
density_curve,16,2,DRB10,,,,,,,,,,,,,8.0,21272549.792122267,0.7260607359496338,8.504286556314293
density_curve,16,2,DRB10,,,,,,,,,,,,,8.0,21606601.701109305,0.6473559443487541,8.44962202708599
density_curve,16,2,DRB10,,,,,,,,,,,,,8.0,21945899.369489986,0.5714661734069806,8.39691267461336
density_curve,16,2,DRB10,,,,,,,,,,,,,8.0,22290525.173658106,0.49915499679100983,8.346688840114158
density_curve,16,2,DRB10,,,,,,,,,,,,,8.0,22640562.78359909,0.43114739797421797,8.29945406193039
density_curve,16,2,DRB10,,,,,,,,,,,,,8.0,22996097.183203783,0.36807655376894455,8.255648113952068
density_curve,16,2,DRB10,,,,,,,,,,,,,8.0,23357214.690901212,0.31043984186752854,8.215616450589872
density_curve,16,2,DRB10,,,,,,,,,,,,,8.0,23724002.980615646,0.25856850229979383,8.179589135095652
density_curve,16,2,DRB10,,,,,,,,,,,,,8.0,24096551.10305199,0.2126130903395142,8.147670735857131
density_curve,16,2,DRB10,,,,,,,,,,,,,8.0,24474949.507316638,0.17254464925352364,8.11984114093253
density_curve,16,2,DRB10,,,,,,,,,,,,,8.0,24859290.062876612,0.13816969123389797,8.095965963079134
density_curve,16,2,DRB10,,,,,,,,,,,,,8.0,25249666.08186437,0.10915578665819642,8.075814312811785
density_curve,16,2,DRB10,,,,,,,,,,,,,8.0,25646172.341732506,0.08506389634890046,8.059081254821413
density_curve,16,2,DRB10,,,,,,,,,,,,,8.0,26048905.10826428,0.06538350818513906,8.045412212160606
density_curve,16,2,DRB10,,,,,,,,,,,,,8.0,26457962.158945747,0.04956705073744492,8.03442686828444
density_curve,16,2,DRB10,,,,,,,,,,,,,8.0,26873442.80670409,0.03706079976304309,8.02574063320242
density_curve,16,2,DRB10,,,,,,,,,,,,,8.0,27295447.924020074,0.02733040256881056,8.018982371462467
density_curve,16,2,DRB10,,,,,,,,,,,,,8.0,27724079.967417758,0.01988006879841841,8.013807731140473
density_curve,16,2,DRB10,,,,,,,,,,,,,8.0,28159443.002339695,0.014265295660301193,8.00990798216616
density_curve,16,2,DRB10,,,,,,,,,,,,,8.0,28601642.7284124,0.010099635032335592,8.007014716425653
density_curve,16,2,DRB10,,,,,,,,,,,,,8.0,29050786.505108584,0.007056436324831451,8.004901058269521
density_curve,16,2,DRB10,,,,,,,,,,,,,8.0,29506983.377812706,0.004866716285892138,8.003380184982957
density_curve,16,2,DRB10,,,,,,,,,,,,,8.0,29970344.104294933,0.0033143454026341437,8.002301983493632
density_curve,16,2,DRB10,,,,,,,,,,,,,8.0,30440981.18160234,0.002229645417741005,8.001548603517369
density_curve,16,2,DRB10,,,,,,,,,,,,,8.0,30919008.873370558,0.001482313280680603,8.001029542878001
density_curve,16,2,DRB10,,,,,,,,,,,,,8.0,31404543.237566188,0.0009743692252073007,8.000676749584201
density_curve,16,2,DRB10,,,,,,,,,,,,,8.0,31897702.154663246,0.0006336071737344304,8.000440072798153
density_curve,16,2,DRB10,,,,,,,,,,,,,8.0,32398605.356263112,0.0004078295787026366,8.000283258636122
density_curve,16,2,DRB10,,,,,,,,,,,,,8.0,32907374.454163484,0.00025999024985522677,8.00018057661196
density_curve,16,2,DRB10,,,,,,,,,,,,,8.0,33424132.969883844,0.00016425243968643053,8.000114081774532
density_curve,16,2,DRB10,,,,,,,,,,,,,8.0,33949006.36465498,0.00010289340109501551,8.000071464763671
density_curve,16,2,DRB10,,,,,,,,,,,,,8.0,34482122.069878325,6.394457323037366e-05,8.000044412797763
density_curve,16,2,DRB10,,,,,,,,,,,,,8.0,35023609.518065386,3.9440448994197645e-05,8.00002739342209
density_curve,16,2,DRB10,,,,,,,,,,,,,8.0,35573600.17426121,2.4150900781090195e-05,8.0000167740438
density_curve,16,2,DRB10,,,,,,,,,,,,,8.0,36132227.56796255,1.4684175783029516e-05,8.000010198915973
density_curve,16,2,DRB10,,,,,,,,,,,,,8.0,36699627.32553667,8.865353007163616e-06,8.000006157444023
density_curve,16,2,DRB10,,,,,,,,,,,,,8.0,37275937.20314938,5.313866694523039e-06,8.00000369075396
density_curve,16,2,DRB10,,,,,,,,,,,,,8.0,37861297.12021055,3.1613098884591312e-06,8.000002195692451
density_curve,16,2,DRB10,,,,,,,,,,,,,8.0,38455849.19334357,1.8658729134500022e-06,8.000001295944788
density_curve,16,2,DRB10,,,,,,,,,,,,,8.0,39059737.77089033,1.0920091413172688e-06,8.000000758456562
density_curve,16,2,DRB10,,,,,,,,,,,,,8.0,39673109.46795558,6.333398250449693e-07,8.00000043988711
density_curve,16,2,DRB10,,,,,,,,,,,,,8.0,40296113.20200404,3.6377275953355954e-07,8.000000252658907
density_curve,16,2,DRB10,,,,,,,,,,,,,8.0,40928900.22901449,2.0678290376943022e-07,8.00000014362137
density_curve,16,2,DRB10,,,,,,,,,,,,,8.0,41571624.180202775,1.1625205052587926e-07,8.000000080743034
density_curve,16,2,DRB10,,,,,,,,,,,,,8.0,42224441.09932146,6.459653635170166e-08,8.00000004486562
density_curve,16,2,DRB10,,,,,,,,,,,,,8.0,42887509.48054403,3.545506234903751e-08,8.000000024625367
density_curve,16,2,DRB10,,,,,,,,,,,,,8.0,43560990.30694617,1.921171477629733e-08,8.000000013343525
density_curve,16,2,DRB10,,,,,,,,,,,,,8.0,44245047.08958865,1.0271977018863876e-08,8.000000007134418
density_curve,16,2,DRB10,,,,,,,,,,,,,8.0,44939845.907216705,5.416846124429728e-09,8.000000003762278
density_curve,16,2,DRB10,,,,,,,,,,,,,8.0,45645555.44658045,2.816247966993393e-09,8.00000000195603
density_curve,16,2,DRB10,,,,,,,,,,,,,8.0,46362347.04338999,1.4430329153195682e-09,8.000000001002261
density_curve,16,2,DRB10,,,,,,,,,,,,,8.0,47090394.72391306,7.285032920881494e-10,8.000000000505983
density_curve,16,2,DRB10,,,,,,,,,,,,,8.0,47829875.24722586,3.6226282102453375e-10,8.00000000025161
density_curve,16,2,DRB10,,,,,,,,,,,,,8.0,48580968.14812807,1.7740100320596957e-10,8.000000000123213
density_curve,16,2,DRB10,,,,,,,,,,,,,8.0,49343855.78073008,8.553535459439487e-11,8.000000000059408
density_curve,16,2,DRB10,,,,,,,,,,,,,8.0,50118723.36272725,4.0599627523070994e-11,8.000000000028198
density_curve,17,5,DRB39,,,,,,,,,,,,,7.0,100000.0,0.003191510038508712,7.002220773383612
density_curve,17,5,DRB39,,,,,,,,,,,,,7.0,101570.34258822507,0.0032575677628655544,7.002266738846437
density_curve,17,5,DRB39,,,,,,,,,,,,,7.0,103165.34493489409,0.003331884346920694,7.002318451136181
density_curve,17,5,DRB39,,,,,,,,,,,,,7.0,104785.39428269603,0.003414316703235602,7.002375810687191
density_curve,17,5,DRB39,,,,,,,,,,,,,7.0,106430.88395535655,0.0035049056019865465,7.002438845868897
density_curve,17,5,DRB39,,,,,,,,,,,,,7.0,108102.21345313193,0.003603856449904855,7.0025076996110736
density_curve,17,5,DRB39,,,,,,,,,,,,,7.0,109799.78854980043,0.0037114976044228653,7.002582600397237
density_curve,17,5,DRB39,,,,,,,,,,,,,7.0,111524.02139117903,0.0038282116665222313,7.002663814455622
density_curve,17,5,DRB39,,,,,,,,,,,,,7.0,113275.33059518597,0.003954339239201363,7.002751578790676
density_curve,17,5,DRB39,,,,,,,,,,,,,7.0,115054.14135347492,0.0040900601307469215,7.002846018519803
density_curve,17,5,DRB39,,,,,,,,,,,,,7.0,116860.88553466521,0.00423526290244583,7.002947056099734
density_curve,17,5,DRB39,,,,,,,,,,,,,7.0,118696.00178919302,0.004389418768928488,7.003054323581609
density_curve,17,5,DRB39,,,,,,,,,,,,,7.0,120559.93565580886,0.004551478932487179,7.003167091172322
density_curve,17,5,DRB39,,,,,,,,,,,,,7.0,122453.13966974878,0.004719814517622359,7.003284225438694
density_curve,17,5,DRB39,,,,,,,,,,,,,7.0,124376.07347260158,0.004892214908065531,7.003404188150326
density_curve,17,5,DRB39,,,,,,,,,,,,,7.0,126329.20392390396,0.005065953647101971,7.003525082135524
density_curve,17,5,DRB39,,,,,,,,,,,,,7.0,128313.00521448672,0.005237921969162832,7.0036447441976355
density_curve,17,5,DRB39,,,,,,,,,,,,,7.0,130327.95898160127,0.005404819857760343,7.003760878060386
density_curve,17,5,DRB39,,,,,,,,,,,,,7.0,132374.55442585386,0.0055633849617420465,7.003871213656465
density_curve,17,5,DRB39,,,,,,,,,,,,,7.0,134453.28842997624,0.005710632452304285,7.003973674029109
density_curve,17,5,DRB39,,,,,,,,,,,,,7.0,136564.66567946097,0.005844075362179172,7.00406652865244
density_curve,17,5,DRB39,,,,,,,,,,,,,7.0,138709.19878509274,0.005961895927139842,7.004148512657363
density_curve,17,5,DRB39,,,,,,,,,,,,,7.0,140887.40840740083,0.0060630440068470135,7.004218895316513
density_curve,17,5,DRB39,,,,,,,,,,,,,7.0,143099.82338306884,0.006147248075278383,7.004277487691818
density_curve,17,5,DRB39,,,,,,,,,,,,,7.0,145346.98085332804,0.006214936158744225,7.00432458762017
density_curve,17,5,DRB39,,,,,,,,,,,,,7.0,147629.42639436718,0.006267076661763365,7.004360868954057
density_curve,17,5,DRB39,,,,,,,,,,,,,7.0,149947.71414979032,0.00630496035166676,7.004387229858205
density_curve,17,5,DRB39,,,,,,,,,,,,,7.0,152302.40696515449,0.006329953178082347,7.004404620812021
density_curve,17,5,DRB39,,,,,,,,,,,,,7.0,154694.07652461986,0.006343253866827581,7.004413875934266
density_curve,17,5,DRB39,,,,,,,,,,,,,7.0,157123.30348974746,0.0063456897756848435,7.004415570931771
density_curve,17,5,DRB39,,,,,,,,,,,,,7.0,159590.6776404731,0.006337579450393368,7.004409927460712
density_curve,17,5,DRB39,,,,,,,,,,,,,7.0,162096.79801829843,0.00631868142188227,7.0043967774977745
density_curve,17,5,DRB39,,,,,,,,,,,,,7.0,164642.27307172897,0.006288237276062779,7.004375593309755
density_curve,17,5,DRB39,,,,,,,,,,,,,7.0,167227.72080399614,0.006245104438682179,7.004345579850277
density_curve,17,5,DRB39,,,,,,,,,,,,,7.0,169853.76892309941,0.0061879620805391725,7.00430581803643
density_curve,17,5,DRB39,,,,,,,,,,,,,7.0,172521.0549942039,0.00611556360452346,7.004255440438801
density_curve,17,5,DRB39,,,,,,,,,,,,,7.0,175230.2265944331,0.00602700261700325,7.004193816354421
density_curve,17,5,DRB39,,,,,,,,,,,,,7.0,177981.9414700888,0.005921957019113946,7.00412072165472
density_curve,17,5,DRB39,,,,,,,,,,,,,7.0,180776.86769634343,0.005800878293338134,7.004036470498283
density_curve,17,5,DRB39,,,,,,,,,,,,,7.0,183615.6838394384,0.005665100053130008,7.003941990863787
density_curve,17,5,DRB39,,,,,,,,,,,,,7.0,186499.07912142982,0.005516850712075276,7.003838833365681
density_curve,17,5,DRB39,,,,,,,,,,,,,7.0,189427.7535875212,0.005359168387691947,7.003729112041032
density_curve,17,5,DRB39,,,,,,,,,,,,,7.0,192402.4182760241,0.005195730101821348,7.003615385500697
density_curve,17,5,DRB39,,,,,,,,,,,,,7.0,195423.79539098707,0.005030619944772262,7.003500495609168
density_curve,17,5,DRB39,,,,,,,,,,,,,7.0,198492.61847753756,0.004868070141774262,7.003387387308817
density_curve,17,5,DRB39,,,,,,,,,,,,,7.0,201609.63259997344,0.0047122132705896885,7.0032789362035395
density_curve,17,5,DRB39,,,,,,,,,,,,,7.0,204775.59452265495,0.004566882276184492,7.0031778094014
density_curve,17,5,DRB39,,,,,,,,,,,,,7.0,207991.2728937353,0.004435487361288618,7.003086379850429
density_curve,17,5,DRB39,,,,,,,,,,,,,7.0,211257.44843177704,0.004320986234153388,7.003006705635882
density_curve,17,5,DRB39,,,,,,,,,,,,,7.0,214574.91411529886,0.004225948392044585,7.0029405747111335
density_curve,17,5,DRB39,,,,,,,,,,,,,7.0,217944.4753752988,0.004152697561966788,7.002889604013313
density_curve,17,5,DRB39,,,,,,,,,,,,,7.0,221366.95029080036,0.004103501789642287,7.002855371734409
density_curve,17,5,DRB39,,,,,,,,,,,,,7.0,224843.16978747185,0.0040807704220907,7.002839554389195
density_curve,17,5,DRB39,,,,,,,,,,,,,7.0,228373.97783935972,0.0040872131823184695,7.002844037505419
density_curve,17,5,DRB39,,,,,,,,,,,,,7.0,231960.2316737949,0.004125919546887402,7.00287097085771
density_curve,17,5,DRB39,,,,,,,,,,,,,7.0,235602.80197951404,0.00420032647312476,7.002922746010961
density_curve,17,5,DRB39,,,,,,,,,,,,,7.0,239302.57311804994,0.004314057896653854,7.003001884636629
density_curve,17,5,DRB39,,,,,,,,,,,,,7.0,243060.44333844114,0.0044706382086717586,7.003110839139398
density_curve,17,5,DRB39,,,,,,,,,,,,,7.0,246877.32499531287,0.004673101497655154,7.0032517207527745
density_curve,17,5,DRB39,,,,,,,,,,,,,7.0,250754.1447703851,0.00492353595470097,7.003425982519097
density_curve,17,5,DRB39,,,,,,,,,,,,,7.0,254691.843897454,0.005222616006074279,7.003634093729667
density_curve,17,5,DRB39,,,,,,,,,,,,,7.0,258691.37839091144,0.005569181536060963,7.003875247132095
density_curve,17,5,DRB39,,,,,,,,,,,,,7.0,262753.7192778504,0.00595992288491459,7.004147139739964
density_curve,17,5,DRB39,,,,,,,,,,,,,7.0,266879.85283381585,0.006389221964919361,7.0044458622753725
density_curve,17,5,DRB39,,,,,,,,,,,,,7.0,271070.7808222577,0.006849184599574141,7.004765921671762
density_curve,17,5,DRB39,,,,,,,,,,,,,7.0,275327.5207377438,0.007329878707613894,7.005100406811371
density_curve,17,5,DRB39,,,,,,,,,,,,,7.0,279651.1060529923,0.007819769600774969,7.005441291421878
density_curve,17,5,DRB39,,,,,,,,,,,,,7.0,284042.5864697849,0.008306320297145318,7.0057798517971355
density_curve,17,5,DRB39,,,,,,,,,,,,,7.0,288503.028173816,0.008776704381739204,7.006107162832519
density_curve,17,5,DRB39,,,,,,,,,,,,,7.0,293033.5140935484,0.009218564357776335,7.006414625714424
density_curve,17,5,DRB39,,,,,,,,,,,,,7.0,297635.14416313195,0.009620741784370128,7.006694475977682
density_curve,17,5,DRB39,,,,,,,,,,,,,7.0,302309.0355894507,0.009973907959124426,7.006940222358367
density_curve,17,5,DRB39,,,,,,,,,,,,,7.0,307056.3231233643,0.010271035407571218,7.007146974873976
density_curve,17,5,DRB39,,,,,,,,,,,,,7.0,311878.15933520853,0.01050766959859703,7.007311633893294
density_curve,17,5,DRB39,,,,,,,,,,,,,7.0,316775.7148946211,0.010681984552089185,7.007432928830301
density_curve,17,5,DRB39,,,,,,,,,,,,,7.0,321750.1788547658,0.010794631958349673,7.007511313155758
density_curve,17,5,DRB39,,,,,,,,,,,,,7.0,326802.75894101255,0.010848417411522957,7.007548739108173
density_curve,17,5,DRB39,,,,,,,,,,,,,7.0,331934.6818441578,0.010847856004860707,7.007548348460185
density_curve,17,5,DRB39,,,,,,,,,,,,,7.0,337147.193518246,0.010798670350955459,7.00751412322206
density_curve,17,5,DRB39,,,,,,,,,,,,,7.0,342441.55948306865,0.010707295862233053,7.007450541397141
density_curve,17,5,DRB39,,,,,,,,,,,,,7.0,347819.06513141334,0.010580451089463885,7.007362278007141
density_curve,17,5,DRB39,,,,,,,,,,,,,7.0,353281.01604113757,0.010424816642296782,7.007253981672907
density_curve,17,5,DRB39,,,,,,,,,,,,,7.0,358828.7382921458,0.010246847270184116,7.007130143853217
density_curve,17,5,DRB39,,,,,,,,,,,,,7.0,364463.57878833805,0.010052721111266141,7.0069950635302405
density_curve,17,5,DRB39,,,,,,,,,,,,,7.0,370186.9055846206,0.009848410897023005,7.00685289675642
density_curve,17,5,DRB39,,,,,,,,,,,,,7.0,376000.1082190484,0.009639846457595622,7.006707769731826
density_curve,17,5,DRB39,,,,,,,,,,,,,7.0,381904.59805018455,0.009433127765861153,7.006563927048282
density_curve,17,5,DRB39,,,,,,,,,,,,,7.0,387901.8085997564,0.00923474357203208,7.00642588382358
density_curve,17,5,DRB39,,,,,,,,,,,,,7.0,393993.19590069365,0.009051752114989138,7.006298551447267
density_curve,17,5,DRB39,,,,,,,,,,,,,7.0,400180.2388506313,0.008891886503577525,7.006187310908934
density_curve,17,5,DRB39,,,,,,,,,,,,,7.0,406464.4395709628,0.008763556844874808,7.006098014279146
density_curve,17,5,DRB39,,,,,,,,,,,,,7.0,412847.323771536,0.008675732697414727,7.006036902915946
density_curve,17,5,DRB39,,,,,,,,,,,,,7.0,419330.44112106785,0.008637701726816022,7.006010439528321
density_curve,17,5,DRB39,,,,,,,,,,,,,7.0,425915.3656233841,0.008658712557582915,7.006025059658971
density_curve,17,5,DRB39,,,,,,,,,,,,,7.0,432603.6959995626,0.008747520998394409,7.006086855930709
density_curve,17,5,DRB39,,,,,,,,,,,,,7.0,439397.0560760795,0.008911868480706698,7.006201215124314
density_curve,17,5,DRB39,,,,,,,,,,,,,7.0,446297.0951790494,0.009157929178329556,7.00637243346342
density_curve,17,5,DRB39,,,,,,,,,,,,,7.0,453305.48853465647,0.009489767373558023,7.006603339029355
density_curve,17,5,DRB39,,,,,,,,,,,,,7.0,460423.93767587794,0.009908848730025366,7.006894951686304
density_curve,17,5,DRB39,,,,,,,,,,,,,7.0,467654.17085558514,0.010413647839592236,7.007246209997596
density_curve,17,5,DRB39,,,,,,,,,,,,,7.0,474997.94346614124,0.010999389546743767,7.007653791229432
density_curve,17,5,DRB39,,,,,,,,,,,,,7.0,482457.03846558335,0.011657953253605687,7.008112044762702
density_curve,17,5,DRB39,,,,,,,,,,,,,7.0,490033.26681049785,0.01237795820533658,7.00861305143778
density_curve,17,5,DRB39,,,,,,,,,,,,,7.0,497728.46789569367,0.013145034591406571,7.009146812197052
density_curve,17,5,DRB39,,,,,,,,,,,,,7.0,505544.5100007789,0.013942271444674697,7.009701559750032
density_curve,17,5,DRB39,,,,,,,,,,,,,7.0,513483.29074375494,0.014750819216434966,7.010264177867862
density_curve,17,5,DRB39,,,,,,,,,,,,,7.0,521546.7375417237,0.015550613942180781,7.010820705285247
density_curve,17,5,DRB39,,,,,,,,,,,,,7.0,529736.8080788398,0.016321182204062704,7.011356895823768
density_curve,17,5,DRB39,,,,,,,,,,,,,7.0,538055.490781606,0.017042482290391424,7.01185880370248
density_curve,17,5,DRB39,,,,,,,,,,,,,7.0,546504.805301633,0.01769573712348882,7.012313363120609
density_curve,17,5,DRB39,,,,,,,,,,,,,7.0,555086.803005981,0.018264218170406903,7.012708933732279
density_curve,17,5,DRB39,,,,,,,,,,,,,7.0,563803.567475201,0.018733945692780675,7.01303578790684
density_curve,17,5,DRB39,,,,,,,,,,,,,7.0,572657.2150091964,0.019094278088779726,7.013286520815285
density_curve,17,5,DRB39,,,,,,,,,,,,,7.0,581649.8951410283,0.01933837047049093,7.01345636952574
density_curve,17,5,DRB39,,,,,,,,,,,,,7.0,590783.7911587943,0.01946348897926907,7.01354343171597
density_curve,17,5,DRB39,,,,,,,,,,,,,7.0,600061.1206356916,0.019471172086111162,7.013548777912275
density_curve,17,5,DRB39,,,,,,,,,,,,,7.0,609484.1359684145,0.01936723322516932,7.0134764533219975
density_curve,17,5,DRB39,,,,,,,,,,,,,7.0,619055.1249240021,0.01916160108961607,7.013333366705337
density_curve,17,5,DRB39,,,,,,,,,,,,,7.0,628776.4111952737,0.01886799573493341,7.01312906499577
density_curve,17,5,DRB39,,,,,,,,,,,,,7.0,638650.3549649863,0.018503441450947466,7.012875394337997
density_curve,17,5,DRB39,,,,,,,,,,,,,7.0,648679.3534788508,0.018087622274938576,7.012586051629582
density_curve,17,5,DRB39,,,,,,,,,,,,,7.0,658865.8416275523,0.01764209375197834,7.012276036033989
density_curve,17,5,DRB39,,,,,,,,,,,,,7.0,669212.2925378972,0.01718937521234559,7.011961017352878
density_curve,17,5,DRB39,,,,,,,,,,,,,7.0,679721.2181732573,0.016751959751349205,7.011656647132624
density_curve,17,5,DRB39,,,,,,,,,,,,,7.0,690395.1699434342,0.016351292767952094,7.011377847892866
density_curve,17,5,DRB39,,,,,,,,,,,,,7.0,701236.7393241049,0.016006782154754543,7.0111381243792525
density_curve,17,5,DRB39,,,,,,,,,,,,,7.0,712248.5584859921,0.015734911433756448,7.010948946449781
density_curve,17,5,DRB39,,,,,,,,,,,,,7.0,723433.3009339154,0.015548528717523704,7.01081925430707
density_curve,17,5,DRB39,,,,,,,,,,,,,7.0,734793.6821558832,0.015456377295008265,7.010755131862235
density_curve,17,5,DRB39,,,,,,,,,,,,,7.0,746332.4602823642,0.015462916906991886,7.010759682371574
density_curve,17,5,DRB39,,,,,,,,,,,,,7.0,758052.4367559261,0.015568458896047672,7.0108331224790215
density_curve,17,5,DRB39,,,,,,,,,,,,,7.0,769956.4570113824,0.015769605628817348,7.010973087982793
density_curve,17,5,DRB39,,,,,,,,,,,,,7.0,782047.411166621,0.016059948800887798,7.011175119742327
density_curve,17,5,DRB39,,,,,,,,,,,,,7.0,794328.2347242822,0.016430947607351587,7.011433274742563
density_curve,17,5,DRB39,,,,,,,,,,,,,7.0,806801.909284454,0.016872881958202038,7.011740789377276
density_curve,17,5,DRB39,,,,,,,,,,,,,7.0,819471.4632685608,0.017375763105357125,7.012090713097786
density_curve,17,5,DRB39,,,,,,,,,,,,,7.0,832339.9726546166,0.017930087829173484,7.012476433204468
density_curve,17,5,DRB39,,,,,,,,,,,,,7.0,845410.561724033,0.018527343816554572,7.012892026507943
density_curve,17,5,DRB39,,,,,,,,,,,,,7.0,858686.4038201383,0.019160211115728958,7.013332399508938
density_curve,17,5,DRB39,,,,,,,,,,,,,7.0,872170.7221186243,0.019822452595186682,7.013793212175469
density_curve,17,5,DRB39,,,,,,,,,,,,,7.0,885866.7904100833,0.02050853776869551,7.0142706161860575
density_curve,17,5,DRB39,,,,,,,,,,,,,7.0,899777.9338948353,0.021213090553376744,7.014760870658922
density_curve,17,5,DRB39,,,,,,,,,,,,,7.0,913907.5299902376,0.021930284220298878,7.015259921135711
density_curve,17,5,DRB39,,,,,,,,,,,,,7.0,928259.0091506683,0.022653319656082496,7.015763036536202
density_curve,17,5,DRB39,,,,,,,,,,,,,7.0,942835.8557003973,0.023374113058161675,7.016264591844851
density_curve,17,5,DRB39,,,,,,,,,,,,,7.0,957641.6086795169,0.024083287352707948,7.016758062139059
density_curve,17,5,DRB39,,,,,,,,,,,,,7.0,972679.8627031752,0.024770512955506332,7.017236259703477
density_curve,17,5,DRB39,,,,,,,,,,,,,7.0,987954.2688342923,0.025425186112455526,7.017691806044981
density_curve,17,5,DRB39,,,,,,,,,,,,,7.0,1003468.5354699849,0.026037376674722855,7.018117791390469
density_curve,17,5,DRB39,,,,,,,,,,,,,7.0,1019226.4292419085,0.026598931240417074,7.018508542294552
density_curve,17,5,DRB39,,,,,,,,,,,,,7.0,1035231.7759307377,0.027104589531691894,7.01886039845697
density_curve,17,5,DRB39,,,,,,,,,,,,,7.0,1051488.4613950192,0.027552965675818934,7.0191723955350644
density_curve,17,5,DRB39,,,,,,,,,,,,,7.0,1068000.4325145755,0.027947261711923962,7.019446761628757
density_curve,17,5,DRB39,,,,,,,,,,,,,7.0,1084771.6981487798,0.02829561436270986,7.019689158577424
density_curve,17,5,DRB39,,,,,,,,,,,,,7.0,1101806.3301098226,0.02861102131344223,7.01990863066203
density_curve,17,5,DRB39,,,,,,,,,,,,,7.0,1119108.4641512968,0.028910842051969414,7.020117257270733
density_curve,17,5,DRB39,,,,,,,,,,,,,7.0,1136682.3009722962,0.029215913204471755,7.0203295373160435
density_curve,17,5,DRB39,,,,,,,,,,,,,7.0,1154532.1072372785,0.02954935345650295,7.02056155765369
density_curve,17,5,DRB39,,,,,,,,,,,,,7.0,1172662.2166119604,0.029935155408190604,7.020830013242209
density_curve,17,5,DRB39,,,,,,,,,,,,,7.0,1191077.0308154398,0.030396670742236863,7.021151153065556
density_curve,17,5,DRB39,,,,,,,,,,,,,7.0,1209781.0206889012,0.030955092944231828,7.021539724352516
density_curve,17,5,DRB39,,,,,,,,,,,,,7.0,1228778.727281043,0.03162803204585071,7.022007980829117
density_curve,17,5,DRB39,,,,,,,,,,,,,7.0,1248074.7629505873,0.032428262361605835,7.022564811346504
density_curve,17,5,DRB39,,,,,,,,,,,,,7.0,1267673.8124860895,0.03336271018943618,7.023215035484727
density_curve,17,5,DRB39,,,,,,,,,,,,,7.0,1287580.634243335,0.03443173580848539,7.023958903939639
density_curve,17,5,DRB39,,,,,,,,,,,,,7.0,1307800.061300597,0.03562875309412691,7.024791833836647
density_curve,17,5,DRB39,,,,,,,,,,,,,7.0,1328337.002632031,0.036940219563465215,7.025704401803993
density_curve,17,5,DRB39,,,,,,,,,,,,,7.0,1349196.4442995142,0.03834601774852496,7.026682609346642
density_curve,17,5,DRB39,,,,,,,,,,,,,7.0,1370383.450663168,0.03982023350375924,7.027708424422083
density_curve,17,5,DRB39,,,,,,,,,,,,,7.0,1391903.1656109202,0.04133231689374814,7.0287605892298926
density_curve,17,5,DRB39,,,,,,,,,,,,,7.0,1413760.8138073613,0.04284858657439243,7.0298156670170595
density_curve,17,5,DRB39,,,,,,,,,,,,,7.0,1435961.7019622158,0.04433401039923484,7.030849281091209
density_curve,17,5,DRB39,,,,,,,,,,,,,7.0,1458511.22011873,0.04575416601206335,7.0318374790750795
density_curve,17,5,DRB39,,,,,,,,,,,,,7.0,1481414.8429622927,0.04707725906428801,7.0327581372585
density_curve,17,5,DRB39,,,,,,,,,,,,,7.0,1504678.1311496203,0.0482760574803659,7.033592306533426
density_curve,17,5,DRB39,,,,,,,,,,,,,7.0,1528306.7326587688,0.04932959172216895,7.0343253955021865
density_curve,17,5,DRB39,,,,,,,,,,,,,7.0,1552306.3841604206,0.050224476237646434,7.03494808999144
density_curve,17,5,DRB39,,,,,,,,,,,,,7.0,1576682.9124106285,0.050955727748623274,7.035456922447772
density_curve,17,5,DRB39,,,,,,,,,,,,,7.0,1601442.23566548,0.05152699141985498,7.035854429314675
density_curve,17,5,DRB39,,,,,,,,,,,,,7.0,1626590.3651179587,0.05195013390210561,7.0361488678565305
density_curve,17,5,DRB39,,,,,,,,,,,,,7.0,1652133.4063573685,0.05224421844442702,7.036353503002978
density_curve,17,5,DRB39,,,,,,,,,,,,,7.0,1678077.5608516952,0.052433935839150854,7.036485515541096
density_curve,17,5,DRB39,,,,,,,,,,,,,7.0,1704429.1274531947,0.05254761911709525,7.036564620665246
density_curve,17,5,DRB39,,,,,,,,,,,,,7.0,1731194.503927705,0.0526150128896846,7.036611515800959
density_curve,17,5,DRB39,,,,,,,,,,,,,7.0,1758380.1885078938,0.052664994323377234,7.036646294772756
density_curve,17,5,DRB39,,,,,,,,,,,,,7.0,1785992.7814709456,0.05272344822071836,7.036686969205178
density_curve,17,5,DRB39,,,,,,,,,,,,,7.0,1814038.9867410094,0.05281148257495198,7.0367482268382
density_curve,17,5,DRB39,,,,,,,,,,,,,7.0,1842525.6135168101,0.05294413526365228,7.036840531595752
density_curve,17,5,DRB39,,,,,,,,,,,,,7.0,1871459.5779248201,0.05312967202818919,7.036969635093279
density_curve,17,5,DRB39,,,,,,,,,,,,,7.0,1900847.9046983868,0.05336951738454851,7.037136528562878
density_curve,17,5,DRB39,,,,,,,,,,,,,7.0,1930697.7288832497,0.053658801440626576,7.037337823349449
density_curve,17,5,DRB39,,,,,,,,,,,,,7.0,1961016.2975697976,0.05398745432648704,7.037566512456661
density_curve,17,5,DRB39,,,,,,,,,,,,,7.0,1991810.9716525706,0.0543417422951857,7.037813039423998
density_curve,17,5,DRB39,,,,,,,,,,,,,7.0,2023089.2276173707,0.05470611961209894,7.038066586941389
density_curve,17,5,DRB39,,,,,,,,,,,,,7.0,2054858.65935644,0.05506526977458774,7.038316497207048
density_curve,17,5,DRB39,,,,,,,,,,,,,7.0,2087126.9800121451,0.05540622778084758,7.038553748682398
density_curve,17,5,DRB39,,,,,,,,,,,,,7.0,2119902.0238496074,0.05572050975125034,7.038772437963146
density_curve,17,5,DRB39,,,,,,,,,,,,,7.0,2153191.7481587674,0.05600622379364658,7.038971248599183
density_curve,17,5,DRB39,,,,,,,,,,,,,7.0,2187004.235186248,0.05627019271467169,7.039154928157399
density_curve,17,5,DRB39,,,,,,,,,,,,,7.0,2221347.6940976637,0.05653018092762028,7.039335837788389
density_curve,17,5,DRB39,,,,,,,,,,,,,7.0,2256230.462970635,0.0568173802605614,7.03953568194576
density_curve,17,5,DRB39,,,,,,,,,,,,,7.0,2291661.0108191706,0.05717936699825091,7.0397875660077185
density_curve,17,5,DRB39,,,,,,,,,,,,,7.0,2327647.9396498133,0.05768378839190823,7.040138561489996
density_curve,17,5,DRB39,,,,,,,,,,,,,7.0,2364199.9865500783,0.058423061618749605,7.040652975759597
density_curve,17,5,DRB39,,,,,,,,,,,,,7.0,2401326.0258096857,0.059520359591635555,7.041416517187534
density_curve,17,5,DRB39,,,,,,,,,,,,,7.0,2439035.071075103,0.06113710161442311,7.0425415074301
density_curve,17,5,DRB39,,,,,,,,,,,,,7.0,2477336.2775379405,0.06348204735292887,7.044173209357792
density_curve,17,5,DRB39,,,,,,,,,,,,,7.0,2516238.944157669,0.06682189659196121,7.046497202767126
density_curve,17,5,DRB39,,,,,,,,,,,,,7.0,2555752.5159192816,0.07149301727907707,7.049747545197016
density_curve,17,5,DRB39,,,,,,,,,,,,,7.0,2595886.586126396,0.0779135634734107,7.054215204055857
density_curve,17,5,DRB39,,,,,,,,,,,,,7.0,2636650.898730361,0.08659482139911001,7.060255951634601
density_curve,17,5,DRB39,,,,,,,,,,,,,7.0,2678055.350695943,0.09815017331866303,7.068296602508817
density_curve,17,5,DRB39,,,,,,,,,,,,,7.0,2720109.994404156,0.11329965346753015,7.078838183730311
density_curve,17,5,DRB39,,,,,,,,,,,,,7.0,2762825.0400928515,0.1328677644472315,7.0924544153908515
density_curve,17,5,DRB39,,,,,,,,,,,,,7.0,2806210.858335576,0.15777211476958403,7.109783804195738
density_curve,17,5,DRB39,,,,,,,,,,,,,7.0,2850277.982559416,0.18900061746816482,7.1315137773953365
density_curve,17,5,DRB39,,,,,,,,,,,,,7.0,2895037.1116023487,0.22757552895850425,7.158355659664
density_curve,17,5,DRB39,,,,,,,,,,,,,7.0,2940499.1123107616,0.2745035456317965,7.191009948422689
density_curve,17,5,DRB39,,,,,,,,,,,,,7.0,2986675.022177758,0.33071249998257035,7.230122264610531
density_curve,17,5,DRB39,,,,,,,,,,,,,7.0,3033576.0520228897,0.3969768299025442,7.276231491400833
density_curve,17,5,DRB39,,,,,,,,,,,,,7.0,3081213.5887140087,0.4738357852620436,7.329712859247104
density_curve,17,5,DRB39,,,,,,,,,,,,,7.0,3129599.1979317563,0.5615100728874924,7.39071994430602
density_curve,17,5,DRB39,,,,,,,,,,,,,7.0,3178744.626977629,0.6598240697725404,7.459130541447926
density_curve,17,5,DRB39,,,,,,,,,,,,,7.0,3228661.807625975,0.7681415909731764,7.534501969129078
density_curve,17,5,DRB39,,,,,,,,,,,,,7.0,3279362.859020883,0.8853232526890811,7.6160414010111825
density_curve,17,5,DRB39,,,,,,,,,,,,,7.0,3330860.090618524,1.009712570497954,7.702596192587085
density_curve,17,5,DRB39,,,,,,,,,,,,,7.0,3383166.005175699,1.1391560432047358,7.792667856282609
density_curve,17,5,DRB39,,,,,,,,,,,,,7.0,3436293.3017853256,1.2710597023517112,7.884451410744317
density_curve,17,5,DRB39,,,,,,,,,,,,,7.0,3490254.8789595794,1.402481209955931,7.975899465928222
density_curve,17,5,DRB39,,,,,,,,,,,,,7.0,3545063.837761485,1.530252940256005,8.064807868034006
density_curve,17,5,DRB39,,,,,,,,,,,,,7.0,3600733.4849856202,1.651128040557218,8.148917334164878
density_curve,17,5,DRB39,,,,,,,,,,,,,7.0,3657277.33638883,1.761938699811093,8.22602358159076
density_curve,17,5,DRB39,,,,,,,,,,,,,7.0,3714709.119971648,1.8597541688136676,8.294087284178353
density_curve,17,5,DRB39,,,,,,,,,,,,,7.0,3773042.7793112434,1.9420257503910434,8.351334962045605
density_curve,17,5,DRB39,,,,,,,,,,,,,7.0,3832292.476946719,2.0067071071480065,8.39634269624307
density_curve,17,5,DRB39,,,,,,,,,,,,,7.0,3892472.597817551,2.05234070739242,8.428096281097375
density_curve,17,5,DRB39,,,,,,,,,,,,,7.0,3953597.752756071,2.078104738845195,8.446023868544847
density_curve,17,5,DRB39,,,,,,,,,,,,,7.0,4015682.782034709,2.0838189029049765,8.45
density_curve,17,5,DRB39,,,,,,,,,,,,,7.0,4078742.7589690215,2.0699116140731864,8.440322782475011
density_curve,17,5,DRB39,,,,,,,,,,,,,7.0,4142792.9935772587,2.0373547261141174,8.417668468573337
density_curve,17,5,DRB39,,,,,,,,,,,,,7.0,4207849.036297407,1.9875745330550239,8.383029527619755
density_curve,17,5,DRB39,,,,,,,,,,,,,7.0,4273926.681762604,1.9223491526879015,8.337643241220068
density_curve,17,5,DRB39,,,,,,,,,,,,,7.0,4341041.972635828,1.8437023986592194,8.282917855447526
density_curve,17,5,DRB39,,,,,,,,,,,,,7.0,4409211.203504863,1.7538030007329897,8.220362454490509
density_curve,17,5,DRB39,,,,,,,,,,,,,7.0,4478450.924838282,1.654875839602368,8.151525194477447
density_curve,17,5,DRB39,,,,,,,,,,,,,7.0,4548777.947003777,1.5491291441077821,8.077942644547896
density_curve,17,5,DRB39,,,,,,,,,,,,,7.0,4620209.3443493685,1.4386988217620589,8.001101049926561
density_curve,17,5,DRB39,,,,,,,,,,,,,7.0,4692762.459348841,1.3256086886815164,7.922408658405307
density_curve,17,5,DRB39,,,,,,,,,,,,,7.0,4766454.906812234,1.211743656286387,7.843177062635267
density_curve,17,5,DRB39,,,,,,,,,,,,,7.0,4841304.57816245,1.0988320900632642,7.764608924686575
density_curve,17,5,DRB39,,,,,,,,,,,,,7.0,4917329.645779026,0.9884335822182989,7.687789467798051
density_curve,17,5,DRB39,,,,,,,,,,,,,7.0,4994548.567410101,0.881929125235744,7.613679638767603
density_curve,17,5,DRB39,,,,,,,,,,,,,7.0,5072980.090653727,0.7805118787473555,7.543109683190773
density_curve,17,5,DRB39,,,,,,,,,,,,,7.0,5152643.257509442,0.685178080353281,7.476772820866172
density_curve,17,5,DRB39,,,,,,,,,,,,,7.0,5233557.40900142,0.5967188686179262,7.41521955592676
density_curve,17,5,DRB39,,,,,,,,,,,,,7.0,5315742.189874179,0.515714637149404,7.358853748194805
density_curve,17,5,DRB39,,,,,,,,,,,,,7.0,5399217.553362021,0.4425338978361495,7.307931822178924
density_curve,17,5,DRB39,,,,,,,,,,,,,7.0,5484003.766033389,0.3773384865183324,7.262566389377135
density_curve,17,5,DRB39,,,,,,,,,,,,,7.0,5570121.412711266,0.32009638259740497,7.222735168645988
density_curve,17,5,DRB39,,,,,,,,,,,,,7.0,5657591.401470916,0.2706025909928591,7.188295516655815
density_curve,17,5,DRB39,,,,,,,,,,,,,7.0,5746434.968715974,0.22850763437777624,7.159004253865762
density_curve,17,5,DRB39,,,,,,,,,,,,,7.0,5836673.684334379,0.19335239731965587,7.134541910394737
density_curve,17,5,DRB39,,,,,,,,,,,,,7.0,5928329.456935207,0.1646074782926932,7.1145401086398
density_curve,17,5,DRB39,,,,,,,,,,,,,7.0,6021424.539167753,0.14171490269335046,7.098610588769924
density_curve,17,5,DRB39,,,,,,,,,,,,,7.0,6115981.53312414,0.12413002423552846,7.086374365301419
density_curve,17,5,DRB39,,,,,,,,,,,,,7.0,6212023.395826757,0.11136163037756851,7.077489633970768
density_curve,17,5,DRB39,,,,,,,,,,,,,7.0,6309573.444801942,0.10300857042450719,7.071677258953412
density_curve,17,5,DRB39,,,,,,,,,,,,,7.0,6408655.363740995,0.09879153324760322,7.068742885002784
density_curve,17,5,DRB39,,,,,,,,,,,,,7.0,6509293.20825039,0.09857882157238948,7.068594872174688
density_curve,17,5,DRB39,,,,,,,,,,,,,7.0,6611511.411691989,0.10240504474578956,7.071257302961594
density_curve,17,5,DRB39,,,,,,,,,,,,,7.0,6715334.791115149,0.11048157482912363,7.076877258037588
density_curve,17,5,DRB39,,,,,,,,,,,,,7.0,6820788.553281926,0.12319742785664996,7.085725429471396
density_curve,17,5,DRB39,,,,,,,,,,,,,7.0,6927898.300786892,0.14110903571530195,7.098189003613486
density_curve,17,5,DRB39,,,,,,,,,,,,,7.0,7036690.03827307,0.16491728807054504,7.114755685999838
density_curve,17,5,DRB39,,,,,,,,,,,,,7.0,7147190.1787454495,0.19543038090846257,7.135987849962503
density_curve,17,5,DRB39,,,,,,,,,,,,,7.0,7259425.549983729,0.2335115244694383,7.1624861498322465
density_curve,17,5,DRB39,,,,,,,,,,,,,7.0,7373423.401055615,0.280011510973388,7.1948425990115545
density_curve,17,5,DRB39,,,,,,,,,,,,,7.0,7489211.408932546,0.33568752718245054,7.233584076685357
density_curve,17,5,DRB39,,,,,,,,,,,,,7.0,7606817.685209225,0.40111134156295775,7.279108440976078
density_curve,17,5,DRB39,,,,,,,,,,,,,7.0,7726270.782928702,0.47657193656793684,7.331616776803478
density_curve,17,5,DRB39,,,,,,,,,,,,,7.0,7847599.7035146225,0.5619795518263614,7.391046625506776
density_curve,17,5,DRB39,,,,,,,,,,,,,7.0,7970833.903812322,0.6567796595165758,7.457012125656133
density_curve,17,5,DRB39,,,,,,,,,,,,,7.0,8096003.303240569,0.7598863004777945,7.528757625797891
density_curve,17,5,DRB39,,,,,,,,,,,,,7.0,8223138.291055465,0.8696441943575602,7.605131319262231
density_curve,17,5,DRB39,,,,,,,,,,,,,7.0,8352269.733728553,0.9838279102765357,7.684584667080366
density_curve,17,5,DRB39,,,,,,,,,,,,,7.0,8483428.982440725,1.0996840878948497,7.765201776999258
density_curve,17,5,DRB39,,,,,,,,,,,,,7.0,8616647.880693821,1.214019335764818,7.844760566479638
density_curve,17,5,DRB39,,,,,,,,,,,,,7.0,8751958.77204175,1.3233322778280836,7.92082464564255
density_curve,17,5,DRB39,,,,,,,,,,,,,7.0,8889394.507943004,1.4239836944865039,7.990861707860986
density_curve,17,5,DRB39,,,,,,,,,,,,,7.0,9028988.455736592,1.5123943416426433,8.05238117972953
density_curve,17,5,DRB39,,,,,,,,,,,,,7.0,9170774.50674293,1.5852563956618084,8.103081352465512
density_curve,17,5,DRB39,,,,,,,,,,,,,7.0,9314787.084492404,1.6397420850104625,8.140994555693208
density_curve,17,5,DRB39,,,,,,,,,,,,,7.0,9461061.153082676,1.6736923230546008,8.164618415278785
density_curve,17,5,DRB39,,,,,,,,,,,,,7.0,9609632.225667553,1.6857692470247176,8.17302199571097
density_curve,17,5,DRB39,,,,,,,,,,,,,7.0,9760536.373079011,1.675559451923044,8.165917634157868
density_curve,17,5,DRB39,,,,,,,,,,,,,7.0,9913810.23258467,1.643619094870671,8.143692325777481
density_curve,17,5,DRB39,,,,,,,,,,,,,7.0,10069491.016782762,1.5914574292840071,8.107396266174979
density_curve,17,5,DRB39,,,,,,,,,,,,,7.0,10227616.522636779,1.5214610547296945,8.058690141586961
density_curve,17,5,DRB39,,,,,,,,,,,,,7.0,10388225.14065211,1.436766526542853,7.99975648583611
density_curve,17,5,DRB39,,,,,,,,,,,,,7.0,10551355.864196453,1.3410932965821483,7.933183434190581
density_curve,17,5,DRB39,,,,,,,,,,,,,7.0,10717048.298967114,1.2385517373199484,7.861831139265665
density_curve,17,5,DRB39,,,,,,,,,,,,,7.0,10885342.672606446,1.1334419451280873,7.788691770741016
density_curve,17,5,DRB39,,,,,,,,,,,,,7.0,11056279.844468623,1.0300581022562332,7.716753383026417
density_curve,17,5,DRB39,,,,,,,,,,,,,7.0,11229901.315539658,0.9325106465071741,7.648876174196535
density_curve,17,5,DRB39,,,,,,,,,,,,,7.0,11406249.238513203,0.8445748259560794,7.587687104637115
density_curve,17,5,DRB39,,,,,,,,,,,,,7.0,11585366.428024698,0.769570025553529,7.535495927931652
density_curve,17,5,DRB39,,,,,,,,,,,,,7.0,11767296.371045876,0.7102702136242258,7.4942328761483985
density_curve,17,5,DRB39,,,,,,,,,,,,,7.0,11952083.237443073,0.6688425797693713,7.465405961772204
density_curve,17,5,DRB39,,,,,,,,,,,,,7.0,12139771.890700752,0.646809374874295,7.450074424538655
density_curve,17,5,DRB39,,,,,,,,,,,,,7.0,12330407.898813803,0.6450273440140036,7.448834420071941
density_curve,17,5,DRB39,,,,,,,,,,,,,7.0,12524037.545350743,0.6636799282039876,7.461813593568148
density_curve,17,5,DRB39,,,,,,,,,,,,,7.0,12720707.84069066,0.7022793147198764,7.488672506485203
density_curve,17,5,DRB39,,,,,,,,,,,,,7.0,12920466.533436738,0.7596779531469162,7.528612649845638
density_curve,17,5,DRB39,,,,,,,,,,,,,7.0,13123362.122008637,0.8340917272599082,7.580392568106969
density_curve,17,5,DRB39,,,,,,,,,,,,,7.0,13329443.866417537,0.9231389747332802,7.642355010551651
density_curve,17,5,DRB39,,,,,,,,,,,,,7.0,13538761.800225446,1.0239004698814642,7.7124686695462925
density_curve,17,5,DRB39,,,,,,,,,,,,,7.0,13751366.742692733,1.1330050124680588,7.788387736471935
density_curve,17,5,DRB39,,,,,,,,,,,,,7.0,13967310.311116258,1.2467433338921496,7.867531161956281
density_curve,17,5,DRB39,,,,,,,,,,,,,7.0,14186644.93336124,1.3612098490202449,7.947181292159225
density_curve,17,5,DRB39,,,,,,,,,,,,,7.0,14409423.860590115,1.472467802526582,8.024598783842064
density_curve,17,5,DRB39,,,,,,,,,,,,,7.0,14635701.180190798,1.576729215936593,8.097147818325706
density_curve,17,5,DRB39,,,,,,,,,,,,,7.0,14865531.828908725,1.6705374458759221,8.162423132424452
density_curve,17,5,DRB39,,,,,,,,,,,,,7.0,15098971.606184201,1.7509377850010377,8.218368729025432
density_curve,17,5,DRB39,,,,,,,,,,,,,7.0,15336077.187700124,1.8156208888163858,8.26337767889219
density_curve,17,5,DRB39,,,,,,,,,,,,,7.0,15576906.139141649,1.8630251594419238,8.296363363162165
density_curve,17,5,DRB39,,,,,,,,,,,,,7.0,15821516.930172438,1.892387523266486,8.316794806358242
density_curve,17,5,DRB39,,,,,,,,,,,,,7.0,16069968.948630175,1.903736955491518,8.324692170521393
density_curve,17,5,DRB39,,,,,,,,,,,,,7.0,16322322.514945026,1.8978310181833227,8.320582595987375
density_curve,17,5,DRB39,,,,,,,,,,,,,7.0,16578638.896784693,1.876041801632921,8.305420835071377
density_curve,17,5,DRB39,,,,,,,,,,,,,7.0,16838980.323928915,1.8402031485185795,8.280482944862516
density_curve,17,5,DRB39,,,,,,,,,,,,,7.0,17103410.003378414,1.7924351296599748,8.24724415081548
density_curve,17,5,DRB39,,,,,,,,,,,,,7.0,17371992.134700213,1.7349638586980154,8.20725346699038
density_curve,17,5,DRB39,,,,,,,,,,,,,7.0,17644791.92561452,1.6699545963382805,8.162017563673539
density_curve,17,5,DRB39,,,,,,,,,,,,,7.0,17921875.607826144,1.599373747394354,8.112904739701158
density_curve,17,5,DRB39,,,,,,,,,,,,,7.0,18203310.453104522,1.5248911592466352,8.061076938032004
density_curve,17,5,DRB39,,,,,,,,,,,,,7.0,18489164.789616488,1.4478287098031937,8.00745397130624
density_curve,17,5,DRB39,,,,,,,,,,,,,7.0,18779508.018514913,1.3691553046233673,7.95271004065482
density_curve,17,5,DRB39,,,,,,,,,,,,,7.0,19074410.630788796,1.2895228978891327,7.897298800453633
density_curve,17,5,DRB39,,,,,,,,,,,,,7.0,19373944.224377003,1.2093337307782226,7.8415001453263935
density_curve,17,5,DRB39,,,,,,,,,,,,,7.0,19678181.521551367,1.1288261684164478,7.7854799387423
density_curve,17,5,DRB39,,,,,,,,,,,,,7.0,19987196.386572525,1.0481655741986755,7.729353246805337
density_curve,17,5,DRB39,,,,,,,,,,,,,7.0,20301063.843623016,0.9675275629641823,7.6732422689621975
density_curve,17,5,DRB39,,,,,,,,,,,,,7.0,20619860.095022235,0.8871634355598517,7.617321869846021
density_curve,17,5,DRB39,,,,,,,,,,,,,7.0,20943662.539726753,0.807441132067506,7.561848076080762
density_curve,17,5,DRB39,,,,,,,,,,,,,7.0,21272549.792122267,0.7288590568400157,7.507167696264158
density_curve,17,5,DRB39,,,,,,,,,,,,,7.0,21606601.701109305,0.652034024125805,7.45370993307739
density_curve,17,5,DRB39,,,,,,,,,,,,,7.0,21945899.369489986,0.5776678294174012,7.401963122365163
density_curve,17,5,DRB39,,,,,,,,,,,,,7.0,22290525.173658106,0.5064992008851943,7.352441299126185
density_curve,17,5,DRB39,,,,,,,,,,,,,7.0,22640562.78359909,0.4392489482894281,7.3056460300517365
density_curve,17,5,DRB39,,,,,,,,,,,,,7.0,22996097.183203783,0.37656601695915437,7.2620288758440505
density_curve,17,5,DRB39,,,,,,,,,,,,,7.0,23357214.690901212,0.31898105054714815,7.221959078424991
density_curve,17,5,DRB39,,,,,,,,,,,,,7.0,23724002.980615646,0.2668722631028838,7.185699813433753
density_curve,17,5,DRB39,,,,,,,,,,,,,7.0,24096551.10305199,0.22044626860859326,7.153394850693048
density_curve,17,5,DRB39,,,,,,,,,,,,,7.0,24474949.507316638,0.1797343592497094,7.125065964488932
density_curve,17,5,DRB39,,,,,,,,,,,,,7.0,24859290.062876612,0.14460285131080955,7.100620132636466
density_curve,17,5,DRB39,,,,,,,,,,,,,7.0,25249666.08186437,0.11477472922771002,7.079864597229719
density_curve,17,5,DRB39,,,,,,,,,,,,,7.0,25646172.341732506,0.08985901008032705,7.0625272975664215
density_curve,17,5,DRB39,,,,,,,,,,,,,7.0,26048905.10826428,0.06938401997711455,7.048280025114737
density_curve,17,5,DRB39,,,,,,,,,,,,,7.0,26457962.158945747,0.05283103807846203,7.036761834297106
density_curve,17,5,DRB39,,,,,,,,,,,,,7.0,26873442.80670409,0.039665389497665876,7.027600678106642
density_curve,17,5,DRB39,,,,,,,,,,,,,7.0,27295447.924020074,0.029362899755237183,7.0204318161169095
density_curve,17,5,DRB39,,,,,,,,,,,,,7.0,27724079.967417758,0.021430511564554226,7.0149121604210825
density_curve,17,5,DRB39,,,,,,,,,,,,,7.0,28159443.002339695,0.015420686550163822,7.010730296892195
density_curve,17,5,DRB39,,,,,,,,,,,,,7.0,28601642.7284124,0.010939885083597788,7.007612385773593
density_curve,17,5,DRB39,,,,,,,,,,,,,7.0,29050786.505108584,0.00765189280208373,7.0053244763964635
density_curve,17,5,DRB39,,,,,,,,,,,,,7.0,29506983.377812706,0.005277035556286845,7.003671960910782
density_curve,17,5,DRB39,,,,,,,,,,,,,7.0,29970344.104294933,0.0035884168200823654,7.0024969561327355
density_curve,17,5,DRB39,,,,,,,,,,,,,7.0,30440981.18160234,0.002406261921938851,7.001674368047025
density_curve,17,5,DRB39,,,,,,,,,,,,,7.0,30919008.873370558,0.0015913079732979203,7.001107292269047
density_curve,17,5,DRB39,,,,,,,,,,,,,7.0,31404543.237566188,0.0010379819083050604,7.000722267066943
density_curve,17,5,DRB39,,,,,,,,,,,,,7.0,31897702.154663246,0.0006678993117880808,7.000464749600238
density_curve,17,5,DRB39,,,,,,,,,,,,,7.0,32398605.356263112,0.00042402128537157805,7.000295050046303
density_curve,17,5,DRB39,,,,,,,,,,,,,7.0,32907374.454163484,0.00026564241755106806,7.000184844040388
density_curve,17,5,DRB39,,,,,,,,,,,,,7.0,33424132.969883844,0.00016425746689420785,7.000114296557472
density_curve,17,5,DRB39,,,,,,,,,,,,,7.0,33949006.36465498,0.000100267863674123,7.000069770171547
density_curve,17,5,DRB39,,,,,,,,,,,,,7.0,34482122.069878325,6.0437044434028584e-05,7.0000420543811686
density_curve,17,5,DRB39,,,,,,,,,,,,,7.0,35023609.518065386,3.5978953605187125e-05,7.000025035516597
density_curve,17,5,DRB39,,,,,,,,,,,,,7.0,35573600.17426121,2.11591316132944e-05,7.0000147233239876
density_curve,17,5,DRB39,,,,,,,,,,,,,7.0,36132227.56796255,1.2295607581483865e-05,7.000008555748759
density_curve,17,5,DRB39,,,,,,,,,,,,,7.0,36699627.32553667,7.061546469824371e-06,7.000004913691092
density_curve,17,5,DRB39,,,,,,,,,,,,,7.0,37275937.20314938,4.008992407191178e-06,7.000002789608532
density_curve,17,5,DRB39,,,,,,,,,,,,,7.0,37861297.12021055,2.250267985797297e-06,7.000001565821567
density_curve,17,5,DRB39,,,,,,,,,,,,,7.0,38455849.19334357,1.2489989033167566e-06,7.000000869100672
density_curve,17,5,DRB39,,,,,,,,,,,,,7.0,39059737.77089033,6.855962869868274e-07,7.000000477063825
density_curve,17,5,DRB39,,,,,,,,,,,,,7.0,39673109.46795558,3.722078982829798e-07,7.000000258996332
density_curve,17,5,DRB39,,,,,,,,,,,,,7.0,40296113.20200404,1.998602150850532e-07,7.000000139070296
density_curve,17,5,DRB39,,,,,,,,,,,,,7.0,40928900.22901449,1.0614109179921343e-07,7.000000073856985
density_curve,17,5,DRB39,,,,,,,,,,,,,7.0,41571624.180202775,5.574806208078459e-08,7.00000003879161
density_curve,17,5,DRB39,,,,,,,,,,,,,7.0,42224441.09932146,2.8954635857713854e-08,7.000000020147731
density_curve,17,5,DRB39,,,,,,,,,,,,,7.0,42887509.48054403,1.4869061602336347e-08,7.000000010346455
density_curve,17,5,DRB39,,,,,,,,,,,,,7.0,43560990.30694617,7.548230113759365e-09,7.000000005252344
density_curve,17,5,DRB39,,,,,,,,,,,,,7.0,44245047.08958865,3.787113500491506e-09,7.0000000026352165
density_curve,17,5,DRB39,,,,,,,,,,,,,7.0,44939845.907216705,1.8774481208350226e-09,7.000000001306399
density_curve,17,5,DRB39,,,,,,,,,,,,,7.0,45645555.44658045,9.194138703845843e-10,7.000000000639763
density_curve,17,5,DRB39,,,,,,,,,,,,,7.0,46362347.04338999,4.4465152560954555e-10,7.000000000309405
density_curve,17,5,DRB39,,,,,,,,,,,,,7.0,47090394.72391306,2.1231177158171798e-10,7.000000000147734
density_curve,17,5,DRB39,,,,,,,,,,,,,7.0,47829875.24722586,1.0005850302325323e-10,7.000000000069624
density_curve,17,5,DRB39,,,,,,,,,,,,,7.0,48580968.14812807,4.65309432847277e-11,7.000000000032378
density_curve,17,5,DRB39,,,,,,,,,,,,,7.0,49343855.78073008,2.1346358030473703e-11,7.000000000014854
density_curve,17,5,DRB39,,,,,,,,,,,,,7.0,50118723.36272725,9.65808633919497e-12,7.000000000006721
density_curve,18,20,DRB04,,,,,,,,,,,,,6.0,100000.0,0.0030323430095071623,6.002129380759048
density_curve,18,20,DRB04,,,,,,,,,,,,,6.0,101570.34258822507,0.0032637780787758003,6.002291899768911
density_curve,18,20,DRB04,,,,,,,,,,,,,6.0,103165.34493489409,0.0035127489364945256,6.002466732811324
density_curve,18,20,DRB04,,,,,,,,,,,,,6.0,104785.39428269603,0.00377522661739993,6.0026510506545385
density_curve,18,20,DRB04,,,,,,,,,,,,,6.0,106430.88395535655,0.004047159517900203,6.002842008169655
density_curve,18,20,DRB04,,,,,,,,,,,,,6.0,108102.21345313193,0.00432457722495517,6.00303681724164
density_curve,18,20,DRB04,,,,,,,,,,,,,6.0,109799.78854980043,0.004603678917212972,6.003232808846629
density_curve,18,20,DRB04,,,,,,,,,,,,,6.0,111524.02139117903,0.004880901004959527,6.003427480550253
density_curve,18,20,DRB04,,,,,,,,,,,,,6.0,113275.33059518597,0.00515295905128458,6.003618525945636
density_curve,18,20,DRB04,,,,,,,,,,,,,6.0,115054.14135347492,0.00541686054666792,6.003803843624009
density_curve,18,20,DRB04,,,,,,,,,,,,,6.0,116860.88553466521,0.005669887915917576,6.003981525241789
density_curve,18,20,DRB04,,,,,,,,,,,,,6.0,118696.00178919302,0.005909555005093342,6.004149824964699
density_curve,18,20,DRB04,,,,,,,,,,,,,6.0,120559.93565580886,0.006133544662619868,6.004307115635797
density_curve,18,20,DRB04,,,,,,,,,,,,,6.0,122453.13966974878,0.006339639059288124,6.004451839844581
density_curve,18,20,DRB04,,,,,,,,,,,,,6.0,124376.07347260158,0.006525657142762967,6.004582466006115
density_curve,18,20,DRB04,,,,,,,,,,,,,6.0,126329.20392390396,0.006689414251079561,6.004697460000697
density_curve,18,20,DRB04,,,,,,,,,,,,,6.0,128313.00521448672,0.006828716889892965,6.004795281506326
density_curve,18,20,DRB04,,,,,,,,,,,,,6.0,130327.95898160127,0.0069414009674490795,6.004874410848174
density_curve,18,20,DRB04,,,,,,,,,,,,,6.0,132374.55442585386,0.007025414897662448,6.004933407355471
density_curve,18,20,DRB04,,,,,,,,,,,,,6.0,134453.28842997624,0.007078940963086177,6.004970994585367
density_curve,18,20,DRB04,,,,,,,,,,,,,6.0,136564.66567946097,0.007100540572334023,6.004986162326019
density_curve,18,20,DRB04,,,,,,,,,,,,,6.0,138709.19878509274,0.007089303051025848,6.004978271081005
density_curve,18,20,DRB04,,,,,,,,,,,,,6.0,140887.40840740083,0.0070449746760850454,6.004947142680167
density_curve,18,20,DRB04,,,,,,,,,,,,,6.0,143099.82338306884,0.0069680456257030735,6.004893121337864
density_curve,18,20,DRB04,,,,,,,,,,,,,6.0,145346.98085332804,0.00685977751320016,6.004817092987886
density_curve,18,20,DRB04,,,,,,,,,,,,,6.0,147629.42639436718,0.0067221625821207425,6.0047204566293075
density_curve,18,20,DRB04,,,,,,,,,,,,,6.0,149947.71414979032,0.006557816152006827,6.004605048799453
density_curve,18,20,DRB04,,,,,,,,,,,,,6.0,152302.40696515449,0.006369814734179833,6.004473029895081
density_curve,18,20,DRB04,,,,,,,,,,,,,6.0,154694.07652461986,0.0061615014449271435,6.00432674752907
density_curve,18,20,DRB04,,,,,,,,,,,,,6.0,157123.30348974746,0.005936286201409136,6.0041685962234
density_curve,18,20,DRB04,,,,,,,,,,,,,6.0,159590.6776404731,0.005697469515016427,6.004000893672814
density_curve,18,20,DRB04,,,,,,,,,,,,,6.0,162096.79801829843,0.005448115112379222,6.00382579129637
density_curve,18,20,DRB04,,,,,,,,,,,,,6.0,164642.27307172897,0.00519098861921423,6.00364523117983
density_curve,18,20,DRB04,,,,,,,,,,,,,6.0,167227.72080399614,0.00492856845533357,6.003460953726388
density_curve,18,20,DRB04,,,,,,,,,,,,,6.0,169853.76892309941,0.00466312281218267,6.003274551712062
density_curve,18,20,DRB04,,,,,,,,,,,,,6.0,172521.0549942039,0.0043968352551637295,6.003087558486523
density_curve,18,20,DRB04,,,,,,,,,,,,,6.0,175230.2265944331,0.004131953091657569,6.002901552160518
density_curve,18,20,DRB04,,,,,,,,,,,,,6.0,177981.9414700888,0.003870928630011039,6.002718254801173
density_curve,18,20,DRB04,,,,,,,,,,,,,6.0,180776.86769634343,0.0036165244986241306,6.002539606389466
density_curve,18,20,DRB04,,,,,,,,,,,,,6.0,183615.6838394384,0.003371860077368797,6.002367797425437
density_curve,18,20,DRB04,,,,,,,,,,,,,6.0,186499.07912142982,0.003140385762238561,6.002205250856231
density_curve,18,20,DRB04,,,,,,,,,,,,,6.0,189427.7535875212,0.002925783565871814,6.002054552275509
density_curve,18,20,DRB04,,,,,,,,,,,,,6.0,192402.4182760241,0.0027318044805105385,6.0019183357159935
density_curve,18,20,DRB04,,,,,,,,,,,,,6.0,195423.79539098707,0.0025620631852400545,6.001799139488182
density_curve,18,20,DRB04,,,,,,,,,,,,,6.0,198492.61847753756,0.002419817539783975,6.001699251335838
density_curve,18,20,DRB04,,,,,,,,,,,,,6.0,201609.63259997344,0.0023077629610200553,6.00162056404247
density_curve,18,20,DRB04,,,,,,,,,,,,,6.0,204775.59452265495,0.002227870027749328,6.001564461393674
density_curve,18,20,DRB04,,,,,,,,,,,,,6.0,207991.2728937353,0.002181287982421174,6.001531750413838
density_curve,18,20,DRB04,,,,,,,,,,,,,6.0,211257.44843177704,0.0021683281997390267,6.0015226497574155
density_curve,18,20,DRB04,,,,,,,,,,,,,6.0,214574.91411529886,0.0021885314828184225,6.00153683696583
density_curve,18,20,DRB04,,,,,,,,,,,,,6.0,217944.4753752988,0.002240812612659569,6.001573549973426
density_curve,18,20,DRB04,,,,,,,,,,,,,6.0,221366.95029080036,0.002323666173312869,6.001631731642624
density_curve,18,20,DRB04,,,,,,,,,,,,,6.0,224843.16978747185,0.0024354102965267145,6.001710200926991
density_curve,18,20,DRB04,,,,,,,,,,,,,6.0,228373.97783935972,0.0025744402836287428,6.001807830970339
density_curve,18,20,DRB04,,,,,,,,,,,,,6.0,231960.2316737949,0.0027394624131410346,6.001923713291798
density_curve,18,20,DRB04,,,,,,,,,,,,,6.0,235602.80197951404,0.002929679691121101,6.002057288223954
density_curve,18,20,DRB04,,,,,,,,,,,,,6.0,239302.57311804994,0.0031449056743685215,6.002208424842119
density_curve,18,20,DRB04,,,,,,,,,,,,,6.0,243060.44333844114,0.0033855894230582907,6.002377438486641
density_curve,18,20,DRB04,,,,,,,,,,,,,6.0,246877.32499531287,0.003652743563411866,6.002565040246859
density_curve,18,20,DRB04,,,,,,,,,,,,,6.0,250754.1447703851,0.003947777623294538,6.0027722199255455
density_curve,18,20,DRB04,,,,,,,,,,,,,6.0,254691.843897454,0.004272249328365133,6.00300007139336
density_curve,18,20,DRB04,,,,,,,,,,,,,6.0,258691.37839091144,0.004627556359525262,6.0032495761338645
density_curve,18,20,DRB04,,,,,,,,,,,,,6.0,262753.7192778504,0.005014599066656206,6.003521366393381
density_curve,18,20,DRB04,,,,,,,,,,,,,6.0,266879.85283381585,0.005433449781052309,6.0038154929646
density_curve,18,20,DRB04,,,,,,,,,,,,,6.0,271070.7808222577,0.005883065881651804,6.0041312236951185
density_curve,18,20,DRB04,,,,,,,,,,,,,6.0,275327.5207377438,0.006361081253992675,6.004466897045132
density_curve,18,20,DRB04,,,,,,,,,,,,,6.0,279651.1060529923,0.00686370434089607,6.004819850496292
density_curve,18,20,DRB04,,,,,,,,,,,,,6.0,284042.5864697849,0.007385741247402443,6.005186436776519
density_curve,18,20,DRB04,,,,,,,,,,,,,6.0,288503.028173816,0.007920750403575485,6.005562132467771
density_curve,18,20,DRB04,,,,,,,,,,,,,6.0,293033.5140935484,0.0084613224657167,6.005941734559089
density_curve,18,20,DRB04,,,,,,,,,,,,,6.0,297635.14416313195,0.00899946687606922,6.006319631897682
density_curve,18,20,DRB04,,,,,,,,,,,,,6.0,302309.0355894507,0.009527076080035371,6.006690131172896
density_curve,18,20,DRB04,,,,,,,,,,,,,6.0,307056.3231233643,0.010036430774063288,6.00704781171286
density_curve,18,20,DRB04,,,,,,,,,,,,,6.0,311878.15933520853,0.010520705273784597,6.007387880365572
density_curve,18,20,DRB04,,,,,,,,,,,,,6.0,316775.7148946211,0.010974431295358165,6.007706497176793
density_curve,18,20,DRB04,,,,,,,,,,,,,6.0,321750.1788547658,0.011393880958504911,6.008001044343553
density_curve,18,20,DRB04,,,,,,,,,,,,,6.0,326802.75894101255,0.011777335274768425,6.008270314752759
density_curve,18,20,DRB04,,,,,,,,,,,,,6.0,331934.6818441578,0.012125212322789819,6.008514601988817
density_curve,18,20,DRB04,,,,,,,,,,,,,6.0,337147.193518246,0.01244003926250713,6.008735680681354
density_curve,18,20,DRB04,,,,,,,,,,,,,6.0,342441.55948306865,0.012726263821176774,6.008936674126385
density_curve,18,20,DRB04,,,,,,,,,,,,,6.0,347819.06513141334,0.012989913355275823,6.00912181487177
density_curve,18,20,DRB04,,,,,,,,,,,,,6.0,353281.01604113757,0.013238122378029939,6.00929611293621
density_curve,18,20,DRB04,,,,,,,,,,,,,6.0,358828.7382921458,0.013478561672809359,6.009464954919593
density_curve,18,20,DRB04,,,,,,,,,,,,,6.0,364463.57878833805,0.013718812719672594,6.009633664710974
density_curve,18,20,DRB04,,,,,,,,,,,,,6.0,370186.9055846206,0.013965738951582568,6.0098070619702835
density_curve,18,20,DRB04,,,,,,,,,,,,,6.0,376000.1082190484,0.01422490915615545,6.0099890572278145
density_curve,18,20,DRB04,,,,,,,,,,,,,6.0,381904.59805018455,0.01450012719740062,6.010182321644054
density_curve,18,20,DRB04,,,,,,,,,,,,,6.0,387901.8085997564,0.014793115628231076,6.010388064835137
density_curve,18,20,DRB04,,,,,,,,,,,,,6.0,393993.19590069365,0.015103388775658574,6.01060594575036
density_curve,18,20,DRB04,,,,,,,,,,,,,6.0,400180.2388506313,0.015428334271544058,6.010834129924943
density_curve,18,20,DRB04,,,,,,,,,,,,,6.0,406464.4395709628,0.015763502209014294,6.011069492532294
density_curve,18,20,DRB04,,,,,,,,,,,,,6.0,412847.323771536,0.0161030801086241,6.01130795191613
density_curve,18,20,DRB04,,,,,,,,,,,,,6.0,419330.44112106785,0.016440511980300974,6.011544904309967
density_curve,18,20,DRB04,,,,,,,,,,,,,6.0,425915.3656233841,0.016769203302030983,6.011775718889308
density_curve,18,20,DRB04,,,,,,,,,,,,,6.0,432603.6959995626,0.0170832427638652,6.011996244596827
density_curve,18,20,DRB04,,,,,,,,,,,,,6.0,439397.0560760795,0.017378067645201136,6.012203277385544
density_curve,18,20,DRB04,,,,,,,,,,,,,6.0,446297.0951790494,0.017651003422920666,6.01239493914403
density_curve,18,20,DRB04,,,,,,,,,,,,,6.0,453305.48853465647,0.017901619464650863,6.01257092747236
density_curve,18,20,DRB04,,,,,,,,,,,,,6.0,460423.93767587794,0.01813186035756071,6.012732607904216
density_curve,18,20,DRB04,,,,,,,,,,,,,6.0,467654.17085558514,0.018345934685827958,6.012882935803859
density_curve,18,20,DRB04,,,,,,,,,,,,,6.0,474997.94346614124,0.01854996746772405,6.013026212299501
density_curve,18,20,DRB04,,,,,,,,,,,,,6.0,482457.03846558335,0.0187514463100306,6.013167695360228
density_curve,18,20,DRB04,,,,,,,,,,,,,6.0,490033.26681049785,0.018958512030926942,6.0133131016551475
density_curve,18,20,DRB04,,,,,,,,,,,,,6.0,497728.46789569367,0.019179159848621383,6.013468045609724
density_curve,18,20,DRB04,,,,,,,,,,,,,6.0,505544.5100007789,0.019420425710089763,6.013637468027179
density_curve,18,20,DRB04,,,,,,,,,,,,,6.0,513483.29074375494,0.019687633258891377,6.013825107292034
density_curve,18,20,DRB04,,,,,,,,,,,,,6.0,521546.7375417237,0.019983770515206698,6.014033061660539
density_curve,18,20,DRB04,,,,,,,,,,,,,6.0,529736.8080788398,0.02030905257845117,6.014261482180436
density_curve,18,20,DRB04,,,,,,,,,,,,,6.0,538055.490781606,0.020660709209162027,6.014508423526082
density_curve,18,20,DRB04,,,,,,,,,,,,,6.0,546504.805301633,0.021033016029384836,6.0147698659080815
density_curve,18,20,DRB04,,,,,,,,,,,,,6.0,555086.803005981,0.021417567424308087,6.015039906711067
density_curve,18,20,DRB04,,,,,,,,,,,,,6.0,563803.567475201,0.021803769984138608,6.015311106999893
density_curve,18,20,DRB04,,,,,,,,,,,,,6.0,572657.2150091964,0.022179519054048948,6.015574966608516
density_curve,18,20,DRB04,,,,,,,,,,,,,6.0,581649.8951410283,0.022532008692035022,6.015822492910962
density_curve,18,20,DRB04,,,,,,,,,,,,,6.0,590783.7911587943,0.02284861752989002,6.0160448228932095
density_curve,18,20,DRB04,,,,,,,,,,,,,6.0,600061.1206356916,0.023117809634663103,6.016233855758751
density_curve,18,20,DRB04,,,,,,,,,,,,,6.0,609484.1359684145,0.023329990034193338,6.016382853698229
density_curve,18,20,DRB04,,,,,,,,,,,,,6.0,619055.1249240021,0.023478258448054724,6.016486971176581
density_curve,18,20,DRB04,,,,,,,,,,,,,6.0,628776.4111952737,0.023559011275163334,6.016543677662538
density_curve,18,20,DRB04,,,,,,,,,,,,,6.0,638650.3549649863,0.023572350474462704,6.016553044754005
density_curve,18,20,DRB04,,,,,,,,,,,,,6.0,648679.3534788508,0.0235222682831667,6.016517875891451
density_curve,18,20,DRB04,,,,,,,,,,,,,6.0,658865.8416275523,0.023416588595972978,6.016443665193049
density_curve,18,20,DRB04,,,,,,,,,,,,,6.0,669212.2925378972,0.023266659236223154,6.016338381360426
density_curve,18,20,DRB04,,,,,,,,,,,,,6.0,679721.2181732573,0.02308680419796142,6.01621208303049
density_curve,18,20,DRB04,,,,,,,,,,,,,6.0,690395.1699434342,0.02289356091032644,6.016076383165002
density_curve,18,20,DRB04,,,,,,,,,,,,,6.0,701236.7393241049,0.0227047439718232,6.015943791583321
density_curve,18,20,DRB04,,,,,,,,,,,,,6.0,712248.5584859921,0.022538392454058625,6.015826975734963
density_curve,18,20,DRB04,,,,,,,,,,,,,6.0,723433.3009339154,0.022411671181225494,6.015737989152876
density_curve,18,20,DRB04,,,,,,,,,,,,,6.0,734793.6821558832,0.022339805484139802,6.015687523413304
density_curve,18,20,DRB04,,,,,,,,,,,,,6.0,746332.4602823642,0.022335131956279595,6.015684241554928
density_curve,18,20,DRB04,,,,,,,,,,,,,6.0,758052.4367559261,0.022406343238213302,6.015734247749182
density_curve,18,20,DRB04,,,,,,,,,,,,,6.0,769956.4570113824,0.022557992118423093,6.015840739068481
density_curve,18,20,DRB04,,,,,,,,,,,,,6.0,782047.411166621,0.02279029961539777,6.016003870717074
density_curve,18,20,DRB04,,,,,,,,,,,,,6.0,794328.2347242822,0.02309928476152991,6.0162208471682685
density_curve,18,20,DRB04,,,,,,,,,,,,,6.0,806801.909284454,0.023477203260333673,6.016486230199581
density_curve,18,20,DRB04,,,,,,,,,,,,,6.0,819471.4632685608,0.02391325161717332,6.016792433349474
density_curve,18,20,DRB04,,,,,,,,,,,,,6.0,832339.9726546166,0.024394466708029777,6.017130353615164
density_curve,18,20,DRB04,,,,,,,,,,,,,6.0,845410.561724033,0.02490673176373779,6.017490077877801
density_curve,18,20,DRB04,,,,,,,,,,,,,6.0,858686.4038201383,0.025435791233849578,6.01786159556314
density_curve,18,20,DRB04,,,,,,,,,,,,,6.0,872170.7221186243,0.02596818035277928,6.018235451404191
density_curve,18,20,DRB04,,,,,,,,,,,,,6.0,885866.7904100833,0.026491990110139533,6.01860328262092
density_curve,18,20,DRB04,,,,,,,,,,,,,6.0,899777.9338948353,0.026997412603484327,6.018958201879442
density_curve,18,20,DRB04,,,,,,,,,,,,,6.0,913907.5299902376,0.027477041826396056,6.019295008512314
density_curve,18,20,DRB04,,,,,,,,,,,,,6.0,928259.0091506683,0.02792593632275793,6.019610232515799
density_curve,18,20,DRB04,,,,,,,,,,,,,6.0,942835.8557003973,0.028341478184196797,6.019902035534637
density_curve,18,20,DRB04,,,,,,,,,,,,,6.0,957641.6086795169,0.028723083600099248,6.020170007603635
density_curve,18,20,DRB04,,,,,,,,,,,,,6.0,972679.8627031752,0.029071830932740485,6.0204149059734995
density_curve,18,20,DRB04,,,,,,,,,,,,,6.0,987954.2688342923,0.029390072176112562,6.020638382268314
density_curve,18,20,DRB04,,,,,,,,,,,,,6.0,1003468.5354699849,0.029681083593938954,6.020842737155554
density_curve,18,20,DRB04,,,,,,,,,,,,,6.0,1019226.4292419085,0.02994879382768909,6.021030729417301
density_curve,18,20,DRB04,,,,,,,,,,,,,6.0,1035231.7759307377,0.03019760636821067,6.021205451285749
density_curve,18,20,DRB04,,,,,,,,,,,,,6.0,1051488.4613950192,0.030432311885167176,6.021370266878933
density_curve,18,20,DRB04,,,,,,,,,,,,,6.0,1068000.4325145755,0.030658068025548033,6.021528798014777
density_curve,18,20,DRB04,,,,,,,,,,,,,6.0,1084771.6981487798,0.030880412491880817,6.021684933394912
density_curve,18,20,DRB04,,,,,,,,,,,,,6.0,1101806.3301098226,0.031105270760833702,6.02184283402486
density_curve,18,20,DRB04,,,,,,,,,,,,,6.0,1119108.4641512968,0.031338922612821854,6.022006909710355
density_curve,18,20,DRB04,,,,,,,,,,,,,6.0,1136682.3009722962,0.031587900462688986,6.022181747662814
density_curve,18,20,DRB04,,,,,,,,,,,,,6.0,1154532.1072372785,0.03185880528603016,6.022371983238588
density_curve,18,20,DRB04,,,,,,,,,,,,,6.0,1172662.2166119604,0.032158040389729754,6.022582112986526
density_curve,18,20,DRB04,,,,,,,,,,,,,6.0,1191077.0308154398,0.03249147716408198,6.022816259931459
density_curve,18,20,DRB04,,,,,,,,,,,,,6.0,1209781.0206889012,0.0328640785001411,6.023077909129229
density_curve,18,20,DRB04,,,,,,,,,,,,,6.0,1228778.727281043,0.03327951358062376,6.023369637164032
density_curve,18,20,DRB04,,,,,,,,,,,,,6.0,1248074.7629505873,0.03373980168562217,6.02369286202063
density_curve,18,20,DRB04,,,,,,,,,,,,,6.0,1267673.8124860895,0.034245022437850874,6.024047639611916
density_curve,18,20,DRB04,,,,,,,,,,,,,6.0,1287580.634243335,0.034793125857767254,6.0244325303952735
density_curve,18,20,DRB04,,,,,,,,,,,,,6.0,1307800.061300597,0.03537986825513358,6.024844554354157
density_curve,18,20,DRB04,,,,,,,,,,,,,6.0,1328337.002632031,0.035998890049994375,6.025279245645768
density_curve,18,20,DRB04,,,,,,,,,,,,,6.0,1349196.4442995142,0.03664193991127835,6.025730809996316
density_curve,18,20,DRB04,,,,,,,,,,,,,6.0,1370383.450663168,0.037299237065103664,6.026192379122217
density_curve,18,20,DRB04,,,,,,,,,,,,,6.0,1391903.1656109202,0.03795995131946376,6.026656347814431
density_curve,18,20,DRB04,,,,,,,,,,,,,6.0,1413760.8138073613,0.03861276942753131,6.027114771651747
density_curve,18,20,DRB04,,,,,,,,,,,,,6.0,1435961.7019622158,0.03924650801757576,6.027559797414227
density_curve,18,20,DRB04,,,,,,,,,,,,,6.0,1458511.22011873,0.03985072846104889,6.027984094857663
density_curve,18,20,DRB04,,,,,,,,,,,,,6.0,1481414.8429622927,0.04041630843194004,6.028381258075658
density_curve,18,20,DRB04,,,,,,,,,,,,,6.0,1504678.1311496203,0.040935928772643196,6.028746147387993
density_curve,18,20,DRB04,,,,,,,,,,,,,6.0,1528306.7326587688,0.04140444231729889,6.029075148336836
density_curve,18,20,DRB04,,,,,,,,,,,,,6.0,1552306.3841604206,0.041819102672692135,6.029366332341925
density_curve,18,20,DRB04,,,,,,,,,,,,,6.0,1576682.9124106285,0.04217964430085479,6.029619512936415
density_curve,18,20,DRB04,,,,,,,,,,,,,6.0,1601442.23566548,0.04248821898886835,6.029836201154511
density_curve,18,20,DRB04,,,,,,,,,,,,,6.0,1626590.3651179587,0.04274920628345689,6.030019472414296
density_curve,18,20,DRB04,,,,,,,,,,,,,6.0,1652133.4063573685,0.04296892525398072,6.030173764111101
density_curve,18,20,DRB04,,,,,,,,,,,,,6.0,1678077.5608516952,0.04315528096482062,6.030304627362309
density_curve,18,20,DRB04,,,,,,,,,,,,,6.0,1704429.1274531947,0.043317380757090636,6.03041845755158
density_curve,18,20,DRB04,,,,,,,,,,,,,6.0,1731194.503927705,0.04346515291845764,6.030522226550057
density_curve,18,20,DRB04,,,,,,,,,,,,,6.0,1758380.1885078938,0.04360899417621124,6.030623235177926
density_curve,18,20,DRB04,,,,,,,,,,,,,6.0,1785992.7814709456,0.0437594637592762,6.030728898367743
density_curve,18,20,DRB04,,,,,,,,,,,,,6.0,1814038.9867410094,0.043927031924657224,6.03084656857394
density_curve,18,20,DRB04,,,,,,,,,,,,,6.0,1842525.6135168101,0.04412188135236708,6.0309833963078
density_curve,18,20,DRB04,,,,,,,,,,,,,6.0,1871459.5779248201,0.044353752162964034,6.03114622130521
density_curve,18,20,DRB04,,,,,,,,,,,,,6.0,1900847.9046983868,0.044631816805832565,6.03134148467035
density_curve,18,20,DRB04,,,,,,,,,,,,,6.0,1930697.7288832497,0.044964570727378375,6.031575152100393
density_curve,18,20,DRB04,,,,,,,,,,,,,6.0,1961016.2975697976,0.04535972925424335,6.031852641474531
density_curve,18,20,DRB04,,,,,,,,,,,,,6.0,1991810.9716525706,0.045824130892781624,6.032178754948657
density_curve,18,20,DRB04,,,,,,,,,,,,,6.0,2023089.2276173707,0.04636366233853169,6.032557626295296
density_curve,18,20,DRB04,,,,,,,,,,,,,6.0,2054858.65935644,0.04698324074171045,6.032992708450024
density_curve,18,20,DRB04,,,,,,,,,,,,,6.0,2087126.9800121451,0.04768691377304712,6.033486843779996
density_curve,18,20,DRB04,,,,,,,,,,,,,6.0,2119902.0238496074,0.048478167062282564,6.0340424799743015
density_curve,18,20,DRB04,,,,,,,,,,,,,6.0,2153191.7481587674,0.04936056048554675,6.034662116859548
density_curve,18,20,DRB04,,,,,,,,,,,,,6.0,2187004.235186248,0.05033884775153057,6.035349092598927
density_curve,18,20,DRB04,,,,,,,,,,,,,6.0,2221347.6940976637,0.05142076504798447,6.036108839720782
density_curve,18,20,DRB04,,,,,,,,,,,,,6.0,2256230.462970635,0.052619700212767954,6.036950759471692
density_curve,18,20,DRB04,,,,,,,,,,,,,6.0,2291661.0108191706,0.053958468583995,6.03789087330498
density_curve,18,20,DRB04,,,,,,,,,,,,,6.0,2327647.9396498133,0.055474418389063404,6.038955408001904
density_curve,18,20,DRB04,,,,,,,,,,,,,6.0,2364199.9865500783,0.05722605882723303,6.040185450063147
density_curve,18,20,DRB04,,,,,,,,,,,,,6.0,2401326.0258096857,0.05930133846813474,6.041642758989982
density_curve,18,20,DRB04,,,,,,,,,,,,,6.0,2439035.071075103,0.06182759074787341,6.043416751239577
density_curve,18,20,DRB04,,,,,,,,,,,,,6.0,2477336.2775379405,0.06498299914652905,6.045632551335401
density_curve,18,20,DRB04,,,,,,,,,,,,,6.0,2516238.944157669,0.06900921257110301,6.048459850678262
density_curve,18,20,DRB04,,,,,,,,,,,,,6.0,2555752.5159192816,0.07422446323821388,6.052122119224183
density_curve,18,20,DRB04,,,,,,,,,,,,,6.0,2595886.586126396,0.08103621577844748,6.056905487975375
density_curve,18,20,DRB04,,,,,,,,,,,,,6.0,2636650.898730361,0.08995203007373667,6.063166377113614
density_curve,18,20,DRB04,,,,,,,,,,,,,6.0,2678055.350695943,0.10158698790111947,6.071336711159694
density_curve,18,20,DRB04,,,,,,,,,,,,,6.0,2720109.994404156,0.11666576494720435,6.081925373989475
density_curve,18,20,DRB04,,,,,,,,,,,,,6.0,2762825.0400928515,0.13601728644603903,6.0955144559003065
density_curve,18,20,DRB04,,,,,,,,,,,,,6.0,2806210.858335576,0.16055995299750034,6.112748878842095
density_curve,18,20,DRB04,,,,,,,,,,,,,6.0,2850277.982559416,0.19127572517310698,6.134318198033555
density_curve,18,20,DRB04,,,,,,,,,,,,,6.0,2895037.1116023487,0.2291719568451249,6.16092980045117
density_curve,18,20,DRB04,,,,,,,,,,,,,6.0,2940499.1123107616,0.27523078306344956,6.193273363836367
density_curve,18,20,DRB04,,,,,,,,,,,,,6.0,2986675.022177758,0.33034707114861744,6.231977284530946
density_curve,18,20,DRB04,,,,,,,,,,,,,6.0,3033576.0520228897,0.3952573543296889,6.277558773048837
density_curve,18,20,DRB04,,,,,,,,,,,,,6.0,3081213.5887140087,0.4704636533967079,6.330370359894542
density_curve,18,20,DRB04,,,,,,,,,,,,,6.0,3129599.1979317563,0.5561574756071405,6.390546525853376
density_curve,18,20,DRB04,,,,,,,,,,,,,6.0,3178744.626977629,0.6521503561161299,6.457954926591885
density_curve,18,20,DRB04,,,,,,,,,,,,,6.0,3228661.807625975,0.757817869933745,6.532157076571046
density_curve,18,20,DRB04,,,,,,,,,,,,,6.0,3279362.859020883,0.8720639195646236,6.612383271008339
density_curve,18,20,DRB04,,,,,,,,,,,,,6.0,3330860.090618524,0.9933111904423944,6.69752588346504
density_curve,18,20,DRB04,,,,,,,,,,,,,6.0,3383166.005175699,1.1195219550378905,6.786153974967829
density_curve,18,20,DRB04,,,,,,,,,,,,,6.0,3436293.3017853256,1.248251002710923,6.876550462563779
density_curve,18,20,DRB04,,,,,,,,,,,,,6.0,3490254.8789595794,1.3767295951447898,6.966771074750646
density_curve,18,20,DRB04,,,,,,,,,,,,,6.0,3545063.837761485,1.50197630959612,7.054722188147293
density_curve,18,20,DRB04,,,,,,,,,,,,,6.0,3600733.4849856202,1.6209278029930112,7.138252653040373
density_curve,18,20,DRB04,,,,,,,,,,,,,6.0,3657277.33638883,1.7305802817898894,7.215253136758734
density_curve,18,20,DRB04,,,,,,,,,,,,,6.0,3714709.119971648,1.8281311144664374,7.283755567215753
density_curve,18,20,DRB04,,,,,,,,,,,,,6.0,3773042.7793112434,1.9111097877352674,7.34202509335974
density_curve,18,20,DRB04,,,,,,,,,,,,,6.0,3832292.476946719,1.9774883498824976,7.388637641018913
density_curve,18,20,DRB04,,,,,,,,,,,,,6.0,3892472.597817551,2.025763508018206,7.422537563472245
density_curve,18,20,DRB04,,,,,,,,,,,,,6.0,3953597.752756071,2.055005399271439,7.443071889700379
density_curve,18,20,DRB04,,,,,,,,,,,,,6.0,4015682.782034709,2.064871369341319,7.45
density_curve,18,20,DRB04,,,,,,,,,,,,,6.0,4078742.7589690215,2.055586432592863,7.443479904615291
density_curve,18,20,DRB04,,,,,,,,,,,,,6.0,4142792.9935772587,2.0278950274388854,7.424034365261391
density_curve,18,20,DRB04,,,,,,,,,,,,,6.0,4207849.036297407,1.9829908611719127,7.392501630557494
density_curve,18,20,DRB04,,,,,,,,,,,,,6.0,4273926.681762604,1.9224328269719728,7.3499763910226354
density_curve,18,20,DRB04,,,,,,,,,,,,,6.0,4341041.972635828,1.8480550976229386,7.2977466448227535
density_curve,18,20,DRB04,,,,,,,,,,,,,6.0,4409211.203504863,1.7618786437450158,7.237231563845652
density_curve,18,20,DRB04,,,,,,,,,,,,,6.0,4478450.924838282,1.6660298178482995,7.169924321557445
density_curve,18,20,DRB04,,,,,,,,,,,,,6.0,4548777.947003777,1.5626696127974586,7.0973424166751435
density_curve,18,20,DRB04,,,,,,,,,,,,,6.0,4620209.3443493685,1.4539351028511307,7.020986551722418
density_curve,18,20,DRB04,,,,,,,,,,,,,6.0,4692762.459348841,1.3418927381048276,6.942307835316967
density_curve,18,20,DRB04,,,,,,,,,,,,,6.0,4766454.906812234,1.2285018382350994,6.862682146640992
density_curve,18,20,DRB04,,,,,,,,,,,,,6.0,4841304.57816245,1.1155859512196504,6.783390022878034
density_curve,18,20,DRB04,,,,,,,,,,,,,6.0,4917329.645779026,1.0048097107660587,6.705600407969021
density_curve,18,20,DRB04,,,,,,,,,,,,,6.0,4994548.567410101,0.8976593300918492,6.630356954897576
density_curve,18,20,DRB04,,,,,,,,,,,,,6.0,5072980.090653727,0.7954257140090626,6.55856616660875
density_curve,18,20,DRB04,,,,,,,,,,,,,6.0,5152643.257509442,0.6991901228803026,6.490987328910393
density_curve,18,20,DRB04,,,,,,,,,,,,,6.0,5233557.40900142,0.6098131581737182,6.428224775877422
density_curve,18,20,DRB04,,,,,,,,,,,,,6.0,5315742.189874179,0.5279283886753712,6.37072341403207
density_curve,18,20,DRB04,,,,,,,,,,,,,6.0,5399217.553362021,0.4539421056601218,6.318768550419266
density_curve,18,20,DRB04,,,,,,,,,,,,,6.0,5484003.766033389,0.38804047791848273,6.27249091703048
density_curve,18,20,DRB04,,,,,,,,,,,,,6.0,5570121.412711266,0.33020484426196317,6.231877409551463
density_curve,18,20,DRB04,,,,,,,,,,,,,6.0,5657591.401470916,0.2802351565668813,6.196787549604893
density_curve,18,20,DRB04,,,,,,,,,,,,,6.0,5746434.968715974,0.23778081755539146,6.166975139746986
density_curve,18,20,DRB04,,,,,,,,,,,,,6.0,5836673.684334379,0.20237748163998864,6.142114105863937
density_curve,18,20,DRB04,,,,,,,,,,,,,6.0,5928329.456935207,0.17348790555579627,6.121827183422156
density_curve,18,20,DRB04,,,,,,,,,,,,,6.0,6021424.539167753,0.15054469753434954,6.105715936917872
density_curve,18,20,DRB04,,,,,,,,,,,,,6.0,6115981.53312414,0.13299281333524368,6.0933906015645025
density_curve,18,20,DRB04,,,,,,,,,,,,,6.0,6212023.395826757,0.12032983116450167,6.084498365263394
density_curve,18,20,DRB04,,,,,,,,,,,,,6.0,6309573.444801942,0.11214232176243068,6.078748908513074
density_curve,18,20,DRB04,,,,,,,,,,,,,6.0,6408655.363740995,0.108136922707301,6.075936225497477
density_curve,18,20,DRB04,,,,,,,,,,,,,6.0,6509293.20825039,0.10816494880791878,6.075955906067656
density_curve,18,20,DRB04,,,,,,,,,,,,,6.0,6611511.411691989,0.11223947662386319,6.078817132883448
density_curve,18,20,DRB04,,,,,,,,,,,,,6.0,6715334.791115149,0.12054382687022186,6.084648637952483
density_curve,18,20,DRB04,,,,,,,,,,,,,6.0,6820788.553281926,0.13343027548537525,6.093697797512448
density_curve,18,20,DRB04,,,,,,,,,,,,,6.0,6927898.300786892,0.1514077334233449,6.106321980498903
density_curve,18,20,DRB04,,,,,,,,,,,,,6.0,7036690.03827307,0.17511715265440833,6.12297127807525
density_curve,18,20,DRB04,,,,,,,,,,,,,6.0,7147190.1787454495,0.20529365201088293,6.14416190753361
density_curve,18,20,DRB04,,,,,,,,,,,,,6.0,7259425.549983729,0.24271490344722874,6.17043996794374
density_curve,18,20,DRB04,,,,,,,,,,,,,6.0,7373423.401055615,0.28813622761888136,6.20233586278096
density_curve,18,20,DRB04,,,,,,,,,,,,,6.0,7489211.408932546,0.34221410780161493,6.240310589647349
density_curve,18,20,DRB04,,,,,,,,,,,,,6.0,7606817.685209225,0.4054213619787554,6.284696172167237
density_curve,18,20,DRB04,,,,,,,,,,,,,6.0,7726270.782928702,0.47795886113951624,6.3356336665529795
density_curve,18,20,DRB04,,,,,,,,,,,,,6.0,7847599.7035146225,0.5596702335340963,6.3930132649780065
density_curve,18,20,DRB04,,,,,,,,,,,,,6.0,7970833.903812322,0.6499671991287103,6.456421863719902
density_curve,18,20,DRB04,,,,,,,,,,,,,6.0,8096003.303240569,0.7477737825594415,6.525103888218018
density_curve,18,20,DRB04,,,,,,,,,,,,,6.0,8223138.291055465,0.8514974412465248,6.597941018573623
density_curve,18,20,DRB04,,,,,,,,,,,,,6.0,8352269.733728553,0.959033981687554,6.6734556418836615
density_curve,18,20,DRB04,,,,,,,,,,,,,6.0,8483428.982440725,1.0678109984571607,6.749841356101901
density_curve,18,20,DRB04,,,,,,,,,,,,,6.0,8616647.880693821,1.1748715690069707,6.8250217424456485
density_curve,18,20,DRB04,,,,,,,,,,,,,6.0,8751958.77204175,1.2769963221827285,6.896736084706148
density_curve,18,20,DRB04,,,,,,,,,,,,,6.0,8889394.507943004,1.3708581368586883,6.962648002175156
density_curve,18,20,DRB04,,,,,,,,,,,,,6.0,9028988.455736592,1.4532000646093717,7.020470391022833
density_curve,18,20,DRB04,,,,,,,,,,,,,6.0,9170774.50674293,1.5210240731494047,7.068097964266981
density_curve,18,20,DRB04,,,,,,,,,,,,,6.0,9314787.084492404,1.571776296261294,7.103737338518034
density_curve,18,20,DRB04,,,,,,,,,,,,,6.0,9461061.153082676,1.6035139612378042,7.126024254254882
density_curve,18,20,DRB04,,,,,,,,,,,,,6.0,9609632.225667553,1.6150401922476831,7.134118237837819
density_curve,18,20,DRB04,,,,,,,,,,,,,6.0,9760536.373079011,1.6059954066499789,7.127766782095152
density_curve,18,20,DRB04,,,,,,,,,,,,,6.0,9913810.23258467,1.576897779766629,7.107333761613922
density_curve,18,20,DRB04,,,,,,,,,,,,,6.0,10069491.016782762,1.529129826840261,7.073790010283141
density_curve,18,20,DRB04,,,,,,,,,,,,,6.0,10227616.522636779,1.4648729948508277,7.0286673901683585
density_curve,18,20,DRB04,,,,,,,,,,,,,6.0,10388225.14065211,1.3869966841716734,6.973980859975055
density_curve,18,20,DRB04,,,,,,,,,,,,,6.0,10551355.864196453,1.29891178473606,6.912125624787992
density_curve,18,20,DRB04,,,,,,,,,,,,,6.0,10717048.298967114,1.2044011894893683,6.84575811873292
density_curve,18,20,DRB04,,,,,,,,,,,,,6.0,10885342.672606446,1.1074406007053863,6.777670171064964
density_curve,18,20,DRB04,,,,,,,,,,,,,6.0,11056279.844468623,1.0120222539635904,6.710665221105423
density_curve,18,20,DRB04,,,,,,,,,,,,,6.0,11229901.315539658,0.9219921532046459,6.647444020967367
density_curve,18,20,DRB04,,,,,,,,,,,,,6.0,11406249.238513203,0.8409084283826482,6.590505171052759
density_curve,18,20,DRB04,,,,,,,,,,,,,6.0,11585366.428024698,0.7719250080032608,6.542063432242646
density_curve,18,20,DRB04,,,,,,,,,,,,,6.0,11767296.371045876,0.7177014950257912,6.503986438690059
density_curve,18,20,DRB04,,,,,,,,,,,,,6.0,11952083.237443073,0.680337448959811,6.477748549202079
density_curve,18,20,DRB04,,,,,,,,,,,,,6.0,12139771.890700752,0.661327581405025,6.464399384521069
density_curve,18,20,DRB04,,,,,,,,,,,,,6.0,12330407.898813803,0.6615338489164365,6.464544230294994
density_curve,18,20,DRB04,,,,,,,,,,,,,6.0,12524037.545350743,0.6811710411586375,6.478333916749058
density_curve,18,20,DRB04,,,,,,,,,,,,,6.0,12720707.84069066,0.719803971200266,6.505462845646083
density_curve,18,20,DRB04,,,,,,,,,,,,,6.0,12920466.533436738,0.7763563719277322,6.5451752375521135
density_curve,18,20,DRB04,,,,,,,,,,,,,6.0,13123362.122008637,0.8491335892359169,6.596281067515037
density_curve,18,20,DRB04,,,,,,,,,,,,,6.0,13329443.866417537,0.9358626361417427,6.657184191981122
density_curve,18,20,DRB04,,,,,,,,,,,,,6.0,13538761.800225446,1.0337537154918863,6.7259255514503975
density_curve,18,20,DRB04,,,,,,,,,,,,,6.0,13751366.742692733,1.1395866788667093,6.800243883900542
density_curve,18,20,DRB04,,,,,,,,,,,,,6.0,13967310.311116258,1.249824026447349,6.877655075883371
density_curve,18,20,DRB04,,,,,,,,,,,,,6.0,14186644.93336124,1.3607491587027927,6.955549246028072
density_curve,18,20,DRB04,,,,,,,,,,,,,6.0,14409423.860590115,1.4686250661250726,7.03130218061024
density_curve,18,20,DRB04,,,,,,,,,,,,,6.0,14635701.180190798,1.5698650385391948,7.102395209541774
density_curve,18,20,DRB04,,,,,,,,,,,,,6.0,14865531.828908725,1.661203905583723,7.166535455360966
density_curve,18,20,DRB04,,,,,,,,,,,,,6.0,15098971.606184201,1.7398563631188357,7.221767013664907
density_curve,18,20,DRB04,,,,,,,,,,,,,6.0,15336077.187700124,1.8036485392523982,7.266563341788325
density_curve,18,20,DRB04,,,,,,,,,,,,,6.0,15576906.139141649,1.8511103342223012,7.299892101985293
density_curve,18,20,DRB04,,,,,,,,,,,,,6.0,15821516.930172438,1.881519190599314,7.3212458978688275
density_curve,18,20,DRB04,,,,,,,,,,,,,6.0,16069968.948630175,1.8948905010687191,7.330635538535317
density_curve,18,20,DRB04,,,,,,,,,,,,,6.0,16322322.514945026,1.891915291247192,7.328546278010294
density_curve,18,20,DRB04,,,,,,,,,,,,,6.0,16578638.896784693,1.873851416387928,7.315861411081132
density_curve,18,20,DRB04,,,,,,,,,,,,,6.0,16838980.323928915,1.8423795216893604,7.2937611253246
density_curve,18,20,DRB04,,,,,,,,,,,,,6.0,17103410.003378414,1.7994387382209045,7.263607123020271
density_curve,18,20,DRB04,,,,,,,,,,,,,6.0,17371992.134700213,1.7470589955599465,7.2268248672410085
density_curve,18,20,DRB04,,,,,,,,,,,,,6.0,17644791.92561452,1.6872066604141625,7.184795185755778
density_curve,18,20,DRB04,,,,,,,,,,,,,6.0,17921875.607826144,1.621657990139835,7.138765407189913
density_curve,18,20,DRB04,,,,,,,,,,,,,6.0,18203310.453104522,1.551910948512157,7.089787436037941
density_curve,18,20,DRB04,,,,,,,,,,,,,6.0,18489164.789616488,1.479140838239077,7.038686596797952
density_curve,18,20,DRB04,,,,,,,,,,,,,6.0,18779508.018514913,1.404199682115819,6.986061199404125
density_curve,18,20,DRB04,,,,,,,,,,,,,6.0,19074410.630788796,1.3276540921933688,6.9323091318247485
density_curve,18,20,DRB04,,,,,,,,,,,,,6.0,19373944.224377003,1.2498521853256404,6.877674849693076
density_curve,18,20,DRB04,,,,,,,,,,,,,6.0,19678181.521551367,1.1710074370422245,6.8223082604185965
density_curve,18,20,DRB04,,,,,,,,,,,,,6.0,19987196.386572525,1.0912864713387715,6.766326371189884
density_curve,18,20,DRB04,,,,,,,,,,,,,6.0,20301063.843623016,1.010888648884858,6.709869177638228
density_curve,18,20,DRB04,,,,,,,,,,,,,6.0,20619860.095022235,0.930107677066645,6.653142927821624
density_curve,18,20,DRB04,,,,,,,,,,,,,6.0,20943662.539726753,0.8493688667437296,6.59644628477331
density_curve,18,20,DRB04,,,,,,,,,,,,,6.0,21272549.792122267,0.7692395392407598,6.540177634529799
density_curve,18,20,DRB04,,,,,,,,,,,,,6.0,21606601.701109305,0.6904138659782,6.484824440172142
density_curve,18,20,DRB04,,,,,,,,,,,,,6.0,21945899.369489986,0.6136765995881898,6.430937772984245
density_curve,18,20,DRB04,,,,,,,,,,,,,6.0,22290525.173658106,0.5398523683430072,6.379096705838419
density_curve,18,20,DRB04,,,,,,,,,,,,,6.0,22640562.78359909,0.4697482738002041,6.329868003946209
density_curve,18,20,DRB04,,,,,,,,,,,,,6.0,22996097.183203783,0.4040974582960267,6.2837664966588935
density_curve,18,20,DRB04,,,,,,,,,,,,,6.0,23357214.690901212,0.343510258641735,6.241220776473551
density_curve,18,20,DRB04,,,,,,,,,,,,,6.0,23724002.980615646,0.28843781410999214,6.202547643727029
density_curve,18,20,DRB04,,,,,,,,,,,,,6.0,24096551.10305199,0.23915088656010083,6.16793723360248
density_curve,18,20,DRB04,,,,,,,,,,,,,6.0,24474949.507316638,0.19573451325216976,6.137449261212906
density_curve,18,20,DRB04,,,,,,,,,,,,,6.0,24859290.062876612,0.15809723326410796,6.111019500602637
density_curve,18,20,DRB04,,,,,,,,,,,,,6.0,25249666.08186437,0.12599220756220447,6.088474615744937
density_curve,18,20,DRB04,,,,,,,,,,,,,6.0,25646172.341732506,0.09904669328673635,6.069552858060878
density_curve,18,20,DRB04,,,,,,,,,,,,,6.0,26048905.10826428,0.07679604167828526,6.053927940542386
density_curve,18,20,DRB04,,,,,,,,,,,,,6.0,26457962.158945747,0.05871859468511561,6.041233542949737
density_curve,18,20,DRB04,,,,,,,,,,,,,6.0,26873442.80670409,0.04426843326971829,6.031086308422964
density_curve,18,20,DRB04,,,,,,,,,,,,,6.0,27295447.924020074,0.03290373227572334,6.023105754919261
density_curve,18,20,DRB04,,,,,,,,,,,,,6.0,27724079.967417758,0.02410935618091366,6.016930142468621
density_curve,18,20,DRB04,,,,,,,,,,,,,6.0,28159443.002339695,0.01741316343633614,6.012227922454435
density_curve,18,20,DRB04,,,,,,,,,,,,,6.0,28601642.7284124,0.012396185494521317,6.008704885560396
density_curve,18,20,DRB04,,,,,,,,,,,,,6.0,29050786.505108584,0.00869736016791522,6.006107485643282
density_curve,18,20,DRB04,,,,,,,,,,,,,6.0,29506983.377812706,0.006013814031029537,6.004223038042207
density_curve,18,20,DRB04,,,,,,,,,,,,,6.0,29970344.104294933,0.004097820440281832,6.002877583430441
density_curve,18,20,DRB04,,,,,,,,,,,,,6.0,30440981.18160234,0.0027515427278607557,6.001932196365661
density_curve,18,20,DRB04,,,,,,,,,,,,,6.0,30919008.873370558,0.0018205496932306945,6.0012784317194665
density_curve,18,20,DRB04,,,,,,,,,,,,,6.0,31404543.237566188,0.0011869067549152876,6.000833473125823
density_curve,18,20,DRB04,,,,,,,,,,,,,6.0,31897702.154663246,0.0007624396101960768,6.0005354025685085
density_curve,18,20,DRB04,,,,,,,,,,,,,6.0,32398605.356263112,0.0004825675403011702,6.0003388699866855
density_curve,18,20,DRB04,,,,,,,,,,,,,6.0,32907374.454163484,0.0003009300168439791,6.0002113199547935
density_curve,18,20,DRB04,,,,,,,,,,,,,6.0,33424132.969883844,0.00018489299030641904,6.000129836095326
density_curve,18,20,DRB04,,,,,,,,,,,,,6.0,33949006.36465498,0.00011192252131024376,6.000078594559598
density_curve,18,20,DRB04,,,,,,,,,,,,,6.0,34482122.069878325,6.675025523901238e-05,6.000046873559067
density_curve,18,20,DRB04,,,,,,,,,,,,,6.0,35023609.518065386,3.9221553474677374e-05,6.000027542273762
density_curve,18,20,DRB04,,,,,,,,,,,,,6.0,35573600.17426121,2.270558783391368e-05,6.000015944384162
density_curve,18,20,DRB04,,,,,,,,,,,,,6.0,36132227.56796255,1.295024982870022e-05,6.000009093962235
density_curve,18,20,DRB04,,,,,,,,,,,,,6.0,36699627.32553667,7.277194092639294e-06,6.000005110212476
density_curve,18,20,DRB04,,,,,,,,,,,,,6.0,37275937.20314938,4.028976964626859e-06,6.000002829239964
density_curve,18,20,DRB04,,,,,,,,,,,,,6.0,37861297.12021055,2.1977426159035705e-06,6.000001543305235
density_curve,18,20,DRB04,,,,,,,,,,,,,6.0,38455849.19334357,1.1811848945020344e-06,6.000000829455105
density_curve,18,20,DRB04,,,,,,,,,,,,,6.0,39059737.77089033,6.254999804057268e-07,6.000000439240422
density_curve,18,20,DRB04,,,,,,,,,,,,,6.0,39673109.46795558,3.263743042477463e-07,6.000000229187517
density_curve,18,20,DRB04,,,,,,,,,,,,,6.0,40296113.20200404,1.6780165151308953e-07,6.0000001178341655
density_curve,18,20,DRB04,,,,,,,,,,,,,6.0,40928900.22901449,8.501233103271996e-08,6.000000059697607
density_curve,18,20,DRB04,,,,,,,,,,,,,6.0,41571624.180202775,4.244125550887524e-08,6.000000029803222
density_curve,18,20,DRB04,,,,,,,,,,,,,6.0,42224441.09932146,2.088005326595292e-08,6.000000014662452
density_curve,18,20,DRB04,,,,,,,,,,,,,6.0,42887509.48054403,1.0123477878624069e-08,6.000000007108938
density_curve,18,20,DRB04,,,,,,,,,,,,,6.0,43560990.30694617,4.8372818203943475e-09,6.00000000339685
density_curve,18,20,DRB04,,,,,,,,,,,,,6.0,44245047.08958865,2.2780658176063223e-09,6.00000000159971
density_curve,18,20,DRB04,,,,,,,,,,,,,6.0,44939845.907216705,1.057413558364782e-09,6.00000000074254
density_curve,18,20,DRB04,,,,,,,,,,,,,6.0,45645555.44658045,4.837916128163556e-10,6.000000000339729
density_curve,18,20,DRB04,,,,,,,,,,,,,6.0,46362347.04338999,2.181866593039204e-10,6.000000000153216
density_curve,18,20,DRB04,,,,,,,,,,,,,6.0,47090394.72391306,9.700099636179266e-11,6.000000000068116
density_curve,18,20,DRB04,,,,,,,,,,,,,6.0,47829875.24722586,4.25132253272536e-11,6.0000000000298535
density_curve,18,20,DRB04,,,,,,,,,,,,,6.0,48580968.14812807,1.8369324805690962e-11,6.000000000012899
density_curve,18,20,DRB04,,,,,,,,,,,,,6.0,49343855.78073008,7.825362689070513e-12,6.000000000005495
density_curve,18,20,DRB04,,,,,,,,,,,,,6.0,50118723.36272725,3.2868351742478236e-12,6.000000000002308
density_curve,19,19,DRB05,,,,,,,,,,,,,5.0,100000.0,0.0025735187239786473,5.001830150812039
density_curve,19,19,DRB05,,,,,,,,,,,,,5.0,101570.34258822507,0.0028666792395236024,5.00203863111202
density_curve,19,19,DRB05,,,,,,,,,,,,,5.0,103165.34493489409,0.003202037315348668,5.002277120091749
density_curve,19,19,DRB05,,,,,,,,,,,,,5.0,104785.39428269603,0.0035753411496038117,5.002542594093953
density_curve,19,19,DRB05,,,,,,,,,,,,,5.0,106430.88395535655,0.003980566789141735,5.002830769200801
density_curve,19,19,DRB05,,,,,,,,,,,,,5.0,108102.21345313193,0.004410091223670966,5.003136224329345
density_curve,19,19,DRB05,,,,,,,,,,,,,5.0,109799.78854980043,0.004854969491060898,5.003452598294196
density_curve,19,19,DRB05,,,,,,,,,,,,,5.0,111524.02139117903,0.0053052972890648975,5.003772847677859
density_curve,19,19,DRB05,,,,,,,,,,,,,5.0,113275.33059518597,0.005750633320379314,5.004089547180275
density_curve,19,19,DRB05,,,,,,,,,,,,,5.0,115054.14135347492,0.006180451751806693,5.00439521138391
density_curve,19,19,DRB05,,,,,,,,,,,,,5.0,116860.88553466521,0.006584595002747,5.004682616753064
density_curve,19,19,DRB05,,,,,,,,,,,,,5.0,118696.00178919302,0.006953700208330523,5.004945104911954
density_curve,19,19,DRB05,,,,,,,,,,,,,5.0,120559.93565580886,0.007279578201219215,5.005176852156594
density_curve,19,19,DRB05,,,,,,,,,,,,,5.0,122453.13966974878,0.007555530463574211,5.005373094854316
density_curve,19,19,DRB05,,,,,,,,,,,,,5.0,124376.07347260158,0.0077765958975886855,5.0055303049339654
density_curve,19,19,DRB05,,,,,,,,,,,,,5.0,126329.20392390396,0.007939724349130076,5.00564631328676
density_curve,19,19,DRB05,,,,,,,,,,,,,5.0,128313.00521448672,0.008043876936117996,5.005720381114546
density_curve,19,19,DRB05,,,,,,,,,,,,,5.0,130327.95898160127,0.008090054283271465,5.0057532200088595
density_curve,19,19,DRB05,,,,,,,,,,,,,5.0,132374.55442585386,0.008081253199938557,5.005746961142484
density_curve,19,19,DRB05,,,,,,,,,,,,,5.0,134453.28842997624,0.008022351027445383,5.005705073023383
density_curve,19,19,DRB05,,,,,,,,,,,,,5.0,136564.66567946097,0.007919915892201198,5.005632226556714
density_curve,19,19,DRB05,,,,,,,,,,,,,5.0,138709.19878509274,0.007781941434059965,5.0055341063976275
density_curve,19,19,DRB05,,,,,,,,,,,,,5.0,140887.40840740083,0.007617506940771783,5.005417169256812
density_curve,19,19,DRB05,,,,,,,,,,,,,5.0,143099.82338306884,0.007436368447606733,5.005288353112103
density_curve,19,19,DRB05,,,,,,,,,,,,,5.0,145346.98085332804,0.007248492961637537,5.005154745973361
density_curve,19,19,DRB05,,,,,,,,,,,,,5.0,147629.42639436718,0.007063555751510835,5.005023228381461
density_curve,19,19,DRB05,,,,,,,,,,,,,5.0,149947.71414979032,0.006890428445066607,5.004900109370309
density_curve,19,19,DRB05,,,,,,,,,,,,,5.0,152302.40696515449,0.006736692155905783,5.0047907802281415
density_curve,19,19,DRB05,,,,,,,,,,,,,5.0,154694.07652461986,0.006608213703986456,5.004699413127946
density_curve,19,19,DRB05,,,,,,,,,,,,,5.0,157123.30348974746,0.006508823130616822,5.004628731793138
density_curve,19,19,DRB05,,,,,,,,,,,,,5.0,159590.6776404731,0.006440126474393926,5.004579878353682
density_curve,19,19,DRB05,,,,,,,,,,,,,5.0,162096.79801829843,0.006401479050719641,5.004552394343886
density_curve,19,19,DRB05,,,,,,,,,,,,,5.0,164642.27307172897,0.006390131745904072,5.004544324739057
density_curve,19,19,DRB05,,,,,,,,,,,,,5.0,167227.72080399614,0.006401547176571112,5.004552442791399
density_curve,19,19,DRB05,,,,,,,,,,,,,5.0,169853.76892309941,0.006429865568790663,5.004572581338686
density_curve,19,19,DRB05,,,,,,,,,,,,,5.0,172521.0549942039,0.006468483825834364,5.004600044606713
density_curve,19,19,DRB05,,,,,,,,,,,,,5.0,175230.2265944331,0.006510697551952377,5.004630064782752
density_curve,19,19,DRB05,,,,,,,,,,,,,5.0,177981.9414700888,0.006550346707232701,5.004658261171244
density_curve,19,19,DRB05,,,,,,,,,,,,,5.0,180776.86769634343,0.006582402575077968,5.004681057614114
density_curve,19,19,DRB05,,,,,,,,,,,,,5.0,183615.6838394384,0.006603437627808799,5.004696016634416
density_curve,19,19,DRB05,,,,,,,,,,,,,5.0,186499.07912142982,0.006611930609079312,5.0047020563948506
density_curve,19,19,DRB05,,,,,,,,,,,,,5.0,189427.7535875212,0.006608375722378302,5.004699528346882
density_curve,19,19,DRB05,,,,,,,,,,,,,5.0,192402.4182760241,0.0065951853929942595,5.004690148080164
density_curve,19,19,DRB05,,,,,,,,,,,,,5.0,195423.79539098707,0.006576398212820453,5.004676787628293
density_curve,19,19,DRB05,,,,,,,,,,,,,5.0,198492.61847753756,0.0065572246592180364,5.004663152408014
density_curve,19,19,DRB05,,,,,,,,,,,,,5.0,201609.63259997344,0.0065434803858094885,5.004653378205516
density_curve,19,19,DRB05,,,,,,,,,,,,,5.0,204775.59452265495,0.006540968188717799,5.004651591663416
density_curve,19,19,DRB05,,,,,,,,,,,,,5.0,207991.2728937353,0.006554873825947076,5.004661480619354
density_curve,19,19,DRB05,,,,,,,,,,,,,5.0,211257.44843177704,0.006589237356376229,5.004685918150169
density_curve,19,19,DRB05,,,,,,,,,,,,,5.0,214574.91411529886,0.006646551219519589,5.0047266767474134
density_curve,19,19,DRB05,,,,,,,,,,,,,5.0,217944.4753752988,0.006727520431292198,5.004784257781231
density_curve,19,19,DRB05,,,,,,,,,,,,,5.0,221366.95029080036,0.006831001192097673,5.004857847841662
density_curve,19,19,DRB05,,,,,,,,,,,,,5.0,224843.16978747185,0.006954114366200326,5.004945399439192
density_curve,19,19,DRB05,,,,,,,,,,,,,5.0,228373.97783935972,0.007092512126016378,5.005043820628108
density_curve,19,19,DRB05,,,,,,,,,,,,,5.0,231960.2316737949,0.007240761626679714,5.005149247855622
density_curve,19,19,DRB05,,,,,,,,,,,,,5.0,235602.80197951404,0.00739280033649532,5.005257369768875
density_curve,19,19,DRB05,,,,,,,,,,,,,5.0,239302.57311804994,0.007542414288931417,5.005363767322541
density_curve,19,19,DRB05,,,,,,,,,,,,,5.0,243060.44333844114,0.007683692938110644,5.005464237248059
density_curve,19,19,DRB05,,,,,,,,,,,,,5.0,246877.32499531287,0.007811421666797981,5.005555071184626
density_curve,19,19,DRB05,,,,,,,,,,,,,5.0,250754.1447703851,0.007921383928184717,5.005633270546494
density_curve,19,19,DRB05,,,,,,,,,,,,,5.0,254691.843897454,0.008010557779618259,5.005696686287399
density_curve,19,19,DRB05,,,,,,,,,,,,,5.0,258691.37839091144,0.008077204386778431,5.005744081840063
density_curve,19,19,DRB05,,,,,,,,,,,,,5.0,262753.7192778504,0.008120857309980805,5.005775125497178
density_curve,19,19,DRB05,,,,,,,,,,,,,5.0,266879.85283381585,0.008142229783235706,5.005790324473163
density_curve,19,19,DRB05,,,,,,,,,,,,,5.0,271070.7808222577,0.00814306204517565,5.005790916333969
density_curve,19,19,DRB05,,,,,,,,,,,,,5.0,275327.5207377438,0.00812593195503542,5.00577873431715
density_curve,19,19,DRB05,,,,,,,,,,,,,5.0,279651.1060529923,0.008094050063179549,5.005756061596829
density_curve,19,19,DRB05,,,,,,,,,,,,,5.0,284042.5864697849,0.008051055884039773,5.005725486403755
density_curve,19,19,DRB05,,,,,,,,,,,,,5.0,288503.028173816,0.008000826481509253,5.005689765901326
density_curve,19,19,DRB05,,,,,,,,,,,,,5.0,293033.5140935484,0.007947302814677558,5.005651702691837
density_curve,19,19,DRB05,,,,,,,,,,,,,5.0,297635.14416313195,0.007894334642840574,5.005614034521096
density_curve,19,19,DRB05,,,,,,,,,,,,,5.0,302309.0355894507,0.007845541874683204,5.005579335677278
density_curve,19,19,DRB05,,,,,,,,,,,,,5.0,307056.3231233643,0.007804189379556116,5.0055499279633064
density_curve,19,19,DRB05,,,,,,,,,,,,,5.0,311878.15933520853,0.007773073345798683,5.0055277998808805
density_curve,19,19,DRB05,,,,,,,,,,,,,5.0,316775.7148946211,0.007754419790721378,5.005514534456132
density_curve,19,19,DRB05,,,,,,,,,,,,,5.0,321750.1788547658,0.007749799060737278,5.005511248436623
density_curve,19,19,DRB05,,,,,,,,,,,,,5.0,326802.75894101255,0.007760063253783646,5.0055185477894755
density_curve,19,19,DRB05,,,,,,,,,,,,,5.0,331934.6818441578,0.007785315625031159,5.005536505944321
density_curve,19,19,DRB05,,,,,,,,,,,,,5.0,337147.193518246,0.0078249215370131,5.00556467158046
density_curve,19,19,DRB05,,,,,,,,,,,,,5.0,342441.55948306865,0.007877568985865011,5.005602111669926
density_curve,19,19,DRB05,,,,,,,,,,,,,5.0,347819.06513141334,0.007941383105341066,5.005647492906709
density_curve,19,19,DRB05,,,,,,,,,,,,,5.0,353281.01604113757,0.008014093605596583,5.005699200780387
density_curve,19,19,DRB05,,,,,,,,,,,,,5.0,358828.7382921458,0.00809324747151485,5.005755490835958
density_curve,19,19,DRB05,,,,,,,,,,,,,5.0,364463.57878833805,0.008176452332502566,5.005814661745609
density_curve,19,19,DRB05,,,,,,,,,,,,,5.0,370186.9055846206,0.008261629801137075,5.0058752354698015
density_curve,19,19,DRB05,,,,,,,,,,,,,5.0,376000.1082190484,0.008347253863915109,5.005936126788199
density_curve,19,19,DRB05,,,,,,,,,,,,,5.0,381904.59805018455,0.008432548042950709,5.005996783510673
density_curve,19,19,DRB05,,,,,,,,,,,,,5.0,387901.8085997564,0.008517617150869716,5.0060572801744385
density_curve,19,19,DRB05,,,,,,,,,,,,,5.0,393993.19590069365,0.008603495170227946,5.006118352093364
density_curve,19,19,DRB05,,,,,,,,,,,,,5.0,400180.2388506313,0.008692099675317326,5.0061813629451715
density_curve,19,19,DRB05,,,,,,,,,,,,,5.0,406464.4395709628,0.00878609428748041,5.006248206956903
density_curve,19,19,DRB05,,,,,,,,,,,,,5.0,412847.323771536,0.008888672466262562,5.006321155148593
density_curve,19,19,DRB05,,,,,,,,,,,,,5.0,419330.44112106785,0.009003286777944281,5.006402662803324
density_curve,19,19,DRB05,,,,,,,,,,,,,5.0,425915.3656233841,0.00913335593978502,5.006495161132536
density_curve,19,19,DRB05,,,,,,,,,,,,,5.0,432603.6959995626,0.009281985983031928,5.0066008589818685
density_curve,19,19,DRB05,,,,,,,,,,,,,5.0,439397.0560760795,0.009451740914156187,5.006721579737521
density_curve,19,19,DRB05,,,,,,,,,,,,,5.0,446297.0951790494,0.009644492097951936,5.006858654215455
density_curve,19,19,DRB05,,,,,,,,,,,,,5.0,453305.48853465647,0.009861364839486941,5.0070128826732985
density_curve,19,19,DRB05,,,,,,,,,,,,,5.0,460423.93767587794,0.010102786644124714,5.007184569130321
density_curve,19,19,DRB05,,,,,,,,,,,,,5.0,467654.17085558514,0.010368626301708784,5.00737362027678
density_curve,19,19,DRB05,,,,,,,,,,,,,5.0,474997.94346614124,0.0106583985087233,5.007579690990403
density_curve,19,19,DRB05,,,,,,,,,,,,,5.0,482457.03846558335,0.010971497452590672,5.007802350449232
density_curve,19,19,DRB05,,,,,,,,,,,,,5.0,490033.26681049785,0.011307416549995989,5.008041238397926
density_curve,19,19,DRB05,,,,,,,,,,,,,5.0,497728.46789569367,0.011665911638299808,5.0082961812008895
density_curve,19,19,DRB05,,,,,,,,,,,,,5.0,505544.5100007789,0.01204707177971768,5.008567242194475
density_curve,19,19,DRB05,,,,,,,,,,,,,5.0,513483.29074375494,0.012451274871199677,5.008854690119066
density_curve,19,19,DRB05,,,,,,,,,,,,,5.0,521546.7375417237,0.012879022893408865,5.009158881956841
density_curve,19,19,DRB05,,,,,,,,,,,,,5.0,529736.8080788398,0.013330671489930081,5.009480070622763
density_curve,19,19,DRB05,,,,,,,,,,,,,5.0,538055.490781606,0.013806087730643624,5.009818161583941
density_curve,19,19,DRB05,,,,,,,,,,,,,5.0,546504.805301633,0.014304285359282442,5.010172453466923
density_curve,19,19,DRB05,,,,,,,,,,,,,5.0,555086.803005981,0.0148230958907894,5.0105414041594845
density_curve,19,19,DRB05,,,,,,,,,,,,,5.0,563803.567475201,0.01535893475301134,5.010922464502928
density_curve,19,19,DRB05,,,,,,,,,,,,,5.0,572657.2150091964,0.015906713563059872,5.011312015907659
density_curve,19,19,DRB05,,,,,,,,,,,,,5.0,581649.8951410283,0.01645993323910781,5.011705436569387
density_curve,19,19,DRB05,,,,,,,,,,,,,5.0,590783.7911587943,0.017010969936807518,5.012097304812023
density_curve,19,19,DRB05,,,,,,,,,,,,,5.0,600061.1206356916,0.017551539794574387,5.012481729590028
density_curve,19,19,DRB05,,,,,,,,,,,,,5.0,609484.1359684145,0.018073302829519848,5.012852779947346
density_curve,19,19,DRB05,,,,,,,,,,,,,5.0,619055.1249240021,0.018568544773933653,5.013204969903565
density_curve,19,19,DRB05,,,,,,,,,,,,,5.0,628776.4111952737,0.01903086140490408,5.013533745113049
density_curve,19,19,DRB05,,,,,,,,,,,,,5.0,638650.3549649863,0.019455765218897428,5.013835914299919
density_curve,19,19,DRB05,,,,,,,,,,,,,5.0,648679.3534788508,0.01984114002316769,5.014109972539481
density_curve,19,19,DRB05,,,,,,,,,,,,,5.0,658865.8416275523,0.02018748458093694,5.01435627452584
density_curve,19,19,DRB05,,,,,,,,,,,,,5.0,669212.2925378972,0.020497909922374664,5.014577032659603
density_curve,19,19,DRB05,,,,,,,,,,,,,5.0,679721.2181732573,0.02077788331908045,5.014776134976037
density_curve,19,19,DRB05,,,,,,,,,,,,,5.0,690395.1699434342,0.021034741582306126,5.014958799028426
density_curve,19,19,DRB05,,,,,,,,,,,,,5.0,701236.7393241049,0.021277023510136307,5.015131097159708
density_curve,19,19,DRB05,,,,,,,,,,,,,5.0,712248.5584859921,0.02151369254785789,5.015299403699519
density_curve,19,19,DRB05,,,,,,,,,,,,,5.0,723433.3009339154,0.02175333337884474,5.015469823621993
density_curve,19,19,DRB05,,,,,,,,,,,,,5.0,734793.6821558832,0.022003408656969422,5.015647663973053
density_curve,19,19,DRB05,,,,,,,,,,,,,5.0,746332.4602823642,0.022269654127783957,5.015837003712482
density_curve,19,19,DRB05,,,,,,,,,,,,,5.0,758052.4367559261,0.022555672988048784,5.016040405243815
density_curve,19,19,DRB05,,,,,,,,,,,,,5.0,769956.4570113824,0.022862765743051277,5.016258793417836
density_curve,19,19,DRB05,,,,,,,,,,,,,5.0,782047.411166621,0.023190003243837652,5.0164915074728045
density_curve,19,19,DRB05,,,,,,,,,,,,,5.0,794328.2347242822,0.023534521798033933,5.016736510901709
density_curve,19,19,DRB05,,,,,,,,,,,,,5.0,806801.909284454,0.023891994093229414,5.016990726348148
density_curve,19,19,DRB05,,,,,,,,,,,,,5.0,819471.4632685608,0.024257211509350975,5.01725044971618
density_curve,19,19,DRB05,,,,,,,,,,,,,5.0,832339.9726546166,0.0246247045698932,5.0175117914025265
density_curve,19,19,DRB05,,,,,,,,,,,,,5.0,845410.561724033,0.024989329715357736,5.017771093578898
density_curve,19,19,DRB05,,,,,,,,,,,,,5.0,858686.4038201383,0.025346761589773448,5.018025280280209
density_curve,19,19,DRB05,,,,,,,,,,,,,5.0,872170.7221186243,0.025693848404431913,5.018272110120527
density_curve,19,19,DRB05,,,,,,,,,,,,,5.0,885866.7904100833,0.026028810329537064,5.018510317378754
density_curve,19,19,DRB05,,,,,,,,,,,,,5.0,899777.9338948353,0.02635128338365943,5.018739643210489
density_curve,19,19,DRB05,,,,,,,,,,,,,5.0,913907.5299902376,0.02666223027354315,5.018960772242005
density_curve,19,19,DRB05,,,,,,,,,,,,,5.0,928259.0091506683,0.026963752334037777,5.019175198831841
density_curve,19,19,DRB05,,,,,,,,,,,,,5.0,942835.8557003973,0.027258841818014707,5.019385050912455
density_curve,19,19,DRB05,,,,,,,,,,,,,5.0,957641.6086795169,0.027551111614357797,5.0195928977799085
density_curve,19,19,DRB05,,,,,,,,,,,,,5.0,972679.8627031752,0.02784453181850298,5.0198015627567285
density_curve,19,19,DRB05,,,,,,,,,,,,,5.0,987954.2688342923,0.028143192190690964,5.020013954264741
density_curve,19,19,DRB05,,,,,,,,,,,,,5.0,1003468.5354699849,0.02845109939127325,5.020232921629511
density_curve,19,19,DRB05,,,,,,,,,,,,,5.0,1019226.4292419085,0.028772010435401337,5.020461136642106
density_curve,19,19,DRB05,,,,,,,,,,,,,5.0,1035231.7759307377,0.02910930039588357,5.0207009994763325
density_curve,19,19,DRB05,,,,,,,,,,,,,5.0,1051488.4613950192,0.02946586293557438,5.020954567952628
density_curve,19,19,DRB05,,,,,,,,,,,,,5.0,1068000.4325145755,0.029844045408086745,5.021223511385104
density_curve,19,19,DRB05,,,,,,,,,,,,,5.0,1084771.6981487798,0.03024562383980237,5.021509092790071
density_curve,19,19,DRB05,,,,,,,,,,,,,5.0,1101806.3301098226,0.030671824779763504,5.02181218442453
density_curve,19,19,DRB05,,,,,,,,,,,,,5.0,1119108.4641512968,0.031123399065004276,5.022133320244187
density_curve,19,19,DRB05,,,,,,,,,,,,,5.0,1136682.3009722962,0.03160074645564988,5.0224727845373645
density_curve,19,19,DRB05,,,,,,,,,,,,,5.0,1154532.1072372785,0.03210408071024788,5.02283072931787
density_curve,19,19,DRB05,,,,,,,,,,,,,5.0,1172662.2166119604,0.03263361409879217,5.023207305540928
density_curve,19,19,DRB05,,,,,,,,,,,,,5.0,1191077.0308154398,0.0331897313993758,5.0236027868404305
density_curve,19,19,DRB05,,,,,,,,,,,,,5.0,1209781.0206889012,0.033773118864719,5.024017661243124
density_curve,19,19,DRB05,,,,,,,,,,,,,5.0,1228778.727281043,0.034384815440311765,5.024452667592256
density_curve,19,19,DRB05,,,,,,,,,,,,,5.0,1248074.7629505873,0.03502616224773598,5.024908759622779
density_curve,19,19,DRB05,,,,,,,,,,,,,5.0,1267673.8124860895,0.03569864098624969,5.025386991041071
density_curve,19,19,DRB05,,,,,,,,,,,,,5.0,1287580.634243335,0.03640360999607378,5.025888327827071
density_curve,19,19,DRB05,,,,,,,,,,,,,5.0,1307800.061300597,0.03714196492367209,5.026413406917317
density_curve,19,19,DRB05,,,,,,,,,,,,,5.0,1328337.002632031,0.03791376575672082,5.02696227097188
density_curve,19,19,DRB05,,,,,,,,,,,,,5.0,1349196.4442995142,0.03871788062101683,5.027534115061512
density_curve,19,19,DRB05,,,,,,,,,,,,,5.0,1370383.450663168,0.03955169756092605,5.028127081701097
density_curve,19,19,DRB05,,,,,,,,,,,,,5.0,1391903.1656109202,0.040410948492270254,5.028738135654228
density_curve,19,19,DRB05,,,,,,,,,,,,,5.0,1413760.8138073613,0.04128967600208651,5.029363040322948
density_curve,19,19,DRB05,,,,,,,,,,,,,5.0,1435961.7019622158,0.04218035610803874,5.029996445047765
density_curve,19,19,DRB05,,,,,,,,,,,,,5.0,1458511.22011873,0.04307417138757716,5.030632079342717
density_curve,19,19,DRB05,,,,,,,,,,,,,5.0,1481414.8429622927,0.04396141180945949,5.031263037945602
density_curve,19,19,DRB05,,,,,,,,,,,,,5.0,1504678.1311496203,0.04483196728357985,5.031882131093456
density_curve,19,19,DRB05,,,,,,,,,,,,,5.0,1528306.7326587688,0.045675867623295216,5.032482268515274
density_curve,19,19,DRB05,,,,,,,,,,,,,5.0,1552306.3841604206,0.04648382259623043,5.033056843487676
density_curve,19,19,DRB05,,,,,,,,,,,,,5.0,1576682.9124106285,0.04724771658769235,5.03360008461344
density_curve,19,19,DRB05,,,,,,,,,,,,,5.0,1601442.23566548,0.0479610182248827,5.0341073471246345
density_curve,19,19,DRB05,,,,,,,,,,,,,5.0,1626590.3651179587,0.04861907406523876,5.034575321738292
density_curve,19,19,DRB05,,,,,,,,,,,,,5.0,1652133.4063573685,0.049219266158024,5.035002146705896
density_curve,19,19,DRB05,,,,,,,,,,,,,5.0,1678077.5608516952,0.04976102512175776,5.035387417113362
density_curve,19,19,DRB05,,,,,,,,,,,,,5.0,1704429.1274531947,0.050245702648593536,5.035732094212872
density_curve,19,19,DRB05,,,,,,,,,,,,,5.0,1731194.503927705,0.05067631938709099,5.0360383261304
density_curve,19,19,DRB05,,,,,,,,,,,,,5.0,1758380.1885078938,0.051057215226048384,5.036309199166012
density_curve,19,19,DRB05,,,,,,,,,,,,,5.0,1785992.7814709456,0.051393638237347605,5.036548445471695
density_curve,19,19,DRB05,,,,,,,,,,,,,5.0,1814038.9867410094,0.051691314993119714,5.036760137483579
density_curve,19,19,DRB05,,,,,,,,,,,,,5.0,1842525.6135168101,0.05195604778970746,5.036948401488863
density_curve,19,19,DRB05,,,,,,,,,,,,,5.0,1871459.5779248201,0.05219338293194007,5.037117181727077
density_curve,19,19,DRB05,,,,,,,,,,,,,5.0,1900847.9046983868,0.05240838864691531,5.037270082454082
density_curve,19,19,DRB05,,,,,,,,,,,,,5.0,1930697.7288832497,0.05260557212927685,5.0374103089490365
density_curve,19,19,DRB05,,,,,,,,,,,,,5.0,1961016.2975697976,0.052788954193429403,5.0375407206031255
density_curve,19,19,DRB05,,,,,,,,,,,,,5.0,1991810.9716525706,0.05296230926278407,5.037664001587248
density_curve,19,19,DRB05,,,,,,,,,,,,,5.0,2023089.2276173707,0.05312957067683191,5.037782949085042
density_curve,19,19,DRB05,,,,,,,,,,,,,5.0,2054858.65935644,0.05329539935901538,5.037900877699483
density_curve,19,19,DRB05,,,,,,,,,,,,,5.0,2087126.9800121451,0.053465920224993906,5.038022143147615
density_curve,19,19,DRB05,,,,,,,,,,,,,5.0,2119902.0238496074,0.05364964696522535,5.038152799917157
density_curve,19,19,DRB05,,,,,,,,,,,,,5.0,2153191.7481587674,0.05385864240793268,5.038301426455452
density_curve,19,19,DRB05,,,,,,,,,,,,,5.0,2187004.235186248,0.054109997377950914,5.038480176855907
density_curve,19,19,DRB05,,,,,,,,,,,,,5.0,2221347.6940976637,0.05442775281622011,5.0387061477680115
density_curve,19,19,DRB05,,,,,,,,,,,,,5.0,2256230.462970635,0.054845432960935185,5.039003179862203
density_curve,19,19,DRB05,,,,,,,,,,,,,5.0,2291661.0108191706,0.05540939465702254,5.039404239682144
density_curve,19,19,DRB05,,,,,,,,,,,,,5.0,2327647.9396498133,0.0561832204466447,5.039954543779043
density_curve,19,19,DRB05,,,,,,,,,,,,,5.0,2364199.9865500783,0.057253380354092845,5.040715585074519
density_curve,19,19,DRB05,,,,,,,,,,,,,5.0,2401326.0258096857,0.05873634732816733,5.041770192988012
density_curve,19,19,DRB05,,,,,,,,,,,,,5.0,2439035.071075103,0.060787261970466744,5.043228695334645
density_curve,19,19,DRB05,,,,,,,,,,,,,5.0,2477336.2775379405,0.06361009258915126,5.04523614361971
density_curve,19,19,DRB05,,,,,,,,,,,,,5.0,2516238.944157669,0.06746901956364663,5.0479804089985345
density_curve,19,19,DRB05,,,,,,,,,,,,,5.0,2555752.5159192816,0.07270048801851058,5.051700753502586
density_curve,19,19,DRB05,,,,,,,,,,,,,5.0,2595886.586126396,0.07972502968781223,5.056696237126034
density_curve,19,19,DRB05,,,,,,,,,,,,,5.0,2636650.898730361,0.08905757705617376,5.063333052698992
density_curve,19,19,DRB05,,,,,,,,,,,,,5.0,2678055.350695943,0.10131461981410873,5.072049615181176
density_curve,19,19,DRB05,,,,,,,,,,,,,5.0,2720109.994404156,0.11721624095190737,5.0833580096245194
density_curve,19,19,DRB05,,,,,,,,,,,,,5.0,2762825.0400928515,0.1375808861787709,5.097840271459868
density_curve,19,19,DRB05,,,,,,,,,,,,,5.0,2806210.858335576,0.16331074073713256,5.116137987258426
density_curve,19,19,DRB05,,,,,,,,,,,,,5.0,2850277.982559416,0.19536588226600343,5.138933913611117
density_curve,19,19,DRB05,,,,,,,,,,,,,5.0,2895037.1116023487,0.2347259984182496,5.166924752716658
density_curve,19,19,DRB05,,,,,,,,,,,,,5.0,2940499.1123107616,0.28233942037305204,5.2007849077031425
density_curve,19,19,DRB05,,,,,,,,,,,,,5.0,2986675.022177758,0.3390604968762361,5.241121946347858
density_curve,19,19,DRB05,,,,,,,,,,,,,5.0,3033576.0520228897,0.40557782941594034,5.2884255657184625
density_curve,19,19,DRB05,,,,,,,,,,,,,5.0,3081213.5887140087,0.48233746096817526,5.343012968059158
density_curve,19,19,DRB05,,,,,,,,,,,,,5.0,3129599.1979317563,0.5694665634728301,5.40497459134768
density_curve,19,19,DRB05,,,,,,,,,,,,,5.0,3178744.626977629,0.66670428055384,5.474124928284613
density_curve,19,19,DRB05,,,,,,,,,,,,,5.0,3228661.807625975,0.7733469331297028,5.549963559412959
density_curve,19,19,DRB05,,,,,,,,,,,,,5.0,3279362.859020883,0.8882146076518419,5.631651392435101
density_curve,19,19,DRB05,,,,,,,,,,,,,5.0,3330860.090618524,1.009645117503092,5.718006367877829
density_curve,19,19,DRB05,,,,,,,,,,,,,5.0,3383166.005175699,1.1355194614367048,5.807521563791704
density_curve,19,19,DRB05,,,,,,,,,,,,,5.0,3436293.3017853256,1.2633203245582092,5.898406798564547
density_curve,19,19,DRB05,,,,,,,,,,,,,5.0,3490254.8789595794,1.3902221218551805,5.988652665131705
density_curve,19,19,DRB05,,,,,,,,,,,,,5.0,3545063.837761485,1.5132079113958885,6.076113673477978
density_curve,19,19,DRB05,,,,,,,,,,,,,5.0,3600733.4849856202,1.6292055962079406,6.158605110231629
density_curve,19,19,DRB05,,,,,,,,,,,,,5.0,3657277.33638883,1.7352335791506708,6.234006620729092
density_curve,19,19,DRB05,,,,,,,,,,,,,5.0,3714709.119971648,1.8285447585391446,6.300364611109716
density_curve,19,19,DRB05,,,,,,,,,,,,,5.0,3773042.7793112434,1.9067576602739822,6.355985502571754
density_curve,19,19,DRB05,,,,,,,,,,,,,5.0,3832292.476946719,1.967964644535557,6.39951268226742
density_curve,19,19,DRB05,,,,,,,,,,,,,5.0,3892472.597817551,2.0108093802876708,6.429981599084587
density_curve,19,19,DRB05,,,,,,,,,,,,,5.0,3953597.752756071,2.034528869339192,6.446849648943451
density_curve,19,19,DRB05,,,,,,,,,,,,,5.0,4015682.782034709,2.0389588252629345,6.45
density_curve,19,19,DRB05,,,,,,,,,,,,,5.0,4078742.7589690215,2.024504713883105,6.439720998167753
density_curve,19,19,DRB05,,,,,,,,,,,,,5.0,4142792.9935772587,1.9920837953823867,6.416664950520504
density_curve,19,19,DRB05,,,,,,,,,,,,,5.0,4207849.036297407,1.943045707176205,6.381791648020247
density_curve,19,19,DRB05,,,,,,,,,,,,,5.0,4273926.681762604,1.8790802600408567,6.3363027949855155
density_curve,19,19,DRB05,,,,,,,,,,,,,5.0,4341041.972635828,1.8021211224876261,6.28157351449708
density_curve,19,19,DRB05,,,,,,,,,,,,,5.0,4409211.203504863,1.7142530447213677,6.219086370969479
density_curve,19,19,DRB05,,,,,,,,,,,,,5.0,4478450.924838282,1.617628472939953,6.150372070637797
density_curve,19,19,DRB05,,,,,,,,,,,,,5.0,4548777.947003777,1.5143971724383396,6.076959413220335
density_curve,19,19,DRB05,,,,,,,,,,,,,5.0,4620209.3443493685,1.4066501926572983,6.000335442816046
density_curve,19,19,DRB05,,,,,,,,,,,,,5.0,4692762.459348841,1.2963775163150772,5.921915330200187
density_curve,19,19,DRB05,,,,,,,,,,,,,5.0,4766454.906812234,1.1854372989054316,5.843020497577344
density_curve,19,19,DRB05,,,,,,,,,,,,,5.0,4841304.57816245,1.0755338622739232,5.76486296877333
density_curve,19,19,DRB05,,,,,,,,,,,,,5.0,4917329.645779026,0.9682015605764943,5.688533895555678
density_curve,19,19,DRB05,,,,,,,,,,,,,5.0,4994548.567410101,0.8647921717609763,5.6149945911201575
density_curve,19,19,DRB05,,,,,,,,,,,,,5.0,5072980.090653727,0.7664643792180355,5.54506904999557
density_curve,19,19,DRB05,,,,,,,,,,,,,5.0,5152643.257509442,0.6741749529049911,5.479437676524035
density_curve,19,19,DRB05,,,,,,,,,,,,,5.0,5233557.40900142,0.5886721828879095,5.418632615142386
density_curve,19,19,DRB05,,,,,,,,,,,,,5.0,5315742.189874179,0.5104927782713873,5.3630355450645535
density_curve,19,19,DRB05,,,,,,,,,,,,,5.0,5399217.553362021,0.43996371749408775,5.312878996114186
density_curve,19,19,DRB05,,,,,,,,,,,,,5.0,5484003.766033389,0.37721040704049724,5.268252150770229
density_curve,19,19,DRB05,,,,,,,,,,,,,5.0,5570121.412711266,0.3221720393933358,5.2291117659328386
density_curve,19,19,DRB05,,,,,,,,,,,,,5.0,5657591.401470916,0.274624358488717,5.195298362514647
density_curve,19,19,DRB05,,,,,,,,,,,,,5.0,5746434.968715974,0.23420928805360278,5.166557295552023
density_curve,19,19,DRB05,,,,,,,,,,,,,5.0,5836673.684334379,0.20047019393843704,5.142563830916619
density_curve,19,19,DRB05,,,,,,,,,,,,,5.0,5928329.456935207,0.17289104123571497,5.122950991793304
density_curve,19,19,DRB05,,,,,,,,,,,,,5.0,6021424.539167753,0.1509374259339893,5.107338738228842
density_curve,19,19,DRB05,,,,,,,,,,,,,5.0,6115981.53312414,0.13409741017922125,5.095363007016484
density_curve,19,19,DRB05,,,,,,,,,,,,,5.0,6212023.395826757,0.12192022396222346,5.086703234295292
density_curve,19,19,DRB05,,,,,,,,,,,,,5.0,6309573.444801942,0.11405113728405432,5.081107154795317
density_curve,19,19,DRB05,,,,,,,,,,,,,5.0,6408655.363740995,0.11026106847703146,5.078411857714232
density_curve,19,19,DRB05,,,,,,,,,,,,,5.0,6509293.20825039,0.11046970046693513,5.078560225784059
density_curve,19,19,DRB05,,,,,,,,,,,,,5.0,6611511.411691989,0.11476098054712112,5.081611957893199
density_curve,19,19,DRB05,,,,,,,,,,,,,5.0,6715334.791115149,0.12338987454458958,5.087748372293189
density_curve,19,19,DRB05,,,,,,,,,,,,,5.0,6820788.553281926,0.13677917101001486,5.097270133907165
density_curve,19,19,DRB05,,,,,,,,,,,,,5.0,6927898.300786892,0.15550506204386869,5.110587000173744
density_curve,19,19,DRB05,,,,,,,,,,,,,5.0,7036690.03827307,0.18027026708517038,5.1281987081027935
density_curve,19,19,DRB05,,,,,,,,,,,,,5.0,7147190.1787454495,0.21186372329175351,5.150666308199445
density_curve,19,19,DRB05,,,,,,,,,,,,,5.0,7259425.549983729,0.25110643324029064,5.1785736542038645
density_curve,19,19,DRB05,,,,,,,,,,,,,5.0,7373423.401055615,0.2987839898415317,5.212479418369006
density_curve,19,19,DRB05,,,,,,,,,,,,,5.0,7489211.408932546,0.3555675820994623,5.252860914921975
density_curve,19,19,DRB05,,,,,,,,,,,,,5.0,7606817.685209225,0.42192684380228107,5.3000521226486335
density_curve,19,19,DRB05,,,,,,,,,,,,,5.0,7726270.782928702,0.4980395862681055,5.354179491582243
density_curve,19,19,DRB05,,,,,,,,,,,,,5.0,7847599.7035146225,0.5837050381964282,5.415100243760771
density_curve,19,19,DRB05,,,,,,,,,,,,,5.0,7970833.903812322,0.6782684432140497,5.48234875097762
density_curve,19,19,DRB05,,,,,,,,,,,,,5.0,8096003.303240569,0.7805654771839194,5.555097007302602
density_curve,19,19,DRB05,,,,,,,,,,,,,5.0,8223138.291055465,0.8888947190088599,5.632135051769197
density_curve,19,19,DRB05,,,,,,,,,,,,,5.0,8352269.733728553,1.0010251978003688,5.711876335523037
density_curve,19,19,DRB05,,,,,,,,,,,,,5.0,8483428.982440725,1.114243820815045,5.79239145006936
density_curve,19,19,DRB05,,,,,,,,,,,,,5.0,8616647.880693821,1.2254443757092843,5.871471420983365
density_curve,19,19,DRB05,,,,,,,,,,,,,5.0,8751958.77204175,1.3312560558445707,5.946719108330058
density_curve,19,19,DRB05,,,,,,,,,,,,,5.0,8889394.507943004,1.4282054602393355,6.015664412487576
density_curve,19,19,DRB05,,,,,,,,,,,,,5.0,9028988.455736592,1.5129022330125856,6.075896291130528
density_curve,19,19,DRB05,,,,,,,,,,,,,5.0,9170774.50674293,1.5822354148256104,6.125202394021508
density_curve,19,19,DRB05,,,,,,,,,,,,,5.0,9314787.084492404,1.6335656171907804,6.161705727245953
density_curve,19,19,DRB05,,,,,,,,,,,,,5.0,9461061.153082676,1.6648976203157877,6.183987395697694
density_curve,19,19,DRB05,,,,,,,,,,,,,5.0,9609632.225667553,1.6750190862860705,6.1911852485797985
density_curve,19,19,DRB05,,,,,,,,,,,,,5.0,9760536.373079011,1.6635937180342217,6.183060129151237
density_curve,19,19,DRB05,,,,,,,,,,,,,5.0,9913810.23258467,1.6312011195685803,6.1600242212195875
density_curve,19,19,DRB05,,,,,,,,,,,,,5.0,10069491.016782762,1.5793203837680425,6.123129377646139
density_curve,19,19,DRB05,,,,,,,,,,,,,5.0,10227616.522636779,1.5102594872688113,6.074016909712427
density_curve,19,19,DRB05,,,,,,,,,,,,,5.0,10388225.14065211,1.427037298730646,6.014833677621029
density_curve,19,19,DRB05,,,,,,,,,,,,,5.0,10551355.864196453,1.3332288396385052,5.948122048137259
density_curve,19,19,DRB05,,,,,,,,,,,,,5.0,10717048.298967114,1.232786932420852,5.876693060135593
density_curve,19,19,DRB05,,,,,,,,,,,,,5.0,10885342.672606446,1.129854275093115,5.803492781995611
density_curve,19,19,DRB05,,,,,,,,,,,,,5.0,11056279.844468623,1.0285792674453977,5.7314713368983785
density_curve,19,19,DRB05,,,,,,,,,,,,,5.0,11229901.315539658,0.9329467826789516,5.66346255653791
density_curve,19,19,DRB05,,,,,,,,,,,,,5.0,11406249.238513203,0.846631928195587,5.602079983505941
density_curve,19,19,DRB05,,,,,,,,,,,,,5.0,11585366.428024698,0.7728812002953764,5.549632354779788
density_curve,19,19,DRB05,,,,,,,,,,,,,5.0,11767296.371045876,0.7144218881842038,5.508059174629732
density_curve,19,19,DRB05,,,,,,,,,,,,,5.0,11952083.237443073,0.6733976573008995,5.4788849048780515
density_curve,19,19,DRB05,,,,,,,,,,,,,5.0,12139771.890700752,0.6513263461638641,5.463188952241747
density_curve,19,19,DRB05,,,,,,,,,,,,,5.0,12330407.898813803,0.6490753576667639,5.461588167919693
density_curve,19,19,DRB05,,,,,,,,,,,,,5.0,12524037.545350743,0.6668506027569586,5.474228984919741
density_curve,19,19,DRB05,,,,,,,,,,,,,5.0,12720707.84069066,0.7041965284919941,5.500787438011024
density_curve,19,19,DRB05,,,,,,,,,,,,,5.0,12920466.533436738,0.7600069202949368,5.540476845718328
density_curve,19,19,DRB05,,,,,,,,,,,,,5.0,13123362.122008637,0.8325483877398543,5.592064512174303
density_curve,19,19,DRB05,,,,,,,,,,,,,5.0,13329443.866417537,0.9195001841694683,5.653900044731799
density_curve,19,19,DRB05,,,,,,,,,,,,,5.0,13538761.800225446,1.018014810029673,5.7239584518596995
density_curve,19,19,DRB05,,,,,,,,,,,,,5.0,13751366.742692733,1.1248034074076307,5.799900871235466
density_curve,19,19,DRB05,,,,,,,,,,,,,5.0,13967310.311116258,1.2362481904120979,5.8791545243030505
density_curve,19,19,DRB05,,,,,,,,,,,,,5.0,14186644.93336124,1.3485412405935195,5.95901142025683
density_curve,19,19,DRB05,,,,,,,,,,,,,5.0,14409423.860590115,1.4578453259005604,6.036742722003333
density_curve,19,19,DRB05,,,,,,,,,,,,,5.0,14635701.180190798,1.560468545878188,6.1097229446168875
density_curve,19,19,DRB05,,,,,,,,,,,,,5.0,14865531.828908725,1.6530412192887052,6.175555748488216
density_curve,19,19,DRB05,,,,,,,,,,,,,5.0,15098971.606184201,1.732681144495441,6.232191463794961
density_curve,19,19,DRB05,,,,,,,,,,,,,5.0,15336077.187700124,1.7971326778403103,6.278025995710047
density_curve,19,19,DRB05,,,,,,,,,,,,,5.0,15576906.139141649,1.8448662680916843,6.311971608052447
density_curve,19,19,DRB05,,,,,,,,,,,,,5.0,15821516.930172438,1.8751281518944038,6.333492264070739
density_curve,19,19,DRB05,,,,,,,,,,,,,5.0,16069968.948630175,1.8879345569633865,6.3425995040600665
density_curve,19,19,DRB05,,,,,,,,,,,,,5.0,16322322.514945026,1.884010416916985,6.339808862583258
density_curve,19,19,DRB05,,,,,,,,,,,,,5.0,16578638.896784693,1.864678532929056,6.326061046082411
density_curve,19,19,DRB05,,,,,,,,,,,,,5.0,16838980.323928915,1.8317105113880945,6.302615927602282
density_curve,19,19,DRB05,,,,,,,,,,,,,5.0,17103410.003378414,1.7871549078020499,6.270930331797554
density_curve,19,19,DRB05,,,,,,,,,,,,,5.0,17371992.134700213,1.7331602347124426,6.232532167494342
density_curve,19,19,DRB05,,,,,,,,,,,,,5.0,17644791.92561452,1.6718105325016928,6.188903494318896
density_curve,19,19,DRB05,,,,,,,,,,,,,5.0,17921875.607826144,1.6049890612993791,6.141383587569009
density_curve,19,19,DRB05,,,,,,,,,,,,,5.0,18203310.453104522,1.5342816702082953,6.09110021950303
density_curve,19,19,DRB05,,,,,,,,,,,,,5.0,18489164.789616488,1.4609261205856376,6.038933620729689
density_curve,19,19,DRB05,,,,,,,,,,,,,5.0,18779508.018514913,1.3858078360320647,5.985513457824421
density_curve,19,19,DRB05,,,,,,,,,,,,,5.0,19074410.630788796,1.3094970257876197,5.931245233530987
density_curve,19,19,DRB05,,,,,,,,,,,,,5.0,19373944.224377003,1.2323176092648565,5.876359302254971
density_curve,19,19,DRB05,,,,,,,,,,,,,5.0,19678181.521551367,1.1544354052385744,5.8209735855652065
density_curve,19,19,DRB05,,,,,,,,,,,,,5.0,19987196.386572525,1.0759519329822012,5.765160278615731
density_curve,19,19,DRB05,,,,,,,,,,,,,5.0,20301063.843623016,0.9969909140139763,5.709007365626348
density_curve,19,19,DRB05,,,,,,,,,,,,,5.0,20619860.095022235,0.9177669058300334,5.652667428574453
density_curve,19,19,DRB05,,,,,,,,,,,,,5.0,20943662.539726753,0.8386289795049796,5.5963887084014114
density_curve,19,19,DRB05,,,,,,,,,,,,,5.0,21272549.792122267,0.7600763873315238,5.540526247011676
density_curve,19,19,DRB05,,,,,,,,,,,,,5.0,21606601.701109305,0.6827471488073854,5.48553377022856
density_curve,19,19,DRB05,,,,,,,,,,,,,5.0,21945899.369489986,0.6073838782501962,5.4319393861959
density_curve,19,19,DRB05,,,,,,,,,,,,,5.0,22290525.173658106,0.5347835935713696,5.380309892024666
density_curve,19,19,DRB05,,,,,,,,,,,,,5.0,22640562.78359909,0.46573947735867505,5.331209357345895
density_curve,19,19,DRB05,,,,,,,,,,,,,5.0,22996097.183203783,0.4009825964843519,5.2851576783691705
density_curve,19,19,DRB05,,,,,,,,,,,,,5.0,23357214.690901212,0.3411305839633632,5.242594083126269
density_curve,19,19,DRB05,,,,,,,,,,,,,5.0,23724002.980615646,0.2866485298923321,5.2038493191692
density_curve,19,19,DRB05,,,,,,,,,,,,,5.0,24096551.10305199,0.23782516458500547,5.169128716272036
density_curve,19,19,DRB05,,,,,,,,,,,,,5.0,24474949.507316638,0.19476519736358752,5.13850673818329
density_curve,19,19,DRB05,,,,,,,,,,,,,5.0,24859290.062876612,0.15739670071120457,5.1119322338457795
density_curve,19,19,DRB05,,,,,,,,,,,,,5.0,25249666.08186437,0.12549091811155139,5.089242523687688
density_curve,19,19,DRB05,,,,,,,,,,,,,5.0,25646172.341732506,0.09869093902562882,5.070183791753965
density_curve,19,19,DRB05,,,,,,,,,,,,,5.0,26048905.10826428,0.07654533971996338,5.054435009289427
density_curve,19,19,DRB05,,,,,,,,,,,,,5.0,26457962.158945747,0.05854306427876471,5.041632740275303
density_curve,19,19,DRB05,,,,,,,,,,,,,5.0,26873442.80670409,0.04414638953009915,5.031394584346444
density_curve,19,19,DRB05,,,,,,,,,,,,,5.0,27295447.924020074,0.03281962745943508,5.02333958843433
density_curve,19,19,DRB05,,,,,,,,,,,,,5.0,27724079.967417758,0.024052116716014562,5.017104597114031
density_curve,19,19,DRB05,,,,,,,,,,,,,5.0,28159443.002339695,0.01737491144462896,5.0123561208213525
density_curve,19,19,DRB05,,,,,,,,,,,,,5.0,28601642.7284124,0.012371297194190483,5.008797814212488
density_curve,19,19,DRB05,,,,,,,,,,,,,5.0,29050786.505108584,0.00868179689190389,5.0061740361488845
density_curve,19,19,DRB05,,,,,,,,,,,,,5.0,29506983.377812706,0.006004659555233679,5.0042701972434225
density_curve,19,19,DRB05,,,,,,,,,,,,,5.0,29970344.104294933,0.004092965495295563,5.002910701233711
density_curve,19,19,DRB05,,,,,,,,,,,,,5.0,30440981.18160234,0.0027494692368657207,5.001955277538741
density_curve,19,19,DRB05,,,,,,,,,,,,,5.0,30919008.873370558,0.0018201798789160453,5.001294415949811
density_curve,19,19,DRB05,,,,,,,,,,,,,5.0,31404543.237566188,0.0011874935348296087,5.000844482784139
density_curve,19,19,DRB05,,,,,,,,,,,,,5.0,31897702.154663246,0.0007634835567650828,5.000542949246249
density_curve,19,19,DRB05,,,,,,,,,,,,,5.0,32398605.356263112,0.0004837518919496634,5.000344018836789
density_curve,19,19,DRB05,,,,,,,,,,,,,5.0,32907374.454163484,0.00030206910459778505,5.000214815618756
density_curve,19,19,DRB05,,,,,,,,,,,,,5.0,33424132.969883844,0.0001858915554365846,5.000132196271962
density_curve,19,19,DRB05,,,,,,,,,,,,,5.0,33949006.36465498,0.00011274434767885161,5.000080177834937
density_curve,19,19,DRB05,,,,,,,,,,,,,5.0,34482122.069878325,6.739483915139339e-05,5.0000479276558005
density_curve,19,19,DRB05,,,,,,,,,,,,,5.0,35023609.518065386,3.970755476217679e-05,5.000028237919124
density_curve,19,19,DRB05,,,,,,,,,,,,,5.0,35573600.17426121,2.305977403669944e-05,5.000016398895328
density_curve,19,19,DRB05,,,,,,,,,,,,,5.0,36132227.56796255,1.3200668362187353e-05,5.0000093876192535
density_curve,19,19,DRB05,,,,,,,,,,,,,5.0,36699627.32553667,7.449412898399373e-06,5.000005297629638
density_curve,19,19,DRB05,,,,,,,,,,,,,5.0,37275937.20314938,4.1444060472467925e-06,5.000002947283042
density_curve,19,19,DRB05,,,,,,,,,,,,,5.0,37861297.12021055,2.2732540392104175e-06,5.000001616618402
density_curve,19,19,DRB05,,,,,,,,,,,,,5.0,38455849.19334357,1.2294547879364036e-06,5.000000874323415
density_curve,19,19,DRB05,,,,,,,,,,,,,5.0,39059737.77089033,6.556793410357512e-07,5.000000466284573
density_curve,19,19,DRB05,,,,,,,,,,,,,5.0,39673109.46795558,3.448433131682814e-07,5.00000024523438
density_curve,19,19,DRB05,,,,,,,,,,,,,5.0,40296113.20200404,1.7887173232939298e-07,5.000000127204144
density_curve,19,19,DRB05,,,,,,,,,,,,,5.0,40928900.22901449,9.151455543093584e-08,5.000000065080326
density_curve,19,19,DRB05,,,,,,,,,,,,,5.0,41571624.180202775,4.6185576415883355e-08,5.0000000328447465
density_curve,19,19,DRB05,,,,,,,,,,,,,5.0,42224441.09932146,2.2994771636536755e-08,5.000000016352669
density_curve,19,19,DRB05,,,,,,,,,,,,,5.0,42887509.48054403,1.1295258565163538e-08,5.000000008032592
density_curve,19,19,DRB05,,,,,,,,,,,,,5.0,43560990.30694617,5.4744907818423185e-09,5.000000003893169
density_curve,19,19,DRB05,,,,,,,,,,,,,5.0,44245047.08958865,2.6182163070497747e-09,5.000000001861937
density_curve,19,19,DRB05,,,,,,,,,,,,,5.0,44939845.907216705,1.2356977785763293e-09,5.000000000878763
density_curve,19,19,DRB05,,,,,,,,,,,,,5.0,45645555.44658045,5.755604188361536e-10,5.000000000409308
density_curve,19,19,DRB05,,,,,,,,,,,,,5.0,46362347.04338999,2.645842991867476e-10,5.000000000188159
density_curve,19,19,DRB05,,,,,,,,,,,,,5.0,47090394.72391306,1.2004645543830374e-10,5.000000000085371
density_curve,19,19,DRB05,,,,,,,,,,,,,5.0,47829875.24722586,5.375995815584894e-11,5.000000000038232
density_curve,19,19,DRB05,,,,,,,,,,,,,5.0,48580968.14812807,2.3762885218252518e-11,5.0000000000168985
density_curve,19,19,DRB05,,,,,,,,,,,,,5.0,49343855.78073008,1.0367412062750832e-11,5.000000000007373
density_curve,19,19,DRB05,,,,,,,,,,,,,5.0,50118723.36272725,4.464435530408806e-12,5.000000000003175
density_curve,20,10,DRB25,,,,,,,,,,,,,4.0,100000.0,0.0008552087870636762,4.000124326907546
density_curve,20,10,DRB25,,,,,,,,,,,,,4.0,101570.34258822507,0.001040780630649923,4.000151304616136
density_curve,20,10,DRB25,,,,,,,,,,,,,4.0,103165.34493489409,0.0012117360972699663,4.000176157453027
density_curve,20,10,DRB25,,,,,,,,,,,,,4.0,104785.39428269603,0.001344663701447067,4.000195481948057
density_curve,20,10,DRB25,,,,,,,,,,,,,4.0,106430.88395535655,0.0014204626065549778,4.000206501296326
density_curve,20,10,DRB25,,,,,,,,,,,,,4.0,108102.21345313193,0.0014284977337704827,4.000207669411684
density_curve,20,10,DRB25,,,,,,,,,,,,,4.0,109799.78854980043,0.0013693759136050984,4.000199074512777
density_curve,20,10,DRB25,,,,,,,,,,,,,4.0,111524.02139117903,0.001255500856155296,4.000182519802449
density_curve,20,10,DRB25,,,,,,,,,,,,,4.0,113275.33059518597,0.001109310864977332,4.0001612672734845
density_curve,20,10,DRB25,,,,,,,,,,,,,4.0,115054.14135347492,0.0009598504119982333,4.00013953929758
density_curve,20,10,DRB25,,,,,,,,,,,,,4.0,116860.88553466521,0.0008387264251411619,4.000121930766255
density_curve,20,10,DRB25,,,,,,,,,,,,,4.0,118696.00178919302,0.0007763934958166304,4.000112869048862
density_curve,20,10,DRB25,,,,,,,,,,,,,4.0,120559.93565580886,0.0007992149405815037,4.000116186741215
density_curve,20,10,DRB25,,,,,,,,,,,,,4.0,122453.13966974878,0.0009271804053449218,4.00013478985983
density_curve,20,10,DRB25,,,,,,,,,,,,,4.0,124376.07347260158,0.0011718705799910844,4.0001703619600955
density_curve,20,10,DRB25,,,,,,,,,,,,,4.0,126329.20392390396,0.0015344199419921524,4.000223067967905
density_curve,20,10,DRB25,,,,,,,,,,,,,4.0,128313.00521448672,0.0020037408145680007,4.00029129600019
density_curve,20,10,DRB25,,,,,,,,,,,,,4.0,130327.95898160127,0.0025558087759426605,4.000371553480505
density_curve,20,10,DRB25,,,,,,,,,,,,,4.0,132374.55442585386,0.003154984944134214,4.000458659367622
density_curve,20,10,DRB25,,,,,,,,,,,,,4.0,134453.28842997624,0.0037579397833595206,4.000546314583149
density_curve,20,10,DRB25,,,,,,,,,,,,,4.0,136564.66567946097,0.004319836449898321,4.000628000922167
density_curve,20,10,DRB25,,,,,,,,,,,,,4.0,138709.19878509274,0.004801432703713485,4.00069801350135
density_curve,20,10,DRB25,,,,,,,,,,,,,4.0,140887.40840740083,0.005175198062803779,4.000752350046936
density_curve,20,10,DRB25,,,,,,,,,,,,,4.0,143099.82338306884,0.0054287772674119225,4.0007892143996
density_curve,20,10,DRB25,,,,,,,,,,,,,4.0,145346.98085332804,0.005565113410444659,4.000809034414672
density_curve,20,10,DRB25,,,,,,,,,,,,,4.0,147629.42639436718,0.00559979454653704,4.000814076222551
density_curve,20,10,DRB25,,,,,,,,,,,,,4.0,149947.71414979032,0.0055570441937088655,4.000807861343513
density_curve,20,10,DRB25,,,,,,,,,,,,,4.0,152302.40696515449,0.005465790972370266,4.000794595307213
density_curve,20,10,DRB25,,,,,,,,,,,,,4.0,154694.07652461986,0.0053564890251463805,4.000778705417759
density_curve,20,10,DRB25,,,,,,,,,,,,,4.0,157123.30348974746,0.005258376827569147,4.000764442250329
density_curve,20,10,DRB25,,,,,,,,,,,,,4.0,159590.6776404731,0.0051963602374405365,4.00075542652109
density_curve,20,10,DRB25,,,,,,,,,,,,,4.0,162096.79801829843,0.005187065579065119,4.000754075300019
density_curve,20,10,DRB25,,,,,,,,,,,,,4.0,164642.27307172897,0.00523461737450375,4.000760988193999
density_curve,20,10,DRB25,,,,,,,,,,,,,4.0,167227.72080399614,0.005327672381210047,4.000774516166806
density_curve,20,10,DRB25,,,,,,,,,,,,,4.0,169853.76892309941,0.005439480384271041,4.000790770376853
density_curve,20,10,DRB25,,,,,,,,,,,,,4.0,172521.0549942039,0.005531970656598427,4.000804216250786
density_curve,20,10,DRB25,,,,,,,,,,,,,4.0,175230.2265944331,0.005563413871366411,4.00080878734233
density_curve,20,10,DRB25,,,,,,,,,,,,,4.0,177981.9414700888,0.005497801762307306,4.0007992489106154
density_curve,20,10,DRB25,,,,,,,,,,,,,4.0,180776.86769634343,0.0053133887811462575,4.000772439672912
density_curve,20,10,DRB25,,,,,,,,,,,,,4.0,183615.6838394384,0.005008108804700583,4.000728059264313
density_curve,20,10,DRB25,,,,,,,,,,,,,4.0,186499.07912142982,0.004600592688198425,4.0006688161656605
density_curve,20,10,DRB25,,,,,,,,,,,,,4.0,189427.7535875212,0.004126776115426047,4.00059993456607
density_curve,20,10,DRB25,,,,,,,,,,,,,4.0,192402.4182760241,0.003633142543281965,4.000528172048643
density_curve,20,10,DRB25,,,,,,,,,,,,,4.0,195423.79539098707,0.003168260288828923,4.000460589285295
density_curve,20,10,DRB25,,,,,,,,,,,,,4.0,198492.61847753756,0.002774439539111477,4.000403337165484
density_curve,20,10,DRB25,,,,,,,,,,,,,4.0,201609.63259997344,0.0024811505039690563,4.000360699953019
density_curve,20,10,DRB25,,,,,,,,,,,,,4.0,204775.59452265495,0.0023013933304621838,4.000334567558416
density_curve,20,10,DRB25,,,,,,,,,,,,,4.0,207991.2728937353,0.002231549658414054,4.00032441395863
density_curve,20,10,DRB25,,,,,,,,,,,,,4.0,211257.44843177704,0.00225446138815876,4.000327744776261
density_curve,20,10,DRB25,,,,,,,,,,,,,4.0,214574.91411529886,0.0023447445682757235,4.000340869791762
density_curve,20,10,DRB25,,,,,,,,,,,,,4.0,217944.4753752988,0.002474881675525291,4.000359788615266
density_curve,20,10,DRB25,,,,,,,,,,,,,4.0,221366.95029080036,0.0026206187807832257,4.000380975305447
density_curve,20,10,DRB25,,,,,,,,,,,,,4.0,224843.16978747185,0.002764633971628892,4.000401911670447
density_curve,20,10,DRB25,,,,,,,,,,,,,4.0,228373.97783935972,0.002898150482224988,4.000421321778388
density_curve,20,10,DRB25,,,,,,,,,,,,,4.0,231960.2316737949,0.0030208392664410047,4.00043915779383
density_curve,20,10,DRB25,,,,,,,,,,,,,4.0,235602.80197951404,0.003139728038774397,4.000456441378412
density_curve,20,10,DRB25,,,,,,,,,,,,,4.0,239302.57311804994,0.0032678095864144266,4.000475061372701
density_curve,20,10,DRB25,,,,,,,,,,,,,4.0,243060.44333844114,0.0034227152769576194,4.0004975809559395
density_curve,20,10,DRB25,,,,,,,,,,,,,4.0,246877.32499531287,0.0036254007157998304,4.000527046572053
density_curve,20,10,DRB25,,,,,,,,,,,,,4.0,250754.1447703851,0.0038984932957714163,4.000566747702882
density_curve,20,10,DRB25,,,,,,,,,,,,,4.0,254691.843897454,0.004263908244822723,4.000619870298526
density_curve,20,10,DRB25,,,,,,,,,,,,,4.0,258691.37839091144,0.004739571525577403,4.000689020365298
density_curve,20,10,DRB25,,,,,,,,,,,,,4.0,262753.7192778504,0.005335513907594831,4.0007756561372325
density_curve,20,10,DRB25,,,,,,,,,,,,,4.0,266879.85283381585,0.006050066699947701,4.00087953502657
density_curve,20,10,DRB25,,,,,,,,,,,,,4.0,271070.7808222577,0.006867209837134737,4.000998328098865
density_curve,20,10,DRB25,,,,,,,,,,,,,4.0,275327.5207377438,0.007756135948425823,4.001127556699092
density_curve,20,10,DRB25,,,,,,,,,,,,,4.0,279651.1060529923,0.008673724770252253,4.001260952172036
density_curve,20,10,DRB25,,,,,,,,,,,,,4.0,284042.5864697849,0.009569922277418727,4.001391237859346
density_curve,20,10,DRB25,,,,,,,,,,,,,4.0,288503.028173816,0.010395166003324846,4.001511208563537
density_curve,20,10,DRB25,,,,,,,,,,,,,4.0,293033.5140935484,0.011108258245757948,4.001614875123841
density_curve,20,10,DRB25,,,,,,,,,,,,,4.0,297635.14416313195,0.011682750451772427,4.001698392553109
density_curve,20,10,DRB25,,,,,,,,,,,,,4.0,302309.0355894507,0.012110180687312974,4.001760530688475
density_curve,20,10,DRB25,,,,,,,,,,,,,4.0,307056.3231233643,0.01239942440661447,4.001802579808751
density_curve,20,10,DRB25,,,,,,,,,,,,,4.0,311878.15933520853,0.012572707979659219,4.001827771096646
density_curve,20,10,DRB25,,,,,,,,,,,,,4.0,316775.7148946211,0.012659956808402794,4.001840454990016
density_curve,20,10,DRB25,,,,,,,,,,,,,4.0,321750.1788547658,0.012693518649961147,4.001845334079235
density_curve,20,10,DRB25,,,,,,,,,,,,,4.0,326802.75894101255,0.012704642299794277,4.0018469511919275
density_curve,20,10,DRB25,,,,,,,,,,,,,4.0,331934.6818441578,0.01272171326996442,4.001849432902782
density_curve,20,10,DRB25,,,,,,,,,,,,,4.0,337147.193518246,0.012768983657967768,4.001856304886849
density_curve,20,10,DRB25,,,,,,,,,,,,,4.0,342441.55948306865,0.012864264709516873,4.0018701564733465
density_curve,20,10,DRB25,,,,,,,,,,,,,4.0,347819.06513141334,0.01301508838618301,4.001892082629378
density_curve,20,10,DRB25,,,,,,,,,,,,,4.0,353281.01604113757,0.013214605269648726,4.001921087613307
density_curve,20,10,DRB25,,,,,,,,,,,,,4.0,358828.7382921458,0.013439772210087469,4.001953821502165
density_curve,20,10,DRB25,,,,,,,,,,,,,4.0,364463.57878833805,0.01365414921306981,4.00198498679213
density_curve,20,10,DRB25,,,,,,,,,,,,,4.0,370186.9055846206,0.01381573193441169,4.002008477055983
density_curve,20,10,DRB25,,,,,,,,,,,,,4.0,376000.1082190484,0.0138876514570016,4.002018932434799
density_curve,20,10,DRB25,,,,,,,,,,,,,4.0,381904.59805018455,0.013847784499851619,4.002013136732544
density_curve,20,10,DRB25,,,,,,,,,,,,,4.0,387901.8085997564,0.013693452309629258,4.001990700522539
density_curve,20,10,DRB25,,,,,,,,,,,,,4.0,393993.19590069365,0.013439464885759917,4.001953776824557
density_curve,20,10,DRB25,,,,,,,,,,,,,4.0,400180.2388506313,0.013110699390624586,4.0019059821831355
density_curve,20,10,DRB25,,,,,,,,,,,,,4.0,406464.4395709628,0.01273265742010801,4.001851023920512
density_curve,20,10,DRB25,,,,,,,,,,,,,4.0,412847.323771536,0.012323945320826184,4.001791606954563
density_curve,20,10,DRB25,,,,,,,,,,,,,4.0,419330.44112106785,0.011893288650003133,4.001728999772659
density_curve,20,10,DRB25,,,,,,,,,,,,,4.0,425915.3656233841,0.011441380292787488,4.001663303103732
density_curve,20,10,DRB25,,,,,,,,,,,,,4.0,432603.6959995626,0.010965785062097671,4.001594162929813
density_curve,20,10,DRB25,,,,,,,,,,,,,4.0,439397.0560760795,0.01046618659644895,4.001521533259504
density_curve,20,10,DRB25,,,,,,,,,,,,,4.0,446297.0951790494,0.00994767738732854,4.001446154419297
density_curve,20,10,DRB25,,,,,,,,,,,,,4.0,453305.48853465647,0.009421119727617453,4.001369605526832
density_curve,20,10,DRB25,,,,,,,,,,,,,4.0,460423.93767587794,0.008901092767108215,4.0012940060418645
density_curve,20,10,DRB25,,,,,,,,,,,,,4.0,467654.17085558514,0.008402923714815396,4.001221584174078
density_curve,20,10,DRB25,,,,,,,,,,,,,4.0,474997.94346614124,0.007940460011626094,4.001154353010251
density_curve,20,10,DRB25,,,,,,,,,,,,,4.0,482457.03846558335,0.007525653220150771,4.001094050021795
density_curve,20,10,DRB25,,,,,,,,,,,,,4.0,490033.26681049785,0.007170059544921574,4.001042355204515
density_curve,20,10,DRB25,,,,,,,,,,,,,4.0,497728.46789569367,0.00688746933283927,4.0010012733450875
density_curve,20,10,DRB25,,,,,,,,,,,,,4.0,505544.5100007789,0.006696398595602125,4.000973496228853
density_curve,20,10,DRB25,,,,,,,,,,,,,4.0,513483.29074375494,0.006621207744251202,4.000962565277059
density_curve,20,10,DRB25,,,,,,,,,,,,,4.0,521546.7375417237,0.006691013152643542,4.000972713314225
density_curve,20,10,DRB25,,,,,,,,,,,,,4.0,529736.8080788398,0.00693607462216791,4.001008339391887
density_curve,20,10,DRB25,,,,,,,,,,,,,4.0,538055.490781606,0.007381805529445282,4.0010731380073095
density_curve,20,10,DRB25,,,,,,,,,,,,,4.0,546504.805301633,0.0080409840326008,4.0011689667991295
density_curve,20,10,DRB25,,,,,,,,,,,,,4.0,555086.803005981,0.008905294686691684,4.001294616900494
density_curve,20,10,DRB25,,,,,,,,,,,,,4.0,563803.567475201,0.009938069022100393,4.001444757592751
density_curve,20,10,DRB25,,,,,,,,,,,,,4.0,572657.2150091964,0.01107080023221408,4.0016094296243825
density_curve,20,10,DRB25,,,,,,,,,,,,,4.0,581649.8951410283,0.01220615873700021,4.001774483601834
density_curve,20,10,DRB25,,,,,,,,,,,,,4.0,590783.7911587943,0.013229272307588507,4.001923219849899
density_curve,20,10,DRB25,,,,,,,,,,,,,4.0,600061.1206356916,0.014026784905295346,4.002039159111167
density_curve,20,10,DRB25,,,,,,,,,,,,,4.0,609484.1359684145,0.014510206893007558,4.002109437108402
density_curve,20,10,DRB25,,,,,,,,,,,,,4.0,619055.1249240021,0.014637505595342843,4.0021279432957035
density_curve,20,10,DRB25,,,,,,,,,,,,,4.0,628776.4111952737,0.014426113008787902,4.002097211868523
density_curve,20,10,DRB25,,,,,,,,,,,,,4.0,638650.3549649863,0.013952340018051144,4.002028336604718
density_curve,20,10,DRB25,,,,,,,,,,,,,4.0,648679.3534788508,0.013336260184986777,4.001938773328936
density_curve,20,10,DRB25,,,,,,,,,,,,,4.0,658865.8416275523,0.012715997845941483,4.001848602016799
density_curve,20,10,DRB25,,,,,,,,,,,,,4.0,669212.2925378972,0.012219022446547594,4.0017763536776005
density_curve,20,10,DRB25,,,,,,,,,,,,,4.0,679721.2181732573,0.011938920354566266,4.001735633531339
density_curve,20,10,DRB25,,,,,,,,,,,,,4.0,690395.1699434342,0.011923796991524046,4.001733434955988
density_curve,20,10,DRB25,,,,,,,,,,,,,4.0,701236.7393241049,0.012177974315769436,4.001770386260945
density_curve,20,10,DRB25,,,,,,,,,,,,,4.0,712248.5584859921,0.01267392107370114,4.001842485060272
density_curve,20,10,DRB25,,,,,,,,,,,,,4.0,723433.3009339154,0.01336830247078513,4.001943431511084
density_curve,20,10,DRB25,,,,,,,,,,,,,4.0,734793.6821558832,0.01421570324843826,4.002066623320769
density_curve,20,10,DRB25,,,,,,,,,,,,,4.0,746332.4602823642,0.015175750310764723,4.0022061912066045
density_curve,20,10,DRB25,,,,,,,,,,,,,4.0,758052.4367559261,0.01621281003639943,4.002356954892127
density_curve,20,10,DRB25,,,,,,,,,,,,,4.0,769956.4570113824,0.01729058914783917,4.002513638202647
density_curve,20,10,DRB25,,,,,,,,,,,,,4.0,782047.411166621,0.018365637931790975,4.002669924588839
density_curve,20,10,DRB25,,,,,,,,,,,,,4.0,794328.2347242822,0.019383573615851,4.002817908096018
density_curve,20,10,DRB25,,,,,,,,,,,,,4.0,806801.909284454,0.02028025864652058,4.002948264657588
density_curve,20,10,DRB25,,,,,,,,,,,,,4.0,819471.4632685608,0.020988082229127673,4.00305116528074
density_curve,20,10,DRB25,,,,,,,,,,,,,4.0,832339.9726546166,0.021445766602052434,4.003117701644233
density_curve,20,10,DRB25,,,,,,,,,,,,,4.0,845410.561724033,0.021609227445114378,4.003141464942073
density_curve,20,10,DRB25,,,,,,,,,,,,,4.0,858686.4038201383,0.0214609694500232,4.003119911774791
density_curve,20,10,DRB25,,,,,,,,,,,,,4.0,872170.7221186243,0.02101600134221961,4.003055224052171
density_curve,20,10,DRB25,,,,,,,,,,,,,4.0,885866.7904100833,0.020322976525900437,4.0029544748157635
density_curve,20,10,DRB25,,,,,,,,,,,,,4.0,899777.9338948353,0.019460020148453234,4.002829021593839
density_curve,20,10,DRB25,,,,,,,,,,,,,4.0,913907.5299902376,0.018525481784532276,4.002693162062778
density_curve,20,10,DRB25,,,,,,,,,,,,,4.0,928259.0091506683,0.017624718519550397,4.0025622126234595
density_curve,20,10,DRB25,,,,,,,,,,,,,4.0,942835.8557003973,0.016854954521743345,4.0024503073450814
density_curve,20,10,DRB25,,,,,,,,,,,,,4.0,957641.6086795169,0.016291095561689676,4.002368335735509
density_curve,20,10,DRB25,,,,,,,,,,,,,4.0,972679.8627031752,0.015975746090319223,4.002322491463134
density_curve,20,10,DRB25,,,,,,,,,,,,,4.0,987954.2688342923,0.01591618080480035,4.002313832094968
density_curve,20,10,DRB25,,,,,,,,,,,,,4.0,1003468.5354699849,0.01608943748098613,4.0023390194727035
density_curve,20,10,DRB25,,,,,,,,,,,,,4.0,1019226.4292419085,0.016454227853218945,4.002392051269814
density_curve,20,10,DRB25,,,,,,,,,,,,,4.0,1035231.7759307377,0.016965772240717603,4.002466417591503
density_curve,20,10,DRB25,,,,,,,,,,,,,4.0,1051488.4613950192,0.017588110586932233,4.00255689070544
density_curve,20,10,DRB25,,,,,,,,,,,,,4.0,1068000.4325145755,0.018298973146914015,4.002660233123233
density_curve,20,10,DRB25,,,,,,,,,,,,,4.0,1084771.6981487798,0.019085178653511,4.002774528603833
density_curve,20,10,DRB25,,,,,,,,,,,,,4.0,1101806.3301098226,0.019930847055784413,4.002897468567564
density_curve,20,10,DRB25,,,,,,,,,,,,,4.0,1119108.4641512968,0.02080455919630838,4.003024485420244
density_curve,20,10,DRB25,,,,,,,,,,,,,4.0,1136682.3009722962,0.02165292765918873,4.003147817908222
density_curve,20,10,DRB25,,,,,,,,,,,,,4.0,1154532.1072372785,0.022405810721604656,4.003257269102258
density_curve,20,10,DRB25,,,,,,,,,,,,,4.0,1172662.2166119604,0.022993278100936602,4.00334267281146
density_curve,20,10,DRB25,,,,,,,,,,,,,4.0,1191077.0308154398,0.023368674636247606,4.003397246491063
density_curve,20,10,DRB25,,,,,,,,,,,,,4.0,1209781.0206889012,0.023528516172158672,4.003420483628189
density_curve,20,10,DRB25,,,,,,,,,,,,,4.0,1228778.727281043,0.023520399130967498,4.003419303604498
density_curve,20,10,DRB25,,,,,,,,,,,,,4.0,1248074.7629505873,0.023434602842432428,4.00340683087574
density_curve,20,10,DRB25,,,,,,,,,,,,,4.0,1267673.8124860895,0.02338161737379929,4.0033991280556105
density_curve,20,10,DRB25,,,,,,,,,,,,,4.0,1287580.634243335,0.02346342666877774,4.003411021170844
density_curve,20,10,DRB25,,,,,,,,,,,,,4.0,1307800.061300597,0.023748493900973337,4.003452463129764
density_curve,20,10,DRB25,,,,,,,,,,,,,4.0,1328337.002632031,0.024258250191457238,4.003526569504905
density_curve,20,10,DRB25,,,,,,,,,,,,,4.0,1349196.4442995142,0.02496776530085356,4.003629716035603
density_curve,20,10,DRB25,,,,,,,,,,,,,4.0,1370383.450663168,0.025817777425253183,4.003753287472663
density_curve,20,10,DRB25,,,,,,,,,,,,,4.0,1391903.1656109202,0.026731883670052806,4.003886176662185
density_curve,20,10,DRB25,,,,,,,,,,,,,4.0,1413760.8138073613,0.02763259556924281,4.004017118634145
density_curve,20,10,DRB25,,,,,,,,,,,,,4.0,1435961.7019622158,0.02845251691447361,4.004136315591457
density_curve,20,10,DRB25,,,,,,,,,,,,,4.0,1458511.22011873,0.029140273056494855,4.004236298888608
density_curve,20,10,DRB25,,,,,,,,,,,,,4.0,1481414.8429622927,0.029663135987112847,4.004312310655814
density_curve,20,10,DRB25,,,,,,,,,,,,,4.0,1504678.1311496203,0.030008633218118728,4.004362537691534
density_curve,20,10,DRB25,,,,,,,,,,,,,4.0,1528306.7326587688,0.03018614376268097,4.004388343480011
density_curve,20,10,DRB25,,,,,,,,,,,,,4.0,1552306.3841604206,0.030227716325557784,4.0043943871365535
density_curve,20,10,DRB25,,,,,,,,,,,,,4.0,1576682.9124106285,0.030186256793952274,4.004388359912055
density_curve,20,10,DRB25,,,,,,,,,,,,,4.0,1601442.23566548,0.030129422267404445,4.0043800975309445
density_curve,20,10,DRB25,,,,,,,,,,,,,4.0,1626590.3651179587,0.030128924762802864,4.0043800252056725
density_curve,20,10,DRB25,,,,,,,,,,,,,4.0,1652133.4063573685,0.03024689044222476,4.004397174594618
density_curve,20,10,DRB25,,,,,,,,,,,,,4.0,1678077.5608516952,0.030522633163845302,4.004437260992672
density_curve,20,10,DRB25,,,,,,,,,,,,,4.0,1704429.1274531947,0.030963913517160734,4.004501412603973
density_curve,20,10,DRB25,,,,,,,,,,,,,4.0,1731194.503927705,0.03154596610740601,4.004586029132321
density_curve,20,10,DRB25,,,,,,,,,,,,,4.0,1758380.1885078938,0.03221931449837514,4.004683917886993
density_curve,20,10,DRB25,,,,,,,,,,,,,4.0,1785992.7814709456,0.032924353156796975,4.0047864136487625
density_curve,20,10,DRB25,,,,,,,,,,,,,4.0,1814038.9867410094,0.03360806237284895,4.004885808619649
density_curve,20,10,DRB25,,,,,,,,,,,,,4.0,1842525.6135168101,0.03423722423017619,4.004977273708937
density_curve,20,10,DRB25,,,,,,,,,,,,,4.0,1871459.5779248201,0.03480368233186044,4.00505962317155
density_curve,20,10,DRB25,,,,,,,,,,,,,4.0,1900847.9046983868,0.035320137869662614,4.005134703457056
density_curve,20,10,DRB25,,,,,,,,,,,,,4.0,1930697.7288832497,0.03580853363651131,4.005205704522842
density_curve,20,10,DRB25,,,,,,,,,,,,,4.0,1961016.2975697976,0.03628586865531811,4.005275097620351
density_curve,20,10,DRB25,,,,,,,,,,,,,4.0,1991810.9716525706,0.03675329656601121,4.005343050461244
density_curve,20,10,DRB25,,,,,,,,,,,,,4.0,2023089.2276173707,0.037193254688842624,4.00540700985185
density_curve,20,10,DRB25,,,,,,,,,,,,,4.0,2054858.65935644,0.03757650348273875,4.005462725062085
density_curve,20,10,DRB25,,,,,,,,,,,,,4.0,2087126.9800121451,0.037877225761538354,4.0055064428904315
density_curve,20,10,DRB25,,,,,,,,,,,,,4.0,2119902.0238496074,0.03809096443557137,4.005537515382631
density_curve,20,10,DRB25,,,,,,,,,,,,,4.0,2153191.7481587674,0.03824841017100718,4.0055604042276585
density_curve,20,10,DRB25,,,,,,,,,,,,,4.0,2187004.235186248,0.038418730202163354,4.005585164687428
density_curve,20,10,DRB25,,,,,,,,,,,,,4.0,2221347.6940976637,0.03869928179713606,4.005625950180676
density_curve,20,10,DRB25,,,,,,,,,,,,,4.0,2256230.462970635,0.039193218164242705,4.00569775671725
density_curve,20,10,DRB25,,,,,,,,,,,,,4.0,2291661.0108191706,0.039981004763357045,4.005812282050895
density_curve,20,10,DRB25,,,,,,,,,,,,,4.0,2327647.9396498133,0.04109451270451337,4.005974159478894
density_curve,20,10,DRB25,,,,,,,,,,,,,4.0,2364199.9865500783,0.042502119964863104,4.006178791915284
density_curve,20,10,DRB25,,,,,,,,,,,,,4.0,2401326.0258096857,0.04411019875480288,4.006412568118321
density_curve,20,10,DRB25,,,,,,,,,,,,,4.0,2439035.071075103,0.04578156265773422,4.006655544463489
density_curve,20,10,DRB25,,,,,,,,,,,,,4.0,2477336.2775379405,0.04736645972764641,4.006885950598765
density_curve,20,10,DRB25,,,,,,,,,,,,,4.0,2516238.944157669,0.04873801103453857,4.007085341361706
density_curve,20,10,DRB25,,,,,,,,,,,,,4.0,2555752.5159192816,0.04982258582706814,4.007243012601755
density_curve,20,10,DRB25,,,,,,,,,,,,,4.0,2595886.586126396,0.050616797373745824,4.00735847196914
density_curve,20,10,DRB25,,,,,,,,,,,,,4.0,2636650.898730361,0.05118630634731878,4.007441264955572
density_curve,20,10,DRB25,,,,,,,,,,,,,4.0,2678055.350695943,0.05164661546666131,4.00750818289443
density_curve,20,10,DRB25,,,,,,,,,,,,,4.0,2720109.994404156,0.05213127406570789,4.007578640665382
density_curve,20,10,DRB25,,,,,,,,,,,,,4.0,2762825.0400928515,0.052756852582443406,4.007669584822633
density_curve,20,10,DRB25,,,,,,,,,,,,,4.0,2806210.858335576,0.0535952596046657,4.007791469155341
density_curve,20,10,DRB25,,,,,,,,,,,,,4.0,2850277.982559416,0.0546616951659323,4.007946503384918
density_curve,20,10,DRB25,,,,,,,,,,,,,4.0,2895037.1116023487,0.05592120961918626,4.00812960666841
density_curve,20,10,DRB25,,,,,,,,,,,,,4.0,2940499.1123107616,0.05731024162748426,4.00833153870733
density_curve,20,10,DRB25,,,,,,,,,,,,,4.0,2986675.022177758,0.058764195082481666,4.008542908772173
density_curve,20,10,DRB25,,,,,,,,,,,,,4.0,3033576.0520228897,0.06024032876738065,4.0087575033120615
density_curve,20,10,DRB25,,,,,,,,,,,,,4.0,3081213.5887140087,0.06172780196179549,4.008973746345479
density_curve,20,10,DRB25,,,,,,,,,,,,,4.0,3129599.1979317563,0.063242547105517,4.009193954068187
density_curve,20,10,DRB25,,,,,,,,,,,,,4.0,3178744.626977629,0.06481114576799489,4.009421990804756
density_curve,20,10,DRB25,,,,,,,,,,,,,4.0,3228661.807625975,0.06645220536994119,4.009660561629208
density_curve,20,10,DRB25,,,,,,,,,,,,,4.0,3279362.859020883,0.06816407987594225,4.009909427247357
density_curve,20,10,DRB25,,,,,,,,,,,,,4.0,3330860.090618524,0.06992422172670658,4.010165309783245
density_curve,20,10,DRB25,,,,,,,,,,,,,4.0,3383166.005175699,0.07169979643369348,4.010423435887392
density_curve,20,10,DRB25,,,,,,,,,,,,,4.0,3436293.3017853256,0.07346402761846096,4.010679912914659
density_curve,20,10,DRB25,,,,,,,,,,,,,4.0,3490254.8789595794,0.07521023957177707,4.010933770376556
density_curve,20,10,DRB25,,,,,,,,,,,,,4.0,3545063.837761485,0.076956589937033,4.01118764796024
density_curve,20,10,DRB25,,,,,,,,,,,,,4.0,3600733.4849856202,0.07873838641808552,4.011446678561558
density_curve,20,10,DRB25,,,,,,,,,,,,,4.0,3657277.33638883,0.08058994336506571,4.011715850666482
density_curve,20,10,DRB25,,,,,,,,,,,,,4.0,3714709.119971648,0.08252217126326518,4.011996750398678
density_curve,20,10,DRB25,,,,,,,,,,,,,4.0,3773042.7793112434,0.08450400733599238,4.0122848619732
density_curve,20,10,DRB25,,,,,,,,,,,,,4.0,3832292.476946719,0.08645483677957379,4.012568465925287
density_curve,20,10,DRB25,,,,,,,,,,,,,4.0,3892472.597817551,0.0882516844292321,4.0128296846066105
density_curve,20,10,DRB25,,,,,,,,,,,,,4.0,3953597.752756071,0.08975038949436279,4.0130475604854485
density_curve,20,10,DRB25,,,,,,,,,,,,,4.0,4015682.782034709,0.09081570852825492,4.013202432398644
density_curve,20,10,DRB25,,,,,,,,,,,,,4.0,4078742.7589690215,0.09135260128561523,4.01328048376717
density_curve,20,10,DRB25,,,,,,,,,,,,,4.0,4142792.9935772587,0.09133053023600479,4.013277275164329
density_curve,20,10,DRB25,,,,,,,,,,,,,4.0,4207849.036297407,0.09079443368170158,4.013199339544688
density_curve,20,10,DRB25,,,,,,,,,,,,,4.0,4273926.681762604,0.08985952696893702,4.013063426464513
density_curve,20,10,DRB25,,,,,,,,,,,,,4.0,4341041.972635828,0.08869132523616276,4.012893597867072
density_curve,20,10,DRB25,,,,,,,,,,,,,4.0,4409211.203504863,0.08747621106096701,4.012716949322293
density_curve,20,10,DRB25,,,,,,,,,,,,,4.0,4478450.924838282,0.08639043412463748,4.012559103319281
density_curve,20,10,DRB25,,,,,,,,,,,,,4.0,4548777.947003777,0.08557573911435433,4.012440666146096
density_curve,20,10,DRB25,,,,,,,,,,,,,4.0,4620209.3443493685,0.08512748175571028,4.012375500245058
density_curve,20,10,DRB25,,,,,,,,,,,,,4.0,4692762.459348841,0.08509661307390073,4.0123710126768675
density_curve,20,10,DRB25,,,,,,,,,,,,,4.0,4766454.906812234,0.08550181865904723,4.01242991987951
density_curve,20,10,DRB25,,,,,,,,,,,,,4.0,4841304.57816245,0.08634450769683731,4.0125524267148895
density_curve,20,10,DRB25,,,,,,,,,,,,,4.0,4917329.645779026,0.08761896883071964,4.012737702888334
density_curve,20,10,DRB25,,,,,,,,,,,,,4.0,4994548.567410101,0.089313138599217,4.0129839946610115
density_curve,20,10,DRB25,,,,,,,,,,,,,4.0,5072980.090653727,0.09140058466964603,4.013287459403811
density_curve,20,10,DRB25,,,,,,,,,,,,,4.0,5152643.257509442,0.09382892506612195,4.013640482030016
density_curve,20,10,DRB25,,,,,,,,,,,,,4.0,5233557.40900142,0.09651172886497078,4.014030497550097
density_curve,20,10,DRB25,,,,,,,,,,,,,4.0,5315742.189874179,0.09932927576885024,4.014440101495619
density_curve,20,10,DRB25,,,,,,,,,,,,,4.0,5399217.553362021,0.10213956096027033,4.014848649761793
density_curve,20,10,DRB25,,,,,,,,,,,,,4.0,5484003.766033389,0.1047968458872291,4.015234955448118
density_curve,20,10,DRB25,,,,,,,,,,,,,4.0,5570121.412711266,0.10717280978535826,4.015580363783911
density_curve,20,10,DRB25,,,,,,,,,,,,,4.0,5657591.401470916,0.10917557852271027,4.0158715184673195
density_curve,20,10,DRB25,,,,,,,,,,,,,4.0,5746434.968715974,0.11076381218416559,4.01610240966322
density_curve,20,10,DRB25,,,,,,,,,,,,,4.0,5836673.684334379,0.11195514283341176,4.0162756006520475
density_curve,20,10,DRB25,,,,,,,,,,,,,4.0,5928329.456935207,0.11282936923075515,4.0164026922653715
density_curve,20,10,DRB25,,,,,,,,,,,,,4.0,6021424.539167753,0.11352663994668388,4.016504058754053
density_curve,20,10,DRB25,,,,,,,,,,,,,4.0,6115981.53312414,0.11424002460270792,4.0166077678243015
density_curve,20,10,DRB25,,,,,,,,,,,,,4.0,6212023.395826757,0.11520151108850035,4.016747544967888
density_curve,20,10,DRB25,,,,,,,,,,,,,4.0,6309573.444801942,0.11666161584817714,4.016959809285339
density_curve,20,10,DRB25,,,,,,,,,,,,,4.0,6408655.363740995,0.11886600239921497,4.017280274377691
density_curve,20,10,DRB25,,,,,,,,,,,,,4.0,6509293.20825039,0.12203775940606534,4.017741372002171
density_curve,20,10,DRB25,,,,,,,,,,,,,4.0,6611511.411691989,0.12638098962053235,4.018372773818306
density_curve,20,10,DRB25,,,,,,,,,,,,,4.0,6715334.791115149,0.13212983714394416,4.01920851877948
density_curve,20,10,DRB25,,,,,,,,,,,,,4.0,6820788.553281926,0.13967670383244174,4.020305652732308
density_curve,20,10,DRB25,,,,,,,,,,,,,4.0,6927898.300786892,0.14982278521510847,4.021780650348211
density_curve,20,10,DRB25,,,,,,,,,,,,,4.0,7036690.03827307,0.16419884841572324,4.023870586171436
density_curve,20,10,DRB25,,,,,,,,,,,,,4.0,7147190.1787454495,0.18589526926431638,4.027024726949372
density_curve,20,10,DRB25,,,,,,,,,,,,,4.0,7259425.549983729,0.22030413464169332,4.03202695317676
density_curve,20,10,DRB25,,,,,,,,,,,,,4.0,7373423.401055615,0.27609931470957544,4.040138238162079
density_curve,20,10,DRB25,,,,,,,,,,,,,4.0,7489211.408932546,0.36615992381292767,4.05323089716058
density_curve,20,10,DRB25,,,,,,,,,,,,,4.0,7606817.685209225,0.5080994295119506,4.073865507175269
density_curve,20,10,DRB25,,,,,,,,,,,,,4.0,7726270.782928702,0.723950321023714,4.10524506528866
density_curve,20,10,DRB25,,,,,,,,,,,,,4.0,7847599.7035146225,1.0385520017579521,4.150980626786826
density_curve,20,10,DRB25,,,,,,,,,,,,,4.0,7970833.903812322,1.4763724543985477,4.214629251263864
density_curve,20,10,DRB25,,,,,,,,,,,,,4.0,8096003.303240569,2.056884617523238,4.299021838344322
density_curve,20,10,DRB25,,,,,,,,,,,,,4.0,8223138.291055465,2.789142387501588,4.40547460805996
density_curve,20,10,DRB25,,,,,,,,,,,,,4.0,8352269.733728553,3.666683471749905,4.533048097598022
density_curve,20,10,DRB25,,,,,,,,,,,,,4.0,8483428.982440725,4.664107104251978,4.678049642972976
density_curve,20,10,DRB25,,,,,,,,,,,,,4.0,8616647.880693821,5.736475828447877,4.833946412563354
density_curve,20,10,DRB25,,,,,,,,,,,,,4.0,8751958.77204175,6.822078479773844,4.9917670787035116
density_curve,20,10,DRB25,,,,,,,,,,,,,4.0,8889394.507943004,7.848266117670941,5.140950222646557
density_curve,20,10,DRB25,,,,,,,,,,,,,4.0,9028988.455736592,8.739346174259614,5.270491955013613
density_curve,20,10,DRB25,,,,,,,,,,,,,4.0,9170774.50674293,9.425157271708986,5.370192489194856
density_curve,20,10,DRB25,,,,,,,,,,,,,4.0,9314787.084492404,9.84902122668316,5.431812172644523
density_curve,20,10,DRB25,,,,,,,,,,,,,4.0,9461061.153082676,9.974130023153641,5.45
density_curve,20,10,DRB25,,,,,,,,,,,,,4.0,9609632.225667553,9.787811601929967,5.4229137568743155
density_curve,20,10,DRB25,,,,,,,,,,,,,4.0,9760536.373079011,9.303336369591708,5.352482643056896
density_curve,20,10,DRB25,,,,,,,,,,,,,4.0,9913810.23258467,8.558981626855317,5.244271262769866
density_curve,20,10,DRB25,,,,,,,,,,,,,4.0,10069491.016782762,7.614148194072644,5.106915074876327
density_curve,20,10,DRB25,,,,,,,,,,,,,4.0,10227616.522636779,6.542630026473726,4.951141955876302
density_curve,20,10,DRB25,,,,,,,,,,,,,4.0,10388225.14065211,5.4237215116452635,4.788479413605945
density_curve,20,10,DRB25,,,,,,,,,,,,,4.0,10551355.864196453,4.332520755632099,4.629844916908376
density_curve,20,10,DRB25,,,,,,,,,,,,,4.0,10717048.298967114,3.3312180356197687,4.484279444967715
density_curve,20,10,DRB25,,,,,,,,,,,,,4.0,10885342.672606446,2.4630697406065836,4.358071442380327
density_curve,20,10,DRB25,,,,,,,,,,,,,4.0,11056279.844468623,1.7501048566637751,4.2544233969550875
density_curve,20,10,DRB25,,,,,,,,,,,,,4.0,11229901.315539658,1.194620092238026,4.173669195180338
density_curve,20,10,DRB25,,,,,,,,,,,,,4.0,11406249.238513203,0.7835709274902845,4.11391247579723
density_curve,20,10,DRB25,,,,,,,,,,,,,4.0,11585366.428024698,0.4943972533636179,4.071873538415192
density_curve,20,10,DRB25,,,,,,,,,,,,,4.0,11767296.371045876,0.3007770777979421,4.043725794810635
density_curve,20,10,DRB25,,,,,,,,,,,,,4.0,11952083.237443073,0.17719482221240762,4.025759889996577
density_curve,20,10,DRB25,,,,,,,,,,,,,4.0,12139771.890700752,0.10181032755378838,4.014800787097251
density_curve,20,10,DRB25,,,,,,,,,,,,,4.0,12330407.898813803,0.05767356107498442,4.0083843566671575
density_curve,20,10,DRB25,,,,,,,,,,,,,4.0,12524037.545350743,0.03268850020892748,4.004752126269952
density_curve,20,10,DRB25,,,,,,,,,,,,,4.0,12720707.84069066,0.018850039354615104,4.002740344972518
density_curve,20,10,DRB25,,,,,,,,,,,,,4.0,12920466.533436738,0.011215870994788461,4.001630519444271
density_curve,20,10,DRB25,,,,,,,,,,,,,4.0,13123362.122008637,0.006924384355691336,4.0010066399066835
density_curve,20,10,DRB25,,,,,,,,,,,,,4.0,13329443.866417537,0.004411590310713039,4.000641339739475
density_curve,20,10,DRB25,,,,,,,,,,,,,4.0,13538761.800225446,0.0028618410870438434,4.000416043260573
density_curve,20,10,DRB25,,,,,,,,,,,,,4.0,13751366.742692733,0.001860923435429591,4.0002705337683695
density_curve,20,10,DRB25,,,,,,,,,,,,,4.0,13967310.311116258,0.0011965029955304954,4.000173942924294
density_curve,20,10,DRB25,,,,,,,,,,,,,4.0,14186644.93336124,0.0007529731241296683,4.000109464286855
density_curve,20,10,DRB25,,,,,,,,,,,,,4.0,14409423.860590115,0.0004605451770063148,4.000066952255997
density_curve,20,10,DRB25,,,,,,,,,,,,,4.0,14635701.180190798,0.00027247316428128575,4.0000396110826
density_curve,20,10,DRB25,,,,,,,,,,,,,4.0,14865531.828908725,0.00015541684339796523,4.00002259389264
density_curve,20,10,DRB25,,,,,,,,,,,,,4.0,15098971.606184201,8.525997706534868e-05,4.000012394761895
density_curve,20,10,DRB25,,,,,,,,,,,,,4.0,15336077.187700124,4.490037915649772e-05,4.000006527441454
density_curve,20,10,DRB25,,,,,,,,,,,,,4.0,15576906.139141649,2.2664560057808942e-05,4.000003294885069
density_curve,20,10,DRB25,,,,,,,,,,,,,4.0,15821516.930172438,1.0951564681889392e-05,4.000001592095627
density_curve,20,10,DRB25,,,,,,,,,,,,,4.0,16069968.948630175,5.0600618095602936e-06,4.000000735611989
density_curve,20,10,DRB25,,,,,,,,,,,,,4.0,16322322.514945026,2.2334280557860634e-06,4.000000324687033
density_curve,20,10,DRB25,,,,,,,,,,,,,4.0,16578638.896784693,9.40953692524574e-07,4.000000136792166
density_curve,20,10,DRB25,,,,,,,,,,,,,4.0,16838980.323928915,3.781286870352486e-07,4.000000054970869
density_curve,20,10,DRB25,,,,,,,,,,,,,4.0,17103410.003378414,1.448526860156323e-07,4.000000021058117
density_curve,20,10,DRB25,,,,,,,,,,,,,4.0,17371992.134700213,5.2870029079691e-08,4.000000007686038
density_curve,20,10,DRB25,,,,,,,,,,,,,4.0,17644791.92561452,1.8378245646704755e-08,4.000000002671757
density_curve,20,10,DRB25,,,,,,,,,,,,,4.0,17921875.607826144,6.082128777875549e-09,4.000000000884196
density_curve,20,10,DRB25,,,,,,,,,,,,,4.0,18203310.453104522,1.9157353055727753e-09,4.000000000278502
density_curve,20,10,DRB25,,,,,,,,,,,,,4.0,18489164.789616488,5.741651120393809e-10,4.00000000008347
density_curve,20,10,DRB25,,,,,,,,,,,,,4.0,18779508.018514913,1.6370838153791065e-10,4.0000000000238
density_curve,20,10,DRB25,,,,,,,,,,,,,4.0,19074410.630788796,4.439812265038161e-11,4.000000000006454
density_curve,20,10,DRB25,,,,,,,,,,,,,4.0,19373944.224377003,1.1451369159972498e-11,4.0000000000016644
density_curve,20,10,DRB25,,,,,,,,,,,,,4.0,19678181.521551367,2.808662077946022e-12,4.000000000000409
density_curve,20,10,DRB25,,,,,,,,,,,,,4.0,19987196.386572525,6.550127631953935e-13,4.000000000000095
density_curve,20,10,DRB25,,,,,,,,,,,,,4.0,20301063.843623016,1.4523604502312596e-13,4.000000000000021
density_curve,20,10,DRB25,,,,,,,,,,,,,4.0,20619860.095022235,3.061579974269957e-14,4.000000000000004
density_curve,20,10,DRB25,,,,,,,,,,,,,4.0,20943662.539726753,6.135365444622723e-15,4.000000000000001
density_curve,20,10,DRB25,,,,,,,,,,,,,4.0,21272549.792122267,1.1687995638118763e-15,4.0
density_curve,20,10,DRB25,,,,,,,,,,,,,4.0,21606601.701109305,2.1165518059094007e-16,4.0
density_curve,20,10,DRB25,,,,,,,,,,,,,4.0,21945899.369489986,3.643294223636544e-17,4.0
density_curve,20,10,DRB25,,,,,,,,,,,,,4.0,22290525.173658106,5.9610881773505295e-18,4.0
density_curve,20,10,DRB25,,,,,,,,,,,,,4.0,22640562.78359909,9.270734389870065e-19,4.0
density_curve,20,10,DRB25,,,,,,,,,,,,,4.0,22996097.183203783,1.3704174543081487e-19,4.0
density_curve,20,10,DRB25,,,,,,,,,,,,,4.0,23357214.690901212,1.9254661493603347e-20,4.0
density_curve,20,10,DRB25,,,,,,,,,,,,,4.0,23724002.980615646,2.5713328847921823e-21,4.0
density_curve,20,10,DRB25,,,,,,,,,,,,,4.0,24096551.10305199,3.2637442939141737e-22,4.0
density_curve,20,10,DRB25,,,,,,,,,,,,,4.0,24474949.507316638,3.9373683678100105e-23,4.0
density_curve,20,10,DRB25,,,,,,,,,,,,,4.0,24859290.062876612,4.514663056776189e-24,4.0
density_curve,20,10,DRB25,,,,,,,,,,,,,4.0,25249666.08186437,4.920075397019448e-25,4.0
density_curve,20,10,DRB25,,,,,,,,,,,,,4.0,25646172.341732506,5.0961644198467017e-26,4.0
density_curve,20,10,DRB25,,,,,,,,,,,,,4.0,26048905.10826428,5.016939045107323e-27,4.0
density_curve,20,10,DRB25,,,,,,,,,,,,,4.0,26457962.158945747,4.6941467792678475e-28,4.0
density_curve,20,10,DRB25,,,,,,,,,,,,,4.0,26873442.80670409,4.174417684458825e-29,4.0
density_curve,20,10,DRB25,,,,,,,,,,,,,4.0,27295447.924020074,3.528220044912275e-30,4.0
density_curve,20,10,DRB25,,,,,,,,,,,,,4.0,27724079.967417758,2.8342309021702497e-31,4.0
density_curve,20,10,DRB25,,,,,,,,,,,,,4.0,28159443.002339695,2.163884135143277e-32,4.0
density_curve,20,10,DRB25,,,,,,,,,,,,,4.0,28601642.7284124,1.570187409419878e-33,4.0
density_curve,20,10,DRB25,,,,,,,,,,,,,4.0,29050786.505108584,1.0828973303553193e-34,4.0
density_curve,20,10,DRB25,,,,,,,,,,,,,4.0,29506983.377812706,7.098082468975409e-36,4.0
density_curve,20,10,DRB25,,,,,,,,,,,,,4.0,29970344.104294933,4.421936308875181e-37,4.0
density_curve,20,10,DRB25,,,,,,,,,,,,,4.0,30440981.18160234,2.618191304258168e-38,4.0
density_curve,20,10,DRB25,,,,,,,,,,,,,4.0,30919008.873370558,1.4733554266119665e-39,4.0
density_curve,20,10,DRB25,,,,,,,,,,,,,4.0,31404543.237566188,7.880082698068848e-41,4.0
density_curve,20,10,DRB25,,,,,,,,,,,,,4.0,31897702.154663246,4.0056314449391035e-42,4.0
density_curve,20,10,DRB25,,,,,,,,,,,,,4.0,32398605.356263112,1.9352097965868888e-43,4.0
density_curve,20,10,DRB25,,,,,,,,,,,,,4.0,32907374.454163484,8.885909424398677e-45,4.0
density_curve,20,10,DRB25,,,,,,,,,,,,,4.0,33424132.969883844,3.877862412610359e-46,4.0
density_curve,20,10,DRB25,,,,,,,,,,,,,4.0,33949006.36465498,1.6084202521978864e-47,4.0
density_curve,20,10,DRB25,,,,,,,,,,,,,4.0,34482122.069878325,6.3404960970201825e-49,4.0
density_curve,20,10,DRB25,,,,,,,,,,,,,4.0,35023609.518065386,2.3755461540767103e-50,4.0
density_curve,20,10,DRB25,,,,,,,,,,,,,4.0,35573600.17426121,8.45902280715696e-52,4.0
density_curve,20,10,DRB25,,,,,,,,,,,,,4.0,36132227.56796255,2.862815626314223e-53,4.0
density_curve,20,10,DRB25,,,,,,,,,,,,,4.0,36699627.32553667,9.208375001149182e-55,4.0
density_curve,20,10,DRB25,,,,,,,,,,,,,4.0,37275937.20314938,2.8150689025893216e-56,4.0
density_curve,20,10,DRB25,,,,,,,,,,,,,4.0,37861297.12021055,8.179211869665661e-58,4.0
density_curve,20,10,DRB25,,,,,,,,,,,,,4.0,38455849.19334357,2.2586569231700417e-59,4.0
density_curve,20,10,DRB25,,,,,,,,,,,,,4.0,39059737.77089033,5.927962538572182e-61,4.0
density_curve,20,10,DRB25,,,,,,,,,,,,,4.0,39673109.46795558,1.4786895106254302e-62,4.0
density_curve,20,10,DRB25,,,,,,,,,,,,,4.0,40296113.20200404,3.505620386235218e-64,4.0
density_curve,20,10,DRB25,,,,,,,,,,,,,4.0,40928900.22901449,7.898945630023188e-66,4.0
density_curve,20,10,DRB25,,,,,,,,,,,,,4.0,41571624.180202775,1.6915689414498727e-67,4.0
density_curve,20,10,DRB25,,,,,,,,,,,,,4.0,42224441.09932146,3.442917491950667e-69,4.0
density_curve,20,10,DRB25,,,,,,,,,,,,,4.0,42887509.48054403,6.6600863243108705e-71,4.0
density_curve,20,10,DRB25,,,,,,,,,,,,,4.0,43560990.30694617,1.2244736073607087e-72,4.0
density_curve,20,10,DRB25,,,,,,,,,,,,,4.0,44245047.08958865,2.139613470735718e-74,4.0
density_curve,20,10,DRB25,,,,,,,,,,,,,4.0,44939845.907216705,3.553346346758228e-76,4.0
density_curve,20,10,DRB25,,,,,,,,,,,,,4.0,45645555.44658045,5.608620793110699e-78,4.0
density_curve,20,10,DRB25,,,,,,,,,,,,,4.0,46362347.04338999,8.413775767568812e-80,4.0
density_curve,20,10,DRB25,,,,,,,,,,,,,4.0,47090394.72391306,1.19961560565699e-81,4.0
density_curve,20,10,DRB25,,,,,,,,,,,,,4.0,47829875.24722586,1.625584674418422e-83,4.0
density_curve,20,10,DRB25,,,,,,,,,,,,,4.0,48580968.14812807,2.0935985116421282e-85,4.0
density_curve,20,10,DRB25,,,,,,,,,,,,,4.0,49343855.78073008,2.5626749285378796e-87,4.0
density_curve,20,10,DRB25,,,,,,,,,,,,,4.0,50118723.36272725,2.9813293332783804e-89,4.0
density_curve,21,14,DRB34,,,,,,,,,,,,,3.0,100000.0,0.000508840117732057,3.0000739691696543
density_curve,21,14,DRB34,,,,,,,,,,,,,3.0,101570.34258822507,0.0006498694734745576,3.000094470352595
density_curve,21,14,DRB34,,,,,,,,,,,,,3.0,103165.34493489409,0.0008228727779762503,3.000119619530766
density_curve,21,14,DRB34,,,,,,,,,,,,,3.0,104785.39428269603,0.0010085341550622937,3.000146608790106
density_curve,21,14,DRB34,,,,,,,,,,,,,3.0,106430.88395535655,0.0011838076449406834,3.0001720879810283
density_curve,21,14,DRB34,,,,,,,,,,,,,3.0,108102.21345313193,0.0013249834446711197,3.000192610452267
density_curve,21,14,DRB34,,,,,,,,,,,,,3.0,109799.78854980043,0.0014118812938657783,3.0002052426357873
density_curve,21,14,DRB34,,,,,,,,,,,,,3.0,111524.02139117903,0.0014321234312263404,3.0002081851987663
density_curve,21,14,DRB34,,,,,,,,,,,,,3.0,113275.33059518597,0.0013842315077571266,3.000201223236278
density_curve,21,14,DRB34,,,,,,,,,,,,,3.0,115054.14135347492,0.0012786023516738812,3.000185868116478
density_curve,21,14,DRB34,,,,,,,,,,,,,3.0,116860.88553466521,0.0011361241893835057,3.000165156323144
density_curve,21,14,DRB34,,,,,,,,,,,,,3.0,118696.00178919302,0.0009849699314723333,3.000143183301447
density_curve,21,14,DRB34,,,,,,,,,,,,,3.0,120559.93565580886,0.0008565837599744393,3.0001245200353837
density_curve,21,14,DRB34,,,,,,,,,,,,,3.0,122453.13966974878,0.0007818590040942573,3.000113657432471
density_curve,21,14,DRB34,,,,,,,,,,,,,3.0,124376.07347260158,0.0007880572761226125,3.00011455846409
density_curve,21,14,DRB34,,,,,,,,,,,,,3.0,126329.20392390396,0.0008964376261082592,3.000130313519983
density_curve,21,14,DRB34,,,,,,,,,,,,,3.0,128313.00521448672,0.00112020627723878,3.0001628423649813
density_curve,21,14,DRB34,,,,,,,,,,,,,3.0,130327.95898160127,0.0014624777666557003,3.0002125977537295
density_curve,21,14,DRB34,,,,,,,,,,,,,3.0,132374.55442585386,0.0019144076847905577,3.0002782939903696
density_curve,21,14,DRB34,,,,,,,,,,,,,3.0,134453.28842997624,0.0024542188026207214,3.0003567653584176
density_curve,21,14,DRB34,,,,,,,,,,,,,3.0,136564.66567946097,0.0030481048946229996,3.000443097507876
density_curve,21,14,DRB34,,,,,,,,,,,,,3.0,138709.19878509274,0.003653692185246708,3.0005311306394624
density_curve,21,14,DRB34,,,,,,,,,,,,,3.0,140887.40840740083,0.004225897058216344,3.0006143110292363
density_curve,21,14,DRB34,,,,,,,,,,,,,3.0,143099.82338306884,0.004723997590645656,3.000686719004756
density_curve,21,14,DRB34,,,,,,,,,,,,,3.0,145346.98085332804,0.005118062583968364,3.0007440035217
density_curve,21,14,DRB34,,,,,,,,,,,,,3.0,147629.42639436718,0.0053929661919127694,3.0007839657630915
density_curve,21,14,DRB34,,,,,,,,,,,,,3.0,149947.71414979032,0.005549091397054021,3.000806661402417
density_curve,21,14,DRB34,,,,,,,,,,,,,3.0,152302.40696515449,0.0056000765631959975,3.0008140730240105
density_curve,21,14,DRB34,,,,,,,,,,,,,3.0,154694.07652461986,0.005568928768787957,3.0008095451253474
density_curve,21,14,DRB34,,,,,,,,,,,,,3.0,157123.30348974746,0.005484002251217325,3.000797199510748
density_curve,21,14,DRB34,,,,,,,,,,,,,3.0,159590.6776404731,0.005375684164931855,3.0007814535060167
density_curve,21,14,DRB34,,,,,,,,,,,,,3.0,162096.79801829843,0.0052736315376288685,3.0007666182997514
density_curve,21,14,DRB34,,,,,,,,,,,,,3.0,164642.27307172897,0.005203774719273388,3.0007564633401316
density_curve,21,14,DRB34,,,,,,,,,,,,,3.0,167227.72080399614,0.005184508946179631,3.0007536627094646
density_curve,21,14,DRB34,,,,,,,,,,,,,3.0,169853.76892309941,0.005222430982252304,3.000759175367414
density_curve,21,14,DRB34,,,,,,,,,,,,,3.0,172521.0549942039,0.005309017685975931,3.0007717623202783
density_curve,21,14,DRB34,,,,,,,,,,,,,3.0,175230.2265944331,0.005420048390120049,3.000787902653372
density_curve,21,14,DRB34,,,,,,,,,,,,,3.0,177981.9414700888,0.005518971302066383,3.000802282898564
density_curve,21,14,DRB34,,,,,,,,,,,,,3.0,180776.86769634343,0.005564037782105441,3.0008088341314396
density_curve,21,14,DRB34,,,,,,,,,,,,,3.0,183615.6838394384,0.005517557841211619,3.0008020774263104
density_curve,21,14,DRB34,,,,,,,,,,,,,3.0,186499.07912142982,0.005354774360971759,3.0007784138855493
density_curve,21,14,DRB34,,,,,,,,,,,,,3.0,189427.7535875212,0.005069956408854826,3.000737010413837
density_curve,21,14,DRB34,,,,,,,,,,,,,3.0,192402.4182760241,0.004678226081349392,3.0006800652830496
density_curve,21,14,DRB34,,,,,,,,,,,,,3.0,195423.79539098707,0.004212890621851932,3.000612420307054
density_curve,21,14,DRB34,,,,,,,,,,,,,3.0,198492.61847753756,0.003719167867702849,3.0005406487212625
density_curve,21,14,DRB34,,,,,,,,,,,,,3.0,201609.63259997344,0.0032458905012340907,3.0004718492445823
density_curve,21,14,DRB34,,,,,,,,,,,,,3.0,204775.59452265495,0.0028370140487637115,3.000412411612551
density_curve,21,14,DRB34,,,,,,,,,,,,,3.0,207991.2728937353,0.002524623416587573,3.0003669999500966
density_curve,21,14,DRB34,,,,,,,,,,,,,3.0,211257.44843177704,0.002324724552572821,3.000337941012975
density_curve,21,14,DRB34,,,,,,,,,,,,,3.0,214574.91411529886,0.002236479601886779,3.000325113003742
density_curve,21,14,DRB34,,,,,,,,,,,,,3.0,217944.4753752988,0.002244771586038177,3.000326318394514
density_curve,21,14,DRB34,,,,,,,,,,,,,3.0,221366.95029080036,0.0023252228969903787,3.0003380134564037
density_curve,21,14,DRB34,,,,,,,,,,,,,3.0,224843.16978747185,0.0024502634385352314,3.000356190374278
density_curve,21,14,DRB34,,,,,,,,,,,,,3.0,228373.97783935972,0.002594742326624355,3.000377193009511
density_curve,21,14,DRB34,,,,,,,,,,,,,3.0,231960.2316737949,0.0027399452358798635,3.000398300894394
density_curve,21,14,DRB34,,,,,,,,,,,,,3.0,235602.80197951404,0.002875560152168148,3.0004180149900423
density_curve,21,14,DRB34,,,,,,,,,,,,,3.0,239302.57311804994,0.0029998341111482567,3.0004360804711925
density_curve,21,14,DRB34,,,,,,,,,,,,,3.0,243060.44333844114,0.0031186011097266114,3.000453345415447
density_curve,21,14,DRB34,,,,,,,,,,,,,3.0,246877.32499531287,0.0032439049687400558,3.000471560611307
density_curve,21,14,DRB34,,,,,,,,,,,,,3.0,250754.1447703851,0.0033926538463610067,3.000493183967212
density_curve,21,14,DRB34,,,,,,,,,,,,,3.0,254691.843897454,0.0035853235279697374,3.0005211920111328
density_curve,21,14,DRB34,,,,,,,,,,,,,3.0,258691.37839091144,0.003844395414444708,3.000558852823745
density_curve,21,14,DRB34,,,,,,,,,,,,,3.0,262753.7192778504,0.004192122638527358,3.000609401302796
density_curve,21,14,DRB34,,,,,,,,,,,,,3.0,266879.85283381585,0.004647404431796024,3.0006755847954754
density_curve,21,14,DRB34,,,,,,,,,,,,,3.0,271070.7808222577,0.005221950215865814,3.0007591054792715
density_curve,21,14,DRB34,,,,,,,,,,,,,3.0,275327.5207377438,0.005916387217876911,3.000860054533063
density_curve,21,14,DRB34,,,,,,,,,,,,,3.0,279651.1060529923,0.006717324493341568,3.0009764853394136
density_curve,21,14,DRB34,,,,,,,,,,,,,3.0,284042.5864697849,0.007596461778371202,3.0011042839400344
density_curve,21,14,DRB34,,,,,,,,,,,,,3.0,288503.028173816,0.008512529606029648,3.0012374510669915
density_curve,21,14,DRB34,,,,,,,,,,,,,3.0,293033.5140935484,0.009416195663244534,3.0013688153709595
density_curve,21,14,DRB34,,,,,,,,,,,,,3.0,297635.14416313195,0.010257228859530919,3.0014910748489627
density_curve,21,14,DRB34,,,,,,,,,,,,,3.0,302309.0355894507,0.010992431623097739,3.0015979499479446
density_curve,21,14,DRB34,,,,,,,,,,,,,3.0,307056.3231233643,0.011592422842125496,3.001685169588702
density_curve,21,14,DRB34,,,,,,,,,,,,,3.0,311878.15933520853,0.01204551528874921,3.00175103482001
density_curve,21,14,DRB34,,,,,,,,,,,,,3.0,316775.7148946211,0.012357747738489962,3.0017964234877694
density_curve,21,14,DRB34,,,,,,,,,,,,,3.0,321750.1788547658,0.012549389031696025,3.0018242820367242
density_curve,21,14,DRB34,,,,,,,,,,,,,3.0,326802.75894101255,0.0126494284355782,3.001838824584334
density_curve,21,14,DRB34,,,,,,,,,,,,,3.0,331934.6818441578,0.01269010152443699,3.001844737157862
density_curve,21,14,DRB34,,,,,,,,,,,,,3.0,337147.193518246,0.012703016963591409,3.0018466146519445
density_curve,21,14,DRB34,,,,,,,,,,,,,3.0,342441.55948306865,0.0127171476770402,3.001848668808258
density_curve,21,14,DRB34,,,,,,,,,,,,,3.0,347819.06513141334,0.01275759461783135,3.00185454850705
density_curve,21,14,DRB34,,,,,,,,,,,,,3.0,353281.01604113757,0.012843541874613978,3.0018670425046667
density_curve,21,14,DRB34,,,,,,,,,,,,,3.0,358828.7382921458,0.012984646813912837,3.0018875546750525
density_curve,21,14,DRB34,,,,,,,,,,,,,3.0,364463.57878833805,0.01317682038535473,3.0019154906003336
density_curve,21,14,DRB34,,,,,,,,,,,,,3.0,370186.9055846206,0.013399813817874784,3.001947906753202
density_curve,21,14,DRB34,,,,,,,,,,,,,3.0,376000.1082190484,0.01361910373378308,3.0019797845325438
density_curve,21,14,DRB34,,,,,,,,,,,,,3.0,381904.59805018455,0.013792924745209593,3.0020050525792947
density_curve,21,14,DRB34,,,,,,,,,,,,,3.0,387901.8085997564,0.013882722095042805,3.0020181062579905
density_curve,21,14,DRB34,,,,,,,,,,,,,3.0,393993.19590069365,0.013863262496891746,3.0020152774513242
density_curve,21,14,DRB34,,,,,,,,,,,,,3.0,400180.2388506313,0.01372840103446803,3.0019956728839046
density_curve,21,14,DRB34,,,,,,,,,,,,,3.0,406464.4395709628,0.013490291887022108,3.0019610593868356
density_curve,21,14,DRB34,,,,,,,,,,,,,3.0,412847.323771536,0.013172722997176438,3.001914894970408
density_curve,21,14,DRB34,,,,,,,,,,,,,3.0,419330.44112106785,0.01280173084626366,3.001860964510928
density_curve,21,14,DRB34,,,,,,,,,,,,,3.0,425915.3656233841,0.012397496469982321,3.0018022016891353
density_curve,21,14,DRB34,,,,,,,,,,,,,3.0,432603.6959995626,0.011970471933745723,3.0017401259029177
density_curve,21,14,DRB34,,,,,,,,,,,,,3.0,439397.0560760795,0.011522459892295427,3.001674999200941
density_curve,21,14,DRB34,,,,,,,,,,,,,3.0,446297.0951790494,0.011051169278524814,3.0016064885349154
density_curve,21,14,DRB34,,,,,,,,,,,,,3.0,453305.48853465647,0.010555595987291668,3.0015344479398878
density_curve,21,14,DRB34,,,,,,,,,,,,,3.0,460423.93767587794,0.01003977147659643,3.0014594634616323
density_curve,21,14,DRB34,,,,,,,,,,,,,3.0,467654.17085558514,0.009513639960454259,3.0013829806725956
density_curve,21,14,DRB34,,,,,,,,,,,,,3.0,474997.94346614124,0.0089913391657716,3.0013070547486245
density_curve,21,14,DRB34,,,,,,,,,,,,,3.0,482457.03846558335,0.008488265949874107,3.0012339239030825
density_curve,21,14,DRB34,,,,,,,,,,,,,3.0,490033.26681049785,0.008018616563717081,3.0011656518193535
density_curve,21,14,DRB34,,,,,,,,,,,,,3.0,497728.46789569367,0.007594615552901275,3.0011040155575697
density_curve,21,14,DRB34,,,,,,,,,,,,,3.0,505544.5100007789,0.007227715091659203,3.001050679899633
density_curve,21,14,DRB34,,,,,,,,,,,,,3.0,513483.29074375494,0.006931111004677358,3.0010075630987645
density_curve,21,14,DRB34,,,,,,,,,,,,,3.0,521546.7375417237,0.0067223549864711225,3.000977216613122
density_curve,21,14,DRB34,,,,,,,,,,,,,3.0,529736.8080788398,0.006624789377384953,3.0009630336765976
density_curve,21,14,DRB34,,,,,,,,,,,,,3.0,538055.490781606,0.006666884134592739,3.000969152915488
density_curve,21,14,DRB34,,,,,,,,,,,,,3.0,546504.805301633,0.006879069420475071,3.000999997907584
density_curve,21,14,DRB34,,,,,,,,,,,,,3.0,555086.803005981,0.007288134572889662,3.001059462970585
density_curve,21,14,DRB34,,,,,,,,,,,,,3.0,563803.567475201,0.007909691982011384,3.0011498176494777
density_curve,21,14,DRB34,,,,,,,,,,,,,3.0,572657.2150091964,0.008739723800189884,3.0012704778769983
density_curve,21,14,DRB34,,,,,,,,,,,,,3.0,581649.8951410283,0.009746941625781774,3.0014168953146645
density_curve,21,14,DRB34,,,,,,,,,,,,,3.0,590783.7911587943,0.01086843282450721,3.0015799244663635
density_curve,21,14,DRB34,,,,,,,,,,,,,3.0,600061.1206356916,0.012011360998515706,3.0017460698724743
density_curve,21,14,DRB34,,,,,,,,,,,,,3.0,609484.1359684145,0.013062749961063734,3.0018989083886076
density_curve,21,14,DRB34,,,,,,,,,,,,,3.0,619055.1249240021,0.013907340425971125,3.0020216849803307
density_curve,21,14,DRB34,,,,,,,,,,,,,3.0,628776.4111952737,0.014450567622974137,3.002100652937643
density_curve,21,14,DRB34,,,,,,,,,,,,,3.0,638650.3549649863,0.014640965007209376,3.0021283306617956
density_curve,21,14,DRB34,,,,,,,,,,,,,3.0,648679.3534788508,0.014485129472081424,3.002105677131277
density_curve,21,14,DRB34,,,,,,,,,,,,,3.0,658865.8416275523,0.014049729463509863,3.0020423838177606
density_curve,21,14,DRB34,,,,,,,,,,,,,3.0,669212.2925378972,0.013448791868602105,3.0019550266040493
density_curve,21,14,DRB34,,,,,,,,,,,,,3.0,679721.2181732573,0.012819376229106267,3.001863529588389
density_curve,21,14,DRB34,,,,,,,,,,,,,3.0,690395.1699434342,0.012292763342711475,3.001786976823427
density_curve,21,14,DRB34,,,,,,,,,,,,,3.0,701236.7393241049,0.011969715580039758,3.0017400159531444
density_curve,21,14,DRB34,,,,,,,,,,,,,3.0,712248.5584859921,0.011906571575454493,3.0017308368231483
density_curve,21,14,DRB34,,,,,,,,,,,,,3.0,723433.3009339154,0.012114706802665355,3.001761093065524
density_curve,21,14,DRB34,,,,,,,,,,,,,3.0,734793.6821558832,0.012571053997244402,3.0018274314336693
density_curve,21,14,DRB34,,,,,,,,,,,,,3.0,746332.4602823642,0.01323392319188777,3.001923791532271
density_curve,21,14,DRB34,,,,,,,,,,,,,3.0,758052.4367559261,0.014057530306028609,3.00204351781216
density_curve,21,14,DRB34,,,,,,,,,,,,,3.0,769956.4570113824,0.015000442403693822,3.0021805872422043
density_curve,21,14,DRB34,,,,,,,,,,,,,3.0,782047.411166621,0.01602648657828283,3.00232974143225
density_curve,21,14,DRB34,,,,,,,,,,,,,3.0,794328.2347242822,0.017099980046417725,3.0024857932404703
density_curve,21,14,DRB34,,,,,,,,,,,,,3.0,806801.909284454,0.018179122151783973,3.0026426661808916
density_curve,21,14,DRB34,,,,,,,,,,,,,3.0,819471.4632685608,0.019211520745538974,3.002792744101384
density_curve,21,14,DRB34,,,,,,,,,,,,,3.0,832339.9726546166,0.02013443010039177,3.002926905768803
density_curve,21,14,DRB34,,,,,,,,,,,,,3.0,845410.561724033,0.02088021020945987,3.0030353184774126
density_curve,21,14,DRB34,,,,,,,,,,,,,3.0,858686.4038201383,0.02138567913016765,3.003108797582239
density_curve,21,14,DRB34,,,,,,,,,,,,,3.0,872170.7221186243,0.021602978408485136,3.0031403859861863
density_curve,21,14,DRB34,,,,,,,,,,,,,3.0,885866.7904100833,0.021509390884878358,3.003126781336769
density_curve,21,14,DRB34,,,,,,,,,,,,,3.0,899777.9338948353,0.021113982649899558,3.0030693015552097
density_curve,21,14,DRB34,,,,,,,,,,,,,3.0,913907.5299902376,0.020459643352476305,3.002974181432374
density_curve,21,14,DRB34,,,,,,,,,,,,,3.0,928259.0091506683,0.019619852805780377,3.002852102596099
density_curve,21,14,DRB34,,,,,,,,,,,,,3.0,942835.8557003973,0.01869027157835819,3.0027169710506048
density_curve,21,14,DRB34,,,,,,,,,,,,,3.0,957641.6086795169,0.017776100476792175,3.002584079647297
density_curve,21,14,DRB34,,,,,,,,,,,,,3.0,972679.8627031752,0.016977089675733834,3.002467928889054
density_curve,21,14,DRB34,,,,,,,,,,,,,3.0,987954.2688342923,0.016372951529200548,3.002380106416929
density_curve,21,14,DRB34,,,,,,,,,,,,,3.0,1003468.5354699849,0.016012411852646832,3.0023276954147837
density_curve,21,14,DRB34,,,,,,,,,,,,,3.0,1019226.4292419085,0.015908815512037666,3.0023126358017005
density_curve,21,14,DRB34,,,,,,,,,,,,,3.0,1035231.7759307377,0.016043808730629265,3.0023322595222766
density_curve,21,14,DRB34,,,,,,,,,,,,,3.0,1051488.4613950192,0.016378266515746247,3.0023808790469317
density_curve,21,14,DRB34,,,,,,,,,,,,,3.0,1068000.4325145755,0.01686698624481588,3.0024519233519955
density_curve,21,14,DRB34,,,,,,,,,,,,,3.0,1084771.6981487798,0.017471845390197385,3.0025398506344216
density_curve,21,14,DRB34,,,,,,,,,,,,,3.0,1101806.3301098226,0.01816823614268887,3.0026410837013944
density_curve,21,14,DRB34,,,,,,,,,,,,,3.0,1119108.4641512968,0.01894209182182448,3.0027535777049588
density_curve,21,14,DRB34,,,,,,,,,,,,,3.0,1136682.3009722962,0.019779005183484157,3.002875238290037
density_curve,21,14,DRB34,,,,,,,,,,,,,3.0,1154532.1072372785,0.02065102597877042,3.0030020023793864
density_curve,21,14,DRB34,,,,,,,,,,,,,3.0,1172662.2166119604,0.021508616375146738,3.003126668747687
density_curve,21,14,DRB34,,,,,,,,,,,,,3.0,1191077.0308154398,0.02228364102033625,3.0032393326817375
density_curve,21,14,DRB34,,,,,,,,,,,,,3.0,1209781.0206889012,0.022904525897270416,3.003329589595839
density_curve,21,14,DRB34,,,,,,,,,,,,,3.0,1228778.727281043,0.02331886491070952,3.003389821310501
density_curve,21,14,DRB34,,,,,,,,,,,,,3.0,1248074.7629505873,0.02351458239447366,3.0034182724079206
density_curve,21,14,DRB34,,,,,,,,,,,,,3.0,1267673.8124860895,0.02353043243067064,3.0034205764990793
density_curve,21,14,DRB34,,,,,,,,,,,,,3.0,1287580.634243335,0.02345049701143564,3.003408956431438
density_curve,21,14,DRB34,,,,,,,,,,,,,3.0,1307800.061300597,0.023383745123762373,3.0033992528299884
density_curve,21,14,DRB34,,,,,,,,,,,,,3.0,1328337.002632031,0.023435696557409763,3.0034068049161453
density_curve,21,14,DRB34,,,,,,,,,,,,,3.0,1349196.4442995142,0.02368207976874441,3.0034426211989502
density_curve,21,14,DRB34,,,,,,,,,,,,,3.0,1370383.450663168,0.024152938058080494,3.003511069018753
density_curve,21,14,DRB34,,,,,,,,,,,,,3.0,1391903.1656109202,0.024830871615275463,3.0036096189965535
density_curve,21,14,DRB34,,,,,,,,,,,,,3.0,1413760.8138073613,0.025661464667129718,3.0037303608096013
density_curve,21,14,DRB34,,,,,,,,,,,,,3.0,1435961.7019622158,0.02657006438977523,3.00386244231161
density_curve,21,14,DRB34,,,,,,,,,,,,,3.0,1458511.22011873,0.027478402057860087,3.0039944857192196
density_curve,21,14,DRB34,,,,,,,,,,,,,3.0,1481414.8429622927,0.0283167460493817,3.004116354272379
density_curve,21,14,DRB34,,,,,,,,,,,,,3.0,1504678.1311496203,0.029030654720753536,3.004220133887606
density_curve,21,14,DRB34,,,,,,,,,,,,,3.0,1528306.7326587688,0.02958400025745138,3.0043005727297003
density_curve,21,14,DRB34,,,,,,,,,,,,,3.0,1552306.3841604206,0.029960633310852837,3.0043553231969957
density_curve,21,14,DRB34,,,,,,,,,,,,,3.0,1576682.9124106285,0.03016598974623892,3.0043851754914184
density_curve,21,14,DRB34,,,,,,,,,,,,,3.0,1601442.23566548,0.030228164014326844,3.00439421365257
density_curve,21,14,DRB34,,,,,,,,,,,,,3.0,1626590.3651179587,0.030196702359995345,3.004389640128656
density_curve,21,14,DRB34,,,,,,,,,,,,,3.0,1652133.4063573685,0.030137323518379944,3.004381008333606
density_curve,21,14,DRB34,,,,,,,,,,,,,3.0,1678077.5608516952,0.03012196693416033,3.0043787759746707
density_curve,21,14,DRB34,,,,,,,,,,,,,3.0,1704429.1274531947,0.030215465841655593,3.004392367742124
density_curve,21,14,DRB34,,,,,,,,,,,,,3.0,1731194.503927705,0.030461955603068507,3.0044281995139217
density_curve,21,14,DRB34,,,,,,,,,,,,,3.0,1758380.1885078938,0.03087506317044297,3.0044882522154905
density_curve,21,14,DRB34,,,,,,,,,,,,,3.0,1785992.7814709456,0.03143541508172521,3.0045697095616144
density_curve,21,14,DRB34,,,,,,,,,,,,,3.0,1814038.9867410094,0.032096965857556774,3.0046658780040527
density_curve,21,14,DRB34,,,,,,,,,,,,,3.0,1842525.6135168101,0.03280066721240789,3.0047681738000973
density_curve,21,14,DRB34,,,,,,,,,,,,,3.0,1871459.5779248201,0.03349121510534525,3.004868557501121
density_curve,21,14,DRB34,,,,,,,,,,,,,3.0,1900847.9046983868,0.03413126472487748,3.004961600359269
density_curve,21,14,DRB34,,,,,,,,,,,,,3.0,1930697.7288832497,0.03470829742622373,3.005045482561742
density_curve,21,14,DRB34,,,,,,,,,,,,,3.0,1961016.2975697976,0.03523203009281693,3.0051216166343493
density_curve,21,14,DRB34,,,,,,,,,,,,,3.0,1991810.9716525706,0.035723811452027146,3.0051931060030617
density_curve,21,14,DRB34,,,,,,,,,,,,,3.0,2023089.2276173707,0.03620246555928241,3.005262687086847
density_curve,21,14,DRB34,,,,,,,,,,,,,3.0,2054858.65935644,0.03667241126747645,3.005331002246376
density_curve,21,14,DRB34,,,,,,,,,,,,,3.0,2087126.9800121451,0.03711914478501275,3.0053959430916386
density_curve,21,14,DRB34,,,,,,,,,,,,,3.0,2119902.0238496074,0.037514562609342626,3.005453424267184
density_curve,21,14,DRB34,,,,,,,,,,,,,3.0,2153191.7481587674,0.03783094085061467,3.0054994156011774
density_curve,21,14,DRB34,,,,,,,,,,,,,3.0,2187004.235186248,0.03805885877387453,3.0055325476183774
density_curve,21,14,DRB34,,,,,,,,,,,,,3.0,2221347.6940976637,0.038222226723452137,3.0055562961223914
density_curve,21,14,DRB34,,,,,,,,,,,,,3.0,2256230.462970635,0.03838379890523666,3.005579783578882
density_curve,21,14,DRB34,,,,,,,,,,,,,3.0,2291661.0108191706,0.038637311668895544,3.005616636271842
density_curve,21,14,DRB34,,,,,,,,,,,,,3.0,2327647.9396498133,0.03908689416210958,3.0056819912675574
density_curve,21,14,DRB34,,,,,,,,,,,,,3.0,2364199.9865500783,0.03981906814839935,3.0057884260786523
density_curve,21,14,DRB34,,,,,,,,,,,,,3.0,2401326.0258096857,0.040875731132937465,3.005942031269845
density_curve,21,14,DRB34,,,,,,,,,,,,,3.0,2439035.071075103,0.04223681572217858,3.0061398896803495
density_curve,21,14,DRB34,,,,,,,,,,,,,3.0,2477336.2775379405,0.04381870718672996,3.0063698463878463
density_curve,21,14,DRB34,,,,,,,,,,,,,3.0,2516238.944157669,0.045489897187958275,3.0066127842624706
density_curve,21,14,DRB34,,,,,,,,,,,,,3.0,2555752.5159192816,0.04710027948265982,3.0068468826305317
density_curve,21,14,DRB34,,,,,,,,,,,,,3.0,2595886.586126396,0.04851648950506044,3.0070527545257746
density_curve,21,14,DRB34,,,,,,,,,,,,,3.0,2636650.898730361,0.04965383881325451,3.0072180889422295
density_curve,21,14,DRB34,,,,,,,,,,,,,3.0,2678055.350695943,0.05049613592921291,3.0073405321539544
density_curve,21,14,DRB34,,,,,,,,,,,,,3.0,2720109.994404156,0.05109782714674323,3.007427998920426
density_curve,21,14,DRB34,,,,,,,,,,,,,3.0,2762825.0400928515,0.05156770489816033,3.007496304201201
density_curve,21,14,DRB34,,,,,,,,,,,,,3.0,2806210.858335576,0.05203873090040745,3.0075647764011273
density_curve,21,14,DRB34,,,,,,,,,,,,,3.0,2850277.982559416,0.05263280336099619,3.007651135642651
density_curve,21,14,DRB34,,,,,,,,,,,,,3.0,2895037.1116023487,0.05343107226950211,3.0077671785533124
density_curve,21,14,DRB34,,,,,,,,,,,,,3.0,2940499.1123107616,0.05445874847148978,3.007916569988236
density_curve,21,14,DRB34,,,,,,,,,,,,,3.0,2986675.022177758,0.05568846920589607,3.0080953322722244
density_curve,21,14,DRB34,,,,,,,,,,,,,3.0,3033576.0520228897,0.05705973560330576,3.008294670793808
density_curve,21,14,DRB34,,,,,,,,,,,,,3.0,3081213.5887140087,0.058506211151569565,3.008504942333928
density_curve,21,14,DRB34,,,,,,,,,,,,,3.0,3129599.1979317563,0.05998015243768404,3.008719206518794
density_curve,21,14,DRB34,,,,,,,,,,,,,3.0,3178744.626977629,0.06146507229681804,3.008935066639008
density_curve,21,14,DRB34,,,,,,,,,,,,,3.0,3228661.807625975,0.0629731480681998,3.009154292892398
density_curve,21,14,DRB34,,,,,,,,,,,,,3.0,3279362.859020883,0.06453049173423551,3.009380681130724
density_curve,21,14,DRB34,,,,,,,,,,,,,3.0,3330860.090618524,0.06615827892819093,3.0096173096175804
density_curve,21,14,DRB34,,,,,,,,,,,,,3.0,3383166.005175699,0.0678588297017738,3.009864515614697
density_curve,21,14,DRB34,,,,,,,,,,,,,3.0,3436293.3017853256,0.06961277363350622,3.0101194832788596
density_curve,21,14,DRB34,,,,,,,,,,,,,3.0,3490254.8789595794,0.07138796392131984,3.0103775394874646
density_curve,21,14,DRB34,,,,,,,,,,,,,3.0,3545063.837761485,0.07315537106052203,3.010634464273801
density_curve,21,14,DRB34,,,,,,,,,,,,,3.0,3600733.4849856202,0.07490411139041729,3.0108886754997553
density_curve,21,14,DRB34,,,,,,,,,,,,,3.0,3657277.33638883,0.07664817836974537,3.011142207369171
density_curve,21,14,DRB34,,,,,,,,,,,,,3.0,3714709.119971648,0.07842094367376828,3.0113999110622585
density_curve,21,14,DRB34,,,,,,,,,,,,,3.0,3773042.7793112434,0.08025850023563201,3.0116670333435747
density_curve,21,14,DRB34,,,,,,,,,,,,,3.0,3832292.476946719,0.08217743187009972,3.011945984972345
density_curve,21,14,DRB34,,,,,,,,,,,,,3.0,3892472.597817551,0.08415498732171207,3.0122334586396198
density_curve,21,14,DRB34,,,,,,,,,,,,,3.0,3953597.752756071,0.08611917648522512,3.012518989273715
density_curve,21,14,DRB34,,,,,,,,,,,,,3.0,4015682.782034709,0.08795328870039404,3.012785610856568
density_curve,21,14,DRB34,,,,,,,,,,,,,3.0,4078742.7589690215,0.0895148691506483,3.01301261498857
density_curve,21,14,DRB34,,,,,,,,,,,,,3.0,4142792.9935772587,0.0906647645348803,3.0131797732054575
density_curve,21,14,DRB34,,,,,,,,,,,,,3.0,4207849.036297407,0.09129881177068792,3.013271943507916
density_curve,21,14,DRB34,,,,,,,,,,,,,3.0,4273926.681762604,0.09137390274276885,3.013282859347017
density_curve,21,14,DRB34,,,,,,,,,,,,,3.0,4341041.972635828,0.090921620499506,3.013217111893509
density_curve,21,14,DRB34,,,,,,,,,,,,,3.0,4409211.203504863,0.09004590448883897,3.0130898106373687
density_curve,21,14,DRB34,,,,,,,,,,,,,3.0,4478450.924838282,0.08890538498238808,3.012924015374914
density_curve,21,14,DRB34,,,,,,,,,,,,,3.0,4548777.947003777,0.08768508909755876,3.0127466231643005
density_curve,21,14,DRB34,,,,,,,,,,,,,3.0,4620209.3443493685,0.08656509714462285,3.0125838119552566
density_curve,21,14,DRB34,,,,,,,,,,,,,3.0,4692762.459348841,0.0856944812601475,3.0124572520952566
density_curve,21,14,DRB34,,,,,,,,,,,,,3.0,4766454.906812234,0.08517698021149286,3.012382023901704
density_curve,21,14,DRB34,,,,,,,,,,,,,3.0,4841304.57816245,0.08507067760683641,3.0123665708839003
density_curve,21,14,DRB34,,,,,,,,,,,,,3.0,4917329.645779026,0.08539881812586814,3.0124142720789844
density_curve,21,14,DRB34,,,,,,,,,,,,,3.0,4994548.567410101,0.08616489006163186,3.0125256345738216
density_curve,21,14,DRB34,,,,,,,,,,,,,3.0,5072980.090653727,0.08736408831154195,3.01269995985932
density_curve,21,14,DRB34,,,,,,,,,,,,,3.0,5152643.257509442,0.08898584414937423,3.0129357115788213
density_curve,21,14,DRB34,,,,,,,,,,,,,3.0,5233557.40900142,0.09100707907632899,3.013229534852602
density_curve,21,14,DRB34,,,,,,,,,,,,,3.0,5315742.189874179,0.09338074535886079,3.0135745904365403
density_curve,21,14,DRB34,,,,,,,,,,,,,3.0,5399217.553362021,0.09602663691356032,3.013959218917032
density_curve,21,14,DRB34,,,,,,,,,,,,,3.0,5484003.766033389,0.09883036335762097,3.0143667915705588
density_curve,21,14,DRB34,,,,,,,,,,,,,3.0,5570121.412711266,0.1016526492050072,3.0147770621710546
density_curve,21,14,DRB34,,,,,,,,,,,,,3.0,5657591.401470916,0.10434688537530894,3.015168718421073
density_curve,21,14,DRB34,,,,,,,,,,,,,3.0,5746434.968715974,0.10678020127979237,3.0155224451629095
density_curve,21,14,DRB34,,,,,,,,,,,,,3.0,5836673.684334379,0.10885313636370061,3.015823783995208
density_curve,21,14,DRB34,,,,,,,,,,,,,3.0,5928329.456935207,0.11051469934987863,3.0160653224080276
density_curve,21,14,DRB34,,,,,,,,,,,,,3.0,6021424.539167753,0.11177178344735149,3.0162480624547245
density_curve,21,14,DRB34,,,,,,,,,,,,,3.0,6115981.53312414,0.11269324681887598,3.0163820139221564
density_curve,21,14,DRB34,,,,,,,,,,,,,3.0,6212023.395826757,0.1134089957519086,3.0164860610529005
density_curve,21,14,DRB34,,,,,,,,,,,,,3.0,6309573.444801942,0.11410361640863696,3.0165870368042462
density_curve,21,14,DRB34,,,,,,,,,,,,,3.0,6408655.363740995,0.11500357183078483,3.016717861699891
density_curve,21,14,DRB34,,,,,,,,,,,,,3.0,6509293.20825039,0.11635780781661807,3.016914724541277
density_curve,21,14,DRB34,,,,,,,,,,,,,3.0,6611511.411691989,0.11841444434405095,3.0172136940818333
density_curve,21,14,DRB34,,,,,,,,,,,,,3.0,6715334.791115149,0.12140114409344635,3.01764786523456
density_curve,21,14,DRB34,,,,,,,,,,,,,3.0,6820788.553281926,0.12552346618189233,3.018247119757354
density_curve,21,14,DRB34,,,,,,,,,,,,,3.0,6927898.300786892,0.13100374498166092,3.0190437779966843
density_curve,21,14,DRB34,,,,,,,,,,,,,3.0,7036690.03827307,0.1381925055462115,3.020088795147009
density_curve,21,14,DRB34,,,,,,,,,,,,,3.0,7147190.1787454495,0.14779405226536682,3.021484554666479
density_curve,21,14,DRB34,,,,,,,,,,,,,3.0,7259425.549983729,0.16125397562345772,3.0234411994350676
density_curve,21,14,DRB34,,,,,,,,,,,,,3.0,7373423.401055615,0.18135071263853958,3.0263626258280807
density_curve,21,14,DRB34,,,,,,,,,,,,,3.0,7489211.408932546,0.21300296349463976,3.030963856414911
density_curve,21,14,DRB34,,,,,,,,,,,,,3.0,7606817.685209225,0.2642356940883036,3.0384114660059667
density_curve,21,14,DRB34,,,,,,,,,,,,,3.0,7726270.782928702,0.3471339569316618,3.050462236876072
density_curve,21,14,DRB34,,,,,,,,,,,,,3.0,7847599.7035146225,0.4784716690156895,3.069554563067745
density_curve,21,14,DRB34,,,,,,,,,,,,,3.0,7970833.903812322,0.6795794599050179,3.0987892397072265
density_curve,21,14,DRB34,,,,,,,,,,,,,3.0,8096003.303240569,0.9749879856579321,3.141732243997324
density_curve,21,14,DRB34,,,,,,,,,,,,,3.0,8223138.291055465,1.389529653964136,3.2019934182309577
density_curve,21,14,DRB34,,,,,,,,,,,,,3.0,8352269.733728553,1.943937871161321,3.2825867402716264
density_curve,21,14,DRB34,,,,,,,,,,,,,3.0,8483428.982440725,2.6494935989734256,3.385152103167348
density_curve,21,14,DRB34,,,,,,,,,,,,,3.0,8616647.880693821,3.5027744993559926,3.509192007812602
density_curve,21,14,DRB34,,,,,,,,,,,,,3.0,8751958.77204175,4.48184344349256,3.6515174933794072
density_curve,21,14,DRB34,,,,,,,,,,,,,3.0,8889394.507943004,5.545093274823189,3.806080202603536
density_curve,21,14,DRB34,,,,,,,,,,,,,3.0,9028988.455736592,6.633415874422632,3.964287694904213
density_curve,21,14,DRB34,,,,,,,,,,,,,3.0,9170774.50674293,7.675554435365331,4.11578149684976
density_curve,21,14,DRB34,,,,,,,,,,,,,3.0,9314787.084492404,8.59573120814837,4.249545933744588
density_curve,21,14,DRB34,,,,,,,,,,,,,3.0,9461061.153082676,9.322204265712065,4.355152011118575
density_curve,21,14,DRB34,,,,,,,,,,,,,3.0,9609632.225667553,9.795409326724455,4.4239409768850795
density_curve,21,14,DRB34,,,,,,,,,,,,,3.0,9760536.373079011,9.974671530852895,4.45
density_curve,21,14,DRB34,,,,,,,,,,,,,3.0,9913810.23258467,9.842872018113754,4.430840542680466
density_curve,21,14,DRB34,,,,,,,,,,,,,3.0,10069491.016782762,9.40870770010187,4.367726859270441
density_curve,21,14,DRB34,,,,,,,,,,,,,3.0,10227616.522636779,8.706256788977566,4.2656128379736264
density_curve,21,14,DRB34,,,,,,,,,,,,,3.0,10388225.14065211,7.791618909273058,4.132653579970056
density_curve,21,14,DRB34,,,,,,,,,,,,,3.0,10551355.864196453,6.73665491718123,3.979295368243324
density_curve,21,14,DRB34,,,,,,,,,,,,,3.0,10717048.298967114,5.620393850402203,3.8170265113869224
density_curve,21,14,DRB34,,,,,,,,,,,,,3.0,10885342.672606446,4.519354534443116,3.656970412977819
density_curve,21,14,DRB34,,,,,,,,,,,,,3.0,11056279.844468623,3.4985273537881345,3.5085746079258646
density_curve,21,14,DRB34,,,,,,,,,,,,,3.0,11229901.315539658,2.604775497816059,3.37865151350105
density_curve,21,14,DRB34,,,,,,,,,,,,,3.0,11406249.238513203,1.8638514547296061,3.2709447224400825
density_curve,21,14,DRB34,,,,,,,,,,,,,3.0,11585366.428024698,1.2812673446503027,3.186255521697774
density_curve,21,14,DRB34,,,,,,,,,,,,,3.0,11767296.371045876,0.846273277952114,3.1230212192185984
density_curve,21,14,DRB34,,,,,,,,,,,,,3.0,11952083.237443073,0.5375453739656413,3.0781420009510363
density_curve,21,14,DRB34,,,,,,,,,,,,,3.0,12139771.890700752,0.32904810726084893,3.0478331295474184
density_curve,21,14,DRB34,,,,,,,,,,,,,3.0,12330407.898813803,0.19486593313997433,3.028327309042607
density_curve,21,14,DRB34,,,,,,,,,,,,,3.0,12524037.545350743,0.11238156539517896,3.0163367053560584
density_curve,21,14,DRB34,,,,,,,,,,,,,3.0,12720707.84069066,0.06375923043762977,3.009268564267866
density_curve,21,14,DRB34,,,,,,,,,,,,,3.0,12920466.533436738,0.036091034956656845,3.0052464886212324
density_curve,21,14,DRB34,,,,,,,,,,,,,3.0,13123362.122008637,0.020724739924367897,3.0030127180426325
density_curve,21,14,DRB34,,,,,,,,,,,,,3.0,13329443.866417537,0.012254936614118648,3.0017814780201544
density_curve,21,14,DRB34,,,,,,,,,,,,,3.0,13538761.800225446,0.007517640549135407,3.0010928258401823
density_curve,21,14,DRB34,,,,,,,,,,,,,3.0,13751366.742692733,0.004767039446234081,3.000692975921629
density_curve,21,14,DRB34,,,,,,,,,,,,,3.0,13967310.311116258,0.003086155437707669,3.000448628846658
density_curve,21,14,DRB34,,,,,,,,,,,,,3.0,14186644.93336124,0.0020081129205228388,3.000291915751386
density_curve,21,14,DRB34,,,,,,,,,,,,,3.0,14409423.860590115,0.001294786925587925,3.000188220838781
density_curve,21,14,DRB34,,,,,,,,,,,,,3.0,14635701.180190798,0.0008183846600288491,3.000118967101159
density_curve,21,14,DRB34,,,,,,,,,,,,,3.0,14865531.828908725,0.0005032661520750782,3.0000731588923255
density_curve,21,14,DRB34,,,,,,,,,,,,,3.0,15098971.606184201,0.000299575102734205,3.0000435486920667
density_curve,21,14,DRB34,,,,,,,,,,,,,3.0,15336077.187700124,0.00017201067345762422,3.0000250048811874
density_curve,21,14,DRB34,,,,,,,,,,,,,3.0,15576906.139141649,9.502593414270173e-05,3.000013813748561
density_curve,21,14,DRB34,,,,,,,,,,,,,3.0,15821516.930172438,5.041005862041332e-05,3.000007328019251
density_curve,21,14,DRB34,,,,,,,,,,,,,3.0,16069968.948630175,2.5638532954552395e-05,3.000003727027268
density_curve,21,14,DRB34,,,,,,,,,,,,,3.0,16322322.514945026,1.2485128535836918e-05,3.0000018149406045
density_curve,21,14,DRB34,,,,,,,,,,,,,3.0,16578638.896784693,5.8146426687485285e-06,3.0000008452641116
density_curve,21,14,DRB34,,,,,,,,,,,,,3.0,16838980.323928915,2.5873665162348074e-06,3.000000376120801
density_curve,21,14,DRB34,,,,,,,,,,,,,3.0,17103410.003378414,1.0990862161329968e-06,3.00000015977218
density_curve,21,14,DRB34,,,,,,,,,,,,,3.0,17371992.134700213,4.453801160761455e-07,3.000000064744104
density_curve,21,14,DRB34,,,,,,,,,,,,,3.0,17644791.92561452,1.7206320338845208e-07,3.0000000250125174
density_curve,21,14,DRB34,,,,,,,,,,,,,3.0,17921875.607826144,6.333986907009421e-08,3.0000000092076027
density_curve,21,14,DRB34,,,,,,,,,,,,,3.0,18203310.453104522,2.2207923510144606e-08,3.0000000032283256
density_curve,21,14,DRB34,,,,,,,,,,,,,3.0,18489164.789616488,7.413460302496504e-09,3.0000000010776815
density_curve,21,14,DRB34,,,,,,,,,,,,,3.0,18779508.018514913,2.3555007875203172e-09,3.000000000342415
density_curve,21,14,DRB34,,,,,,,,,,,,,3.0,19074410.630788796,7.121710581825306e-10,3.000000000103527
density_curve,21,14,DRB34,,,,,,,,,,,,,3.0,19373944.224377003,2.0484840435357644e-10,3.0000000000297784
density_curve,21,14,DRB34,,,,,,,,,,,,,3.0,19678181.521551367,5.6046991735646885e-11,3.0000000000081473
density_curve,21,14,DRB34,,,,,,,,,,,,,3.0,19987196.386572525,1.458414413229316e-11,3.00000000000212
density_curve,21,14,DRB34,,,,,,,,,,,,,3.0,20301063.843623016,3.6088342272559527e-12,3.0000000000005245
density_curve,21,14,DRB34,,,,,,,,,,,,,3.0,20619860.095022235,8.49117455471471e-13,3.0000000000001235
density_curve,21,14,DRB34,,,,,,,,,,,,,3.0,20943662.539726753,1.899540081555742e-13,3.0000000000000275
density_curve,21,14,DRB34,,,,,,,,,,,,,3.0,21272549.792122267,4.039989222821677e-14,3.0000000000000058
density_curve,21,14,DRB34,,,,,,,,,,,,,3.0,21606601.701109305,8.168443224474403e-15,3.0000000000000013
density_curve,21,14,DRB34,,,,,,,,,,,,,3.0,21945899.369489986,1.570023722087125e-15,3.0000000000000004
density_curve,21,14,DRB34,,,,,,,,,,,,,3.0,22290525.173658106,2.8685663869281523e-16,3.0
density_curve,21,14,DRB34,,,,,,,,,,,,,3.0,22640562.78359909,4.98198190621787e-17,3.0
density_curve,21,14,DRB34,,,,,,,,,,,,,3.0,22996097.183203783,8.224453506708193e-18,3.0
density_curve,21,14,DRB34,,,,,,,,,,,,,3.0,23357214.690901212,1.2905375630632664e-18,3.0
density_curve,21,14,DRB34,,,,,,,,,,,,,3.0,23724002.980615646,1.9247997675012867e-19,3.0
density_curve,21,14,DRB34,,,,,,,,,,,,,3.0,24096551.10305199,2.72863649258015e-20,3.0
density_curve,21,14,DRB34,,,,,,,,,,,,,3.0,24474949.507316638,3.676596801942057e-21,3.0
density_curve,21,14,DRB34,,,,,,,,,,,,,3.0,24859290.062876612,4.708497907382623e-22,3.0
density_curve,21,14,DRB34,,,,,,,,,,,,,3.0,25249666.08186437,5.731276949475604e-23,3.0
density_curve,21,14,DRB34,,,,,,,,,,,,,3.0,25646172.341732506,6.630560221642374e-24,3.0
density_curve,21,14,DRB34,,,,,,,,,,,,,3.0,26048905.10826428,7.290822712830713e-25,3.0
density_curve,21,14,DRB34,,,,,,,,,,,,,3.0,26457962.158945747,7.61953401489521e-26,3.0
density_curve,21,14,DRB34,,,,,,,,,,,,,3.0,26873442.80670409,7.56840311722202e-27,3.0
density_curve,21,14,DRB34,,,,,,,,,,,,,3.0,27295447.924020074,7.145008566726162e-28,3.0
density_curve,21,14,DRB34,,,,,,,,,,,,,3.0,27724079.967417758,6.410956323279128e-29,3.0
density_curve,21,14,DRB34,,,,,,,,,,,,,3.0,28159443.002339695,5.4671822162371265e-30,3.0
density_curve,21,14,DRB34,,,,,,,,,,,,,3.0,28601642.7284124,4.431229067057803e-31,3.0
density_curve,21,14,DRB34,,,,,,,,,,,,,3.0,29050786.505108584,3.41353341071863e-32,3.0
density_curve,21,14,DRB34,,,,,,,,,,,,,3.0,29506983.377812706,2.4992109162019107e-33,3.0
density_curve,21,14,DRB34,,,,,,,,,,,,,3.0,29970344.104294933,1.7390818853316598e-34,3.0
density_curve,21,14,DRB34,,,,,,,,,,,,,3.0,30440981.18160234,1.1501518284465475e-35,3.0
density_curve,21,14,DRB34,,,,,,,,,,,,,3.0,30919008.873370558,7.229496418033501e-37,3.0
density_curve,21,14,DRB34,,,,,,,,,,,,,3.0,31404543.237566188,4.31895230980529e-38,3.0
density_curve,21,14,DRB34,,,,,,,,,,,,,3.0,31897702.154663246,2.452257431939006e-39,3.0
density_curve,21,14,DRB34,,,,,,,,,,,,,3.0,32398605.356263112,1.3233381526177751e-40,3.0
density_curve,21,14,DRB34,,,,,,,,,,,,,3.0,32907374.454163484,6.787230426468294e-42,3.0
density_curve,21,14,DRB34,,,,,,,,,,,,,3.0,33424132.969883844,3.3085006593698933e-43,3.0
density_curve,21,14,DRB34,,,,,,,,,,,,,3.0,33949006.36465498,1.532804032424911e-44,3.0
density_curve,21,14,DRB34,,,,,,,,,,,,,3.0,34482122.069878325,6.749300134785939e-46,3.0
density_curve,21,14,DRB34,,,,,,,,,,,,,3.0,35023609.518065386,2.8245383848429564e-47,3.0
density_curve,21,14,DRB34,,,,,,,,,,,,,3.0,35573600.17426121,1.1234475449771877e-48,3.0
density_curve,21,14,DRB34,,,,,,,,,,,,,3.0,36132227.56796255,4.24692558670684e-50,3.0
density_curve,21,14,DRB34,,,,,,,,,,,,,3.0,36699627.32553667,1.5258540665145903e-51,3.0
density_curve,21,14,DRB34,,,,,,,,,,,,,3.0,37275937.20314938,5.2103609739787505e-53,3.0
density_curve,21,14,DRB34,,,,,,,,,,,,,3.0,37861297.12021055,1.6909823090572148e-54,3.0
density_curve,21,14,DRB34,,,,,,,,,,,,,3.0,38455849.19334357,5.215869696627656e-56,3.0
density_curve,21,14,DRB34,,,,,,,,,,,,,3.0,39059737.77089033,1.5290820918011806e-57,3.0
density_curve,21,14,DRB34,,,,,,,,,,,,,3.0,39673109.46795558,4.260408626214229e-59,3.0
density_curve,21,14,DRB34,,,,,,,,,,,,,3.0,40296113.20200404,1.1282051579943188e-60,3.0
density_curve,21,14,DRB34,,,,,,,,,,,,,3.0,40928900.22901449,2.8394960470825317e-62,3.0
density_curve,21,14,DRB34,,,,,,,,,,,,,3.0,41571624.180202775,6.792205377190771e-64,3.0
density_curve,21,14,DRB34,,,,,,,,,,,,,3.0,42224441.09932146,1.544175637625718e-65,3.0
density_curve,21,14,DRB34,,,,,,,,,,,,,3.0,42887509.48054403,3.336559882089431e-67,3.0
density_curve,21,14,DRB34,,,,,,,,,,,,,3.0,43560990.30694617,6.852002082481823e-69,3.0
density_curve,21,14,DRB34,,,,,,,,,,,,,3.0,44245047.08958865,1.3373724736253034e-70,3.0
density_curve,21,14,DRB34,,,,,,,,,,,,,3.0,44939845.907216705,2.480867682529934e-72,3.0
density_curve,21,14,DRB34,,,,,,,,,,,,,3.0,45645555.44658045,4.373923150466011e-74,3.0
density_curve,21,14,DRB34,,,,,,,,,,,,,3.0,46362347.04338999,7.329173747064677e-76,3.0
density_curve,21,14,DRB34,,,,,,,,,,,,,3.0,47090394.72391306,1.1672266826365635e-77,3.0
density_curve,21,14,DRB34,,,,,,,,,,,,,3.0,47829875.24722586,1.766736231341573e-79,3.0
density_curve,21,14,DRB34,,,,,,,,,,,,,3.0,48580968.14812807,2.5415844310092015e-81,3.0
density_curve,21,14,DRB34,,,,,,,,,,,,,3.0,49343855.78073008,3.474990998113194e-83,3.0
density_curve,21,14,DRB34,,,,,,,,,,,,,3.0,50118723.36272725,4.515638236000111e-85,3.0
density_curve,22,8,DRB37,,,,,,,,,,,,,2.0,100000.0,0.0016796520173679341,2.000244370122439
density_curve,22,8,DRB37,,,,,,,,,,,,,2.0,101570.34258822507,0.0019997262204474657,2.0002909372514557
density_curve,22,8,DRB37,,,,,,,,,,,,,2.0,103165.34493489409,0.002362269901937714,2.0003436832029498
density_curve,22,8,DRB37,,,,,,,,,,,,,2.0,104785.39428269603,0.0027247374556762763,2.0003964180787284
density_curve,22,8,DRB37,,,,,,,,,,,,,2.0,106430.88395535655,0.0030443290484019124,2.0004429149934686
density_curve,22,8,DRB37,,,,,,,,,,,,,2.0,108102.21345313193,0.0032860675653513323,2.000478085177753
density_curve,22,8,DRB37,,,,,,,,,,,,,2.0,109799.78854980043,0.003429062761707328,2.0004988893403297
density_curve,22,8,DRB37,,,,,,,,,,,,,2.0,111524.02139117903,0.0034692345631794808,2.0005047338771402
density_curve,22,8,DRB37,,,,,,,,,,,,,2.0,113275.33059518597,0.0034179231623673997,2.0004972686562676
density_curve,22,8,DRB37,,,,,,,,,,,,,2.0,115054.14135347492,0.003297202363230542,2.000479705163258
density_curve,22,8,DRB37,,,,,,,,,,,,,2.0,116860.88553466521,0.003133693535321244,2.000455916502343
density_curve,22,8,DRB37,,,,,,,,,,,,,2.0,118696.00178919302,0.0029528189071228294,2.00042960131647
density_curve,22,8,DRB37,,,,,,,,,,,,,2.0,120559.93565580886,0.0027747743297358695,2.0004036978705626
density_curve,22,8,DRB37,,,,,,,,,,,,,2.0,122453.13966974878,0.002612514608789263,2.000380090940398
density_curve,22,8,DRB37,,,,,,,,,,,,,2.0,124376.07347260158,0.0024713129507459635,2.000359547717095
density_curve,22,8,DRB37,,,,,,,,,,,,,2.0,126329.20392390396,0.0023492996619209473,2.000341796181645
density_curve,22,8,DRB37,,,,,,,,,,,,,2.0,128313.00521448672,0.0022386877578006886,2.0003257034170288
density_curve,22,8,DRB37,,,,,,,,,,,,,2.0,130327.95898160127,0.0021277433254748477,2.0003095622733684
density_curve,22,8,DRB37,,,,,,,,,,,,,2.0,132374.55442585386,0.0020035824086267503,2.00029149828265
density_curve,22,8,DRB37,,,,,,,,,,,,,2.0,134453.28842997624,0.0018555111302940195,2.0002699556083092
density_curve,22,8,DRB37,,,,,,,,,,,,,2.0,136564.66567946097,0.001678145703807397,2.0002441509710756
density_curve,22,8,DRB37,,,,,,,,,,,,,2.0,138709.19878509274,0.0014733442442335606,2.0002143547054003
density_curve,22,8,DRB37,,,,,,,,,,,,,2.0,140887.40840740083,0.0012502697961000906,2.0001818999292684
density_curve,22,8,DRB37,,,,,,,,,,,,,2.0,143099.82338306884,0.001023576011380157,2.0001489185811345
density_curve,22,8,DRB37,,,,,,,,,,,,,2.0,145346.98085332804,0.0008104089629687885,2.0001179052181395
density_curve,22,8,DRB37,,,,,,,,,,,,,2.0,147629.42639436718,0.0006272815922224672,2.0000912622840388
density_curve,22,8,DRB37,,,,,,,,,,,,,2.0,149947.71414979032,0.0004877376243812549,2.000070960235665
density_curve,22,8,DRB37,,,,,,,,,,,,,2.0,152302.40696515449,0.00040119558508483374,2.000058369360579
density_curve,22,8,DRB37,,,,,,,,,,,,,2.0,154694.07652461986,0.0003727543848800923,2.0000542314918395
density_curve,22,8,DRB37,,,,,,,,,,,,,2.0,157123.30348974746,0.00040336237208968544,2.0000586846032604
density_curve,22,8,DRB37,,,,,,,,,,,,,2.0,159590.6776404731,0.0004897684387254386,2.0000712556958824
density_curve,22,8,DRB37,,,,,,,,,,,,,2.0,162096.79801829843,0.0006240452868556574,2.0000907914386903
density_curve,22,8,DRB37,,,,,,,,,,,,,2.0,164642.27307172897,0.0007929895630998841,2.0001153708950565
density_curve,22,8,DRB37,,,,,,,,,,,,,2.0,167227.72080399614,0.0009780829347103054,2.000142299859756
density_curve,22,8,DRB37,,,,,,,,,,,,,2.0,169853.76892309941,0.0011567224158798028,2.0001682898573474
density_curve,22,8,DRB37,,,,,,,,,,,,,2.0,172521.0549942039,0.0013050390110867732,2.0001898682224826
density_curve,22,8,DRB37,,,,,,,,,,,,,2.0,175230.2265944331,0.0014019653052557291,2.0002039698876657
density_curve,22,8,DRB37,,,,,,,,,,,,,2.0,177981.9414700888,0.0014335822824019498,2.000208569795561
density_curve,22,8,DRB37,,,,,,,,,,,,,2.0,180776.86769634343,0.0013964889161913352,2.0002031731358074
density_curve,22,8,DRB37,,,,,,,,,,,,,2.0,183615.6838394384,0.0012991647593810862,2.0001890135861684
density_curve,22,8,DRB37,,,,,,,,,,,,,2.0,186499.07912142982,0.001160955982158855,2.0001689057927314
density_curve,22,8,DRB37,,,,,,,,,,,,,2.0,189427.7535875212,0.001009105681380278,2.000146813313926
density_curve,22,8,DRB37,,,,,,,,,,,,,2.0,192402.4182760241,0.0008747977293519744,2.0001272730458575
density_curve,22,8,DRB37,,,,,,,,,,,,,2.0,195423.79539098707,0.0007892498968008612,2.0001148268164606
density_curve,22,8,DRB37,,,,,,,,,,,,,2.0,198492.61847753756,0.0007804987632052041,2.000113553626796
density_curve,22,8,DRB37,,,,,,,,,,,,,2.0,201609.63259997344,0.0008709341595976108,2.0001267109407284
density_curve,22,8,DRB37,,,,,,,,,,,,,2.0,204775.59452265495,0.0010752253216029374,2.0001564329639545
density_curve,22,8,DRB37,,,,,,,,,,,,,2.0,207991.2728937353,0.001398284834897842,2.000203434421401
density_curve,22,8,DRB37,,,,,,,,,,,,,2.0,211257.44843177704,0.001833336915900166,2.0002667295141956
density_curve,22,8,DRB37,,,,,,,,,,,,,2.0,214574.91411529886,0.0023607299366333306,2.0003434591556433
density_curve,22,8,DRB37,,,,,,,,,,,,,2.0,217944.4753752988,0.00294846912939817,2.0004289684736527
density_curve,22,8,DRB37,,,,,,,,,,,,,2.0,221366.95029080036,0.0035552414301345875,2.0005172468907833
density_curve,22,8,DRB37,,,,,,,,,,,,,2.0,224843.16978747185,0.004135934632966101,2.000601731097993
density_curve,22,8,DRB37,,,,,,,,,,,,,2.0,228373.97783935972,0.004648626729348056,2.0006763219233963
density_curve,22,8,DRB37,,,,,,,,,,,,,2.0,231960.2316737949,0.005061255210299487,2.0007363546393213
density_curve,22,8,DRB37,,,,,,,,,,,,,2.0,235602.80197951404,0.005356121318028943,2.000779254279309
density_curve,22,8,DRB37,,,,,,,,,,,,,2.0,239302.57311804994,0.005531147041622983,2.0008047185165805
density_curve,22,8,DRB37,,,,,,,,,,,,,2.0,243060.44333844114,0.00559803477402349,2.00081444991522
density_curve,22,8,DRB37,,,,,,,,,,,,,2.0,246877.32499531287,0.005578539448408809,2.000811613568728
density_curve,22,8,DRB37,,,,,,,,,,,,,2.0,250754.1447703851,0.005500385981822986,2.0008002431348517
density_curve,22,8,DRB37,,,,,,,,,,,,,2.0,254691.843897454,0.00539382369661361,2.0007847395433846
density_curve,22,8,DRB37,,,,,,,,,,,,,2.0,258691.37839091144,0.005288818786026903,2.00076946253208
density_curve,22,8,DRB37,,,,,,,,,,,,,2.0,262753.7192778504,0.005212152448270805,2.000758308458409
density_curve,22,8,DRB37,,,,,,,,,,,,,2.0,266879.85283381585,0.005183751802110556,2.0007541764898176
density_curve,22,8,DRB37,,,,,,,,,,,,,2.0,271070.7808222577,0.005212428808183603,2.0007583486656095
density_curve,22,8,DRB37,,,,,,,,,,,,,2.0,275327.5207377438,0.005292279220002386,2.000769965985573
density_curve,22,8,DRB37,,,,,,,,,,,,,2.0,279651.1060529923,0.005401543199701742,2.000785862642631
density_curve,22,8,DRB37,,,,,,,,,,,,,2.0,284042.5864697849,0.0055052933705306735,2.000800957103678
density_curve,22,8,DRB37,,,,,,,,,,,,,2.0,288503.028173816,0.005562027903676588,2.000809211328165
density_curve,22,8,DRB37,,,,,,,,,,,,,2.0,293033.5140935484,0.005532737539237544,2.000804949915759
density_curve,22,8,DRB37,,,,,,,,,,,,,2.0,297635.14416313195,0.00539002187996842,2.0007841864226252
density_curve,22,8,DRB37,,,,,,,,,,,,,2.0,302309.0355894507,0.005124773351076328,2.0007455958009897
density_curve,22,8,DRB37,,,,,,,,,,,,,2.0,307056.3231233643,0.004748755116092312,2.0006908894563584
density_curve,22,8,DRB37,,,,,,,,,,,,,2.0,311878.15933520853,0.004292636558707596,2.0006245294326384
density_curve,22,8,DRB37,,,,,,,,,,,,,2.0,316775.7148946211,0.003800215467865765,2.000552887806268
density_curve,22,8,DRB37,,,,,,,,,,,,,2.0,321750.1788547658,0.003320330499694891,2.0004830700421024
density_curve,22,8,DRB37,,,,,,,,,,,,,2.0,326802.75894101255,0.0028982777792390165,2.0004216662073158
density_curve,22,8,DRB37,,,,,,,,,,,,,2.0,331934.6818441578,0.0025684688734164607,2.000373682790594
density_curve,22,8,DRB37,,,,,,,,,,,,,2.0,337147.193518246,0.0023497002997275615,2.0003418544698555
density_curve,22,8,DRB37,,,,,,,,,,,,,2.0,342441.55948306865,0.0022438088925660366,2.0003264484834573
density_curve,22,8,DRB37,,,,,,,,,,,,,2.0,347819.06513141334,0.0022377305604693197,2.000325564155785
density_curve,22,8,DRB37,,,,,,,,,,,,,2.0,353281.01604113757,0.002308202186086557,2.0003358169698218
density_curve,22,8,DRB37,,,,,,,,,,,,,2.0,358828.7382921458,0.0024277639639437394,2.0003532118385157
density_curve,22,8,DRB37,,,,,,,,,,,,,2.0,364463.57878833805,0.0025705392467803238,2.0003739840061954
density_curve,22,8,DRB37,,,,,,,,,,,,,2.0,370186.9055846206,0.00271656549732809,2.000395229152426
density_curve,22,8,DRB37,,,,,,,,,,,,,2.0,376000.1082190484,0.0028540973404055717,2.000415238459702
density_curve,22,8,DRB37,,,,,,,,,,,,,2.0,381904.59805018455,0.0029800210227091837,2.000433558912596
density_curve,22,8,DRB37,,,,,,,,,,,,,2.0,387901.8085997564,0.003099014515591658,2.0004508711023377
density_curve,22,8,DRB37,,,,,,,,,,,,,2.0,393993.19590069365,0.0032221964592169484,2.00046879266367
density_curve,22,8,DRB37,,,,,,,,,,,,,2.0,400180.2388506313,0.0033657631203237114,2.00048967996782
density_curve,22,8,DRB37,,,,,,,,,,,,,2.0,406464.4395709628,0.0035496987914395736,2.0005164405003626
density_curve,22,8,DRB37,,,,,,,,,,,,,2.0,412847.323771536,0.0037962863395083735,2.0005523161631134
density_curve,22,8,DRB37,,,,,,,,,,,,,2.0,419330.44112106785,0.0041280070573159805,2.0006005777265727
density_curve,22,8,DRB37,,,,,,,,,,,,,2.0,425915.3656233841,0.004564561649104518,2.0006640914174705
density_curve,22,8,DRB37,,,,,,,,,,,,,2.0,432603.6959995626,0.005119118400337184,2.0007447730704535
density_curve,22,8,DRB37,,,,,,,,,,,,,2.0,439397.0560760795,0.005794367391109584,2.0008430140613527
density_curve,22,8,DRB37,,,,,,,,,,,,,2.0,446297.0951790494,0.006579350151022228,2.0009572200582904
density_curve,22,8,DRB37,,,,,,,,,,,,,2.0,453305.48853465647,0.007448165516045812,2.0010836227386863
density_curve,22,8,DRB37,,,,,,,,,,,,,2.0,460423.93767587794,0.008361414173101118,2.001216489953939
density_curve,22,8,DRB37,,,,,,,,,,,,,2.0,467654.17085558514,0.009270642797589997,2.0013487723005166
density_curve,22,8,DRB37,,,,,,,,,,,,,2.0,474997.94346614124,0.010125221241900073,2.0014731036720805
density_curve,22,8,DRB37,,,,,,,,,,,,,2.0,482457.03846558335,0.010880275076645558,2.0015829553533435
density_curve,22,8,DRB37,,,,,,,,,,,,,2.0,490033.26681049785,0.011503790679025912,2.001673669729012
density_curve,22,8,DRB37,,,,,,,,,,,,,2.0,497728.46789569367,0.01198106395366077,2.001743107521694
density_curve,22,8,DRB37,,,,,,,,,,,,,2.0,505544.5100007789,0.012315378829567271,2.001791746505432
density_curve,22,8,DRB37,,,,,,,,,,,,,2.0,513483.29074375494,0.012525014140035375,2.001822246041024
density_curve,22,8,DRB37,,,,,,,,,,,,,2.0,521546.7375417237,0.012637926819377298,2.0018386735420726
density_curve,22,8,DRB37,,,,,,,,,,,,,2.0,529736.8080788398,0.01268613881987586,2.0018456878357136
density_curve,22,8,DRB37,,,,,,,,,,,,,2.0,538055.490781606,0.01270154214557609,2.0018479288431057
density_curve,22,8,DRB37,,,,,,,,,,,,,2.0,546504.805301633,0.012713628571755868,2.0018496872796243
density_curve,22,8,DRB37,,,,,,,,,,,,,2.0,555086.803005981,0.012748237657664687,2.00185472250506
density_curve,22,8,DRB37,,,,,,,,,,,,,2.0,563803.567475201,0.012825734172303666,2.0018659973599555
density_curve,22,8,DRB37,,,,,,,,,,,,,2.0,572657.2150091964,0.012957639493398683,2.0018851880727535
density_curve,22,8,DRB37,,,,,,,,,,,,,2.0,581649.8951410283,0.013142372988741208,2.00191206467958
density_curve,22,8,DRB37,,,,,,,,,,,,,2.0,590783.7911587943,0.013362350498965187,2.001944068886732
density_curve,22,8,DRB37,,,,,,,,,,,,,2.0,600061.1206356916,0.013585042501152906,2.0019764680213608
density_curve,22,8,DRB37,,,,,,,,,,,,,2.0,609484.1359684145,0.0137692086742858,2.002003262089306
density_curve,22,8,DRB37,,,,,,,,,,,,,2.0,619055.1249240021,0.013875009666165887,2.002018654921317
density_curve,22,8,DRB37,,,,,,,,,,,,,2.0,628776.4111952737,0.013874469378804608,2.0020185763156966
density_curve,22,8,DRB37,,,,,,,,,,,,,2.0,638650.3549649863,0.01375817651322013,2.0020016570362817
density_curve,22,8,DRB37,,,,,,,,,,,,,2.0,648679.3534788508,0.013535606709775452,2.0019692756801697
density_curve,22,8,DRB37,,,,,,,,,,,,,2.0,658865.8416275523,0.013229256997992548,2.001924705307376
density_curve,22,8,DRB37,,,,,,,,,,,,,2.0,669212.2925378972,0.01286543083108756,2.0018717727689492
density_curve,22,8,DRB37,,,,,,,,,,,,,2.0,679721.2181732573,0.012465672676455207,2.0018136125380304
density_curve,22,8,DRB37,,,,,,,,,,,,,2.0,690395.1699434342,0.012042083764110648,2.001751985204926
density_curve,22,8,DRB37,,,,,,,,,,,,,2.0,701236.7393241049,0.01159763878141719,2.001687323552563
density_curve,22,8,DRB37,,,,,,,,,,,,,2.0,712248.5584859921,0.011130337727177551,2.0016193366036834
density_curve,22,8,DRB37,,,,,,,,,,,,,2.0,723433.3009339154,0.010638640678224953,2.0015478003171117
density_curve,22,8,DRB37,,,,,,,,,,,,,2.0,734793.6821558832,0.010125610148844956,2.001473160253585
density_curve,22,8,DRB37,,,,,,,,,,,,,2.0,746332.4602823642,0.009600279996980989,2.0013967307359204
density_curve,22,8,DRB37,,,,,,,,,,,,,2.0,758052.4367559261,0.009076288928773648,2.001320496039584
density_curve,22,8,DRB37,,,,,,,,,,,,,2.0,769956.4570113824,0.008569027412230892,2.0012466953013215
density_curve,22,8,DRB37,,,,,,,,,,,,,2.0,782047.411166621,0.008092995965610273,2.0011774381803864
density_curve,22,8,DRB37,,,,,,,,,,,,,2.0,794328.2347242822,0.007660709787001509,2.0011145454946977
density_curve,22,8,DRB37,,,,,,,,,,,,,2.0,806801.909284454,0.007283597114280867,2.0010596799219162
density_curve,22,8,DRB37,,,,,,,,,,,,,2.0,819471.4632685608,0.006974373706210456,2.001014691459241
density_curve,22,8,DRB37,,,,,,,,,,,,,2.0,832339.9726546166,0.0067497313929253,2.0009820085766945
density_curve,22,8,DRB37,,,,,,,,,,,,,2.0,845410.561724033,0.006632042417335313,2.000964886179271
density_curve,22,8,DRB37,,,,,,,,,,,,,2.0,858686.4038201383,0.00664908312249263,2.0009673654066127
density_curve,22,8,DRB37,,,,,,,,,,,,,2.0,872170.7221186243,0.006831285054971774,2.0009938737000494
density_curve,22,8,DRB37,,,,,,,,,,,,,2.0,885866.7904100833,0.007206511367516975,2.00104846482904
density_curve,22,8,DRB37,,,,,,,,,,,,,2.0,899777.9338948353,0.007792785021974613,2.001133760928018
density_curve,22,8,DRB37,,,,,,,,,,,,,2.0,913907.5299902376,0.008589888545511048,2.001249730357179
density_curve,22,8,DRB37,,,,,,,,,,,,,2.0,928259.0091506683,0.009571437678649743,2.0013925345090895
density_curve,22,8,DRB37,,,,,,,,,,,,,2.0,942835.8557003973,0.010679795320037228,2.00155378784593
density_curve,22,8,DRB37,,,,,,,,,,,,,2.0,957641.6086795169,0.011826601750961719,2.0017206350410874
density_curve,22,8,DRB37,,,,,,,,,,,,,2.0,972679.8627031752,0.012901160949107447,2.0018769710917117
density_curve,22,8,DRB37,,,,,,,,,,,,,2.0,987954.2688342923,0.013787089687759206,2.002005863571879
density_curve,22,8,DRB37,,,,,,,,,,,,,2.0,1003468.5354699849,0.014384783491994556,2.0020928211717934
density_curve,22,8,DRB37,,,,,,,,,,,,,2.0,1019226.4292419085,0.014634382905679085,2.0021291350264803
density_curve,22,8,DRB37,,,,,,,,,,,,,2.0,1035231.7759307377,0.01453240969697284,2.002114299093061
density_curve,22,8,DRB37,,,,,,,,,,,,,2.0,1051488.4613950192,0.014136149459862463,2.002056647769061
density_curve,22,8,DRB37,,,,,,,,,,,,,2.0,1068000.4325145755,0.013553275568567684,2.001971846296667
density_curve,22,8,DRB37,,,,,,,,,,,,,2.0,1084771.6981487798,0.012919025641185133,2.001879570199709
density_curve,22,8,DRB37,,,,,,,,,,,,,2.0,1101806.3301098226,0.012367538262616839,2.0017993351052783
density_curve,22,8,DRB37,,,,,,,,,,,,,2.0,1119108.4641512968,0.012005894188702996,2.0017467200363783
density_curve,22,8,DRB37,,,,,,,,,,,,,2.0,1136682.3009722962,0.01189812456144208,2.001731040790477
density_curve,22,8,DRB37,,,,,,,,,,,,,2.0,1154532.1072372785,0.012062510966541996,2.0017549571288176
density_curve,22,8,DRB37,,,,,,,,,,,,,2.0,1172662.2166119604,0.012480619600413394,2.001815787144199
density_curve,22,8,DRB37,,,,,,,,,,,,,2.0,1191077.0308154398,0.013112715997008426,2.0019077499271036
density_curve,22,8,DRB37,,,,,,,,,,,,,2.0,1209781.0206889012,0.013912909703311837,2.0020241689424485
density_curve,22,8,DRB37,,,,,,,,,,,,,2.0,1228778.727281043,0.014838796513695096,2.002158874864198
density_curve,22,8,DRB37,,,,,,,,,,,,,2.0,1248074.7629505873,0.01585355604161789,2.0023065107480122
density_curve,22,8,DRB37,,,,,,,,,,,,,2.0,1267673.8124860895,0.01692188229360054,2.002461939976389
density_curve,22,8,DRB37,,,,,,,,,,,,,2.0,1287580.634243335,0.018003386265077748,2.0026192864119574
density_curve,22,8,DRB37,,,,,,,,,,,,,2.0,1307800.061300597,0.0190475438017134,2.0027711993691857
density_curve,22,8,DRB37,,,,,,,,,,,,,2.0,1328337.002632031,0.019993067386250125,2.002908762216569
density_curve,22,8,DRB37,,,,,,,,,,,,,2.0,1349196.4442995142,0.02077255715854396,2.003022169046749
density_curve,22,8,DRB37,,,,,,,,,,,,,2.0,1370383.450663168,0.021321360011734118,2.0031020135734976
density_curve,22,8,DRB37,,,,,,,,,,,,,2.0,1391903.1656109202,0.02158836672001424,2.003140859990088
density_curve,22,8,DRB37,,,,,,,,,,,,,2.0,1413760.8138073613,0.021546164655494974,2.003134720073268
density_curve,22,8,DRB37,,,,,,,,,,,,,2.0,1435961.7019622158,0.021198319802923856,2.0030841126329566
density_curve,22,8,DRB37,,,,,,,,,,,,,2.0,1458511.22011873,0.02058223980464301,2.0029944800524846
density_curve,22,8,DRB37,,,,,,,,,,,,,2.0,1481414.8429622927,0.019766821940277093,2.0028758460965856
density_curve,22,8,DRB37,,,,,,,,,,,,,2.0,1504678.1311496203,0.01884485367304705,2.002741710277965
density_curve,22,8,DRB37,,,,,,,,,,,,,2.0,1528306.7326587688,0.017920964010303565,2.002607294918313
density_curve,22,8,DRB37,,,,,,,,,,,,,2.0,1552306.3841604206,0.017096850463007,2.0024873958401863
density_curve,22,8,DRB37,,,,,,,,,,,,,2.0,1576682.9124106285,0.01645640845435365,2.002394218866354
density_curve,22,8,DRB37,,,,,,,,,,,,,2.0,1601442.23566548,0.016053963289958038,2.0023356677063036
density_curve,22,8,DRB37,,,,,,,,,,,,,2.0,1626590.3651179587,0.015908642864797956,2.002314525249579
density_curve,22,8,DRB37,,,,,,,,,,,,,2.0,1652133.4063573685,0.01600671798355568,2.0023287940555767
density_curve,22,8,DRB37,,,,,,,,,,,,,2.0,1678077.5608516952,0.01631151056571061,2.0023731378838514
density_curve,22,8,DRB37,,,,,,,,,,,,,2.0,1704429.1274531947,0.01677780235913428,2.0024409779968466
density_curve,22,8,DRB37,,,,,,,,,,,,,2.0,1731194.503927705,0.017365633889335288,2.002526500748895
density_curve,22,8,DRB37,,,,,,,,,,,,,2.0,1758380.1885078938,0.018048122971601657,2.0026257950901467
density_curve,22,8,DRB37,,,,,,,,,,,,,2.0,1785992.7814709456,0.018810056561614125,2.00273664769697
density_curve,22,8,DRB37,,,,,,,,,,,,,2.0,1814038.9867410094,0.01963801785981558,2.0028571065787646
density_curve,22,8,DRB37,,,,,,,,,,,,,2.0,1842525.6135168101,0.020507062765359966,2.002983542654676
density_curve,22,8,DRB37,,,,,,,,,,,,,2.0,1871459.5779248201,0.02137133600249918,2.00310928450751
density_curve,22,8,DRB37,,,,,,,,,,,,,2.0,1900847.9046983868,0.022165015041398808,2.0032247557133953
density_curve,22,8,DRB37,,,,,,,,,,,,,2.0,1930697.7288832497,0.022815642343492478,2.003319414530716
density_curve,22,8,DRB37,,,,,,,,,,,,,2.0,1961016.2975697976,0.02326604624449511,2.0033849431374136
density_curve,22,8,DRB37,,,,,,,,,,,,,2.0,1991810.9716525706,0.023496420366944125,2.003418459932516
density_curve,22,8,DRB37,,,,,,,,,,,,,2.0,2023089.2276173707,0.023537090372651424,2.003424376952334
density_curve,22,8,DRB37,,,,,,,,,,,,,2.0,2054858.65935644,0.023465752044693863,2.0034139980430377
density_curve,22,8,DRB37,,,,,,,,,,,,,2.0,2087126.9800121451,0.02338913529024321,2.003402851183169
density_curve,22,8,DRB37,,,,,,,,,,,,,2.0,2119902.0238496074,0.023415310953732425,2.003406659442276
density_curve,22,8,DRB37,,,,,,,,,,,,,2.0,2153191.7481587674,0.023626351125873225,2.0034373633691445
density_curve,22,8,DRB37,,,,,,,,,,,,,2.0,2187004.235186248,0.024060311440113002,2.0035004996223846
density_curve,22,8,DRB37,,,,,,,,,,,,,2.0,2221347.6940976637,0.02470714213536176,2.0035946060769128
density_curve,22,8,DRB37,,,,,,,,,,,,,2.0,2256230.462970635,0.02551744504233645,2.0037124958651202
density_curve,22,8,DRB37,,,,,,,,,,,,,2.0,2291661.0108191706,0.026418678710114597,2.0038436150371055
density_curve,22,8,DRB37,,,,,,,,,,,,,2.0,2327647.9396498133,0.027332185671396832,2.003976519832664
density_curve,22,8,DRB37,,,,,,,,,,,,,2.0,2364199.9865500783,0.02818623386699337,2.0041007740591157
density_curve,22,8,DRB37,,,,,,,,,,,,,2.0,2401326.0258096857,0.028923591452318233,2.0042080511388582
density_curve,22,8,DRB37,,,,,,,,,,,,,2.0,2439035.071075103,0.029504994135262492,2.0042926385672946
density_curve,22,8,DRB37,,,,,,,,,,,,,2.0,2477336.2775379405,0.029910899805399873,2.004351693191279
density_curve,22,8,DRB37,,,,,,,,,,,,,2.0,2516238.944157669,0.03014309055082985,2.0043854742842098
density_curve,22,8,DRB37,,,,,,,,,,,,,2.0,2555752.5159192816,0.030225932773333145,2.0043975268783463
density_curve,22,8,DRB37,,,,,,,,,,,,,2.0,2595886.586126396,0.030205683907415008,2.0043945809003745
density_curve,22,8,DRB37,,,,,,,,,,,,,2.0,2636650.898730361,0.030145968034639783,2.0043858929251326
density_curve,22,8,DRB37,,,,,,,,,,,,,2.0,2678055.350695943,0.03011855713004419,2.0043819049525986
density_curve,22,8,DRB37,,,,,,,,,,,,,2.0,2720109.994404156,0.030190426874000406,2.0043923611768335
density_curve,22,8,DRB37,,,,,,,,,,,,,2.0,2762825.0400928515,0.030409939982284414,2.0044242978188245
density_curve,22,8,DRB37,,,,,,,,,,,,,2.0,2806210.858335576,0.0307961377372627,2.0044804851669737
density_curve,22,8,DRB37,,,,,,,,,,,,,2.0,2850277.982559416,0.031334871030265415,2.004558864688096
density_curve,22,8,DRB37,,,,,,,,,,,,,2.0,2895037.1116023487,0.03198369627333181,2.004653261326477
density_curve,22,8,DRB37,,,,,,,,,,,,,2.0,2940499.1123107616,0.03268456806438331,2.0047552301412206
density_curve,22,8,DRB37,,,,,,,,,,,,,2.0,2986675.022177758,0.033380454242030774,2.0048564736063414
density_curve,22,8,DRB37,,,,,,,,,,,,,2.0,3033576.0520228897,0.034030346189694,2.0049510254380185
density_curve,22,8,DRB37,,,,,,,,,,,,,2.0,3081213.5887140087,0.03461756835904581,2.0050364595350456
density_curve,22,8,DRB37,,,,,,,,,,,,,2.0,3129599.1979317563,0.03514873862978232,2.0051137387230877
density_curve,22,8,DRB37,,,,,,,,,,,,,2.0,3178744.626977629,0.03564424033451181,2.0051858285434796
density_curve,22,8,DRB37,,,,,,,,,,,,,2.0,3228661.807625975,0.03612426074316211,2.005255666012683
density_curve,22,8,DRB37,,,,,,,,,,,,,2.0,3279362.859020883,0.03659614140340099,2.0053243192417605
density_curve,22,8,DRB37,,,,,,,,,,,,,2.0,3330860.090618524,0.037048392126769185,2.005390116539951
density_curve,22,8,DRB37,,,,,,,,,,,,,2.0,3383166.005175699,0.03745437467020122,2.0054491823481184
density_curve,22,8,DRB37,,,,,,,,,,,,,2.0,3436293.3017853256,0.03778509927532872,2.005497298988597
density_curve,22,8,DRB37,,,,,,,,,,,,,2.0,3490254.8789595794,0.03802693801216191,2.0055324837537265
density_curve,22,8,DRB37,,,,,,,,,,,,,2.0,3545063.837761485,0.038197621730906677,2.005557316279045
density_curve,22,8,DRB37,,,,,,,,,,,,,2.0,3600733.4849856202,0.038353683802956,2.0055800215223103
density_curve,22,8,DRB37,,,,,,,,,,,,,2.0,3657277.33638883,0.038584884520973896,2.0056136585775963
density_curve,22,8,DRB37,,,,,,,,,,,,,2.0,3714709.119971648,0.03899546263553165,2.005673392988705
density_curve,22,8,DRB37,,,,,,,,,,,,,2.0,3773042.7793112434,0.03967682893356015,2.0057725239777153
density_curve,22,8,DRB37,,,,,,,,,,,,,2.0,3832292.476946719,0.04067976077983477,2.005918439069376
density_curve,22,8,DRB37,,,,,,,,,,,,,2.0,3892472.597817551,0.04199495195413614,2.006109784315279
density_curve,22,8,DRB37,,,,,,,,,,,,,2.0,3953597.752756071,0.04354860085809552,2.006335822428508
density_curve,22,8,DRB37,,,,,,,,,,,,,2.0,4015682.782034709,0.045215347986467674,2.0065783150374665
density_curve,22,8,DRB37,,,,,,,,,,,,,2.0,4078742.7589690215,0.046845766204751726,2.0068155222062782
density_curve,22,8,DRB37,,,,,,,,,,,,,2.0,4142792.9935772587,0.048301337448261594,2.007027291143723
density_curve,22,8,DRB37,,,,,,,,,,,,,2.0,4207849.036297407,0.04948759668772128,2.007199878270457
density_curve,22,8,DRB37,,,,,,,,,,,,,2.0,4273926.681762604,0.05037643586507945,2.007329194186107
density_curve,22,8,DRB37,,,,,,,,,,,,,2.0,4341041.972635828,0.0510113445164797,2.0074215661198624
density_curve,22,8,DRB37,,,,,,,,,,,,,2.0,4409211.203504863,0.051493973328528876,2.007491783081872
density_curve,22,8,DRB37,,,,,,,,,,,,,2.0,4478450.924838282,0.05195572420982172,2.007558962544184
density_curve,22,8,DRB37,,,,,,,,,,,,,2.0,4548777.947003777,0.05252262827126358,2.0076414405893224
density_curve,22,8,DRB37,,,,,,,,,,,,,2.0,4620209.3443493685,0.05328404637989888,2.007752218199512
density_curve,22,8,DRB37,,,,,,,,,,,,,2.0,4692762.459348841,0.05427465445817182,2.0078963403241388
density_curve,22,8,DRB37,,,,,,,,,,,,,2.0,4766454.906812234,0.0554747502318556,2.008070940508058
density_curve,22,8,DRB37,,,,,,,,,,,,,2.0,4841304.57816245,0.05682748840223618,2.008267748411663
density_curve,22,8,DRB37,,,,,,,,,,,,,2.0,4917329.645779026,0.05826560819183046,2.0084769783625283
density_curve,22,8,DRB37,,,,,,,,,,,,,2.0,4994548.567410101,0.05973704839052707,2.00869105605112
density_curve,22,8,DRB37,,,,,,,,,,,,,2.0,5072980.090653727,0.06121995902607186,2.0089068025568406
density_curve,22,8,DRB37,,,,,,,,,,,,,2.0,5152643.257509442,0.06272257316454681,2.0091254156964675
density_curve,22,8,DRB37,,,,,,,,,,,,,2.0,5233557.40900142,0.06427001411569043,2.009350550623695
density_curve,22,8,DRB37,,,,,,,,,,,,,2.0,5315742.189874179,0.06588545665304325,2.009585579002528
density_curve,22,8,DRB37,,,,,,,,,,,,,2.0,5399217.553362021,0.06757485092164423,2.0098313665108907
density_curve,22,8,DRB37,,,,,,,,,,,,,2.0,5484003.766033389,0.06932205999576616,2.010085565410993
density_curve,22,8,DRB37,,,,,,,,,,,,,2.0,5570121.412711266,0.07109604390741643,2.010343659743159
density_curve,22,8,DRB37,,,,,,,,,,,,,2.0,5657591.401470916,0.07286610328240245,2.0106011831002095
density_curve,22,8,DRB37,,,,,,,,,,,,,2.0,5746434.968715974,0.0746176151459861,2.010856008006875
density_curve,22,8,DRB37,,,,,,,,,,,,,2.0,5836673.684334379,0.07636052047814511,2.0111095807618358
density_curve,22,8,DRB37,,,,,,,,,,,,,2.0,5928329.456935207,0.0781259001391514,2.011366423274124
density_curve,22,8,DRB37,,,,,,,,,,,,,2.0,6021424.539167753,0.07995086982436238,2.011631935452129
density_curve,22,8,DRB37,,,,,,,,,,,,,2.0,6115981.53312414,0.08185674812797417,2.01190921890703
density_curve,22,8,DRB37,,,,,,,,,,,,,2.0,6212023.395826757,0.08382827138245408,2.0121960529500975
density_curve,22,8,DRB37,,,,,,,,,,,,,2.0,6309573.444801942,0.0858016440746445,2.0124831560651604
density_curve,22,8,DRB37,,,,,,,,,,,,,2.0,6408655.363740995,0.08766655710434706,2.0127544795421026
density_curve,22,8,DRB37,,,,,,,,,,,,,2.0,6509293.20825039,0.08928298162757585,2.012989650788629
density_curve,22,8,DRB37,,,,,,,,,,,,,2.0,6611511.411691989,0.09050901278067218,2.0131680242730754
density_curve,22,8,DRB37,,,,,,,,,,,,,2.0,6715334.791115149,0.09123269864689448,2.0132733122743445
density_curve,22,8,DRB37,,,,,,,,,,,,,2.0,6820788.553281926,0.09139956184666773,2.0132975889579297
density_curve,22,8,DRB37,,,,,,,,,,,,,2.0,6927898.300786892,0.09102862575061288,2.01324362200628
density_curve,22,8,DRB37,,,,,,,,,,,,,2.0,7036690.03827307,0.09021277706000386,2.013124925370099
density_curve,22,8,DRB37,,,,,,,,,,,,,2.0,7147190.1787454495,0.08910339692974582,2.012963523272844
density_curve,22,8,DRB37,,,,,,,,,,,,,2.0,7259425.549983729,0.08788334875955564,2.012786020243855
density_curve,22,8,DRB37,,,,,,,,,,,,,2.0,7373423.401055615,0.0867355525656955,2.012619029049531
density_curve,22,8,DRB37,,,,,,,,,,,,,2.0,7489211.408932546,0.08581552932426299,2.012485176209877
density_curve,22,8,DRB37,,,,,,,,,,,,,2.0,7606817.685209225,0.0852348577384879,2.0124006951477016
density_curve,22,8,DRB37,,,,,,,,,,,,,2.0,7726270.782928702,0.08505861234154681,2.012375053461933
density_curve,22,8,DRB37,,,,,,,,,,,,,2.0,7847599.7035146225,0.08531474267025144,2.0124123174899213
density_curve,22,8,DRB37,,,,,,,,,,,,,2.0,7970833.903812322,0.08600901415568743,2.012513326035827
density_curve,22,8,DRB37,,,,,,,,,,,,,2.0,8096003.303240569,0.08713753969067006,2.0126775135700945
density_curve,22,8,DRB37,,,,,,,,,,,,,2.0,8223138.291055465,0.08869094794895742,2.012903516672136
density_curve,22,8,DRB37,,,,,,,,,,,,,2.0,8352269.733728553,0.09064895974119112,2.013188384952266
density_curve,22,8,DRB37,,,,,,,,,,,,,2.0,8483428.982440725,0.09296924593499802,2.0135259600067474
density_curve,22,8,DRB37,,,,,,,,,,,,,2.0,8616647.880693821,0.09557738990013342,2.0139054150685745
density_curve,22,8,DRB37,,,,,,,,,,,,,2.0,8751958.77204175,0.09836425264060238,2.014310871664385
density_curve,22,8,DRB37,,,,,,,,,,,,,2.0,8889394.507943004,0.1011936143572123,2.014722511374255
density_curve,22,8,DRB37,,,,,,,,,,,,,2.0,9028988.455736592,0.10391865280217424,2.0151189732434753
density_curve,22,8,DRB37,,,,,,,,,,,,,2.0,9170774.50674293,0.10640279900896306,2.015480388052276
density_curve,22,8,DRB37,,,,,,,,,,,,,2.0,9314787.084492404,0.10853991937724924,2.015791314577928
density_curve,22,8,DRB37,,,,,,,,,,,,,2.0,9461061.153082676,0.11027025725165092,2.0160430589117873
density_curve,22,8,DRB37,,,,,,,,,,,,,2.0,9609632.225667553,0.11159077433978408,2.016235179017126
density_curve,22,8,DRB37,,,,,,,,,,,,,2.0,9760536.373079011,0.11256007103077191,2.0163762005790966
density_curve,22,8,DRB37,,,,,,,,,,,,,2.0,9913810.23258467,0.11329829799078947,2.0164836041428953
density_curve,22,8,DRB37,,,,,,,,,,,,,2.0,10069491.016782762,0.11398174908258897,2.016583038445511
density_curve,22,8,DRB37,,,,,,,,,,,,,2.0,10227616.522636779,0.1148311716115084,2.016706619690464
density_curve,22,8,DRB37,,,,,,,,,,,,,2.0,10388225.14065211,0.11609337380970033,2.016890255647511
density_curve,22,8,DRB37,,,,,,,,,,,,,2.0,10551355.864196453,0.11801819327908947,2.017170294824997
density_curve,22,8,DRB37,,,,,,,,,,,,,2.0,10717048.298967114,0.12083747700627542,2.017580468302883
density_curve,22,8,DRB37,,,,,,,,,,,,,2.0,10885342.672606446,0.12475916681913825,2.018151029234449
density_curve,22,8,DRB37,,,,,,,,,,,,,2.0,11056279.844468623,0.12999758143341386,2.0189131585370896
density_curve,22,8,DRB37,,,,,,,,,,,,,2.0,11229901.315539658,0.13687028968302378,2.019913058837316
density_curve,22,8,DRB37,,,,,,,,,,,,,2.0,11406249.238513203,0.14600172625025462,2.0212415782263933
density_curve,22,8,DRB37,,,,,,,,,,,,,2.0,11585366.428024698,0.1586808119785424,2.023086239918098
density_curve,22,8,DRB37,,,,,,,,,,,,,2.0,11767296.371045876,0.17741694215851456,2.0258121321736153
density_curve,22,8,DRB37,,,,,,,,,,,,,2.0,11952083.237443073,0.2067134576618631,2.0300744394887937
density_curve,22,8,DRB37,,,,,,,,,,,,,2.0,12139771.890700752,0.25401577380810103,2.036956384480236
density_curve,22,8,DRB37,,,,,,,,,,,,,2.0,12330407.898813803,0.3306847997239426,2.048110849248285
density_curve,22,8,DRB37,,,,,,,,,,,,,2.0,12524037.545350743,0.4527065243372618,2.0658636120084357
density_curve,22,8,DRB37,,,,,,,,,,,,,2.0,12720707.84069066,0.6407178262805777,2.0932171021365567
density_curve,22,8,DRB37,,,,,,,,,,,,,2.0,12920466.533436738,0.9188793412861935,2.1336864152899935
density_curve,22,8,DRB37,,,,,,,,,,,,,2.0,13123362.122008637,1.3122398852031025,2.1909158671559648
density_curve,22,8,DRB37,,,,,,,,,,,,,2.0,13329443.866417537,1.8425595742528664,2.2680713053090633
density_curve,22,8,DRB37,,,,,,,,,,,,,2.0,13538761.800225446,2.5230524447329827,2.3670752206191477
density_curve,22,8,DRB37,,,,,,,,,,,,,2.0,13751366.742692733,3.3530301807804284,2.4878274710151316
density_curve,22,8,DRB37,,,,,,,,,,,,,2.0,13967310.311116258,4.313761623079622,2.627602887445309
density_curve,22,8,DRB37,,,,,,,,,,,,,2.0,14186644.93336124,5.366815787210727,2.7808102020333516
density_curve,22,8,DRB37,,,,,,,,,,,,,2.0,14409423.860590115,6.455671301207619,2.939226202801455
density_curve,22,8,DRB37,,,,,,,,,,,,,2.0,14635701.180190798,7.510590065821705,3.0927047953944737
density_curve,22,8,DRB37,,,,,,,,,,,,,2.0,14865531.828908725,8.455957087627388,3.230244864694188
density_curve,22,8,DRB37,,,,,,,,,,,,,2.0,15098971.606184201,9.218782018643532,3.3412271514203646
density_curve,22,8,DRB37,,,,,,,,,,,,,2.0,15336077.187700124,9.736990031082128,3.4166204794067117
density_curve,22,8,DRB37,,,,,,,,,,,,,2.0,15576906.139141649,9.966420611808498,3.45
density_curve,22,8,DRB37,,,,,,,,,,,,,2.0,15821516.930172438,9.885859375695937,3.438279263246746
density_curve,22,8,DRB37,,,,,,,,,,,,,2.0,16069968.948630175,9.499713796040789,3.3820995060090704
density_curve,22,8,DRB37,,,,,,,,,,,,,2.0,16322322.514945026,8.83804046251339,3.285833617684232
density_curve,22,8,DRB37,,,,,,,,,,,,,2.0,16578638.896784693,7.953674827771109,3.15716855122527
density_curve,22,8,DRB37,,,,,,,,,,,,,2.0,16838980.323928915,6.9164263750540895,3.006260786540155
density_curve,22,8,DRB37,,,,,,,,,,,,,2.0,17103410.003378414,5.804801203992229,2.844532061572444
density_curve,22,8,DRB37,,,,,,,,,,,,,2.0,17371992.134700213,4.69639077649656,2.6832710449578663
density_curve,22,8,DRB37,,,,,,,,,,,,,2.0,17644791.92561452,3.658617409585994,2.532286911272256
density_curve,22,8,DRB37,,,,,,,,,,,,,2.0,17921875.607826144,2.741634178266423,2.3988763582560604
density_curve,22,8,DRB37,,,,,,,,,,,,,2.0,18203310.453104522,1.9747026778540815,2.287296612737363
density_curve,22,8,DRB37,,,,,,,,,,,,,2.0,18489164.789616488,1.3664572323385942,2.198803869921302
density_curve,22,8,DRB37,,,,,,,,,,,,,2.0,18779508.018514913,0.9084568775599379,2.132170066242356
density_curve,22,8,DRB37,,,,,,,,,,,,,2.0,19074410.630788796,0.580700638059375,2.0844852889500216
density_curve,22,8,DRB37,,,,,,,,,,,,,2.0,19373944.224377003,0.3575572638333252,2.0520204848613393
density_curve,22,8,DRB37,,,,,,,,,,,,,2.0,19678181.521551367,0.21282583427639626,2.0309637202482844
density_curve,22,8,DRB37,,,,,,,,,,,,,2.0,19987196.386572525,0.12320263649549203,2.0179245719076717
density_curve,22,8,DRB37,,,,,,,,,,,,,2.0,20301063.843623016,0.07002620912149671,2.0101880110403796
density_curve,22,8,DRB37,,,,,,,,,,,,,2.0,20619860.095022235,0.039609341679707026,2.005762705355574
density_curve,22,8,DRB37,,,,,,,,,,,,,2.0,20943662.539726753,0.022665538182346987,2.0032975760952194
density_curve,22,8,DRB37,,,,,,,,,,,,,2.0,21272549.792122267,0.013327761470439353,2.0019390365794156
density_curve,22,8,DRB37,,,,,,,,,,,,,2.0,21606601.701109305,0.008126122743048992,2.0011822577469247
density_curve,22,8,DRB37,,,,,,,,,,,,,2.0,21945899.369489986,0.0051283637869412035,2.0007461181682675
density_curve,22,8,DRB37,,,,,,,,,,,,,2.0,22290525.173658106,0.003312291797729255,2.000481900503077
density_curve,22,8,DRB37,,,,,,,,,,,,,2.0,22640562.78359909,0.0021557272648764386,2.000313633615901
density_curve,22,8,DRB37,,,,,,,,,,,,,2.0,22996097.183203783,0.0013932175163285628,2.0002026971846125
density_curve,22,8,DRB37,,,,,,,,,,,,,2.0,23357214.690901212,0.0008840132217022923,2.0001286137944
density_curve,22,8,DRB37,,,,,,,,,,,,,2.0,23724002.980615646,0.0005463030829346827,2.0000794808388194
density_curve,22,8,DRB37,,,,,,,,,,,,,2.0,24096551.10305199,0.0003270274777631867,2.00004757875081
density_curve,22,8,DRB37,,,,,,,,,,,,,2.0,24474949.507316638,0.00018892643352521533,2.0000274866312875
density_curve,22,8,DRB37,,,,,,,,,,,,,2.0,24859290.062876612,0.00010505069352528677,2.000015283672197
density_curve,22,8,DRB37,,,,,,,,,,,,,2.0,25249666.08186437,5.610738353493568e-05,2.0000081629814046
density_curve,22,8,DRB37,,,,,,,,,,,,,2.0,25646172.341732506,2.873733318731509e-05,2.0000041809526956
density_curve,22,8,DRB37,,,,,,,,,,,,,2.0,26048905.10826428,1.409565959097577e-05,2.000002050756957
density_curve,22,8,DRB37,,,,,,,,,,,,,2.0,26457962.158945747,6.613489512177552e-06,2.0000009621869443
density_curve,22,8,DRB37,,,,,,,,,,,,,2.0,26873442.80670409,2.9651487312549663e-06,2.0000004313951645
density_curve,22,8,DRB37,,,,,,,,,,,,,2.0,27295447.924020074,1.269280445087173e-06,2.000000184665761
density_curve,22,8,DRB37,,,,,,,,,,,,,2.0,27724079.967417758,5.18372754086849e-07,2.000000075417296
density_curve,22,8,DRB37,,,,,,,,,,,,,2.0,28159443.002339695,2.0184863619190222e-07,2.0000000293666638
density_curve,22,8,DRB37,,,,,,,,,,,,,2.0,28601642.7284124,7.489900225481218e-08,2.0000000108969465
density_curve,22,8,DRB37,,,,,,,,,,,,,2.0,29050786.505108584,2.6472619785239865e-08,2.0000000038514627
density_curve,22,8,DRB37,,,,,,,,,,,,,2.0,29506983.377812706,8.908904616022702e-09,2.0000000012961436
density_curve,22,8,DRB37,,,,,,,,,,,,,2.0,29970344.104294933,2.853784554433263e-09,2.0000000004151928
density_curve,22,8,DRB37,,,,,,,,,,,,,2.0,30440981.18160234,8.699085786771223e-10,2.000000000126562
density_curve,22,8,DRB37,,,,,,,,,,,,,2.0,30919008.873370558,2.522825045723357e-10,2.0000000000367044
density_curve,22,8,DRB37,,,,,,,,,,,,,2.0,31404543.237566188,6.959588960780377e-11,2.0000000000101252
density_curve,22,8,DRB37,,,,,,,,,,,,,2.0,31897702.154663246,1.8259901850471923e-11,2.0000000000026565
density_curve,22,8,DRB37,,,,,,,,,,,,,2.0,32398605.356263112,4.5559446653446656e-12,2.000000000000663
density_curve,22,8,DRB37,,,,,,,,,,,,,2.0,32907374.454163484,1.0808855851593722e-12,2.000000000000157
density_curve,22,8,DRB37,,,,,,,,,,,,,2.0,33424132.969883844,2.438182234116744e-13,2.0000000000000355
density_curve,22,8,DRB37,,,,,,,,,,,,,2.0,33949006.36465498,5.228871996103776e-14,2.0000000000000075
density_curve,22,8,DRB37,,,,,,,,,,,,,2.0,34482122.069878325,1.0660578909520274e-14,2.0000000000000013
density_curve,22,8,DRB37,,,,,,,,,,,,,2.0,35023609.518065386,2.0661619142500533e-15,2.0000000000000004
density_curve,22,8,DRB37,,,,,,,,,,,,,2.0,35573600.17426121,3.8066427114419327e-16,2.0
density_curve,22,8,DRB37,,,,,,,,,,,,,2.0,36132227.56796255,6.666539111095515e-17,2.0
density_curve,22,8,DRB37,,,,,,,,,,,,,2.0,36699627.32553667,1.109757420260409e-17,2.0
density_curve,22,8,DRB37,,,,,,,,,,,,,2.0,37275937.20314938,1.7559645229802024e-18,2.0
density_curve,22,8,DRB37,,,,,,,,,,,,,2.0,37861297.12021055,2.6409236349793424e-19,2.0
density_curve,22,8,DRB37,,,,,,,,,,,,,2.0,38455849.19334357,3.7752184723030206e-20,2.0
density_curve,22,8,DRB37,,,,,,,,,,,,,2.0,39059737.77089033,5.129432184245171e-21,2.0
density_curve,22,8,DRB37,,,,,,,,,,,,,2.0,39673109.46795558,6.624196052094094e-22,2.0
density_curve,22,8,DRB37,,,,,,,,,,,,,2.0,40296113.20200404,8.130742686407207e-23,2.0
density_curve,22,8,DRB37,,,,,,,,,,,,,2.0,40928900.22901449,9.48544040213497e-24,2.0
density_curve,22,8,DRB37,,,,,,,,,,,,,2.0,41571624.180202775,1.0517502419056695e-24,2.0
density_curve,22,8,DRB37,,,,,,,,,,,,,2.0,42224441.09932146,1.1083925386699575e-25,2.0
density_curve,22,8,DRB37,,,,,,,,,,,,,2.0,42887509.48054403,1.1101937478565859e-26,2.0
density_curve,22,8,DRB37,,,,,,,,,,,,,2.0,43560990.30694617,1.0568827619257806e-27,2.0
density_curve,22,8,DRB37,,,,,,,,,,,,,2.0,44245047.08958865,9.562613063296969e-29,2.0
density_curve,22,8,DRB37,,,,,,,,,,,,,2.0,44939845.907216705,8.2233193166095e-30,2.0
density_curve,22,8,DRB37,,,,,,,,,,,,,2.0,45645555.44658045,6.721059814794772e-31,2.0
density_curve,22,8,DRB37,,,,,,,,,,,,,2.0,46362347.04338999,5.220928730762461e-32,2.0
density_curve,22,8,DRB37,,,,,,,,,,,,,2.0,47090394.72391306,3.854576247188093e-33,2.0
density_curve,22,8,DRB37,,,,,,,,,,,,,2.0,47829875.24722586,2.70473021207354e-34,2.0
density_curve,22,8,DRB37,,,,,,,,,,,,,2.0,48580968.14812807,1.803803964841438e-35,2.0
density_curve,22,8,DRB37,,,,,,,,,,,,,2.0,49343855.78073008,1.1433323617041202e-36,2.0
density_curve,22,8,DRB37,,,,,,,,,,,,,2.0,50118723.36272725,6.887683476011125e-38,2.0
density_curve,23,22,DRB02,,,,,,,,,,,,,1.0,100000.0,0.0016796520173679341,1.0002443701224388
density_curve,23,22,DRB02,,,,,,,,,,,,,1.0,101570.34258822507,0.0019997262204474657,1.0002909372514555
density_curve,23,22,DRB02,,,,,,,,,,,,,1.0,103165.34493489409,0.002362269901937714,1.0003436832029498
density_curve,23,22,DRB02,,,,,,,,,,,,,1.0,104785.39428269603,0.0027247374556762763,1.0003964180787281
density_curve,23,22,DRB02,,,,,,,,,,,,,1.0,106430.88395535655,0.0030443290484019124,1.0004429149934684
density_curve,23,22,DRB02,,,,,,,,,,,,,1.0,108102.21345313193,0.0032860675653513323,1.0004780851777533
density_curve,23,22,DRB02,,,,,,,,,,,,,1.0,109799.78854980043,0.003429062761707328,1.00049888934033
density_curve,23,22,DRB02,,,,,,,,,,,,,1.0,111524.02139117903,0.0034692345631794808,1.0005047338771405
density_curve,23,22,DRB02,,,,,,,,,,,,,1.0,113275.33059518597,0.0034179231623673997,1.0004972686562676
density_curve,23,22,DRB02,,,,,,,,,,,,,1.0,115054.14135347492,0.003297202363230542,1.000479705163258
density_curve,23,22,DRB02,,,,,,,,,,,,,1.0,116860.88553466521,0.003133693535321244,1.000455916502343
density_curve,23,22,DRB02,,,,,,,,,,,,,1.0,118696.00178919302,0.0029528189071228294,1.0004296013164702
density_curve,23,22,DRB02,,,,,,,,,,,,,1.0,120559.93565580886,0.0027747743297358695,1.0004036978705624
density_curve,23,22,DRB02,,,,,,,,,,,,,1.0,122453.13966974878,0.002612514608789263,1.000380090940398
density_curve,23,22,DRB02,,,,,,,,,,,,,1.0,124376.07347260158,0.0024713129507459635,1.0003595477170948
density_curve,23,22,DRB02,,,,,,,,,,,,,1.0,126329.20392390396,0.0023492996619209473,1.0003417961816452
density_curve,23,22,DRB02,,,,,,,,,,,,,1.0,128313.00521448672,0.0022386877578006886,1.0003257034170288
density_curve,23,22,DRB02,,,,,,,,,,,,,1.0,130327.95898160127,0.0021277433254748477,1.0003095622733686
density_curve,23,22,DRB02,,,,,,,,,,,,,1.0,132374.55442585386,0.0020035824086267503,1.0002914982826498
density_curve,23,22,DRB02,,,,,,,,,,,,,1.0,134453.28842997624,0.0018555111302940195,1.0002699556083092
density_curve,23,22,DRB02,,,,,,,,,,,,,1.0,136564.66567946097,0.001678145703807397,1.0002441509710756
density_curve,23,22,DRB02,,,,,,,,,,,,,1.0,138709.19878509274,0.0014733442442335606,1.0002143547054
density_curve,23,22,DRB02,,,,,,,,,,,,,1.0,140887.40840740083,0.0012502697961000906,1.0001818999292682
density_curve,23,22,DRB02,,,,,,,,,,,,,1.0,143099.82338306884,0.001023576011380157,1.0001489185811345
density_curve,23,22,DRB02,,,,,,,,,,,,,1.0,145346.98085332804,0.0008104089629687885,1.0001179052181395
density_curve,23,22,DRB02,,,,,,,,,,,,,1.0,147629.42639436718,0.0006272815922224672,1.0000912622840386
density_curve,23,22,DRB02,,,,,,,,,,,,,1.0,149947.71414979032,0.0004877376243812549,1.0000709602356652
density_curve,23,22,DRB02,,,,,,,,,,,,,1.0,152302.40696515449,0.00040119558508483374,1.0000583693605791
density_curve,23,22,DRB02,,,,,,,,,,,,,1.0,154694.07652461986,0.0003727543848800923,1.0000542314918393
density_curve,23,22,DRB02,,,,,,,,,,,,,1.0,157123.30348974746,0.00040336237208968544,1.0000586846032604
density_curve,23,22,DRB02,,,,,,,,,,,,,1.0,159590.6776404731,0.0004897684387254386,1.0000712556958824
density_curve,23,22,DRB02,,,,,,,,,,,,,1.0,162096.79801829843,0.0006240452868556574,1.0000907914386905
density_curve,23,22,DRB02,,,,,,,,,,,,,1.0,164642.27307172897,0.0007929895630998841,1.0001153708950565
density_curve,23,22,DRB02,,,,,,,,,,,,,1.0,167227.72080399614,0.0009780829347103054,1.000142299859756
density_curve,23,22,DRB02,,,,,,,,,,,,,1.0,169853.76892309941,0.0011567224158798028,1.0001682898573474
density_curve,23,22,DRB02,,,,,,,,,,,,,1.0,172521.0549942039,0.0013050390110867732,1.0001898682224823
density_curve,23,22,DRB02,,,,,,,,,,,,,1.0,175230.2265944331,0.0014019653052557291,1.000203969887666
density_curve,23,22,DRB02,,,,,,,,,,,,,1.0,177981.9414700888,0.0014335822824019498,1.0002085697955614
density_curve,23,22,DRB02,,,,,,,,,,,,,1.0,180776.86769634343,0.0013964889161913352,1.0002031731358074
density_curve,23,22,DRB02,,,,,,,,,,,,,1.0,183615.6838394384,0.0012991647593810862,1.0001890135861686
density_curve,23,22,DRB02,,,,,,,,,,,,,1.0,186499.07912142982,0.001160955982158855,1.0001689057927312
density_curve,23,22,DRB02,,,,,,,,,,,,,1.0,189427.7535875212,0.001009105681380278,1.0001468133139262
density_curve,23,22,DRB02,,,,,,,,,,,,,1.0,192402.4182760241,0.0008747977293519744,1.0001272730458572
density_curve,23,22,DRB02,,,,,,,,,,,,,1.0,195423.79539098707,0.0007892498968008612,1.0001148268164606
density_curve,23,22,DRB02,,,,,,,,,,,,,1.0,198492.61847753756,0.0007804987632052041,1.0001135536267962
density_curve,23,22,DRB02,,,,,,,,,,,,,1.0,201609.63259997344,0.0008709341595976108,1.0001267109407284
density_curve,23,22,DRB02,,,,,,,,,,,,,1.0,204775.59452265495,0.0010752253216029374,1.0001564329639547
density_curve,23,22,DRB02,,,,,,,,,,,,,1.0,207991.2728937353,0.001398284834897842,1.000203434421401
density_curve,23,22,DRB02,,,,,,,,,,,,,1.0,211257.44843177704,0.001833336915900166,1.0002667295141954
density_curve,23,22,DRB02,,,,,,,,,,,,,1.0,214574.91411529886,0.0023607299366333306,1.0003434591556433
density_curve,23,22,DRB02,,,,,,,,,,,,,1.0,217944.4753752988,0.00294846912939817,1.0004289684736527
density_curve,23,22,DRB02,,,,,,,,,,,,,1.0,221366.95029080036,0.0035552414301345875,1.0005172468907833
density_curve,23,22,DRB02,,,,,,,,,,,,,1.0,224843.16978747185,0.004135934632966101,1.0006017310979927
density_curve,23,22,DRB02,,,,,,,,,,,,,1.0,228373.97783935972,0.004648626729348056,1.0006763219233963
density_curve,23,22,DRB02,,,,,,,,,,,,,1.0,231960.2316737949,0.005061255210299487,1.0007363546393215
density_curve,23,22,DRB02,,,,,,,,,,,,,1.0,235602.80197951404,0.005356121318028943,1.0007792542793086
density_curve,23,22,DRB02,,,,,,,,,,,,,1.0,239302.57311804994,0.005531147041622983,1.0008047185165807
density_curve,23,22,DRB02,,,,,,,,,,,,,1.0,243060.44333844114,0.00559803477402349,1.00081444991522
density_curve,23,22,DRB02,,,,,,,,,,,,,1.0,246877.32499531287,0.005578539448408809,1.000811613568728
density_curve,23,22,DRB02,,,,,,,,,,,,,1.0,250754.1447703851,0.005500385981822986,1.0008002431348517
density_curve,23,22,DRB02,,,,,,,,,,,,,1.0,254691.843897454,0.00539382369661361,1.0007847395433846
density_curve,23,22,DRB02,,,,,,,,,,,,,1.0,258691.37839091144,0.005288818786026903,1.0007694625320802
density_curve,23,22,DRB02,,,,,,,,,,,,,1.0,262753.7192778504,0.005212152448270805,1.0007583084584086
density_curve,23,22,DRB02,,,,,,,,,,,,,1.0,266879.85283381585,0.005183751802110556,1.0007541764898176
density_curve,23,22,DRB02,,,,,,,,,,,,,1.0,271070.7808222577,0.005212428808183603,1.0007583486656093
density_curve,23,22,DRB02,,,,,,,,,,,,,1.0,275327.5207377438,0.005292279220002386,1.0007699659855727
density_curve,23,22,DRB02,,,,,,,,,,,,,1.0,279651.1060529923,0.005401543199701742,1.000785862642631
density_curve,23,22,DRB02,,,,,,,,,,,,,1.0,284042.5864697849,0.0055052933705306735,1.0008009571036778
density_curve,23,22,DRB02,,,,,,,,,,,,,1.0,288503.028173816,0.005562027903676588,1.0008092113281648
density_curve,23,22,DRB02,,,,,,,,,,,,,1.0,293033.5140935484,0.005532737539237544,1.000804949915759
density_curve,23,22,DRB02,,,,,,,,,,,,,1.0,297635.14416313195,0.00539002187996842,1.0007841864226255
density_curve,23,22,DRB02,,,,,,,,,,,,,1.0,302309.0355894507,0.005124773351076328,1.0007455958009897
density_curve,23,22,DRB02,,,,,,,,,,,,,1.0,307056.3231233643,0.004748755116092312,1.0006908894563586
density_curve,23,22,DRB02,,,,,,,,,,,,,1.0,311878.15933520853,0.004292636558707596,1.0006245294326381
density_curve,23,22,DRB02,,,,,,,,,,,,,1.0,316775.7148946211,0.003800215467865765,1.000552887806268
density_curve,23,22,DRB02,,,,,,,,,,,,,1.0,321750.1788547658,0.003320330499694891,1.0004830700421026
density_curve,23,22,DRB02,,,,,,,,,,,,,1.0,326802.75894101255,0.0028982777792390165,1.000421666207316
density_curve,23,22,DRB02,,,,,,,,,,,,,1.0,331934.6818441578,0.0025684688734164607,1.000373682790594
density_curve,23,22,DRB02,,,,,,,,,,,,,1.0,337147.193518246,0.0023497002997275615,1.0003418544698552
density_curve,23,22,DRB02,,,,,,,,,,,,,1.0,342441.55948306865,0.0022438088925660366,1.000326448483457
density_curve,23,22,DRB02,,,,,,,,,,,,,1.0,347819.06513141334,0.0022377305604693197,1.0003255641557849
density_curve,23,22,DRB02,,,,,,,,,,,,,1.0,353281.01604113757,0.002308202186086557,1.0003358169698215
density_curve,23,22,DRB02,,,,,,,,,,,,,1.0,358828.7382921458,0.0024277639639437394,1.0003532118385159
density_curve,23,22,DRB02,,,,,,,,,,,,,1.0,364463.57878833805,0.0025705392467803238,1.0003739840061954
density_curve,23,22,DRB02,,,,,,,,,,,,,1.0,370186.9055846206,0.00271656549732809,1.000395229152426
density_curve,23,22,DRB02,,,,,,,,,,,,,1.0,376000.1082190484,0.0028540973404055717,1.0004152384597018
density_curve,23,22,DRB02,,,,,,,,,,,,,1.0,381904.59805018455,0.0029800210227091837,1.0004335589125959
density_curve,23,22,DRB02,,,,,,,,,,,,,1.0,387901.8085997564,0.003099014515591658,1.0004508711023377
density_curve,23,22,DRB02,,,,,,,,,,,,,1.0,393993.19590069365,0.0032221964592169484,1.00046879266367
density_curve,23,22,DRB02,,,,,,,,,,,,,1.0,400180.2388506313,0.0033657631203237114,1.0004896799678198
density_curve,23,22,DRB02,,,,,,,,,,,,,1.0,406464.4395709628,0.0035496987914395736,1.0005164405003626
density_curve,23,22,DRB02,,,,,,,,,,,,,1.0,412847.323771536,0.0037962863395083735,1.0005523161631134
density_curve,23,22,DRB02,,,,,,,,,,,,,1.0,419330.44112106785,0.0041280070573159805,1.0006005777265727
density_curve,23,22,DRB02,,,,,,,,,,,,,1.0,425915.3656233841,0.004564561649104518,1.0006640914174703
density_curve,23,22,DRB02,,,,,,,,,,,,,1.0,432603.6959995626,0.005119118400337184,1.0007447730704537
density_curve,23,22,DRB02,,,,,,,,,,,,,1.0,439397.0560760795,0.005794367391109584,1.0008430140613527
density_curve,23,22,DRB02,,,,,,,,,,,,,1.0,446297.0951790494,0.006579350151022228,1.0009572200582904
density_curve,23,22,DRB02,,,,,,,,,,,,,1.0,453305.48853465647,0.007448165516045812,1.0010836227386861
density_curve,23,22,DRB02,,,,,,,,,,,,,1.0,460423.93767587794,0.008361414173101118,1.001216489953939
density_curve,23,22,DRB02,,,,,,,,,,,,,1.0,467654.17085558514,0.009270642797589997,1.0013487723005166
density_curve,23,22,DRB02,,,,,,,,,,,,,1.0,474997.94346614124,0.010125221241900073,1.0014731036720805
density_curve,23,22,DRB02,,,,,,,,,,,,,1.0,482457.03846558335,0.010880275076645558,1.0015829553533435
density_curve,23,22,DRB02,,,,,,,,,,,,,1.0,490033.26681049785,0.011503790679025912,1.0016736697290123
density_curve,23,22,DRB02,,,,,,,,,,,,,1.0,497728.46789569367,0.01198106395366077,1.0017431075216938
density_curve,23,22,DRB02,,,,,,,,,,,,,1.0,505544.5100007789,0.012315378829567271,1.001791746505432
density_curve,23,22,DRB02,,,,,,,,,,,,,1.0,513483.29074375494,0.012525014140035375,1.0018222460410244
density_curve,23,22,DRB02,,,,,,,,,,,,,1.0,521546.7375417237,0.012637926819377298,1.0018386735420723
density_curve,23,22,DRB02,,,,,,,,,,,,,1.0,529736.8080788398,0.01268613881987586,1.0018456878357136
density_curve,23,22,DRB02,,,,,,,,,,,,,1.0,538055.490781606,0.01270154214557609,1.001847928843106
density_curve,23,22,DRB02,,,,,,,,,,,,,1.0,546504.805301633,0.012713628571755868,1.001849687279624
density_curve,23,22,DRB02,,,,,,,,,,,,,1.0,555086.803005981,0.012748237657664687,1.0018547225050598
density_curve,23,22,DRB02,,,,,,,,,,,,,1.0,563803.567475201,0.012825734172303666,1.0018659973599555
density_curve,23,22,DRB02,,,,,,,,,,,,,1.0,572657.2150091964,0.012957639493398683,1.0018851880727537
density_curve,23,22,DRB02,,,,,,,,,,,,,1.0,581649.8951410283,0.013142372988741208,1.0019120646795798
density_curve,23,22,DRB02,,,,,,,,,,,,,1.0,590783.7911587943,0.013362350498965187,1.0019440688867318
density_curve,23,22,DRB02,,,,,,,,,,,,,1.0,600061.1206356916,0.013585042501152906,1.001976468021361
density_curve,23,22,DRB02,,,,,,,,,,,,,1.0,609484.1359684145,0.0137692086742858,1.002003262089306
density_curve,23,22,DRB02,,,,,,,,,,,,,1.0,619055.1249240021,0.013875009666165887,1.0020186549213168
density_curve,23,22,DRB02,,,,,,,,,,,,,1.0,628776.4111952737,0.013874469378804608,1.0020185763156966
density_curve,23,22,DRB02,,,,,,,,,,,,,1.0,638650.3549649863,0.01375817651322013,1.0020016570362817
density_curve,23,22,DRB02,,,,,,,,,,,,,1.0,648679.3534788508,0.013535606709775452,1.0019692756801695
density_curve,23,22,DRB02,,,,,,,,,,,,,1.0,658865.8416275523,0.013229256997992548,1.0019247053073759
density_curve,23,22,DRB02,,,,,,,,,,,,,1.0,669212.2925378972,0.01286543083108756,1.0018717727689492
density_curve,23,22,DRB02,,,,,,,,,,,,,1.0,679721.2181732573,0.012465672676455207,1.0018136125380304
density_curve,23,22,DRB02,,,,,,,,,,,,,1.0,690395.1699434342,0.012042083764110648,1.0017519852049261
density_curve,23,22,DRB02,,,,,,,,,,,,,1.0,701236.7393241049,0.01159763878141719,1.0016873235525632
density_curve,23,22,DRB02,,,,,,,,,,,,,1.0,712248.5584859921,0.011130337727177551,1.0016193366036836
density_curve,23,22,DRB02,,,,,,,,,,,,,1.0,723433.3009339154,0.010638640678224953,1.0015478003171117
density_curve,23,22,DRB02,,,,,,,,,,,,,1.0,734793.6821558832,0.010125610148844956,1.001473160253585
density_curve,23,22,DRB02,,,,,,,,,,,,,1.0,746332.4602823642,0.009600279996980989,1.0013967307359204
density_curve,23,22,DRB02,,,,,,,,,,,,,1.0,758052.4367559261,0.009076288928773648,1.001320496039584
density_curve,23,22,DRB02,,,,,,,,,,,,,1.0,769956.4570113824,0.008569027412230892,1.0012466953013215
density_curve,23,22,DRB02,,,,,,,,,,,,,1.0,782047.411166621,0.008092995965610273,1.0011774381803866
density_curve,23,22,DRB02,,,,,,,,,,,,,1.0,794328.2347242822,0.007660709787001509,1.0011145454946975
density_curve,23,22,DRB02,,,,,,,,,,,,,1.0,806801.909284454,0.007283597114280867,1.0010596799219165
density_curve,23,22,DRB02,,,,,,,,,,,,,1.0,819471.4632685608,0.006974373706210456,1.001014691459241
density_curve,23,22,DRB02,,,,,,,,,,,,,1.0,832339.9726546166,0.0067497313929253,1.0009820085766945
density_curve,23,22,DRB02,,,,,,,,,,,,,1.0,845410.561724033,0.006632042417335313,1.000964886179271
density_curve,23,22,DRB02,,,,,,,,,,,,,1.0,858686.4038201383,0.00664908312249263,1.0009673654066127
density_curve,23,22,DRB02,,,,,,,,,,,,,1.0,872170.7221186243,0.006831285054971774,1.0009938737000497
density_curve,23,22,DRB02,,,,,,,,,,,,,1.0,885866.7904100833,0.007206511367516975,1.0010484648290399
density_curve,23,22,DRB02,,,,,,,,,,,,,1.0,899777.9338948353,0.007792785021974613,1.0011337609280182
density_curve,23,22,DRB02,,,,,,,,,,,,,1.0,913907.5299902376,0.008589888545511048,1.001249730357179
density_curve,23,22,DRB02,,,,,,,,,,,,,1.0,928259.0091506683,0.009571437678649743,1.0013925345090893
density_curve,23,22,DRB02,,,,,,,,,,,,,1.0,942835.8557003973,0.010679795320037228,1.00155378784593
density_curve,23,22,DRB02,,,,,,,,,,,,,1.0,957641.6086795169,0.011826601750961719,1.0017206350410874
density_curve,23,22,DRB02,,,,,,,,,,,,,1.0,972679.8627031752,0.012901160949107447,1.001876971091712
density_curve,23,22,DRB02,,,,,,,,,,,,,1.0,987954.2688342923,0.013787089687759206,1.002005863571879
density_curve,23,22,DRB02,,,,,,,,,,,,,1.0,1003468.5354699849,0.014384783491994556,1.0020928211717934
density_curve,23,22,DRB02,,,,,,,,,,,,,1.0,1019226.4292419085,0.014634382905679085,1.00212913502648
density_curve,23,22,DRB02,,,,,,,,,,,,,1.0,1035231.7759307377,0.01453240969697284,1.002114299093061
density_curve,23,22,DRB02,,,,,,,,,,,,,1.0,1051488.4613950192,0.014136149459862463,1.0020566477690611
density_curve,23,22,DRB02,,,,,,,,,,,,,1.0,1068000.4325145755,0.013553275568567684,1.0019718462966674
density_curve,23,22,DRB02,,,,,,,,,,,,,1.0,1084771.6981487798,0.012919025641185133,1.0018795701997087
density_curve,23,22,DRB02,,,,,,,,,,,,,1.0,1101806.3301098226,0.012367538262616839,1.001799335105278
density_curve,23,22,DRB02,,,,,,,,,,,,,1.0,1119108.4641512968,0.012005894188702996,1.0017467200363783
density_curve,23,22,DRB02,,,,,,,,,,,,,1.0,1136682.3009722962,0.01189812456144208,1.001731040790477
density_curve,23,22,DRB02,,,,,,,,,,,,,1.0,1154532.1072372785,0.012062510966541996,1.0017549571288173
density_curve,23,22,DRB02,,,,,,,,,,,,,1.0,1172662.2166119604,0.012480619600413394,1.0018157871441988
density_curve,23,22,DRB02,,,,,,,,,,,,,1.0,1191077.0308154398,0.013112715997008426,1.0019077499271036
density_curve,23,22,DRB02,,,,,,,,,,,,,1.0,1209781.0206889012,0.013912909703311837,1.0020241689424485
density_curve,23,22,DRB02,,,,,,,,,,,,,1.0,1228778.727281043,0.014838796513695096,1.0021588748641979
density_curve,23,22,DRB02,,,,,,,,,,,,,1.0,1248074.7629505873,0.01585355604161789,1.002306510748012
density_curve,23,22,DRB02,,,,,,,,,,,,,1.0,1267673.8124860895,0.01692188229360054,1.0024619399763892
density_curve,23,22,DRB02,,,,,,,,,,,,,1.0,1287580.634243335,0.018003386265077748,1.0026192864119574
density_curve,23,22,DRB02,,,,,,,,,,,,,1.0,1307800.061300597,0.0190475438017134,1.002771199369186
density_curve,23,22,DRB02,,,,,,,,,,,,,1.0,1328337.002632031,0.019993067386250125,1.0029087622165689
density_curve,23,22,DRB02,,,,,,,,,,,,,1.0,1349196.4442995142,0.02077255715854396,1.003022169046749
density_curve,23,22,DRB02,,,,,,,,,,,,,1.0,1370383.450663168,0.021321360011734118,1.0031020135734974
density_curve,23,22,DRB02,,,,,,,,,,,,,1.0,1391903.1656109202,0.02158836672001424,1.0031408599900884
density_curve,23,22,DRB02,,,,,,,,,,,,,1.0,1413760.8138073613,0.021546164655494974,1.0031347200732679
density_curve,23,22,DRB02,,,,,,,,,,,,,1.0,1435961.7019622158,0.021198319802923856,1.0030841126329568
density_curve,23,22,DRB02,,,,,,,,,,,,,1.0,1458511.22011873,0.02058223980464301,1.0029944800524846
density_curve,23,22,DRB02,,,,,,,,,,,,,1.0,1481414.8429622927,0.019766821940277093,1.0028758460965859
density_curve,23,22,DRB02,,,,,,,,,,,,,1.0,1504678.1311496203,0.01884485367304705,1.002741710277965
density_curve,23,22,DRB02,,,,,,,,,,,,,1.0,1528306.7326587688,0.017920964010303565,1.0026072949183131
density_curve,23,22,DRB02,,,,,,,,,,,,,1.0,1552306.3841604206,0.017096850463007,1.0024873958401863
density_curve,23,22,DRB02,,,,,,,,,,,,,1.0,1576682.9124106285,0.01645640845435365,1.0023942188663542
density_curve,23,22,DRB02,,,,,,,,,,,,,1.0,1601442.23566548,0.016053963289958038,1.0023356677063036
density_curve,23,22,DRB02,,,,,,,,,,,,,1.0,1626590.3651179587,0.015908642864797956,1.002314525249579
density_curve,23,22,DRB02,,,,,,,,,,,,,1.0,1652133.4063573685,0.01600671798355568,1.0023287940555765
density_curve,23,22,DRB02,,,,,,,,,,,,,1.0,1678077.5608516952,0.01631151056571061,1.0023731378838514
density_curve,23,22,DRB02,,,,,,,,,,,,,1.0,1704429.1274531947,0.01677780235913428,1.0024409779968468
density_curve,23,22,DRB02,,,,,,,,,,,,,1.0,1731194.503927705,0.017365633889335288,1.002526500748895
density_curve,23,22,DRB02,,,,,,,,,,,,,1.0,1758380.1885078938,0.018048122971601657,1.0026257950901465
density_curve,23,22,DRB02,,,,,,,,,,,,,1.0,1785992.7814709456,0.018810056561614125,1.0027366476969701
density_curve,23,22,DRB02,,,,,,,,,,,,,1.0,1814038.9867410094,0.01963801785981558,1.0028571065787646
density_curve,23,22,DRB02,,,,,,,,,,,,,1.0,1842525.6135168101,0.020507062765359966,1.0029835426546758
density_curve,23,22,DRB02,,,,,,,,,,,,,1.0,1871459.5779248201,0.02137133600249918,1.00310928450751
density_curve,23,22,DRB02,,,,,,,,,,,,,1.0,1900847.9046983868,0.022165015041398808,1.003224755713395
density_curve,23,22,DRB02,,,,,,,,,,,,,1.0,1930697.7288832497,0.022815642343492478,1.003319414530716
density_curve,23,22,DRB02,,,,,,,,,,,,,1.0,1961016.2975697976,0.02326604624449511,1.0033849431374136
density_curve,23,22,DRB02,,,,,,,,,,,,,1.0,1991810.9716525706,0.023496420366944125,1.003418459932516
density_curve,23,22,DRB02,,,,,,,,,,,,,1.0,2023089.2276173707,0.023537090372651424,1.003424376952334
density_curve,23,22,DRB02,,,,,,,,,,,,,1.0,2054858.65935644,0.023465752044693863,1.0034139980430379
density_curve,23,22,DRB02,,,,,,,,,,,,,1.0,2087126.9800121451,0.02338913529024321,1.003402851183169
density_curve,23,22,DRB02,,,,,,,,,,,,,1.0,2119902.0238496074,0.023415310953732425,1.0034066594422761
density_curve,23,22,DRB02,,,,,,,,,,,,,1.0,2153191.7481587674,0.023626351125873225,1.0034373633691445
density_curve,23,22,DRB02,,,,,,,,,,,,,1.0,2187004.235186248,0.024060311440113002,1.0035004996223849
density_curve,23,22,DRB02,,,,,,,,,,,,,1.0,2221347.6940976637,0.02470714213536176,1.0035946060769128
density_curve,23,22,DRB02,,,,,,,,,,,,,1.0,2256230.462970635,0.02551744504233645,1.0037124958651202
density_curve,23,22,DRB02,,,,,,,,,,,,,1.0,2291661.0108191706,0.026418678710114597,1.0038436150371055
density_curve,23,22,DRB02,,,,,,,,,,,,,1.0,2327647.9396498133,0.027332185671396832,1.0039765198326638
density_curve,23,22,DRB02,,,,,,,,,,,,,1.0,2364199.9865500783,0.02818623386699337,1.0041007740591157
density_curve,23,22,DRB02,,,,,,,,,,,,,1.0,2401326.0258096857,0.028923591452318233,1.0042080511388582
density_curve,23,22,DRB02,,,,,,,,,,,,,1.0,2439035.071075103,0.029504994135262492,1.0042926385672948
density_curve,23,22,DRB02,,,,,,,,,,,,,1.0,2477336.2775379405,0.029910899805399873,1.004351693191279
density_curve,23,22,DRB02,,,,,,,,,,,,,1.0,2516238.944157669,0.03014309055082985,1.0043854742842098
density_curve,23,22,DRB02,,,,,,,,,,,,,1.0,2555752.5159192816,0.030225932773333145,1.0043975268783463
density_curve,23,22,DRB02,,,,,,,,,,,,,1.0,2595886.586126396,0.030205683907415008,1.0043945809003745
density_curve,23,22,DRB02,,,,,,,,,,,,,1.0,2636650.898730361,0.030145968034639783,1.0043858929251328
density_curve,23,22,DRB02,,,,,,,,,,,,,1.0,2678055.350695943,0.03011855713004419,1.0043819049525986
density_curve,23,22,DRB02,,,,,,,,,,,,,1.0,2720109.994404156,0.030190426874000406,1.0043923611768335
density_curve,23,22,DRB02,,,,,,,,,,,,,1.0,2762825.0400928515,0.030409939982284414,1.0044242978188245
density_curve,23,22,DRB02,,,,,,,,,,,,,1.0,2806210.858335576,0.0307961377372627,1.004480485166974
density_curve,23,22,DRB02,,,,,,,,,,,,,1.0,2850277.982559416,0.031334871030265415,1.0045588646880959
density_curve,23,22,DRB02,,,,,,,,,,,,,1.0,2895037.1116023487,0.03198369627333181,1.004653261326477
density_curve,23,22,DRB02,,,,,,,,,,,,,1.0,2940499.1123107616,0.03268456806438331,1.0047552301412208
density_curve,23,22,DRB02,,,,,,,,,,,,,1.0,2986675.022177758,0.033380454242030774,1.0048564736063414
density_curve,23,22,DRB02,,,,,,,,,,,,,1.0,3033576.0520228897,0.034030346189694,1.0049510254380185
density_curve,23,22,DRB02,,,,,,,,,,,,,1.0,3081213.5887140087,0.03461756835904581,1.0050364595350454
density_curve,23,22,DRB02,,,,,,,,,,,,,1.0,3129599.1979317563,0.03514873862978232,1.0051137387230877
density_curve,23,22,DRB02,,,,,,,,,,,,,1.0,3178744.626977629,0.03564424033451181,1.0051858285434798
density_curve,23,22,DRB02,,,,,,,,,,,,,1.0,3228661.807625975,0.03612426074316211,1.005255666012683
density_curve,23,22,DRB02,,,,,,,,,,,,,1.0,3279362.859020883,0.03659614140340099,1.0053243192417607
density_curve,23,22,DRB02,,,,,,,,,,,,,1.0,3330860.090618524,0.037048392126769185,1.0053901165399508
density_curve,23,22,DRB02,,,,,,,,,,,,,1.0,3383166.005175699,0.03745437467020122,1.0054491823481186
density_curve,23,22,DRB02,,,,,,,,,,,,,1.0,3436293.3017853256,0.03778509927532872,1.0054972989885969
density_curve,23,22,DRB02,,,,,,,,,,,,,1.0,3490254.8789595794,0.03802693801216191,1.0055324837537265
density_curve,23,22,DRB02,,,,,,,,,,,,,1.0,3545063.837761485,0.038197621730906677,1.0055573162790452
density_curve,23,22,DRB02,,,,,,,,,,,,,1.0,3600733.4849856202,0.038353683802956,1.00558002152231
density_curve,23,22,DRB02,,,,,,,,,,,,,1.0,3657277.33638883,0.038584884520973896,1.0056136585775963
density_curve,23,22,DRB02,,,,,,,,,,,,,1.0,3714709.119971648,0.03899546263553165,1.0056733929887052
density_curve,23,22,DRB02,,,,,,,,,,,,,1.0,3773042.7793112434,0.03967682893356015,1.0057725239777155
density_curve,23,22,DRB02,,,,,,,,,,,,,1.0,3832292.476946719,0.04067976077983477,1.0059184390693758
density_curve,23,22,DRB02,,,,,,,,,,,,,1.0,3892472.597817551,0.04199495195413614,1.0061097843152786
density_curve,23,22,DRB02,,,,,,,,,,,,,1.0,3953597.752756071,0.04354860085809552,1.0063358224285077
density_curve,23,22,DRB02,,,,,,,,,,,,,1.0,4015682.782034709,0.045215347986467674,1.0065783150374668
density_curve,23,22,DRB02,,,,,,,,,,,,,1.0,4078742.7589690215,0.046845766204751726,1.0068155222062782
density_curve,23,22,DRB02,,,,,,,,,,,,,1.0,4142792.9935772587,0.048301337448261594,1.0070272911437228
density_curve,23,22,DRB02,,,,,,,,,,,,,1.0,4207849.036297407,0.04948759668772128,1.0071998782704572
density_curve,23,22,DRB02,,,,,,,,,,,,,1.0,4273926.681762604,0.05037643586507945,1.0073291941861071
density_curve,23,22,DRB02,,,,,,,,,,,,,1.0,4341041.972635828,0.0510113445164797,1.0074215661198622
density_curve,23,22,DRB02,,,,,,,,,,,,,1.0,4409211.203504863,0.051493973328528876,1.007491783081872
density_curve,23,22,DRB02,,,,,,,,,,,,,1.0,4478450.924838282,0.05195572420982172,1.0075589625441839
density_curve,23,22,DRB02,,,,,,,,,,,,,1.0,4548777.947003777,0.05252262827126358,1.0076414405893224
density_curve,23,22,DRB02,,,,,,,,,,,,,1.0,4620209.3443493685,0.05328404637989888,1.007752218199512
density_curve,23,22,DRB02,,,,,,,,,,,,,1.0,4692762.459348841,0.05427465445817182,1.0078963403241386
density_curve,23,22,DRB02,,,,,,,,,,,,,1.0,4766454.906812234,0.0554747502318556,1.0080709405080581
density_curve,23,22,DRB02,,,,,,,,,,,,,1.0,4841304.57816245,0.05682748840223618,1.0082677484116627
density_curve,23,22,DRB02,,,,,,,,,,,,,1.0,4917329.645779026,0.05826560819183046,1.008476978362528
density_curve,23,22,DRB02,,,,,,,,,,,,,1.0,4994548.567410101,0.05973704839052707,1.00869105605112
density_curve,23,22,DRB02,,,,,,,,,,,,,1.0,5072980.090653727,0.06121995902607186,1.0089068025568406
density_curve,23,22,DRB02,,,,,,,,,,,,,1.0,5152643.257509442,0.06272257316454681,1.0091254156964673
density_curve,23,22,DRB02,,,,,,,,,,,,,1.0,5233557.40900142,0.06427001411569043,1.0093505506236948
density_curve,23,22,DRB02,,,,,,,,,,,,,1.0,5315742.189874179,0.06588545665304325,1.0095855790025279
density_curve,23,22,DRB02,,,,,,,,,,,,,1.0,5399217.553362021,0.06757485092164423,1.0098313665108907
density_curve,23,22,DRB02,,,,,,,,,,,,,1.0,5484003.766033389,0.06932205999576616,1.0100855654109928
density_curve,23,22,DRB02,,,,,,,,,,,,,1.0,5570121.412711266,0.07109604390741643,1.010343659743159
density_curve,23,22,DRB02,,,,,,,,,,,,,1.0,5657591.401470916,0.07286610328240245,1.0106011831002095
density_curve,23,22,DRB02,,,,,,,,,,,,,1.0,5746434.968715974,0.0746176151459861,1.0108560080068754
density_curve,23,22,DRB02,,,,,,,,,,,,,1.0,5836673.684334379,0.07636052047814511,1.0111095807618358
density_curve,23,22,DRB02,,,,,,,,,,,,,1.0,5928329.456935207,0.0781259001391514,1.011366423274124
density_curve,23,22,DRB02,,,,,,,,,,,,,1.0,6021424.539167753,0.07995086982436238,1.011631935452129
density_curve,23,22,DRB02,,,,,,,,,,,,,1.0,6115981.53312414,0.08185674812797417,1.01190921890703
density_curve,23,22,DRB02,,,,,,,,,,,,,1.0,6212023.395826757,0.08382827138245408,1.0121960529500973
density_curve,23,22,DRB02,,,,,,,,,,,,,1.0,6309573.444801942,0.0858016440746445,1.0124831560651602
density_curve,23,22,DRB02,,,,,,,,,,,,,1.0,6408655.363740995,0.08766655710434706,1.0127544795421028
density_curve,23,22,DRB02,,,,,,,,,,,,,1.0,6509293.20825039,0.08928298162757585,1.012989650788629
density_curve,23,22,DRB02,,,,,,,,,,,,,1.0,6611511.411691989,0.09050901278067218,1.0131680242730756
density_curve,23,22,DRB02,,,,,,,,,,,,,1.0,6715334.791115149,0.09123269864689448,1.0132733122743445
density_curve,23,22,DRB02,,,,,,,,,,,,,1.0,6820788.553281926,0.09139956184666773,1.0132975889579297
density_curve,23,22,DRB02,,,,,,,,,,,,,1.0,6927898.300786892,0.09102862575061288,1.01324362200628
density_curve,23,22,DRB02,,,,,,,,,,,,,1.0,7036690.03827307,0.09021277706000386,1.0131249253700993
density_curve,23,22,DRB02,,,,,,,,,,,,,1.0,7147190.1787454495,0.08910339692974582,1.012963523272844
density_curve,23,22,DRB02,,,,,,,,,,,,,1.0,7259425.549983729,0.08788334875955564,1.0127860202438548
density_curve,23,22,DRB02,,,,,,,,,,,,,1.0,7373423.401055615,0.0867355525656955,1.0126190290495312
density_curve,23,22,DRB02,,,,,,,,,,,,,1.0,7489211.408932546,0.08581552932426299,1.0124851762098772
density_curve,23,22,DRB02,,,,,,,,,,,,,1.0,7606817.685209225,0.0852348577384879,1.0124006951477016
density_curve,23,22,DRB02,,,,,,,,,,,,,1.0,7726270.782928702,0.08505861234154681,1.0123750534619331
density_curve,23,22,DRB02,,,,,,,,,,,,,1.0,7847599.7035146225,0.08531474267025144,1.0124123174899216
density_curve,23,22,DRB02,,,,,,,,,,,,,1.0,7970833.903812322,0.08600901415568743,1.012513326035827
density_curve,23,22,DRB02,,,,,,,,,,,,,1.0,8096003.303240569,0.08713753969067006,1.0126775135700945
density_curve,23,22,DRB02,,,,,,,,,,,,,1.0,8223138.291055465,0.08869094794895742,1.0129035166721359
density_curve,23,22,DRB02,,,,,,,,,,,,,1.0,8352269.733728553,0.09064895974119112,1.0131883849522658
density_curve,23,22,DRB02,,,,,,,,,,,,,1.0,8483428.982440725,0.09296924593499802,1.0135259600067477
density_curve,23,22,DRB02,,,,,,,,,,,,,1.0,8616647.880693821,0.09557738990013342,1.0139054150685745
density_curve,23,22,DRB02,,,,,,,,,,,,,1.0,8751958.77204175,0.09836425264060238,1.0143108716643852
density_curve,23,22,DRB02,,,,,,,,,,,,,1.0,8889394.507943004,0.1011936143572123,1.0147225113742548
density_curve,23,22,DRB02,,,,,,,,,,,,,1.0,9028988.455736592,0.10391865280217424,1.0151189732434753
density_curve,23,22,DRB02,,,,,,,,,,,,,1.0,9170774.50674293,0.10640279900896306,1.0154803880522758
density_curve,23,22,DRB02,,,,,,,,,,,,,1.0,9314787.084492404,0.10853991937724924,1.0157913145779278
density_curve,23,22,DRB02,,,,,,,,,,,,,1.0,9461061.153082676,0.11027025725165092,1.0160430589117873
density_curve,23,22,DRB02,,,,,,,,,,,,,1.0,9609632.225667553,0.11159077433978408,1.0162351790171262
density_curve,23,22,DRB02,,,,,,,,,,,,,1.0,9760536.373079011,0.11256007103077191,1.0163762005790966
density_curve,23,22,DRB02,,,,,,,,,,,,,1.0,9913810.23258467,0.11329829799078947,1.0164836041428955
density_curve,23,22,DRB02,,,,,,,,,,,,,1.0,10069491.016782762,0.11398174908258897,1.016583038445511
density_curve,23,22,DRB02,,,,,,,,,,,,,1.0,10227616.522636779,0.1148311716115084,1.0167066196904642
density_curve,23,22,DRB02,,,,,,,,,,,,,1.0,10388225.14065211,0.11609337380970033,1.0168902556475108
density_curve,23,22,DRB02,,,,,,,,,,,,,1.0,10551355.864196453,0.11801819327908947,1.017170294824997
density_curve,23,22,DRB02,,,,,,,,,,,,,1.0,10717048.298967114,0.12083747700627542,1.017580468302883
density_curve,23,22,DRB02,,,,,,,,,,,,,1.0,10885342.672606446,0.12475916681913825,1.018151029234449
density_curve,23,22,DRB02,,,,,,,,,,,,,1.0,11056279.844468623,0.12999758143341386,1.0189131585370894
density_curve,23,22,DRB02,,,,,,,,,,,,,1.0,11229901.315539658,0.13687028968302378,1.0199130588373162
density_curve,23,22,DRB02,,,,,,,,,,,,,1.0,11406249.238513203,0.14600172625025462,1.0212415782263933
density_curve,23,22,DRB02,,,,,,,,,,,,,1.0,11585366.428024698,0.1586808119785424,1.0230862399180978
density_curve,23,22,DRB02,,,,,,,,,,,,,1.0,11767296.371045876,0.17741694215851456,1.0258121321736153
density_curve,23,22,DRB02,,,,,,,,,,,,,1.0,11952083.237443073,0.2067134576618631,1.0300744394887937
density_curve,23,22,DRB02,,,,,,,,,,,,,1.0,12139771.890700752,0.25401577380810103,1.0369563844802363
density_curve,23,22,DRB02,,,,,,,,,,,,,1.0,12330407.898813803,0.3306847997239426,1.0481108492482847
density_curve,23,22,DRB02,,,,,,,,,,,,,1.0,12524037.545350743,0.4527065243372618,1.0658636120084355
density_curve,23,22,DRB02,,,,,,,,,,,,,1.0,12720707.84069066,0.6407178262805777,1.0932171021365569
density_curve,23,22,DRB02,,,,,,,,,,,,,1.0,12920466.533436738,0.9188793412861935,1.1336864152899933
density_curve,23,22,DRB02,,,,,,,,,,,,,1.0,13123362.122008637,1.3122398852031025,1.1909158671559645
density_curve,23,22,DRB02,,,,,,,,,,,,,1.0,13329443.866417537,1.8425595742528664,1.2680713053090633
density_curve,23,22,DRB02,,,,,,,,,,,,,1.0,13538761.800225446,2.5230524447329827,1.3670752206191477
density_curve,23,22,DRB02,,,,,,,,,,,,,1.0,13751366.742692733,3.3530301807804284,1.4878274710151316
density_curve,23,22,DRB02,,,,,,,,,,,,,1.0,13967310.311116258,4.313761623079622,1.6276028874453086
density_curve,23,22,DRB02,,,,,,,,,,,,,1.0,14186644.93336124,5.366815787210727,1.7808102020333516
density_curve,23,22,DRB02,,,,,,,,,,,,,1.0,14409423.860590115,6.455671301207619,1.9392262028014549
density_curve,23,22,DRB02,,,,,,,,,,,,,1.0,14635701.180190798,7.510590065821705,2.0927047953944737
density_curve,23,22,DRB02,,,,,,,,,,,,,1.0,14865531.828908725,8.455957087627388,2.230244864694188
density_curve,23,22,DRB02,,,,,,,,,,,,,1.0,15098971.606184201,9.218782018643532,2.3412271514203646
density_curve,23,22,DRB02,,,,,,,,,,,,,1.0,15336077.187700124,9.736990031082128,2.4166204794067117
density_curve,23,22,DRB02,,,,,,,,,,,,,1.0,15576906.139141649,9.966420611808498,2.45
density_curve,23,22,DRB02,,,,,,,,,,,,,1.0,15821516.930172438,9.885859375695937,2.438279263246746
density_curve,23,22,DRB02,,,,,,,,,,,,,1.0,16069968.948630175,9.499713796040789,2.3820995060090704
density_curve,23,22,DRB02,,,,,,,,,,,,,1.0,16322322.514945026,8.83804046251339,2.285833617684232
density_curve,23,22,DRB02,,,,,,,,,,,,,1.0,16578638.896784693,7.953674827771109,2.15716855122527
density_curve,23,22,DRB02,,,,,,,,,,,,,1.0,16838980.323928915,6.9164263750540895,2.006260786540155
density_curve,23,22,DRB02,,,,,,,,,,,,,1.0,17103410.003378414,5.804801203992229,1.844532061572444
density_curve,23,22,DRB02,,,,,,,,,,,,,1.0,17371992.134700213,4.69639077649656,1.6832710449578665
density_curve,23,22,DRB02,,,,,,,,,,,,,1.0,17644791.92561452,3.658617409585994,1.532286911272256
density_curve,23,22,DRB02,,,,,,,,,,,,,1.0,17921875.607826144,2.741634178266423,1.3988763582560606
density_curve,23,22,DRB02,,,,,,,,,,,,,1.0,18203310.453104522,1.9747026778540815,1.287296612737363
density_curve,23,22,DRB02,,,,,,,,,,,,,1.0,18489164.789616488,1.3664572323385942,1.1988038699213022
density_curve,23,22,DRB02,,,,,,,,,,,,,1.0,18779508.018514913,0.9084568775599379,1.132170066242356
density_curve,23,22,DRB02,,,,,,,,,,,,,1.0,19074410.630788796,0.580700638059375,1.0844852889500218
density_curve,23,22,DRB02,,,,,,,,,,,,,1.0,19373944.224377003,0.3575572638333252,1.052020484861339
density_curve,23,22,DRB02,,,,,,,,,,,,,1.0,19678181.521551367,0.21282583427639626,1.0309637202482844
density_curve,23,22,DRB02,,,,,,,,,,,,,1.0,19987196.386572525,0.12320263649549203,1.0179245719076717
density_curve,23,22,DRB02,,,,,,,,,,,,,1.0,20301063.843623016,0.07002620912149671,1.0101880110403794
density_curve,23,22,DRB02,,,,,,,,,,,,,1.0,20619860.095022235,0.039609341679707026,1.0057627053555742
density_curve,23,22,DRB02,,,,,,,,,,,,,1.0,20943662.539726753,0.022665538182346987,1.0032975760952196
density_curve,23,22,DRB02,,,,,,,,,,,,,1.0,21272549.792122267,0.013327761470439353,1.0019390365794154
density_curve,23,22,DRB02,,,,,,,,,,,,,1.0,21606601.701109305,0.008126122743048992,1.0011822577469247
density_curve,23,22,DRB02,,,,,,,,,,,,,1.0,21945899.369489986,0.0051283637869412035,1.0007461181682673
density_curve,23,22,DRB02,,,,,,,,,,,,,1.0,22290525.173658106,0.003312291797729255,1.000481900503077
density_curve,23,22,DRB02,,,,,,,,,,,,,1.0,22640562.78359909,0.0021557272648764386,1.0003136336159009
density_curve,23,22,DRB02,,,,,,,,,,,,,1.0,22996097.183203783,0.0013932175163285628,1.0002026971846123
density_curve,23,22,DRB02,,,,,,,,,,,,,1.0,23357214.690901212,0.0008840132217022923,1.0001286137943997
density_curve,23,22,DRB02,,,,,,,,,,,,,1.0,23724002.980615646,0.0005463030829346827,1.0000794808388196
density_curve,23,22,DRB02,,,,,,,,,,,,,1.0,24096551.10305199,0.0003270274777631867,1.00004757875081
density_curve,23,22,DRB02,,,,,,,,,,,,,1.0,24474949.507316638,0.00018892643352521533,1.0000274866312873
density_curve,23,22,DRB02,,,,,,,,,,,,,1.0,24859290.062876612,0.00010505069352528677,1.0000152836721974
density_curve,23,22,DRB02,,,,,,,,,,,,,1.0,25249666.08186437,5.610738353493568e-05,1.0000081629814046
density_curve,23,22,DRB02,,,,,,,,,,,,,1.0,25646172.341732506,2.873733318731509e-05,1.0000041809526956
density_curve,23,22,DRB02,,,,,,,,,,,,,1.0,26048905.10826428,1.409565959097577e-05,1.0000020507569571
density_curve,23,22,DRB02,,,,,,,,,,,,,1.0,26457962.158945747,6.613489512177552e-06,1.0000009621869441
density_curve,23,22,DRB02,,,,,,,,,,,,,1.0,26873442.80670409,2.9651487312549663e-06,1.0000004313951647
density_curve,23,22,DRB02,,,,,,,,,,,,,1.0,27295447.924020074,1.269280445087173e-06,1.000000184665761
density_curve,23,22,DRB02,,,,,,,,,,,,,1.0,27724079.967417758,5.18372754086849e-07,1.000000075417296
density_curve,23,22,DRB02,,,,,,,,,,,,,1.0,28159443.002339695,2.0184863619190222e-07,1.0000000293666638
density_curve,23,22,DRB02,,,,,,,,,,,,,1.0,28601642.7284124,7.489900225481218e-08,1.0000000108969467
density_curve,23,22,DRB02,,,,,,,,,,,,,1.0,29050786.505108584,2.6472619785239865e-08,1.000000003851463
density_curve,23,22,DRB02,,,,,,,,,,,,,1.0,29506983.377812706,8.908904616022702e-09,1.0000000012961436
density_curve,23,22,DRB02,,,,,,,,,,,,,1.0,29970344.104294933,2.853784554433263e-09,1.000000000415193
density_curve,23,22,DRB02,,,,,,,,,,,,,1.0,30440981.18160234,8.699085786771223e-10,1.0000000001265617
density_curve,23,22,DRB02,,,,,,,,,,,,,1.0,30919008.873370558,2.522825045723357e-10,1.0000000000367042
density_curve,23,22,DRB02,,,,,,,,,,,,,1.0,31404543.237566188,6.959588960780377e-11,1.0000000000101255
density_curve,23,22,DRB02,,,,,,,,,,,,,1.0,31897702.154663246,1.8259901850471923e-11,1.0000000000026565
density_curve,23,22,DRB02,,,,,,,,,,,,,1.0,32398605.356263112,4.5559446653446656e-12,1.0000000000006628
density_curve,23,22,DRB02,,,,,,,,,,,,,1.0,32907374.454163484,1.0808855851593722e-12,1.0000000000001572
density_curve,23,22,DRB02,,,,,,,,,,,,,1.0,33424132.969883844,2.438182234116744e-13,1.0000000000000355
density_curve,23,22,DRB02,,,,,,,,,,,,,1.0,33949006.36465498,5.228871996103776e-14,1.0000000000000075
density_curve,23,22,DRB02,,,,,,,,,,,,,1.0,34482122.069878325,1.0660578909520274e-14,1.0000000000000016
density_curve,23,22,DRB02,,,,,,,,,,,,,1.0,35023609.518065386,2.0661619142500533e-15,1.0000000000000002
density_curve,23,22,DRB02,,,,,,,,,,,,,1.0,35573600.17426121,3.8066427114419327e-16,1.0
density_curve,23,22,DRB02,,,,,,,,,,,,,1.0,36132227.56796255,6.666539111095515e-17,1.0
density_curve,23,22,DRB02,,,,,,,,,,,,,1.0,36699627.32553667,1.109757420260409e-17,1.0
density_curve,23,22,DRB02,,,,,,,,,,,,,1.0,37275937.20314938,1.7559645229802024e-18,1.0
density_curve,23,22,DRB02,,,,,,,,,,,,,1.0,37861297.12021055,2.6409236349793424e-19,1.0
density_curve,23,22,DRB02,,,,,,,,,,,,,1.0,38455849.19334357,3.7752184723030206e-20,1.0
density_curve,23,22,DRB02,,,,,,,,,,,,,1.0,39059737.77089033,5.129432184245171e-21,1.0
density_curve,23,22,DRB02,,,,,,,,,,,,,1.0,39673109.46795558,6.624196052094094e-22,1.0
density_curve,23,22,DRB02,,,,,,,,,,,,,1.0,40296113.20200404,8.130742686407207e-23,1.0
density_curve,23,22,DRB02,,,,,,,,,,,,,1.0,40928900.22901449,9.48544040213497e-24,1.0
density_curve,23,22,DRB02,,,,,,,,,,,,,1.0,41571624.180202775,1.0517502419056695e-24,1.0
density_curve,23,22,DRB02,,,,,,,,,,,,,1.0,42224441.09932146,1.1083925386699575e-25,1.0
density_curve,23,22,DRB02,,,,,,,,,,,,,1.0,42887509.48054403,1.1101937478565859e-26,1.0
density_curve,23,22,DRB02,,,,,,,,,,,,,1.0,43560990.30694617,1.0568827619257806e-27,1.0
density_curve,23,22,DRB02,,,,,,,,,,,,,1.0,44245047.08958865,9.562613063296969e-29,1.0
density_curve,23,22,DRB02,,,,,,,,,,,,,1.0,44939845.907216705,8.2233193166095e-30,1.0
density_curve,23,22,DRB02,,,,,,,,,,,,,1.0,45645555.44658045,6.721059814794772e-31,1.0
density_curve,23,22,DRB02,,,,,,,,,,,,,1.0,46362347.04338999,5.220928730762461e-32,1.0
density_curve,23,22,DRB02,,,,,,,,,,,,,1.0,47090394.72391306,3.854576247188093e-33,1.0
density_curve,23,22,DRB02,,,,,,,,,,,,,1.0,47829875.24722586,2.70473021207354e-34,1.0
density_curve,23,22,DRB02,,,,,,,,,,,,,1.0,48580968.14812807,1.803803964841438e-35,1.0
density_curve,23,22,DRB02,,,,,,,,,,,,,1.0,49343855.78073008,1.1433323617041202e-36,1.0
density_curve,23,22,DRB02,,,,,,,,,,,,,1.0,50118723.36272725,6.887683476011125e-38,1.0
density_curve,24,1,DRB23,,,,,,,,,,,,,0.0,100000.0,0.001995012163418706,0.00029085372785384993
density_curve,24,1,DRB23,,,,,,,,,,,,,0.0,101570.34258822507,0.0021350326789404774,0.0003112673822978092
density_curve,24,1,DRB23,,,,,,,,,,,,,0.0,103165.34493489409,0.002220878471840673,0.00032378287936766397
density_curve,24,1,DRB23,,,,,,,,,,,,,0.0,104785.39428269603,0.002249483565402414,0.00032795322892773053
density_curve,24,1,DRB23,,,,,,,,,,,,,0.0,106430.88395535655,0.0022207688718622505,0.00032376690073711653
density_curve,24,1,DRB23,,,,,,,,,,,,,0.0,108102.21345313193,0.0021375947060221683,0.00031164090138768554
density_curve,24,1,DRB23,,,,,,,,,,,,,0.0,109799.78854980043,0.002006641722478537,0.00029254920654208614
density_curve,24,1,DRB23,,,,,,,,,,,,,0.0,111524.02139117903,0.0018398398530172864,0.00026823108636448307
density_curve,24,1,DRB23,,,,,,,,,,,,,0.0,113275.33059518597,0.0016554608641161943,0.00024135038997418683
density_curve,24,1,DRB23,,,,,,,,,,,,,0.0,115054.14135347492,0.0014779208769480612,0.00021546675474737813
density_curve,24,1,DRB23,,,,,,,,,,,,,0.0,116860.88553466521,0.0013357187910508252,0.0001947350481692444
density_curve,24,1,DRB23,,,,,,,,,,,,,0.0,118696.00178919302,0.0012575588550419196,0.00018334007566037883
density_curve,24,1,DRB23,,,,,,,,,,,,,0.0,120559.93565580886,0.001267304790965292,0.00018476094007750603
density_curve,24,1,DRB23,,,,,,,,,,,,,0.0,122453.13966974878,0.0013788165234304324,0.00020101828611360646
density_curve,24,1,DRB23,,,,,,,,,,,,,0.0,124376.07347260158,0.0015918857307846768,0.00023208174246048413
density_curve,24,1,DRB23,,,,,,,,,,,,,0.0,126329.20392390396,0.001890422125617297,0.0002756054988211078
density_curve,24,1,DRB23,,,,,,,,,,,,,0.0,128313.00521448672,0.0022437232042258858,0.0003271134232600263
density_curve,24,1,DRB23,,,,,,,,,,,,,0.0,130327.95898160127,0.002611036834138599,0.00038066424390693785
density_curve,24,1,DRB23,,,,,,,,,,,,,0.0,132374.55442585386,0.0029487381511196765,0.00042989787202516735
density_curve,24,1,DRB23,,,,,,,,,,,,,0.0,134453.28842997624,0.0032185254412814084,0.0004692302833808264
density_curve,24,1,DRB23,,,,,,,,,,,,,0.0,136564.66567946097,0.0033944931198118485,0.0004948846910184528
density_curve,24,1,DRB23,,,,,,,,,,,,,0.0,138709.19878509274,0.0034671205606165104,0.0005054730785430292
density_curve,24,1,DRB23,,,,,,,,,,,,,0.0,140887.40840740083,0.0034431784625557176,0.0005019825492112726
density_curve,24,1,DRB23,,,,,,,,,,,,,0.0,143099.82338306884,0.0033419375467603246,0.0004872225901942971
density_curve,24,1,DRB23,,,,,,,,,,,,,0.0,145346.98085332804,0.003189240803109993,0.00046496086270400637
density_curve,24,1,DRB23,,,,,,,,,,,,,0.0,147629.42639436718,0.0030114322251577896,0.00043903806950500765
density_curve,24,1,DRB23,,,,,,,,,,,,,0.0,149947.71414979032,0.002830698171662499,0.0004126887699001561
density_curve,24,1,DRB23,,,,,,,,,,,,,0.0,152302.40696515449,0.0026624294098574618,0.0003881567908226557
density_curve,24,1,DRB23,,,,,,,,,,,,,0.0,154694.07652461986,0.002514344491436635,0.0003665674234236003
density_curve,24,1,DRB23,,,,,,,,,,,,,0.0,157123.30348974746,0.0023867657301463925,0.0003479676579702126
density_curve,24,1,DRB23,,,,,,,,,,,,,0.0,159590.6776404731,0.0022736307088334923,0.0003314736519169896
density_curve,24,1,DRB23,,,,,,,,,,,,,0.0,162096.79801829843,0.002164206826005836,0.00031552069442618
density_curve,24,1,DRB23,,,,,,,,,,,,,0.0,164642.27307172897,0.0020456301349335683,0.000298233344871457
density_curve,24,1,DRB23,,,,,,,,,,,,,0.0,167227.72080399614,0.0019061332658054978,0.0002778960330726594
density_curve,24,1,DRB23,,,,,,,,,,,,,0.0,169853.76892309941,0.0017383409731581353,0.00025343351864968994
density_curve,24,1,DRB23,,,,,,,,,,,,,0.0,172521.0549942039,0.001541681665830654,0.00022476246906804934
density_curve,24,1,DRB23,,,,,,,,,,,,,0.0,175230.2265944331,0.001323088289973605,0.00019289364169046067
density_curve,24,1,DRB23,,,,,,,,,,,,,0.0,177981.9414700888,0.0010957411242512858,0.00015974859531939974
density_curve,24,1,DRB23,,,,,,,,,,,,,0.0,180776.86769634343,0.0008763422616209919,0.00012776233565992774
density_curve,24,1,DRB23,,,,,,,,,,,,,0.0,183615.6838394384,0.0006819143472660198,9.941660187147457e-05
density_curve,24,1,DRB23,,,,,,,,,,,,,0.0,186499.07912142982,0.0005271381927671026,7.685171613075267e-05
density_curve,24,1,DRB23,,,,,,,,,,,,,0.0,189427.7535875212,0.0004228144585913734,6.164231162434181e-05
density_curve,24,1,DRB23,,,,,,,,,,,,,0.0,192402.4182760241,0.0003754146803271815,5.473187645989583e-05
density_curve,24,1,DRB23,,,,,,,,,,,,,0.0,195423.79539098707,0.00038720617592362416,5.64509639492275e-05
density_curve,24,1,DRB23,,,,,,,,,,,,,0.0,198492.61847753756,0.0004563192443912167,6.652698953734756e-05
density_curve,24,1,DRB23,,,,,,,,,,,,,0.0,201609.63259997344,0.0005763991998004939,8.403350068135118e-05
density_curve,24,1,DRB23,,,,,,,,,,,,,0.0,204775.59452265495,0.0007359840840323183,0.00010729945331013703
density_curve,24,1,DRB23,,,,,,,,,,,,,0.0,207991.2728937353,0.0009182009279759531,0.00013386492960675762
density_curve,24,1,DRB23,,,,,,,,,,,,,0.0,211257.44843177704,0.0011015273971097283,0.0001605921786629587
density_curve,24,1,DRB23,,,,,,,,,,,,,0.0,214574.91411529886,0.001262103118760255,0.0001840025859282681
density_curve,24,1,DRB23,,,,,,,,,,,,,0.0,217944.4753752988,0.0013774758917730276,0.00020082283481642397
density_curve,24,1,DRB23,,,,,,,,,,,,,0.0,221366.95029080036,0.0014309917195484817,0.000208624931612166
density_curve,24,1,DRB23,,,,,,,,,,,,,0.0,224843.16978747185,0.0014156119705363327,0.00020638271103042545
density_curve,24,1,DRB23,,,,,,,,,,,,,0.0,228373.97783935972,0.0013359986307667916,0.00019477584612831594
density_curve,24,1,DRB23,,,,,,,,,,,,,0.0,231960.2316737949,0.0012082540700038358,0.00017615190869462702
density_curve,24,1,DRB23,,,,,,,,,,,,,0.0,235602.80197951404,0.0010574916793791552,0.00015417219140899177
density_curve,24,1,DRB23,,,,,,,,,,,,,0.0,239302.57311804994,0.0009140761299105995,0.00013326357342660454
density_curve,24,1,DRB23,,,,,,,,,,,,,0.0,243060.44333844114,0.0008096046050628113,0.00011803262245110513
density_curve,24,1,DRB23,,,,,,,,,,,,,0.0,246877.32499531287,0.0007734352830800008,0.00011275948059986983
density_curve,24,1,DRB23,,,,,,,,,,,,,0.0,250754.1447703851,0.0008300071138709502,0.00012100711346084879
density_curve,24,1,DRB23,,,,,,,,,,,,,0.0,254691.843897454,0.0009966885777363997,0.0001453076796520475
density_curve,24,1,DRB23,,,,,,,,,,,,,0.0,258691.37839091144,0.001281748877548481,0.0001868667500094942
density_curve,24,1,DRB23,,,,,,,,,,,,,0.0,262753.7192778504,0.0016823494378925931,0.00024527048733646915
density_curve,24,1,DRB23,,,,,,,,,,,,,0.0,266879.85283381585,0.0021830182585237017,0.0003182632217021623
density_curve,24,1,DRB23,,,,,,,,,,,,,0.0,271070.7808222577,0.0027555236457243813,0.0004017290416791114
density_curve,24,1,DRB23,,,,,,,,,,,,,0.0,275327.5207377438,0.0033610521714303727,0.000490009319991615
density_curve,24,1,DRB23,,,,,,,,,,,,,0.0,279651.1060529923,0.003954989217079737,0.0005765996711710248
density_curve,24,1,DRB23,,,,,,,,,,,,,0.0,284042.5864697849,0.0044936056164120095,0.0006551248002411931
density_curve,24,1,DRB23,,,,,,,,,,,,,0.0,288503.028173816,0.0049410456129737644,0.0007203572802115856
density_curve,24,1,DRB23,,,,,,,,,,,,,0.0,293033.5140935484,0.005274695508353607,0.0007690002497376351
density_curve,24,1,DRB23,,,,,,,,,,,,,0.0,297635.14416313195,0.00548752936046684,0.0008000293935372144
density_curve,24,1,DRB23,,,,,,,,,,,,,0.0,302309.0355894507,0.005587171525609301,0.000814556269971617
density_curve,24,1,DRB23,,,,,,,,,,,,,0.0,307056.3231233643,0.005592604780078523,0.0008153483866041512
density_curve,24,1,DRB23,,,,,,,,,,,,,0.0,311878.15933520853,0.005530052641892621,0.0008062288820165592
density_curve,24,1,DRB23,,,,,,,,,,,,,0.0,316775.7148946211,0.0054292798650387684,0.0007915371731881274
density_curve,24,1,DRB23,,,,,,,,,,,,,0.0,321750.1788547658,0.005320637356375369,0.0007756981325910039
density_curve,24,1,DRB23,,,,,,,,,,,,,0.0,326802.75894101255,0.0052322854213571746,0.0007628172639254681
density_curve,24,1,DRB23,,,,,,,,,,,,,0.0,331934.6818441578,0.005186804328013224,0.0007561865547054859
density_curve,24,1,DRB23,,,,,,,,,,,,,0.0,337147.193518246,0.005197034697602283,0.0007576780449263784
density_curve,24,1,DRB23,,,,,,,,,,,,,0.0,342441.55948306865,0.005262076705178148,0.000767160548701253
density_curve,24,1,DRB23,,,,,,,,,,,,,0.0,347819.06513141334,0.005365169287363505,0.0007821904630007767
density_curve,24,1,DRB23,,,,,,,,,,,,,0.0,353281.01604113757,0.005475066999747986,0.0007982125003175126
density_curve,24,1,DRB23,,,,,,,,,,,,,0.0,358828.7382921458,0.005551466703079513,0.0008093508477062444
density_curve,24,1,DRB23,,,,,,,,,,,,,0.0,364463.57878833805,0.005553513630712877,0.0008096492702140003
density_curve,24,1,DRB23,,,,,,,,,,,,,0.0,370186.9055846206,0.005449189754370706,0.0007944398449810793
density_curve,24,1,DRB23,,,,,,,,,,,,,0.0,376000.1082190484,0.005223013741389197,0.000761465541499108
density_curve,24,1,DRB23,,,,,,,,,,,,,0.0,381904.59805018455,0.004880047309696933,0.0007114643099199041
density_curve,24,1,DRB23,,,,,,,,,,,,,0.0,387901.8085997564,0.004445359984249658,0.0006480910476534198
density_curve,24,1,DRB23,,,,,,,,,,,,,0.0,393993.19590069365,0.003959339604742032,0.0005772339161607996
density_curve,24,1,DRB23,,,,,,,,,,,,,0.0,400180.2388506313,0.00347015489852132,0.0005059154560419562
density_curve,24,1,DRB23,,,,,,,,,,,,,0.0,406464.4395709628,0.0030251316650066196,0.00044103531705196676
density_curve,24,1,DRB23,,,,,,,,,,,,,0.0,412847.323771536,0.002662840045359324,0.00038821665755865654
density_curve,24,1,DRB23,,,,,,,,,,,,,0.0,419330.44112106785,0.0024074082655006464,0.0003509771425589437
density_curve,24,1,DRB23,,,,,,,,,,,,,0.0,425915.3656233841,0.002266050276548154,0.00033036849725710213
density_curve,24,1,DRB23,,,,,,,,,,,,,0.0,432603.6959995626,0.0022300787697162984,0.000325124194966415
density_curve,24,1,DRB23,,,,,,,,,,,,,0.0,439397.0560760795,0.00227888313006373,0.00033223940478962143
density_curve,24,1,DRB23,,,,,,,,,,,,,0.0,446297.0951790494,0.002385681202908386,0.0003478095442524533
density_curve,24,1,DRB23,,,,,,,,,,,,,0.0,453305.48853465647,0.0025235276062469565,0.0003679062338954698
density_curve,24,1,DRB23,,,,,,,,,,,,,0.0,460423.93767587794,0.0026702086184296732,0.0003892909251675326
density_curve,24,1,DRB23,,,,,,,,,,,,,0.0,467654.17085558514,0.0028112137266224618,0.00040984812382341895
density_curve,24,1,DRB23,,,,,,,,,,,,,0.0,474997.94346614124,0.0029407041739483984,0.000428726594850719
density_curve,24,1,DRB23,,,,,,,,,,,,,0.0,482457.03846558335,0.003060991884783228,0.00044626339475241133
density_curve,24,1,DRB23,,,,,,,,,,,,,0.0,490033.26681049785,0.0031812808941002178,0.00046380038396040654
density_curve,24,1,DRB23,,,,,,,,,,,,,0.0,497728.46789569367,0.0033162780727616302,0.0004834816838458866
density_curve,24,1,DRB23,,,,,,,,,,,,,0.0,505544.5100007789,0.0034848958181224305,0.0005080645413942128
density_curve,24,1,DRB23,,,,,,,,,,,,,0.0,513483.29074375494,0.003708870539716825,0.0005407179176067795
density_curve,24,1,DRB23,,,,,,,,,,,,,0.0,521546.7375417237,0.004010900246028141,0.000584750965431768
density_curve,24,1,DRB23,,,,,,,,,,,,,0.0,529736.8080788398,0.004411957692761869,0.0006432213124326399
density_curve,24,1,DRB23,,,,,,,,,,,,,0.0,538055.490781606,0.00492774647358404,0.0007184183926500578
density_curve,24,1,DRB23,,,,,,,,,,,,,0.0,546504.805301633,0.005564726880442424,0.0008112840549762174
density_curve,24,1,DRB23,,,,,,,,,,,,,0.0,555086.803005981,0.006316576017722589,0.0009208964815926569
density_curve,24,1,DRB23,,,,,,,,,,,,,0.0,563803.567475201,0.007162177731374612,0.0010441771388262622
density_curve,24,1,DRB23,,,,,,,,,,,,,0.0,572657.2150091964,0.00806612395646169,0.0011759638688356934
density_curve,24,1,DRB23,,,,,,,,,,,,,0.0,581649.8951410283,0.008982215309884757,0.0013095212426118934
density_curve,24,1,DRB23,,,,,,,,,,,,,0.0,590783.7911587943,0.009859671566609858,0.0014374459881231405
density_curve,24,1,DRB23,,,,,,,,,,,,,0.0,600061.1206356916,0.010650915543291168,0.0015528018062377007
density_curve,24,1,DRB23,,,,,,,,,,,,,0.0,609484.1359684145,0.011319159145309341,0.0016502253439611037
density_curve,24,1,DRB23,,,,,,,,,,,,,0.0,619055.1249240021,0.01184387377518763,0.00172672372775944
density_curve,24,1,DRB23,,,,,,,,,,,,,0.0,628776.4111952737,0.012222733234565727,0.0017819578201190497
density_curve,24,1,DRB23,,,,,,,,,,,,,0.0,638650.3549649863,0.012469706967196955,0.0018179642325785493
density_curve,24,1,DRB23,,,,,,,,,,,,,0.0,648679.3534788508,0.012610283445148756,0.0018384589410372592
density_curve,24,1,DRB23,,,,,,,,,,,,,0.0,658865.8416275523,0.012675728694062091,0.0018480002335495552
density_curve,24,1,DRB23,,,,,,,,,,,,,0.0,669212.2925378972,0.012698310025424734,0.0018512923760874097
density_curve,24,1,DRB23,,,,,,,,,,,,,0.0,679721.2181732573,0.012708444832341823,0.001852769934183027
density_curve,24,1,DRB23,,,,,,,,,,,,,0.0,690395.1699434342,0.012733285782146254,0.0018563915075180328
density_curve,24,1,DRB23,,,,,,,,,,,,,0.0,701236.7393241049,0.012795244362040294,0.0018654244769731316
density_curve,24,1,DRB23,,,,,,,,,,,,,0.0,712248.5584859921,0.01290913693887683,0.0018820289273896254
density_curve,24,1,DRB23,,,,,,,,,,,,,0.0,723433.3009339154,0.013078028323338195,0.0019066516789064919
density_curve,24,1,DRB23,,,,,,,,,,,,,0.0,734793.6821558832,0.013289593002142325,0.0019374957893538876
density_curve,24,1,DRB23,,,,,,,,,,,,,0.0,746332.4602823642,0.013515669336656759,0.001970455560666949
density_curve,24,1,DRB23,,,,,,,,,,,,,0.0,758052.4367559261,0.013716843391093261,0.001999784817276624
density_curve,24,1,DRB23,,,,,,,,,,,,,0.0,769956.4570113824,0.013851615965242304,0.002019433371968409
density_curve,24,1,DRB23,,,,,,,,,,,,,0.0,782047.411166621,0.01388721535178535,0.0020246234226734693
density_curve,24,1,DRB23,,,,,,,,,,,,,0.0,794328.2347242822,0.01380790194066961,0.0020130602845057867
density_curve,24,1,DRB23,,,,,,,,,,,,,0.0,806801.909284454,0.01361746484047185,0.0019852963733227695
density_curve,24,1,DRB23,,,,,,,,,,,,,0.0,819471.4632685608,0.013335140907418757,0.001944136239115799
density_curve,24,1,DRB23,,,,,,,,,,,,,0.0,832339.9726546166,0.012987055915666481,0.0018933887703446635
density_curve,24,1,DRB23,,,,,,,,,,,,,0.0,845410.561724033,0.012597025156954917,0.0018365260091901018
density_curve,24,1,DRB23,,,,,,,,,,,,,0.0,858686.4038201383,0.012180383922833264,0.0017757836947601727
density_curve,24,1,DRB23,,,,,,,,,,,,,0.0,872170.7221186243,0.011742725462047052,0.0017119772693254965
density_curve,24,1,DRB23,,,,,,,,,,,,,0.0,885866.7904100833,0.011283059138399453,0.0016449623075857776
density_curve,24,1,DRB23,,,,,,,,,,,,,0.0,899777.9338948353,0.01079914025763617,0.0015744115545479255
density_curve,24,1,DRB23,,,,,,,,,,,,,0.0,913907.5299902376,0.010292257466108477,0.0015005128825477726
density_curve,24,1,DRB23,,,,,,,,,,,,,0.0,928259.0091506683,0.009769561067594681,0.0014243087376151424
density_curve,24,1,DRB23,,,,,,,,,,,,,0.0,942835.8557003973,0.009243484247189047,0.0013476117594422
density_curve,24,1,DRB23,,,,,,,,,,,,,0.0,957641.6086795169,0.008729186299661173,0.0012726320284867092
density_curve,24,1,DRB23,,,,,,,,,,,,,0.0,972679.8627031752,0.008241665749032718,0.001201556186366198
density_curve,24,1,DRB23,,,,,,,,,,,,,0.0,987954.2688342923,0.007794071060975065,0.0011363011538524804
density_curve,24,1,DRB23,,,,,,,,,,,,,0.0,1003468.5354699849,0.0073979721957787604,0.0010785537207021966
density_curve,24,1,DRB23,,,,,,,,,,,,,0.0,1019226.4292419085,0.007065366368334133,0.001030062966313808
density_curve,24,1,DRB23,,,,,,,,,,,,,0.0,1035231.7759307377,0.006811411194769567,0.0009930387264152148
density_curve,24,1,DRB23,,,,,,,,,,,,,0.0,1051488.4613950192,0.006656574824829368,0.0009704650618380066
density_curve,24,1,DRB23,,,,,,,,,,,,,0.0,1068000.4325145755,0.006627074781448942,0.000966164237138099
density_curve,24,1,DRB23,,,,,,,,,,,,,0.0,1084771.6981487798,0.006752945176240363,0.0009845149390650411
density_curve,24,1,DRB23,,,,,,,,,,,,,0.0,1101806.3301098226,0.007063581592880917,0.001029802763091257
density_curve,24,1,DRB23,,,,,,,,,,,,,0.0,1119108.4641512968,0.007581053679022408,0.001105245253154398
density_curve,24,1,DRB23,,,,,,,,,,,,,0.0,1136682.3009722962,0.008311929448485198,0.0012117999629673068
density_curve,24,1,DRB23,,,,,,,,,,,,,0.0,1154532.1072372785,0.009238973660486404,0.0013469541589616978
density_curve,24,1,DRB23,,,,,,,,,,,,,0.0,1172662.2166119604,0.010314853056698898,0.0015038071039449098
density_curve,24,1,DRB23,,,,,,,,,,,,,0.0,1191077.0308154398,0.011460568196195847,0.0016708414336054566
density_curve,24,1,DRB23,,,,,,,,,,,,,0.0,1209781.0206889012,0.01257115812819989,0.0018327548433396588
density_curve,24,1,DRB23,,,,,,,,,,,,,0.0,1228778.727281043,0.013529813212162,0.0019725176026897657
density_curve,24,1,DRB23,,,,,,,,,,,,,0.0,1248074.7629505873,0.014228928993031255,0.002074442009365477
density_curve,24,1,DRB23,,,,,,,,,,,,,0.0,1267673.8124860895,0.01459362547708131,0.0021276112751304438
density_curve,24,1,DRB23,,,,,,,,,,,,,0.0,1287580.634243335,0.014601160326037232,0.0021287097841760677
density_curve,24,1,DRB23,,,,,,,,,,,,,0.0,1307800.061300597,0.014289727138171403,0.002083305798511659
density_curve,24,1,DRB23,,,,,,,,,,,,,0.0,1328337.002632031,0.013752807505839907,0.002005028041871857
density_curve,24,1,DRB23,,,,,,,,,,,,,0.0,1349196.4442995142,0.01311979803584448,0.0019127413042313913
density_curve,24,1,DRB23,,,,,,,,,,,,,0.0,1370383.450663168,0.01252832157828164,0.0018265096833047596
density_curve,24,1,DRB23,,,,,,,,,,,,,0.0,1391903.1656109202,0.012096481950874193,0.0017635515882266633
density_curve,24,1,DRB23,,,,,,,,,,,,,0.0,1413760.8138073613,0.011903081478625233,0.0017353556456886933
density_curve,24,1,DRB23,,,,,,,,,,,,,0.0,1435961.7019622158,0.011980591610918434,0.0017466558830192217
density_curve,24,1,DRB23,,,,,,,,,,,,,0.0,1458511.22011873,0.012320861579972751,0.0017962639960878491
density_curve,24,1,DRB23,,,,,,,,,,,,,0.0,1481414.8429622927,0.012889204904185969,0.001879123027014755
density_curve,24,1,DRB23,,,,,,,,,,,,,0.0,1504678.1311496203,0.01364031771982502,0.001988628104965284
density_curve,24,1,DRB23,,,,,,,,,,,,,0.0,1528306.7326587688,0.014530083742193799,0.0021183474967910354
density_curve,24,1,DRB23,,,,,,,,,,,,,0.0,1552306.3841604206,0.01552009620575357,0.0022626818627302873
density_curve,24,1,DRB23,,,,,,,,,,,,,0.0,1576682.9124106285,0.016575246511397457,0.002416512704200823
density_curve,24,1,DRB23,,,,,,,,,,,,,0.0,1601442.23566548,0.017657477491685954,0.002574291649506317
density_curve,24,1,DRB23,,,,,,,,,,,,,0.0,1626590.3651179587,0.01871983816891356,0.0027291736943192636
density_curve,24,1,DRB23,,,,,,,,,,,,,0.0,1652133.4063573685,0.01970423831293635,0.0028726898376485637
density_curve,24,1,DRB23,,,,,,,,,,,,,0.0,1678077.5608516952,0.020544438989939677,0.002995183075300297
density_curve,24,1,DRB23,,,,,,,,,,,,,0.0,1704429.1274531947,0.021173768497109904,0.003086933309491962
density_curve,24,1,DRB23,,,,,,,,,,,,,0.0,1731194.503927705,0.021535580196872857,0.003139682001247736
density_curve,24,1,DRB23,,,,,,,,,,,,,0.0,1758380.1885078938,0.021593881628271472,0.0031481817933655164
density_curve,24,1,DRB23,,,,,,,,,,,,,0.0,1785992.7814709456,0.021341742805637404,0.0031114223600926237
density_curve,24,1,DRB23,,,,,,,,,,,,,0.0,1814038.9867410094,0.020805701363329338,0.0030332726351745137
density_curve,24,1,DRB23,,,,,,,,,,,,,0.0,1842525.6135168101,0.02004512615865065,0.002922388031235599
density_curve,24,1,DRB23,,,,,,,,,,,,,0.0,1871459.5779248201,0.01914625797329229,0.0027913416309406276
density_curve,24,1,DRB23,,,,,,,,,,,,,0.0,1900847.9046983868,0.01821144761352562,0.0026550552047422973
density_curve,24,1,DRB23,,,,,,,,,,,,,0.0,1930697.7288832497,0.01734501168326431,0.0025287371176228803
density_curve,24,1,DRB23,,,,,,,,,,,,,0.0,1961016.2975697976,0.016638061089022306,0.0024256704699532105
density_curve,24,1,DRB23,,,,,,,,,,,,,0.0,1991810.9716525706,0.01615537854442918,0.002355299962926167
density_curve,24,1,DRB23,,,,,,,,,,,,,0.0,2023089.2276173707,0.015927539124390426,0.0023220831505751226
density_curve,24,1,DRB23,,,,,,,,,,,,,0.0,2054858.65935644,0.01595061179282887,0.0023254469253680327
density_curve,24,1,DRB23,,,,,,,,,,,,,0.0,2087126.9800121451,0.016193844628565796,0.00236090795077317
density_curve,24,1,DRB23,,,,,,,,,,,,,0.0,2119902.0238496074,0.01661311321745949,0.002422033308446571
density_curve,24,1,DRB23,,,,,,,,,,,,,0.0,2153191.7481587674,0.017165534600483815,0.002502571072348456
density_curve,24,1,DRB23,,,,,,,,,,,,,0.0,2187004.235186248,0.017819710178519407,0.002597943626476922
density_curve,24,1,DRB23,,,,,,,,,,,,,0.0,2221347.6940976637,0.018557414195723758,0.002705493829624037
density_curve,24,1,DRB23,,,,,,,,,,,,,0.0,2256230.462970635,0.019366078611208704,0.002823389381410298
density_curve,24,1,DRB23,,,,,,,,,,,,,0.0,2291661.0108191706,0.020225827070872514,0.002948732499159171
density_curve,24,1,DRB23,,,,,,,,,,,,,0.0,2327647.9396498133,0.02109800607979669,0.0030758878723207888
density_curve,24,1,DRB23,,,,,,,,,,,,,0.0,2364199.9865500783,0.021922325802532127,0.0031960658184492985
density_curve,24,1,DRB23,,,,,,,,,,,,,0.0,2401326.0258096857,0.022626344374676463,0.003298705005287955
density_curve,24,1,DRB23,,,,,,,,,,,,,0.0,2439035.071075103,0.02314538239508598,0.003374375793618034
density_curve,24,1,DRB23,,,,,,,,,,,,,0.0,2477336.2775379405,0.023445622656721826,0.003418147957492442
density_curve,24,1,DRB23,,,,,,,,,,,,,0.0,2516238.944157669,0.023540781377316168,0.0034320211905133568
density_curve,24,1,DRB23,,,,,,,,,,,,,0.0,2555752.5159192816,0.02349466601391345,0.003425298010773926
density_curve,24,1,DRB23,,,,,,,,,,,,,0.0,2595886.586126396,0.0234074313682345,0.0034125800322277436
density_curve,24,1,DRB23,,,,,,,,,,,,,0.0,2636650.898730361,0.023389920707822236,0.0034100271451068132
density_curve,24,1,DRB23,,,,,,,,,,,,,0.0,2678055.350695943,0.023535111795376387,0.0034311946195917384
density_curve,24,1,DRB23,,,,,,,,,,,,,0.0,2720109.994404156,0.023896341006441446,0.0034838583900561426
density_curve,24,1,DRB23,,,,,,,,,,,,,0.0,2762825.0400928515,0.024478590193068497,0.003568744762969352
density_curve,24,1,DRB23,,,,,,,,,,,,,0.0,2806210.858335576,0.025243552373065255,0.003680268946028966
density_curve,24,1,DRB23,,,,,,,,,,,,,0.0,2850277.982559416,0.026124177678435532,0.003808655708579057
density_curve,24,1,DRB23,,,,,,,,,,,,,0.0,2895037.1116023487,0.027042097160063134,0.003942479605995079
density_curve,24,1,DRB23,,,,,,,,,,,,,0.0,2940499.1123107616,0.0279222733765849,0.004070800895678326
density_curve,24,1,DRB23,,,,,,,,,,,,,0.0,2986675.022177758,0.028702290085145323,0.00418451988528304
density_curve,24,1,DRB23,,,,,,,,,,,,,0.0,3033576.0520228897,0.029336884880171554,0.004277037748178541
density_curve,24,1,DRB23,,,,,,,,,,,,,0.0,3081213.5887140087,0.02980001349845861,0.004344557479423569
density_curve,24,1,DRB23,,,,,,,,,,,,,0.0,3129599.1979317563,0.03008643310005611,0.004386314723004626
density_curve,24,1,DRB23,,,,,,,,,,,,,0.0,3178744.626977629,0.030213197925221116,0.004404795824341273
density_curve,24,1,DRB23,,,,,,,,,,,,,0.0,3228661.807625975,0.030219812838039616,0.004405760215480318
density_curve,24,1,DRB23,,,,,,,,,,,,,0.0,3279362.859020883,0.030165104744144855,0.004397784297666463
density_curve,24,1,DRB23,,,,,,,,,,,,,0.0,3330860.090618524,0.030119502590843616,0.004391135939060419
density_curve,24,1,DRB23,,,,,,,,,,,,,0.0,3383166.005175699,0.03015306104390382,0.004396028441147646
density_curve,24,1,DRB23,,,,,,,,,,,,,0.0,3436293.3017853256,0.03032152097993996,0.0044205882916029775
density_curve,24,1,DRB23,,,,,,,,,,,,,0.0,3490254.8789595794,0.030654152016168706,0.004469082721191433
density_curve,24,1,DRB23,,,,,,,,,,,,,0.0,3545063.837761485,0.031147361256161778,0.004540987919913694
density_curve,24,1,DRB23,,,,,,,,,,,,,0.0,3600733.4849856202,0.031766728767293924,0.004631285790186145
density_curve,24,1,DRB23,,,,,,,,,,,,,0.0,3657277.33638883,0.0324574931161284,0.004731992637798923
density_curve,24,1,DRB23,,,,,,,,,,,,,0.0,3714709.119971648,0.03316046731171024,0.004834479564505006
density_curve,24,1,DRB23,,,,,,,,,,,,,0.0,3773042.7793112434,0.03382818614804321,0.0049318265964012325
density_curve,24,1,DRB23,,,,,,,,,,,,,0.0,3832292.476946719,0.03443580715564556,0.005020411938598148
density_curve,24,1,DRB23,,,,,,,,,,,,,0.0,3892472.597817551,0.034983154923987764,0.005100210017915123
density_curve,24,1,DRB23,,,,,,,,,,,,,0.0,3953597.752756071,0.03548760927884398,0.005173754647031876
density_curve,24,1,DRB23,,,,,,,,,,,,,0.0,4015682.782034709,0.03597098286161258,0.005244225900827842
density_curve,24,1,DRB23,,,,,,,,,,,,,0.0,4078742.7589690215,0.036445804480335284,0.005313450359908051
density_curve,24,1,DRB23,,,,,,,,,,,,,0.0,4142792.9935772587,0.036906719281198465,0.005380647337707096
density_curve,24,1,DRB23,,,,,,,,,,,,,0.0,4207849.036297407,0.037330943302427325,0.00544249515010746
density_curve,24,1,DRB23,,,,,,,,,,,,,0.0,4273926.681762604,0.03768842856413615,0.005494613088497693
density_curve,24,1,DRB23,,,,,,,,,,,,,0.0,4341041.972635828,0.03795864084315817,0.005534007459171986
density_curve,24,1,DRB23,,,,,,,,,,,,,0.0,4409211.203504863,0.03814789578134245,0.005561599022419059
density_curve,24,1,DRB23,,,,,,,,,,,,,0.0,4478450.924838282,0.03830019938408049,0.005583803433717494
density_curve,24,1,DRB23,,,,,,,,,,,,,0.0,4548777.947003777,0.038496103049330675,0.005612364317898074
density_curve,24,1,DRB23,,,,,,,,,,,,,0.0,4620209.3443493685,0.03883790091380338,0.005662195183532504
density_curve,24,1,DRB23,,,,,,,,,,,,,0.0,4692762.459348841,0.03942431419523516,0.005747688641715318
density_curve,24,1,DRB23,,,,,,,,,,,,,0.0,4766454.906812234,0.04032185734982032,0.005878541865173089
density_curve,24,1,DRB23,,,,,,,,,,,,,0.0,4841304.57816245,0.041541816390093154,0.006056400246790328
density_curve,24,1,DRB23,,,,,,,,,,,,,0.0,4917329.645779026,0.0430305156134289,0.006273438381544526
density_curve,24,1,DRB23,,,,,,,,,,,,,0.0,4994548.567410101,0.04467674609570737,0.006513443069965487
density_curve,24,1,DRB23,,,,,,,,,,,,,0.0,5072980.090653727,0.046335179723602446,0.006755226860518864
density_curve,24,1,DRB23,,,,,,,,,,,,,0.0,5152643.257509442,0.047859898716039496,0.006977516333741893
density_curve,24,1,DRB23,,,,,,,,,,,,,0.0,5233557.40900142,0.04913917815595024,0.007164023063318526
density_curve,24,1,DRB23,,,,,,,,,,,,,0.0,5315742.189874179,0.050122128126511636,0.007307327785201373
density_curve,24,1,DRB23,,,,,,,,,,,,,0.0,5399217.553362021,0.05082983784876498,0.007410505106488009
density_curve,24,1,DRB23,,,,,,,,,,,,,0.0,5484003.766033389,0.05134778831239134,0.007486017339421567
density_curve,24,1,DRB23,,,,,,,,,,,,,0.0,5570121.412711266,0.05180153680013729,0.007552169537182007
density_curve,24,1,DRB23,,,,,,,,,,,,,0.0,5657591.401470916,0.05232265042081982,0.007628142928216977
density_curve,24,1,DRB23,,,,,,,,,,,,,0.0,5746434.968715974,0.05301502313388684,0.007729084259980458
density_curve,24,1,DRB23,,,,,,,,,,,,,0.0,5836673.684334379,0.05393177460314564,0.00786273787234365
density_curve,24,1,DRB23,,,,,,,,,,,,,0.0,5928329.456935207,0.05506949895783285,0.008028607221863722
density_curve,24,1,DRB23,,,,,,,,,,,,,0.0,6021424.539167753,0.05638062084409916,0.008219756276132065
density_curve,24,1,DRB23,,,,,,,,,,,,,0.0,6115981.53312414,0.05779815838930431,0.008426419717566523
density_curve,24,1,DRB23,,,,,,,,,,,,,0.0,6212023.395826757,0.05926287348491301,0.008639961195464865
density_curve,24,1,DRB23,,,,,,,,,,,,,0.0,6309573.444801942,0.06074248057371435,0.00885567378380287
density_curve,24,1,DRB23,,,,,,,,,,,,,0.0,6408655.363740995,0.062236473625670544,0.009073483708231892
density_curve,24,1,DRB23,,,,,,,,,,,,,0.0,6509293.20825039,0.06376652098680649,0.009296550006743445
density_curve,24,1,DRB23,,,,,,,,,,,,,0.0,6611511.411691989,0.0653584355174099,0.00952863594794256
density_curve,24,1,DRB23,,,,,,,,,,,,,0.0,6715334.791115149,0.06702481771242245,0.009771578563699916
density_curve,24,1,DRB23,,,,,,,,,,,,,0.0,6820788.553281926,0.06875638695771566,0.01002402482907384
density_curve,24,1,DRB23,,,,,,,,,,,,,0.0,6927898.300786892,0.07052548275291959,0.010281942107173985
density_curve,24,1,DRB23,,,,,,,,,,,,,0.0,7036690.03827307,0.07229943505342665,0.010540567417384239
density_curve,24,1,DRB23,,,,,,,,,,,,,0.0,7147190.1787454495,0.07405705082636087,0.01079681101783258
density_curve,24,1,DRB23,,,,,,,,,,,,,0.0,7259425.549983729,0.07580013940980325,0.011050936692738201
density_curve,24,1,DRB23,,,,,,,,,,,,,0.0,7373423.401055615,0.07755413919786235,0.01130665311711209
density_curve,24,1,DRB23,,,,,,,,,,,,,0.0,7489211.408932546,0.07935642582093674,0.01156940930105637
density_curve,24,1,DRB23,,,,,,,,,,,,,0.0,7606817.685209225,0.0812358761425531,0.011843415215597506
density_curve,24,1,DRB23,,,,,,,,,,,,,0.0,7726270.782928702,0.08319083931226907,0.012128430182501008
density_curve,24,1,DRB23,,,,,,,,,,,,,0.0,7847599.7035146225,0.08517361681583116,0.012417500213747103
density_curve,24,1,DRB23,,,,,,,,,,,,,0.0,7970833.903812322,0.08708768072738653,0.012696552459259434
density_curve,24,1,DRB23,,,,,,,,,,,,,0.0,8096003.303240569,0.08879992319999282,0.01294618106568047
density_curve,24,1,DRB23,,,,,,,,,,,,,0.0,8223138.291055465,0.0901655980645712,0.013145283423391541
density_curve,24,1,DRB23,,,,,,,,,,,,,0.0,8352269.733728553,0.09105976286833432,0.013275644115551205
density_curve,24,1,DRB23,,,,,,,,,,,,,0.0,8483428.982440725,0.09140706506838711,0.01332627746076555
density_curve,24,1,DRB23,,,,,,,,,,,,,0.0,8616647.880693821,0.09120209002293007,0.0132963940559516
density_curve,24,1,DRB23,,,,,,,,,,,,,0.0,8751958.77204175,0.09051496923483877,0.013196218404711581
density_curve,24,1,DRB23,,,,,,,,,,,,,0.0,8889394.507943004,0.08948080696684543,0.013045447418766206
density_curve,24,1,DRB23,,,,,,,,,,,,,0.0,9028988.455736592,0.08827573818764489,0.012869759895062019
density_curve,24,1,DRB23,,,,,,,,,,,,,0.0,9170774.50674293,0.08708601285673195,0.012696309299640482
density_curve,24,1,DRB23,,,,,,,,,,,,,0.0,9314787.084492404,0.0860783847645203,0.012549406743213053
density_curve,24,1,DRB23,,,,,,,,,,,,,0.0,9461061.153082676,0.08537950282857648,0.012447516428895048
density_curve,24,1,DRB23,,,,,,,,,,,,,0.0,9609632.225667553,0.08506883100637308,0.012402223443075771
density_curve,24,1,DRB23,,,,,,,,,,,,,0.0,9760536.373079011,0.08518471916809402,0.01241911883071737
density_curve,24,1,DRB23,,,,,,,,,,,,,0.0,9913810.23258467,0.08573842182412943,0.012499843391992477
density_curve,24,1,DRB23,,,,,,,,,,,,,0.0,10069491.016782762,0.08672821990741438,0.01264414650333426
density_curve,24,1,DRB23,,,,,,,,,,,,,0.0,10227616.522636779,0.08814666893409281,0.01285094283006598
density_curve,24,1,DRB23,,,,,,,,,,,,,0.0,10388225.14065211,0.0899780562036956,0.013117941610462019
density_curve,24,1,DRB23,,,,,,,,,,,,,0.0,10551355.864196453,0.09218842781061512,0.013440192689228959
density_curve,24,1,DRB23,,,,,,,,,,,,,0.0,10717048.298967114,0.09471441290371707,0.013808457201247256
density_curve,24,1,DRB23,,,,,,,,,,,,,0.0,10885342.672606446,0.0974576935177273,0.014208401325781706
density_curve,24,1,DRB23,,,,,,,,,,,,,0.0,11056279.844468623,0.10028930385610779,0.014621223080881257
density_curve,24,1,DRB23,,,,,,,,,,,,,0.0,11229901.315539658,0.10306365645978002,0.015025697204876736
density_curve,24,1,DRB23,,,,,,,,,,,,,0.0,11406249.238513203,0.10563856533031321,0.015401094336589032
density_curve,24,1,DRB23,,,,,,,,,,,,,0.0,11585366.428024698,0.10789613380703038,0.01573022626840308
density_curve,24,1,DRB23,,,,,,,,,,,,,0.0,11767296.371045876,0.10976030967674613,0.016002005313676113
density_curve,24,1,DRB23,,,,,,,,,,,,,0.0,11952083.237443073,0.11120905482160642,0.016213218525213985
density_curve,24,1,DRB23,,,,,,,,,,,,,0.0,12139771.890700752,0.11228094640353257,0.016369490084944295
density_curve,24,1,DRB23,,,,,,,,,,,,,0.0,12330407.898813803,0.11307668627167095,0.01648550136111284
density_curve,24,1,DRB23,,,,,,,,,,,,,0.0,12524037.545350743,0.11375549005713974,0.016584464472769553
density_curve,24,1,DRB23,,,,,,,,,,,,,0.0,12720707.84069066,0.1145255215058665,0.016696727706815746
density_curve,24,1,DRB23,,,,,,,,,,,,,0.0,12920466.533436738,0.11562758999926268,0.01685739877215164
density_curve,24,1,DRB23,,,,,,,,,,,,,0.0,13123362.122008637,0.11731314470064419,0.017103136556305444
density_curve,24,1,DRB23,,,,,,,,,,,,,0.0,13329443.866417537,0.11982152420252136,0.017468834341196615
density_curve,24,1,DRB23,,,,,,,,,,,,,0.0,13538761.800225446,0.12336730470619452,0.017985775288502707
density_curve,24,1,DRB23,,,,,,,,,,,,,0.0,13751366.742692733,0.12815611350056585,0.018683937893905267
density_curve,24,1,DRB23,,,,,,,,,,,,,0.0,13967310.311116258,0.13445619803788275,0.019602430075092252
density_curve,24,1,DRB23,,,,,,,,,,,,,0.0,14186644.93336124,0.14276284004708853,0.02081345917988966
density_curve,24,1,DRB23,,,,,,,,,,,,,0.0,14409423.860590115,0.15410122671919327,0.022466487713700127
density_curve,24,1,DRB23,,,,,,,,,,,,,0.0,14635701.180190798,0.1705148282300576,0.024859434119982527
density_curve,24,1,DRB23,,,,,,,,,,,,,0.0,14865531.828908725,0.1957698425070687,0.028541374102184644
density_curve,24,1,DRB23,,,,,,,,,,,,,0.0,15098971.606184201,0.23625751382513513,0.03444409006096926
density_curve,24,1,DRB23,,,,,,,,,,,,,0.0,15336077.187700124,0.3019838790823213,0.04402636665249509
density_curve,24,1,DRB23,,,,,,,,,,,,,0.0,15576906.139141649,0.4074044413223906,0.05939567821971371
density_curve,24,1,DRB23,,,,,,,,,,,,,0.0,15821516.930172438,0.5717209164006998,0.08335145162333683
density_curve,24,1,DRB23,,,,,,,,,,,,,0.0,16069968.948630175,0.8181726140362922,0.11928175636412935
density_curve,24,1,DRB23,,,,,,,,,,,,,0.0,16322322.514945026,1.1719086037523798,0.17085308669060115
density_curve,24,1,DRB23,,,,,,,,,,,,,0.0,16578638.896784693,1.6562816058719227,0.2414700462868831
density_curve,24,1,DRB23,,,,,,,,,,,,,0.0,16838980.323928915,2.2878539714902613,0.3335472678286222
density_curve,24,1,DRB23,,,,,,,,,,,,,0.0,17103410.003378414,3.0709396389002834,0.447713682335501
density_curve,24,1,DRB23,,,,,,,,,,,,,0.0,17371992.134700213,3.992923698752871,0.5821301564538451
density_curve,24,1,DRB23,,,,,,,,,,,,,0.0,17644791.92561452,5.021691061536126,0.7321146167225641
density_curve,24,1,DRB23,,,,,,,,,,,,,0.0,17921875.607826144,6.1061461336781075,0.8902178133877928
density_curve,24,1,DRB23,,,,,,,,,,,,,0.0,18203310.453104522,7.180090339490208,1.0467886260851058
density_curve,24,1,DRB23,,,,,,,,,,,,,0.0,18489164.789616488,8.16889619973388,1.1909470807798228
density_curve,24,1,DRB23,,,,,,,,,,,,,0.0,18779508.018514913,8.997791051495769,1.3117920370434861
density_curve,24,1,DRB23,,,,,,,,,,,,,0.0,19074410.630788796,9.600352388704911,1.3996397275996952
density_curve,24,1,DRB23,,,,,,,,,,,,,0.0,19373944.224377003,9.926014007307874,1.4471180826325167
density_curve,24,1,DRB23,,,,,,,,,,,,,0.0,19678181.521551367,9.945781538721416,1.45
density_curve,24,1,DRB23,,,,,,,,,,,,,0.0,19987196.386572525,9.655698282287513,1.407708630519223
density_curve,24,1,DRB23,,,,,,,,,,,,,0.0,20301063.843623016,9.07775361392158,1.3234498152749927
density_curve,24,1,DRB23,,,,,,,,,,,,,0.0,20619860.095022235,8.257962978835682,1.203932166888422
density_curve,24,1,DRB23,,,,,,,,,,,,,0.0,20943662.539726753,7.261484726321278,1.0586551506458517
density_curve,24,1,DRB23,,,,,,,,,,,,,0.0,21272549.792122267,6.165045934666763,0.8988048420794091
density_curve,24,1,DRB23,,,,,,,,,,,,,0.0,21606601.701109305,5.047595336907868,0.7358912127741454
density_curve,24,1,DRB23,,,,,,,,,,,,,0.0,21945899.369489986,3.9807318770862574,0.5803527052452333
density_curve,24,1,DRB23,,,,,,,,,,,,,0.0,22290525.173658106,3.0207343607045845,0.4403942320640122
density_curve,24,1,DRB23,,,,,,,,,,,,,0.0,22640562.78359909,2.2037282203908863,0.3212825364327851
density_curve,24,1,DRB23,,,,,,,,,,,,,0.0,22996097.183203783,1.5447210341119524,0.22520557994784543
density_curve,24,1,DRB23,,,,,,,,,,,,,0.0,23357214.690901212,1.0402171669012865,0.15165373240248825
density_curve,24,1,DRB23,,,,,,,,,,,,,0.0,23724002.980615646,0.6732715461310673,0.09815656397531822
density_curve,24,1,DRB23,,,,,,,,,,,,,0.0,24096551.10305199,0.4194472259956205,0.06115140125748599
density_curve,24,1,DRB23,,,,,,,,,,,,,0.0,24474949.507316638,0.25226403200011144,0.03677768760313882
density_curve,24,1,DRB23,,,,,,,,,,,,,0.0,24859290.062876612,0.14721803808297093,0.02146298452155124
density_curve,24,1,DRB23,,,,,,,,,,,,,0.0,25249666.08186437,0.08406229338701467,0.012255479867180043
density_curve,24,1,DRB23,,,,,,,,,,,,,0.0,25646172.341732506,0.047541997661660465,0.006931169394885961
density_curve,24,1,DRB23,,,,,,,,,,,,,0.0,26048905.10826428,0.02705367735325523,0.003944167887611076
density_curve,24,1,DRB23,,,,,,,,,,,,,0.0,26457962.158945747,0.015747211064297044,0.002295793040932415
density_curve,24,1,DRB23,,,,,,,,,,,,,0.0,26873442.80670409,0.009486836036650936,0.0013830901271648336
density_curve,24,1,DRB23,,,,,,,,,,,,,0.0,27295447.924020074,0.005926301247890557,0.0008639981459462059
density_curve,24,1,DRB23,,,,,,,,,,,,,0.0,27724079.967417758,0.003805439149600464,0.0005547966990264323
density_curve,24,1,DRB23,,,,,,,,,,,,,0.0,28159443.002339695,0.0024748513064151967,0.0003608096940729065
density_curve,24,1,DRB23,,,,,,,,,,,,,0.0,28601642.7284124,0.0016053324794259743,0.00023404215004172566
density_curve,24,1,DRB23,,,,,,,,,,,,,0.0,29050786.505108584,0.001025684036661245,0.0001495349407553947
density_curve,24,1,DRB23,,,,,,,,,,,,,0.0,29506983.377812706,0.0006396952939238395,9.326146694237664e-05
density_curve,24,1,DRB23,,,,,,,,,,,,,0.0,29970344.104294933,0.00038705131001310743,5.6428385977916243e-05
density_curve,24,1,DRB23,,,,,,,,,,,,,0.0,30440981.18160234,0.0002262455911130294,3.298444730931281e-05
density_curve,24,1,DRB23,,,,,,,,,,,,,0.0,30919008.873370558,0.0001273869544722856,1.8571801850431528e-05
density_curve,24,1,DRB23,,,,,,,,,,,,,0.0,31404543.237566188,6.893590920643825e-05,1.0050197459111442e-05
density_curve,24,1,DRB23,,,,,,,,,,,,,0.0,31897702.154663246,3.5791882439183665e-05,5.218114769036855e-06
density_curve,24,1,DRB23,,,,,,,,,,,,,0.0,32398605.356263112,1.7803932502063572e-05,2.595643391872744e-06
density_curve,24,1,DRB23,,,,,,,,,,,,,0.0,32907374.454163484,8.474380139982913e-06,1.235483722936759e-06
density_curve,24,1,DRB23,,,,,,,,,,,,,0.0,33424132.969883844,3.855701888021054e-06,5.621245264501609e-07
density_curve,24,1,DRB23,,,,,,,,,,,,,0.0,33949006.36465498,1.6753618687538536e-06,2.4425176646353167e-07
density_curve,24,1,DRB23,,,,,,,,,,,,,0.0,34482122.069878325,6.946806188296321e-07,1.0127780239102847e-07
density_curve,24,1,DRB23,,,,,,,,,,,,,0.0,35023609.518065386,2.7469079695705613e-07,4.00472958346253e-08
density_curve,24,1,DRB23,,,,,,,,,,,,,0.0,35573600.17426121,1.0352375798034909e-07,1.5092775614172955e-08
density_curve,24,1,DRB23,,,,,,,,,,,,,0.0,36132227.56796255,3.7167713687919036e-08,5.418697830599128e-09
density_curve,24,1,DRB23,,,,,,,,,,,,,0.0,36699627.32553667,1.270713715311403e-08,1.8525792870354984e-09
density_curve,24,1,DRB23,,,,,,,,,,,,,0.0,37275937.20314938,4.135617577096948e-09,6.029335616757852e-10
density_curve,24,1,DRB23,,,,,,,,,,,,,0.0,37861297.12021055,1.2809225958482642e-09,1.8674628602577913e-10
density_curve,24,1,DRB23,,,,,,,,,,,,,0.0,38455849.19334357,3.774808359810025e-10,5.503310222947227e-11
density_curve,24,1,DRB23,,,,,,,,,,,,,0.0,39059737.77089033,1.0582136517423731e-10,1.5427744808717142e-11
density_curve,24,1,DRB23,,,,,,,,,,,,,0.0,39673109.46795558,2.8215619910360717e-11,4.113568019842368e-12
density_curve,24,1,DRB23,,,,,,,,,,,,,0.0,40296113.20200404,7.154626654317675e-12,1.0430762638784332e-12
density_curve,24,1,DRB23,,,,,,,,,,,,,0.0,40928900.22901449,1.7251180191703815e-12,2.5150573819245823e-13
density_curve,24,1,DRB23,,,,,,,,,,,,,0.0,41571624.180202775,3.9550014441435014e-13,5.766014537601948e-14
density_curve,24,1,DRB23,,,,,,,,,,,,,0.0,42224441.09932146,8.620626321516729e-14,1.2568050200513641e-14
density_curve,24,1,DRB23,,,,,,,,,,,,,0.0,42887509.48054403,1.7863611822224088e-14,2.6043440670178645e-15
density_curve,24,1,DRB23,,,,,,,,,,,,,0.0,43560990.30694617,3.518978045085469e-15,5.130334047162156e-16
density_curve,24,1,DRB23,,,,,,,,,,,,,0.0,44245047.08958865,6.589660208559967e-16,9.607095495926506e-17
density_curve,24,1,DRB23,,,,,,,,,,,,,0.0,44939845.907216705,1.172989525086863e-16,1.710106747020509e-17
density_curve,24,1,DRB23,,,,,,,,,,,,,0.0,45645555.44658045,1.9847139959833346e-17,2.8935235335420373e-18
density_curve,24,1,DRB23,,,,,,,,,,,,,0.0,46362347.04338999,3.1920123579831228e-18,4.653649289455976e-19
density_curve,24,1,DRB23,,,,,,,,,,,,,0.0,47090394.72391306,4.879618988678189e-19,7.114018648043784e-20
density_curve,24,1,DRB23,,,,,,,,,,,,,0.0,47829875.24722586,7.09014781387248e-20,1.033675864494882e-20
density_curve,24,1,DRB23,,,,,,,,,,,,,0.0,48580968.14812807,9.79190474380288e-21,1.4275662323002762e-21
density_curve,24,1,DRB23,,,,,,,,,,,,,0.0,49343855.78073008,1.2853370815243163e-21,1.8738987589404183e-22
density_curve,24,1,DRB23,,,,,,,,,,,,,0.0,50118723.36272725,1.6036186869175185e-22,2.3379229545487533e-23
